SEASON,GAME_ID,GAME_DATE,TEAM_ID,TEAM_ABBREVIATION,TEAM_NAME,MATCHUP,WL,PTS,FG_PCT,FG3_PCT,FT_PCT,REB,AST,TOV,PLUS_MINUS,NET_MARGIN,WIN,dataset_split_role
2024-25,22400061,2024-10-22,1610612738,BOS,Boston Celtics,BOS vs. NYK,W,132,0.505,0.475,0.875,40,33,4,23,23,1,team_game_log
2024-25,22400061,2024-10-22,1610612752,NYK,New York Knicks,NYK @ BOS,L,109,0.551,0.367,0.75,34,20,12,-23,-23,0,team_game_log
2024-25,22400062,2024-10-22,1610612747,LAL,Los Angeles Lakers,LAL vs. MIN,W,110,0.442,0.167,0.84,46,22,7,7,7,1,team_game_log
2024-25,22400062,2024-10-22,1610612750,MIN,Minnesota Timberwolves,MIN @ LAL,L,103,0.412,0.317,0.741,47,17,16,-7,-7,0,team_game_log
2024-25,22400063,2024-10-23,1610612754,IND,Indiana Pacers,IND @ DET,W,115,0.506,0.29,0.88,39,32,15,6,6,1,team_game_log
2024-25,22400063,2024-10-23,1610612765,DET,Detroit Pistons,DET vs. IND,L,109,0.432,0.273,0.857,38,22,14,-6,-6,0,team_game_log
2024-25,22400064,2024-10-23,1610612737,ATL,Atlanta Hawks,ATL vs. BKN,W,120,0.488,0.321,0.717,45,25,16,4,4,1,team_game_log
2024-25,22400064,2024-10-23,1610612751,BKN,Brooklyn Nets,BKN @ ATL,L,116,0.44,0.395,0.76,43,21,19,-4,-4,0,team_game_log
2024-25,22400065,2024-10-23,1610612748,MIA,Miami Heat,MIA vs. ORL,L,97,0.39,0.324,0.759,41,24,11,-19,-19,0,team_game_log
2024-25,22400065,2024-10-23,1610612753,ORL,Orlando Magic,ORL @ MIA,W,116,0.427,0.367,0.727,57,28,14,19,19,1,team_game_log
2024-25,22400066,2024-10-23,1610612749,MIL,Milwaukee Bucks,MIL @ PHI,W,124,0.538,0.432,0.71,46,27,14,15,15,1,team_game_log
2024-25,22400066,2024-10-23,1610612755,PHI,Philadelphia 76ers,PHI vs. MIL,L,109,0.418,0.258,0.704,49,18,10,-15,-15,0,team_game_log
2024-25,22400067,2024-10-23,1610612739,CLE,Cleveland Cavaliers,CLE @ TOR,W,136,0.586,0.467,0.769,36,29,13,30,30,1,team_game_log
2024-25,22400067,2024-10-23,1610612761,TOR,Toronto Raptors,TOR vs. CLE,L,106,0.419,0.387,0.759,38,25,19,-30,-30,0,team_game_log
2024-25,22400068,2024-10-23,1610612745,HOU,Houston Rockets,HOU vs. CHA,L,105,0.369,0.302,0.8,43,19,8,-5,-5,0,team_game_log
2024-25,22400068,2024-10-23,1610612766,CHA,Charlotte Hornets,CHA @ HOU,W,110,0.447,0.385,0.792,56,20,17,5,5,1,team_game_log
2024-25,22400069,2024-10-23,1610612740,NOP,New Orleans Pelicans,NOP vs. CHI,W,123,0.464,0.378,0.905,42,29,12,12,12,1,team_game_log
2024-25,22400069,2024-10-23,1610612741,CHI,Chicago Bulls,CHI @ NOP,L,111,0.488,0.294,0.68,47,26,21,-12,-12,0,team_game_log
2024-25,22400070,2024-10-23,1610612762,UTA,Utah Jazz,UTA vs. MEM,L,124,0.471,0.385,0.756,49,21,17,-2,-2,0,team_game_log
2024-25,22400070,2024-10-23,1610612763,MEM,Memphis Grizzlies,MEM @ UTA,W,126,0.473,0.378,0.719,41,28,13,2,2,1,team_game_log
2024-25,22400071,2024-10-23,1610612746,LAC,LA Clippers,LAC vs. PHX,L,113,0.457,0.276,0.7,51,27,22,-3,-3,0,team_game_log
2024-25,22400071,2024-10-23,1610612756,PHX,Phoenix Suns,PHX @ LAC,W,116,0.487,0.395,0.735,42,25,22,3,3,1,team_game_log
2024-25,22400072,2024-10-23,1610612744,GSW,Golden State Warriors,GSW @ POR,W,140,0.516,0.417,0.8,57,38,18,36,36,1,team_game_log
2024-25,22400072,2024-10-23,1610612757,POR,Portland Trail Blazers,POR vs. GSW,L,104,0.391,0.235,0.8,42,21,18,-36,-36,0,team_game_log
2024-25,22400073,2024-10-24,1610612738,BOS,Boston Celtics,BOS @ WAS,W,122,0.467,0.378,0.778,49,21,14,20,20,1,team_game_log
2024-25,22400073,2024-10-24,1610612764,WAS,Washington Wizards,WAS vs. BOS,L,102,0.432,0.194,0.722,40,27,15,-20,-20,0,team_game_log
2024-25,22400074,2024-10-24,1610612742,DAL,Dallas Mavericks,DAL vs. SAS,W,120,0.412,0.432,0.739,50,27,10,11,11,1,team_game_log
2024-25,22400074,2024-10-24,1610612759,SAS,San Antonio Spurs,SAS @ DAL,L,109,0.453,0.333,0.792,52,30,19,-11,-11,0,team_game_log
2024-25,22400075,2024-10-24,1610612743,DEN,Denver Nuggets,DEN vs. OKC,L,87,0.357,0.184,0.714,57,29,16,-15,-15,0,team_game_log
2024-25,22400075,2024-10-24,1610612760,OKC,Oklahoma City Thunder,OKC @ DEN,W,102,0.426,0.222,0.667,49,23,12,15,15,1,team_game_log
2024-25,22400076,2024-10-24,1610612750,MIN,Minnesota Timberwolves,MIN @ SAC,W,117,0.477,0.4,0.882,42,24,17,2,2,1,team_game_log
2024-25,22400076,2024-10-24,1610612758,SAC,Sacramento Kings,SAC vs. MIN,L,115,0.463,0.379,0.8,38,21,9,-2,-2,0,team_game_log
2024-25,22400077,2024-10-25,1610612751,BKN,Brooklyn Nets,BKN @ ORL,L,101,0.422,0.378,0.81,37,22,19,-15,-15,0,team_game_log
2024-25,22400077,2024-10-25,1610612753,ORL,Orlando Magic,ORL vs. BKN,W,116,0.52,0.5,0.697,39,28,13,15,15,1,team_game_log
2024-25,22400078,2024-10-25,1610612755,PHI,Philadelphia 76ers,PHI @ TOR,L,107,0.382,0.31,0.755,28,19,16,-8,-8,0,team_game_log
2024-25,22400078,2024-10-25,1610612761,TOR,Toronto Raptors,TOR vs. PHI,W,115,0.461,0.261,0.848,54,25,27,8,8,1,team_game_log
2024-25,22400079,2024-10-25,1610612737,ATL,Atlanta Hawks,ATL vs. CHA,W,125,0.481,0.368,0.868,39,25,14,5,5,1,team_game_log
2024-25,22400079,2024-10-25,1610612766,CHA,Charlotte Hornets,CHA @ ATL,L,120,0.385,0.412,0.806,53,22,18,-5,-5,0,team_game_log
2024-25,22400080,2024-10-25,1610612739,CLE,Cleveland Cavaliers,CLE vs. DET,W,113,0.512,0.382,0.696,39,28,13,12,12,1,team_game_log
2024-25,22400080,2024-10-25,1610612765,DET,Detroit Pistons,DET @ CLE,L,101,0.469,0.406,0.706,42,25,22,-12,-12,0,team_game_log
2024-25,22400081,2024-10-25,1610612752,NYK,New York Knicks,NYK vs. IND,W,123,0.524,0.444,0.793,43,19,12,25,25,1,team_game_log
2024-25,22400081,2024-10-25,1610612754,IND,Indiana Pacers,IND @ NYK,L,98,0.494,0.1,0.65,33,28,16,-25,-25,0,team_game_log
2024-25,22400082,2024-10-25,1610612745,HOU,Houston Rockets,HOU vs. MEM,W,128,0.439,0.395,0.694,64,20,19,20,20,1,team_game_log
2024-25,22400082,2024-10-25,1610612763,MEM,Memphis Grizzlies,MEM @ HOU,L,108,0.418,0.357,0.611,43,24,19,-20,-20,0,team_game_log
2024-25,22400083,2024-10-25,1610612741,CHI,Chicago Bulls,CHI @ MIL,W,133,0.479,0.447,0.87,46,30,10,11,11,1,team_game_log
2024-25,22400083,2024-10-25,1610612749,MIL,Milwaukee Bucks,MIL vs. CHI,L,122,0.495,0.325,0.68,47,24,15,-11,-11,0,team_game_log
2024-25,22400084,2024-10-25,1610612744,GSW,Golden State Warriors,GSW @ UTA,W,127,0.481,0.4,0.833,60,35,15,41,41,1,team_game_log
2024-25,22400084,2024-10-25,1610612762,UTA,Utah Jazz,UTA vs. GSW,L,86,0.315,0.214,0.731,45,18,22,-41,-41,0,team_game_log
2024-25,22400085,2024-10-25,1610612747,LAL,Los Angeles Lakers,LAL vs. PHX,W,123,0.533,0.519,0.744,37,33,13,7,7,1,team_game_log
2024-25,22400085,2024-10-25,1610612756,PHX,Phoenix Suns,PHX @ LAL,L,116,0.512,0.459,0.882,34,35,17,-7,-7,0,team_game_log
2024-25,22400086,2024-10-25,1610612740,NOP,New Orleans Pelicans,NOP @ POR,W,105,0.419,0.375,0.677,44,25,14,2,2,1,team_game_log
2024-25,22400086,2024-10-25,1610612757,POR,Portland Trail Blazers,POR vs. NOP,L,103,0.411,0.351,0.8,48,26,20,-2,-2,0,team_game_log
2024-25,22400087,2024-10-26,1610612743,DEN,Denver Nuggets,DEN vs. LAC,L,104,0.402,0.4,0.833,37,20,10,-5,-5,0,team_game_log
2024-25,22400087,2024-10-26,1610612746,LAC,LA Clippers,LAC @ DEN,W,109,0.488,0.364,0.81,44,30,17,5,5,1,team_game_log
2024-25,22400088,2024-10-26,1610612748,MIA,Miami Heat,MIA @ CHA,W,114,0.465,0.412,0.714,43,33,14,8,8,1,team_game_log
2024-25,22400088,2024-10-26,1610612766,CHA,Charlotte Hornets,CHA vs. MIA,L,106,0.438,0.317,0.714,46,20,20,-8,-8,0,team_game_log
2024-25,22400089,2024-10-26,1610612738,BOS,Boston Celtics,BOS @ DET,W,124,0.422,0.458,0.867,37,19,10,6,6,1,team_game_log
2024-25,22400089,2024-10-26,1610612765,DET,Detroit Pistons,DET vs. BOS,L,118,0.489,0.359,0.818,44,27,15,-6,-6,0,team_game_log
2024-25,22400090,2024-10-26,1610612739,CLE,Cleveland Cavaliers,CLE @ WAS,W,135,0.534,0.462,0.676,48,27,17,19,19,1,team_game_log
2024-25,22400090,2024-10-26,1610612764,WAS,Washington Wizards,WAS vs. CLE,L,116,0.385,0.349,0.844,46,25,15,-19,-19,0,team_game_log
2024-25,22400091,2024-10-26,1610612741,CHI,Chicago Bulls,CHI vs. OKC,L,95,0.348,0.283,0.727,61,23,26,-19,-19,0,team_game_log
2024-25,22400091,2024-10-26,1610612760,OKC,Oklahoma City Thunder,OKC @ CHI,W,114,0.421,0.2,0.8,54,21,10,19,19,1,team_game_log
2024-25,22400092,2024-10-26,1610612753,ORL,Orlando Magic,ORL @ MEM,L,111,0.425,0.354,0.714,41,21,19,-13,-13,0,team_game_log
2024-25,22400092,2024-10-26,1610612763,MEM,Memphis Grizzlies,MEM vs. ORL,W,124,0.535,0.382,0.792,42,38,18,13,13,1,team_game_log
2024-25,22400093,2024-10-26,1610612750,MIN,Minnesota Timberwolves,MIN vs. TOR,W,112,0.47,0.378,0.769,41,29,13,11,11,1,team_game_log
2024-25,22400093,2024-10-26,1610612761,TOR,Toronto Raptors,TOR @ MIN,L,101,0.456,0.345,0.692,46,29,20,-11,-11,0,team_game_log
2024-25,22400094,2024-10-26,1610612745,HOU,Houston Rockets,HOU @ SAS,L,106,0.413,0.317,0.81,34,21,11,-3,-3,0,team_game_log
2024-25,22400094,2024-10-26,1610612759,SAS,San Antonio Spurs,SAS vs. HOU,W,109,0.494,0.4,0.821,49,23,17,3,3,1,team_game_log
2024-25,22400095,2024-10-26,1610612742,DAL,Dallas Mavericks,DAL @ PHX,L,102,0.398,0.317,0.833,46,22,9,-12,-12,0,team_game_log
2024-25,22400095,2024-10-26,1610612756,PHX,Phoenix Suns,PHX vs. DAL,W,114,0.45,0.359,0.757,47,26,11,12,12,1,team_game_log
2024-25,22400096,2024-10-26,1610612747,LAL,Los Angeles Lakers,LAL vs. SAC,W,131,0.522,0.412,0.875,45,32,19,4,4,1,team_game_log
2024-25,22400096,2024-10-26,1610612758,SAC,Sacramento Kings,SAC @ LAL,L,127,0.511,0.341,0.88,32,32,14,-4,-4,0,team_game_log
2024-25,22400097,2024-10-27,1610612754,IND,Indiana Pacers,IND vs. PHI,L,114,0.464,0.406,0.676,37,28,20,-4,-4,0,team_game_log
2024-25,22400097,2024-10-27,1610612755,PHI,Philadelphia 76ers,PHI @ IND,W,118,0.429,0.262,0.742,54,15,20,4,4,1,team_game_log
2024-25,22400098,2024-10-27,1610612749,MIL,Milwaukee Bucks,MIL @ BKN,L,102,0.446,0.303,0.839,43,20,18,-13,-13,0,team_game_log
2024-25,22400098,2024-10-27,1610612751,BKN,Brooklyn Nets,BKN vs. MIL,W,115,0.429,0.356,0.913,47,23,12,13,13,1,team_game_log
2024-25,22400099,2024-10-27,1610612740,NOP,New Orleans Pelicans,NOP @ POR,L,103,0.432,0.276,0.792,39,24,17,-22,-22,0,team_game_log
2024-25,22400099,2024-10-27,1610612757,POR,Portland Trail Blazers,POR vs. NOP,W,125,0.462,0.4,0.781,51,25,16,22,22,1,team_game_log
2024-25,22400100,2024-10-27,1610612737,ATL,Atlanta Hawks,ATL @ OKC,L,104,0.396,0.323,0.759,49,24,20,-24,-24,0,team_game_log
2024-25,22400100,2024-10-27,1610612760,OKC,Oklahoma City Thunder,OKC vs. ATL,W,128,0.494,0.4,0.75,45,26,10,24,24,1,team_game_log
2024-25,22400101,2024-10-27,1610612744,GSW,Golden State Warriors,GSW vs. LAC,L,104,0.432,0.326,0.636,47,19,21,-8,-8,0,team_game_log
2024-25,22400101,2024-10-27,1610612746,LAC,LA Clippers,LAC @ GSW,W,112,0.467,0.313,0.783,48,27,18,8,8,1,team_game_log
2024-25,22400102,2024-10-28,1610612753,ORL,Orlando Magic,ORL vs. IND,W,119,0.47,0.317,0.737,46,26,15,4,4,1,team_game_log
2024-25,22400102,2024-10-28,1610612754,IND,Indiana Pacers,IND @ ORL,L,115,0.466,0.448,0.667,44,25,13,-4,-4,0,team_game_log
2024-25,22400103,2024-10-28,1610612737,ATL,Atlanta Hawks,ATL vs. WAS,L,119,0.481,0.375,0.722,39,32,16,-2,-2,0,team_game_log
2024-25,22400103,2024-10-28,1610612764,WAS,Washington Wizards,WAS @ ATL,W,121,0.451,0.477,0.818,43,24,18,2,2,1,team_game_log
2024-25,22400104,2024-10-28,1610612738,BOS,Boston Celtics,BOS vs. MIL,W,119,0.494,0.383,0.789,38,24,14,11,11,1,team_game_log
2024-25,22400104,2024-10-28,1610612749,MIL,Milwaukee Bucks,MIL @ BOS,L,108,0.451,0.258,0.839,43,18,17,-11,-11,0,team_game_log
2024-25,22400105,2024-10-28,1610612748,MIA,Miami Heat,MIA vs. DET,W,106,0.432,0.319,0.75,44,24,12,8,8,1,team_game_log
2024-25,22400105,2024-10-28,1610612765,DET,Detroit Pistons,DET @ MIA,L,98,0.385,0.368,0.824,54,14,17,-8,-8,0,team_game_log
2024-25,22400106,2024-10-28,1610612739,CLE,Cleveland Cavaliers,CLE @ NYK,W,110,0.476,0.333,0.833,41,21,14,6,6,1,team_game_log
2024-25,22400106,2024-10-28,1610612752,NYK,New York Knicks,NYK vs. CLE,L,104,0.444,0.321,0.833,43,22,16,-6,-6,0,team_game_log
2024-25,22400107,2024-10-28,1610612743,DEN,Denver Nuggets,DEN @ TOR,W,127,0.49,0.45,0.8,52,29,16,2,2,1,team_game_log
2024-25,22400107,2024-10-28,1610612761,TOR,Toronto Raptors,TOR vs. DEN,L,125,0.45,0.286,0.81,54,30,15,-2,-2,0,team_game_log
2024-25,22400108,2024-10-28,1610612741,CHI,Chicago Bulls,CHI @ MEM,W,126,0.45,0.472,0.647,50,36,9,3,3,1,team_game_log
2024-25,22400108,2024-10-28,1610612763,MEM,Memphis Grizzlies,MEM vs. CHI,L,123,0.459,0.326,0.538,60,37,10,-3,-3,0,team_game_log
2024-25,22400109,2024-10-28,1610612745,HOU,Houston Rockets,HOU @ SAS,W,106,0.412,0.405,0.875,43,20,12,5,5,1,team_game_log
2024-25,22400109,2024-10-28,1610612759,SAS,San Antonio Spurs,SAS vs. HOU,L,101,0.425,0.303,0.81,49,22,17,-5,-5,0,team_game_log
2024-25,22400110,2024-10-28,1610612742,DAL,Dallas Mavericks,DAL vs. UTA,W,110,0.453,0.282,0.765,50,27,14,8,8,1,team_game_log
2024-25,22400110,2024-10-28,1610612762,UTA,Utah Jazz,UTA @ DAL,L,102,0.37,0.286,0.828,50,24,15,-8,-8,0,team_game_log
2024-25,22400111,2024-10-28,1610612747,LAL,Los Angeles Lakers,LAL @ PHX,L,105,0.415,0.438,0.722,46,25,12,-4,-4,0,team_game_log
2024-25,22400111,2024-10-28,1610612756,PHX,Phoenix Suns,PHX vs. LAL,W,109,0.46,0.306,0.9,46,21,11,4,4,1,team_game_log
2024-25,22400112,2024-10-28,1610612757,POR,Portland Trail Blazers,POR @ SAC,L,98,0.422,0.182,0.8,46,17,18,-13,-13,0,team_game_log
2024-25,22400112,2024-10-28,1610612758,SAC,Sacramento Kings,SAC vs. POR,W,111,0.457,0.4,0.92,40,25,16,13,13,1,team_game_log
2024-25,22400113,2024-10-29,1610612743,DEN,Denver Nuggets,DEN @ BKN,W,144,0.517,0.481,0.83,43,31,5,5,5,1,team_game_log
2024-25,22400113,2024-10-29,1610612751,BKN,Brooklyn Nets,BKN vs. DEN,L,139,0.51,0.385,0.778,41,37,9,-5,-5,0,team_game_log
2024-25,22400114,2024-10-29,1610612742,DAL,Dallas Mavericks,DAL @ MIN,W,120,0.484,0.41,0.778,40,25,10,6,6,1,team_game_log
2024-25,22400114,2024-10-29,1610612750,MIN,Minnesota Timberwolves,MIN vs. DAL,L,114,0.506,0.487,0.654,42,33,20,-6,-6,0,team_game_log
2024-25,22400115,2024-10-29,1610612758,SAC,Sacramento Kings,SAC @ UTA,W,113,0.522,0.258,0.643,49,26,12,17,17,1,team_game_log
2024-25,22400115,2024-10-29,1610612762,UTA,Utah Jazz,UTA vs. SAC,L,96,0.393,0.292,0.857,42,24,17,-17,-17,0,team_game_log
2024-25,22400116,2024-10-29,1610612740,NOP,New Orleans Pelicans,NOP @ GSW,L,106,0.541,0.409,0.708,44,23,24,-18,-18,0,team_game_log
2024-25,22400116,2024-10-29,1610612744,GSW,Golden State Warriors,GSW vs. NOP,W,124,0.474,0.457,0.846,34,34,8,18,18,1,team_game_log
2024-25,22400117,2024-10-30,1610612761,TOR,Toronto Raptors,TOR @ CHA,L,133,0.571,0.321,0.667,41,37,14,-5,-5,0,team_game_log
2024-25,22400117,2024-10-30,1610612766,CHA,Charlotte Hornets,CHA vs. TOR,W,138,0.521,0.444,0.8,38,31,16,5,5,1,team_game_log
2024-25,22400118,2024-10-30,1610612739,CLE,Cleveland Cavaliers,CLE vs. LAL,W,134,0.577,0.415,0.625,36,37,12,24,24,1,team_game_log
2024-25,22400118,2024-10-30,1610612747,LAL,Los Angeles Lakers,LAL @ CLE,L,110,0.494,0.214,0.848,37,21,21,-24,-24,0,team_game_log
2024-25,22400119,2024-10-30,1610612738,BOS,Boston Celtics,BOS @ IND,L,132,0.404,0.333,0.806,51,23,14,-3,-3,0,team_game_log
2024-25,22400119,2024-10-30,1610612754,IND,Indiana Pacers,IND vs. BOS,W,135,0.481,0.395,0.833,57,33,19,3,3,1,team_game_log
2024-25,22400120,2024-10-30,1610612755,PHI,Philadelphia 76ers,PHI vs. DET,L,95,0.418,0.286,0.75,37,17,9,-10,-10,0,team_game_log
2024-25,22400120,2024-10-30,1610612765,DET,Detroit Pistons,DET @ PHI,W,105,0.462,0.417,0.818,49,23,17,10,10,1,team_game_log
2024-25,22400121,2024-10-30,1610612737,ATL,Atlanta Hawks,ATL @ WAS,L,120,0.474,0.308,0.857,41,28,17,-13,-13,0,team_game_log
2024-25,22400121,2024-10-30,1610612764,WAS,Washington Wizards,WAS vs. ATL,W,133,0.528,0.421,0.92,37,32,16,13,13,1,team_game_log
2024-25,22400122,2024-10-30,1610612748,MIA,Miami Heat,MIA vs. NYK,L,107,0.457,0.425,0.667,39,27,10,-9,-9,0,team_game_log
2024-25,22400122,2024-10-30,1610612752,NYK,New York Knicks,NYK @ MIA,W,116,0.488,0.45,0.9,42,30,11,9,9,1,team_game_log
2024-25,22400123,2024-10-30,1610612741,CHI,Chicago Bulls,CHI vs. ORL,W,102,0.429,0.382,0.68,54,23,15,3,3,1,team_game_log
2024-25,22400123,2024-10-30,1610612753,ORL,Orlando Magic,ORL @ CHI,L,99,0.407,0.239,0.9,42,25,12,-3,-3,0,team_game_log
2024-25,22400124,2024-10-30,1610612751,BKN,Brooklyn Nets,BKN @ MEM,W,119,0.513,0.366,0.88,34,27,19,13,13,1,team_game_log
2024-25,22400124,2024-10-30,1610612763,MEM,Memphis Grizzlies,MEM vs. BKN,L,106,0.469,0.296,0.759,38,27,22,-13,-13,0,team_game_log
2024-25,22400125,2024-10-30,1610612759,SAS,San Antonio Spurs,SAS @ OKC,L,93,0.412,0.333,0.846,52,22,22,-12,-12,0,team_game_log
2024-25,22400125,2024-10-30,1610612760,OKC,Oklahoma City Thunder,OKC vs. SAS,W,105,0.461,0.415,0.75,39,28,14,12,12,1,team_game_log
2024-25,22400126,2024-10-30,1610612740,NOP,New Orleans Pelicans,NOP @ GSW,L,89,0.367,0.306,0.6,49,24,15,-15,-15,0,team_game_log
2024-25,22400126,2024-10-30,1610612744,GSW,Golden State Warriors,GSW vs. NOP,W,104,0.471,0.342,0.692,42,32,14,15,15,1,team_game_log
2024-25,22400127,2024-10-30,1610612746,LAC,LA Clippers,LAC vs. POR,L,105,0.456,0.361,0.556,49,26,14,-1,-1,0,team_game_log
2024-25,22400127,2024-10-30,1610612757,POR,Portland Trail Blazers,POR @ LAC,W,106,0.446,0.424,0.833,47,19,13,1,1,1,team_game_log
2024-25,22400128,2024-10-31,1610612749,MIL,Milwaukee Bucks,MIL @ MEM,L,99,0.427,0.214,0.421,38,20,10,-23,-23,0,team_game_log
2024-25,22400128,2024-10-31,1610612763,MEM,Memphis Grizzlies,MEM vs. MIL,W,122,0.524,0.286,0.903,56,26,17,23,23,1,team_game_log
2024-25,22400129,2024-10-31,1610612742,DAL,Dallas Mavericks,DAL vs. HOU,L,102,0.459,0.333,0.7,37,21,10,-6,-6,0,team_game_log
2024-25,22400129,2024-10-31,1610612745,HOU,Houston Rockets,HOU @ DAL,W,108,0.412,0.235,0.741,50,21,10,6,6,1,team_game_log
2024-25,22400130,2024-10-31,1610612759,SAS,San Antonio Spurs,SAS @ UTA,W,106,0.413,0.279,0.783,42,25,11,18,18,1,team_game_log
2024-25,22400130,2024-10-31,1610612762,UTA,Utah Jazz,UTA vs. SAS,L,88,0.39,0.219,0.895,53,19,26,-18,-18,0,team_game_log
2024-25,22400131,2024-10-31,1610612746,LAC,LA Clippers,LAC vs. PHX,L,119,0.484,0.343,0.81,48,27,14,-6,-6,0,team_game_log
2024-25,22400131,2024-10-31,1610612756,PHX,Phoenix Suns,PHX @ LAC,W,125,0.512,0.462,0.821,39,29,12,6,6,1,team_game_log
2024-25,22400132,2024-11-01,1610612738,BOS,Boston Celtics,BOS @ CHA,W,124,0.477,0.31,0.829,41,21,10,15,15,1,team_game_log
2024-25,22400132,2024-11-01,1610612766,CHA,Charlotte Hornets,CHA vs. BOS,L,109,0.462,0.396,0.5,42,20,16,-15,-15,0,team_game_log
2024-25,22400133,2024-11-01,1610612739,CLE,Cleveland Cavaliers,CLE vs. ORL,W,120,0.506,0.395,0.85,49,25,13,11,11,1,team_game_log
2024-25,22400133,2024-11-01,1610612753,ORL,Orlando Magic,ORL @ CLE,L,109,0.456,0.333,0.667,39,26,14,-11,-11,0,team_game_log
2024-25,22400134,2024-11-01,1610612752,NYK,New York Knicks,NYK @ DET,W,128,0.515,0.474,0.6,45,31,10,30,30,1,team_game_log
2024-25,22400134,2024-11-01,1610612765,DET,Detroit Pistons,DET vs. NYK,L,98,0.506,0.324,0.714,38,23,22,-30,-30,0,team_game_log
2024-25,22400135,2024-11-01,1610612737,ATL,Atlanta Hawks,ATL vs. SAC,L,115,0.446,0.38,0.778,40,30,13,-8,-8,0,team_game_log
2024-25,22400135,2024-11-01,1610612758,SAC,Sacramento Kings,SAC @ ATL,W,123,0.483,0.333,0.867,51,28,14,8,8,1,team_game_log
2024-25,22400136,2024-11-01,1610612741,CHI,Chicago Bulls,CHI @ BKN,L,112,0.432,0.386,0.792,44,24,16,-8,-8,0,team_game_log
2024-25,22400136,2024-11-01,1610612751,BKN,Brooklyn Nets,BKN vs. CHI,W,120,0.521,0.306,0.846,46,34,11,8,8,1,team_game_log
2024-25,22400137,2024-11-01,1610612747,LAL,Los Angeles Lakers,LAL @ TOR,W,131,0.477,0.344,0.878,43,29,10,6,6,1,team_game_log
2024-25,22400137,2024-11-01,1610612761,TOR,Toronto Raptors,TOR vs. LAL,L,125,0.486,0.286,0.846,44,35,11,-6,-6,0,team_game_log
2024-25,22400138,2024-11-01,1610612740,NOP,New Orleans Pelicans,NOP vs. IND,W,125,0.485,0.387,0.789,46,28,8,7,7,1,team_game_log
2024-25,22400138,2024-11-01,1610612754,IND,Indiana Pacers,IND @ NOP,L,118,0.517,0.421,0.769,39,35,14,-7,-7,0,team_game_log
2024-25,22400139,2024-11-01,1610612743,DEN,Denver Nuggets,DEN @ MIN,L,116,0.446,0.344,0.793,46,30,15,-3,-3,0,team_game_log
2024-25,22400139,2024-11-01,1610612750,MIN,Minnesota Timberwolves,MIN vs. DEN,W,119,0.518,0.429,0.833,38,34,17,3,3,1,team_game_log
2024-25,22400140,2024-11-01,1610612757,POR,Portland Trail Blazers,POR vs. OKC,L,114,0.47,0.429,0.677,36,27,19,-23,-23,0,team_game_log
2024-25,22400140,2024-11-01,1610612760,OKC,Oklahoma City Thunder,OKC @ POR,W,137,0.537,0.388,0.842,45,31,13,23,23,1,team_game_log
2024-25,22400141,2024-11-02,1610612738,BOS,Boston Celtics,BOS @ CHA,W,113,0.439,0.308,0.893,44,23,15,10,10,1,team_game_log
2024-25,22400141,2024-11-02,1610612766,CHA,Charlotte Hornets,CHA vs. BOS,L,103,0.44,0.405,0.667,34,24,13,-10,-10,0,team_game_log
2024-25,22400142,2024-11-02,1610612755,PHI,Philadelphia 76ers,PHI vs. MEM,L,107,0.404,0.413,0.8,33,22,14,-17,-17,0,team_game_log
2024-25,22400142,2024-11-02,1610612763,MEM,Memphis Grizzlies,MEM @ PHI,W,124,0.552,0.444,0.762,52,35,17,17,17,1,team_game_log
2024-25,22400143,2024-11-02,1610612758,SAC,Sacramento Kings,SAC @ TOR,L,128,0.46,0.25,0.813,49,21,18,-3,-3,0,team_game_log
2024-25,22400143,2024-11-02,1610612761,TOR,Toronto Raptors,TOR vs. SAC,W,131,0.484,0.459,0.71,46,31,19,3,3,1,team_game_log
2024-25,22400144,2024-11-02,1610612744,GSW,Golden State Warriors,GSW @ HOU,W,127,0.513,0.469,0.64,47,26,14,6,6,1,team_game_log
2024-25,22400144,2024-11-02,1610612745,HOU,Houston Rockets,HOU vs. GSW,L,121,0.411,0.333,0.75,49,27,11,-6,-6,0,team_game_log
2024-25,22400145,2024-11-02,1610612739,CLE,Cleveland Cavaliers,CLE @ MIL,W,114,0.484,0.395,0.733,45,31,7,1,1,1,team_game_log
2024-25,22400145,2024-11-02,1610612749,MIL,Milwaukee Bucks,MIL vs. CLE,L,113,0.483,0.462,0.6,45,24,13,-1,-1,0,team_game_log
2024-25,22400146,2024-11-02,1610612750,MIN,Minnesota Timberwolves,MIN @ SAS,L,103,0.476,0.297,0.7,32,21,13,-10,-10,0,team_game_log
2024-25,22400146,2024-11-02,1610612759,SAS,San Antonio Spurs,SAS vs. MIN,W,113,0.518,0.31,0.824,44,32,13,10,10,1,team_game_log
2024-25,22400147,2024-11-02,1610612748,MIA,Miami Heat,MIA @ WAS,W,118,0.422,0.405,0.708,65,19,14,20,20,1,team_game_log
2024-25,22400147,2024-11-02,1610612764,WAS,Washington Wizards,WAS @ MIA,L,98,0.418,0.2,0.714,44,23,12,-20,-20,0,team_game_log
2024-25,22400148,2024-11-02,1610612743,DEN,Denver Nuggets,DEN vs. UTA,W,129,0.485,0.5,0.739,52,33,18,26,26,1,team_game_log
2024-25,22400148,2024-11-02,1610612762,UTA,Utah Jazz,UTA @ DEN,L,103,0.416,0.31,0.839,39,24,24,-26,-26,0,team_game_log
2024-25,22400149,2024-11-02,1610612756,PHX,Phoenix Suns,PHX vs. POR,W,103,0.376,0.327,0.727,63,29,14,6,6,1,team_game_log
2024-25,22400149,2024-11-02,1610612757,POR,Portland Trail Blazers,POR @ PHX,L,97,0.333,0.326,0.818,56,17,6,-6,-6,0,team_game_log
2024-25,22400150,2024-11-02,1610612746,LAC,LA Clippers,LAC vs. OKC,L,92,0.405,0.314,0.654,50,23,22,-13,-13,0,team_game_log
2024-25,22400150,2024-11-02,1610612760,OKC,Oklahoma City Thunder,OKC @ LAC,W,105,0.429,0.41,0.895,41,25,12,13,13,1,team_game_log
2024-25,22400151,2024-11-03,1610612751,BKN,Brooklyn Nets,BKN vs. DET,L,92,0.451,0.29,0.613,27,23,14,-14,-14,0,team_game_log
2024-25,22400151,2024-11-03,1610612765,DET,Detroit Pistons,DET @ BKN,W,106,0.481,0.306,0.808,47,25,21,14,14,1,team_game_log
2024-25,22400152,2024-11-03,1610612737,ATL,Atlanta Hawks,ATL @ NOP,W,126,0.568,0.417,0.917,41,29,16,15,15,1,team_game_log
2024-25,22400152,2024-11-03,1610612740,NOP,New Orleans Pelicans,NOP vs. ATL,L,111,0.433,0.421,0.85,43,22,18,-15,-15,0,team_game_log
2024-25,22400153,2024-11-03,1610612742,DAL,Dallas Mavericks,DAL vs. ORL,W,108,0.494,0.313,0.609,53,25,19,23,23,1,team_game_log
2024-25,22400153,2024-11-03,1610612753,ORL,Orlando Magic,ORL @ DAL,L,85,0.333,0.195,0.789,43,19,15,-23,-23,0,team_game_log
2024-25,22400154,2024-11-04,1610612739,CLE,Cleveland Cavaliers,CLE vs. MIL,W,116,0.505,0.459,0.538,39,28,10,2,2,1,team_game_log
2024-25,22400154,2024-11-04,1610612749,MIL,Milwaukee Bucks,MIL @ CLE,L,114,0.488,0.486,0.867,49,21,15,-2,-2,0,team_game_log
2024-25,22400155,2024-11-04,1610612744,GSW,Golden State Warriors,GSW @ WAS,W,125,0.454,0.324,0.735,56,29,7,13,13,1,team_game_log
2024-25,22400155,2024-11-04,1610612764,WAS,Washington Wizards,WAS vs. GSW,L,112,0.438,0.233,0.857,47,29,10,-13,-13,0,team_game_log
2024-25,22400156,2024-11-04,1610612747,LAL,Los Angeles Lakers,LAL @ DET,L,103,0.435,0.36,0.741,37,28,13,-12,-12,0,team_game_log
2024-25,22400156,2024-11-04,1610612765,DET,Detroit Pistons,DET vs. LAL,W,115,0.469,0.235,0.773,55,22,12,12,12,1,team_game_log
2024-25,22400157,2024-11-04,1610612737,ATL,Atlanta Hawks,ATL vs. BOS,L,93,0.416,0.194,0.813,43,23,20,-30,-30,0,team_game_log
2024-25,22400157,2024-11-04,1610612738,BOS,Boston Celtics,BOS @ ATL,W,123,0.485,0.327,0.692,50,27,13,30,30,1,team_game_log
2024-25,22400158,2024-11-04,1610612751,BKN,Brooklyn Nets,BKN vs. MEM,W,106,0.476,0.361,0.722,37,28,14,2,2,1,team_game_log
2024-25,22400158,2024-11-04,1610612763,MEM,Memphis Grizzlies,MEM @ BKN,L,104,0.473,0.267,0.769,44,29,15,-2,-2,0,team_game_log
2024-25,22400159,2024-11-04,1610612748,MIA,Miami Heat,MIA vs. SAC,L,110,0.435,0.417,0.7,36,24,11,-1,-1,0,team_game_log
2024-25,22400159,2024-11-04,1610612758,SAC,Sacramento Kings,SAC @ MIA,W,111,0.512,0.37,0.867,39,23,14,1,1,1,team_game_log
2024-25,22400160,2024-11-04,1610612741,CHI,Chicago Bulls,CHI vs. UTA,L,126,0.474,0.378,0.88,36,36,9,-9,-9,0,team_game_log
2024-25,22400160,2024-11-04,1610612762,UTA,Utah Jazz,UTA @ CHI,W,135,0.539,0.444,0.767,49,35,13,9,9,1,team_game_log
2024-25,22400161,2024-11-04,1610612745,HOU,Houston Rockets,HOU vs. NYK,W,109,0.489,0.242,0.833,50,21,11,12,12,1,team_game_log
2024-25,22400161,2024-11-04,1610612752,NYK,New York Knicks,NYK @ HOU,L,97,0.386,0.393,0.857,39,20,10,-12,-12,0,team_game_log
2024-25,22400162,2024-11-04,1610612750,MIN,Minnesota Timberwolves,MIN vs. CHA,W,114,0.494,0.474,0.692,45,23,15,21,21,1,team_game_log
2024-25,22400162,2024-11-04,1610612766,CHA,Charlotte Hornets,CHA @ MIN,L,93,0.398,0.238,0.813,38,19,14,-21,-21,0,team_game_log
2024-25,22400163,2024-11-04,1610612753,ORL,Orlando Magic,ORL @ OKC,L,86,0.354,0.147,0.852,41,20,19,-16,-16,0,team_game_log
2024-25,22400163,2024-11-04,1610612760,OKC,Oklahoma City Thunder,OKC vs. ORL,W,102,0.459,0.387,0.75,42,23,17,16,16,1,team_game_log
2024-25,22400164,2024-11-04,1610612740,NOP,New Orleans Pelicans,NOP vs. POR,L,100,0.452,0.286,0.875,34,24,16,-18,-18,0,team_game_log
2024-25,22400164,2024-11-04,1610612757,POR,Portland Trail Blazers,POR @ NOP,W,118,0.548,0.345,0.667,38,21,12,18,18,1,team_game_log
2024-25,22400165,2024-11-04,1610612742,DAL,Dallas Mavericks,DAL vs. IND,L,127,0.517,0.417,0.8,38,29,9,-7,-7,0,team_game_log
2024-25,22400165,2024-11-04,1610612754,IND,Indiana Pacers,IND @ DAL,W,134,0.568,0.406,0.65,46,30,10,7,7,1,team_game_log
2024-25,22400166,2024-11-04,1610612743,DEN,Denver Nuggets,DEN vs. TOR,W,121,0.494,0.323,0.763,44,29,17,2,2,1,team_game_log
2024-25,22400166,2024-11-04,1610612761,TOR,Toronto Raptors,TOR @ DEN,L,119,0.456,0.333,0.667,41,38,14,-2,-2,0,team_game_log
2024-25,22400167,2024-11-04,1610612755,PHI,Philadelphia 76ers,PHI @ PHX,L,116,0.46,0.392,0.889,38,27,15,-2,-2,0,team_game_log
2024-25,22400167,2024-11-04,1610612756,PHX,Phoenix Suns,PHX vs. PHI,W,118,0.512,0.344,0.885,43,24,14,2,2,1,team_game_log
2024-25,22400168,2024-11-04,1610612746,LAC,LA Clippers,LAC vs. SAS,W,113,0.456,0.514,0.706,44,25,11,9,9,1,team_game_log
2024-25,22400168,2024-11-04,1610612759,SAS,San Antonio Spurs,SAS @ LAC,L,104,0.442,0.268,0.895,45,22,14,-9,-9,0,team_game_log
2024-25,22400169,2024-11-06,1610612765,DET,Detroit Pistons,DET @ CHA,L,107,0.489,0.313,0.556,46,34,11,-1,-1,0,team_game_log
2024-25,22400169,2024-11-06,1610612766,CHA,Charlotte Hornets,CHA vs. DET,W,108,0.433,0.318,1.0,47,22,12,1,1,1,team_game_log
2024-25,22400170,2024-11-06,1610612753,ORL,Orlando Magic,ORL @ IND,L,111,0.512,0.28,0.769,38,26,16,-7,-7,0,team_game_log
2024-25,22400170,2024-11-06,1610612754,IND,Indiana Pacers,IND vs. ORL,W,118,0.539,0.462,0.923,36,21,11,7,7,1,team_game_log
2024-25,22400171,2024-11-06,1610612737,ATL,Atlanta Hawks,ATL vs. NYK,W,121,0.45,0.395,0.727,48,31,8,5,5,1,team_game_log
2024-25,22400171,2024-11-06,1610612752,NYK,New York Knicks,NYK @ ATL,L,116,0.488,0.468,0.8,41,29,16,-5,-5,0,team_game_log
2024-25,22400172,2024-11-06,1610612738,BOS,Boston Celtics,BOS vs. GSW,L,112,0.422,0.352,0.81,47,22,12,-6,-6,0,team_game_log
2024-25,22400172,2024-11-06,1610612744,GSW,Golden State Warriors,GSW @ BOS,W,118,0.462,0.412,0.833,53,22,11,6,6,1,team_game_log
2024-25,22400173,2024-11-06,1610612745,HOU,Houston Rockets,HOU vs. SAS,W,127,0.563,0.37,0.6,45,28,12,27,27,1,team_game_log
2024-25,22400173,2024-11-06,1610612759,SAS,San Antonio Spurs,SAS @ HOU,L,100,0.446,0.389,0.75,41,20,20,-27,-27,0,team_game_log
2024-25,22400174,2024-11-06,1610612747,LAL,Los Angeles Lakers,LAL @ MEM,L,114,0.441,0.313,0.81,37,23,11,-17,-17,0,team_game_log
2024-25,22400174,2024-11-06,1610612763,MEM,Memphis Grizzlies,MEM vs. LAL,W,131,0.516,0.5,0.783,50,28,18,17,17,1,team_game_log
2024-25,22400175,2024-11-06,1610612739,CLE,Cleveland Cavaliers,CLE @ NOP,W,131,0.542,0.486,0.769,46,33,13,9,9,1,team_game_log
2024-25,22400175,2024-11-06,1610612740,NOP,New Orleans Pelicans,NOP vs. CLE,L,122,0.477,0.481,0.893,33,21,10,-9,-9,0,team_game_log
2024-25,22400176,2024-11-06,1610612741,CHI,Chicago Bulls,CHI @ DAL,L,99,0.419,0.286,0.652,51,25,23,-20,-20,0,team_game_log
2024-25,22400176,2024-11-06,1610612742,DAL,Dallas Mavericks,DAL vs. CHI,W,119,0.484,0.316,0.81,47,33,15,20,20,1,team_game_log
2024-25,22400177,2024-11-06,1610612743,DEN,Denver Nuggets,DEN vs. OKC,W,124,0.472,0.421,0.727,55,34,18,2,2,1,team_game_log
2024-25,22400177,2024-11-06,1610612760,OKC,Oklahoma City Thunder,OKC @ DEN,L,122,0.44,0.4,0.783,47,29,14,-2,-2,0,team_game_log
2024-25,22400178,2024-11-06,1610612748,MIA,Miami Heat,MIA @ PHX,L,112,0.435,0.382,0.95,43,27,10,-3,-3,0,team_game_log
2024-25,22400178,2024-11-06,1610612756,PHX,Phoenix Suns,PHX vs. MIA,W,115,0.5,0.419,0.722,46,29,16,3,3,1,team_game_log
2024-25,22400179,2024-11-06,1610612746,LAC,LA Clippers,LAC vs. PHI,W,110,0.569,0.429,0.842,29,27,19,12,12,1,team_game_log
2024-25,22400179,2024-11-06,1610612755,PHI,Philadelphia 76ers,PHI @ LAC,L,98,0.548,0.28,0.579,32,19,20,-12,-12,0,team_game_log
2024-25,22400180,2024-11-06,1610612758,SAC,Sacramento Kings,SAC vs. TOR,W,122,0.467,0.286,0.875,47,26,10,15,15,1,team_game_log
2024-25,22400180,2024-11-06,1610612761,TOR,Toronto Raptors,TOR @ SAC,L,107,0.489,0.294,0.733,34,25,12,-15,-15,0,team_game_log
2024-25,22400181,2024-11-07,1610612741,CHI,Chicago Bulls,CHI vs. MIN,L,119,0.534,0.417,0.667,32,30,13,-16,-16,0,team_game_log
2024-25,22400181,2024-11-07,1610612750,MIN,Minnesota Timberwolves,MIN @ CHI,W,135,0.548,0.421,1.0,40,29,14,16,16,1,team_game_log
2024-25,22400182,2024-11-07,1610612749,MIL,Milwaukee Bucks,MIL vs. UTA,W,123,0.512,0.429,0.733,41,20,11,23,23,1,team_game_log
2024-25,22400182,2024-11-07,1610612762,UTA,Utah Jazz,UTA @ MIL,L,100,0.429,0.415,0.944,39,24,22,-23,-23,0,team_game_log
2024-25,22400183,2024-11-07,1610612757,POR,Portland Trail Blazers,POR @ SAS,L,105,0.477,0.281,0.636,41,23,14,-13,-13,0,team_game_log
2024-25,22400183,2024-11-07,1610612759,SAS,San Antonio Spurs,SAS vs. POR,W,118,0.537,0.41,0.778,45,35,16,13,13,1,team_game_log
2024-25,22400184,2024-11-08,1610612754,IND,Indiana Pacers,IND @ CHA,L,83,0.398,0.31,0.571,37,24,14,-20,-20,0,team_game_log
2024-25,22400184,2024-11-08,1610612766,CHA,Charlotte Hornets,CHA vs. IND,W,103,0.422,0.34,0.833,56,23,15,20,20,1,team_game_log
2024-25,22400185,2024-11-08,1610612737,ATL,Atlanta Hawks,ATL @ DET,L,121,0.454,0.417,0.783,44,30,18,-1,-1,0,team_game_log
2024-25,22400185,2024-11-08,1610612765,DET,Detroit Pistons,DET vs. ATL,W,122,0.512,0.394,0.677,45,27,21,1,1,1,team_game_log
2024-25,22400186,2024-11-08,1610612740,NOP,New Orleans Pelicans,NOP @ ORL,L,88,0.381,0.323,0.824,31,18,16,-27,-27,0,team_game_log
2024-25,22400186,2024-11-08,1610612753,ORL,Orlando Magic,ORL vs. NOP,W,115,0.523,0.25,0.81,43,28,15,27,27,1,team_game_log
2024-25,22400187,2024-11-08,1610612738,BOS,Boston Celtics,BOS vs. BKN,W,108,0.433,0.264,0.842,39,23,13,4,4,1,team_game_log
2024-25,22400187,2024-11-08,1610612751,BKN,Brooklyn Nets,BKN @ BOS,L,104,0.41,0.263,0.8,51,24,13,-4,-4,0,team_game_log
2024-25,22400188,2024-11-08,1610612739,CLE,Cleveland Cavaliers,CLE vs. GSW,W,136,0.541,0.476,0.857,43,33,20,19,19,1,team_game_log
2024-25,22400188,2024-11-08,1610612744,GSW,Golden State Warriors,GSW @ CLE,L,117,0.48,0.31,0.714,40,32,17,-19,-19,0,team_game_log
2024-25,22400189,2024-11-08,1610612749,MIL,Milwaukee Bucks,MIL @ NYK,L,94,0.434,0.233,0.652,41,20,12,-22,-22,0,team_game_log
2024-25,22400189,2024-11-08,1610612752,NYK,New York Knicks,NYK vs. MIL,W,116,0.473,0.304,0.842,48,35,11,22,22,1,team_game_log
2024-25,22400190,2024-11-08,1610612742,DAL,Dallas Mavericks,DAL vs. PHX,L,113,0.513,0.333,0.909,39,18,11,-1,-1,0,team_game_log
2024-25,22400190,2024-11-08,1610612756,PHX,Phoenix Suns,PHX @ DAL,W,114,0.5,0.385,0.722,37,26,9,1,1,1,team_game_log
2024-25,22400191,2024-11-08,1610612763,MEM,Memphis Grizzlies,MEM vs. WAS,W,128,0.474,0.326,0.88,50,30,19,24,24,1,team_game_log
2024-25,22400191,2024-11-08,1610612764,WAS,Washington Wizards,WAS @ MEM,L,104,0.409,0.257,0.826,41,27,18,-24,-24,0,team_game_log
2024-25,22400192,2024-11-08,1610612745,HOU,Houston Rockets,HOU @ OKC,L,107,0.433,0.367,0.692,48,19,17,-19,-19,0,team_game_log
2024-25,22400192,2024-11-08,1610612760,OKC,Oklahoma City Thunder,OKC vs. HOU,W,126,0.511,0.378,0.87,41,24,11,19,19,1,team_game_log
2024-25,22400193,2024-11-08,1610612750,MIN,Minnesota Timberwolves,MIN vs. POR,W,127,0.485,0.44,0.786,49,32,20,25,25,1,team_game_log
2024-25,22400193,2024-11-08,1610612757,POR,Portland Trail Blazers,POR @ MIN,L,102,0.429,0.24,0.75,37,13,17,-25,-25,0,team_game_log
2024-25,22400194,2024-11-08,1610612743,DEN,Denver Nuggets,DEN vs. MIA,W,135,0.617,0.514,0.895,39,37,18,13,13,1,team_game_log
2024-25,22400194,2024-11-08,1610612748,MIA,Miami Heat,MIA @ DEN,L,122,0.489,0.465,0.769,33,33,14,-13,-13,0,team_game_log
2024-25,22400195,2024-11-08,1610612747,LAL,Los Angeles Lakers,LAL vs. PHI,W,116,0.518,0.457,0.857,45,28,13,10,10,1,team_game_log
2024-25,22400195,2024-11-08,1610612755,PHI,Philadelphia 76ers,PHI @ LAL,L,106,0.406,0.333,0.652,44,28,8,-10,-10,0,team_game_log
2024-25,22400196,2024-11-08,1610612746,LAC,LA Clippers,LAC @ SAC,W,107,0.444,0.467,0.913,48,20,21,9,9,1,team_game_log
2024-25,22400196,2024-11-08,1610612758,SAC,Sacramento Kings,SAC vs. LAC,L,98,0.474,0.115,0.875,35,19,14,-9,-9,0,team_game_log
2024-25,22400197,2024-11-09,1610612759,SAS,San Antonio Spurs,SAS vs. UTA,L,110,0.447,0.362,0.895,37,29,20,-1,-1,0,team_game_log
2024-25,22400197,2024-11-09,1610612762,UTA,Utah Jazz,UTA @ SAS,W,111,0.463,0.303,0.714,45,23,18,1,1,1,team_game_log
2024-25,22400198,2024-11-09,1610612737,ATL,Atlanta Hawks,ATL vs. CHI,L,113,0.461,0.31,0.733,39,31,14,-12,-12,0,team_game_log
2024-25,22400198,2024-11-09,1610612741,CHI,Chicago Bulls,CHI @ ATL,W,125,0.5,0.333,0.87,47,30,18,12,12,1,team_game_log
2024-25,22400199,2024-11-09,1610612739,CLE,Cleveland Cavaliers,CLE vs. BKN,W,105,0.541,0.357,0.789,33,24,16,5,5,1,team_game_log
2024-25,22400199,2024-11-09,1610612751,BKN,Brooklyn Nets,BKN @ CLE,L,100,0.447,0.349,0.944,36,21,20,-5,-5,0,team_game_log
2024-25,22400200,2024-11-09,1610612746,LAC,LA Clippers,LAC vs. TOR,W,105,0.461,0.385,0.781,47,18,14,2,2,1,team_game_log
2024-25,22400200,2024-11-09,1610612761,TOR,Toronto Raptors,TOR @ LAC,L,103,0.421,0.297,0.571,44,26,10,-2,-2,0,team_game_log
2024-25,22400201,2024-11-10,1610612745,HOU,Houston Rockets,HOU @ DET,W,101,0.409,0.206,0.75,53,19,12,2,2,1,team_game_log
2024-25,22400201,2024-11-10,1610612765,DET,Detroit Pistons,DET vs. HOU,L,99,0.429,0.324,0.696,46,21,18,-2,-2,0,team_game_log
2024-25,22400202,2024-11-10,1610612738,BOS,Boston Celtics,BOS @ MIL,W,113,0.407,0.38,0.889,42,27,12,6,6,1,team_game_log
2024-25,22400202,2024-11-10,1610612749,MIL,Milwaukee Bucks,MIL vs. BOS,L,107,0.481,0.406,0.762,41,21,13,-6,-6,0,team_game_log
2024-25,22400203,2024-11-10,1610612752,NYK,New York Knicks,NYK @ IND,L,121,0.554,0.28,0.815,39,23,14,-11,-11,0,team_game_log
2024-25,22400203,2024-11-10,1610612754,IND,Indiana Pacers,IND vs. NYK,W,132,0.511,0.457,0.84,32,27,10,11,11,1,team_game_log
2024-25,22400204,2024-11-10,1610612753,ORL,Orlando Magic,ORL vs. WAS,W,121,0.451,0.354,0.88,44,25,12,27,27,1,team_game_log
2024-25,22400204,2024-11-10,1610612764,WAS,Washington Wizards,WAS @ ORL,L,94,0.458,0.303,0.72,37,20,17,-27,-27,0,team_game_log
2024-25,22400205,2024-11-10,1610612755,PHI,Philadelphia 76ers,PHI vs. CHA,W,107,0.464,0.273,0.769,40,24,17,2,2,1,team_game_log
2024-25,22400205,2024-11-10,1610612766,CHA,Charlotte Hornets,CHA @ PHI,L,105,0.379,0.259,0.864,50,22,21,-2,-2,0,team_game_log
2024-25,22400206,2024-11-10,1610612748,MIA,Miami Heat,MIA @ MIN,W,95,0.442,0.355,0.727,43,18,23,1,1,1,team_game_log
2024-25,22400206,2024-11-10,1610612750,MIN,Minnesota Timberwolves,MIN vs. MIA,L,94,0.398,0.289,0.846,47,22,20,-1,-1,0,team_game_log
2024-25,22400207,2024-11-10,1610612744,GSW,Golden State Warriors,GSW @ OKC,W,127,0.506,0.488,0.696,46,35,15,11,11,1,team_game_log
2024-25,22400207,2024-11-10,1610612760,OKC,Oklahoma City Thunder,OKC vs. GSW,L,116,0.447,0.333,0.808,41,25,11,-11,-11,0,team_game_log
2024-25,22400208,2024-11-10,1610612742,DAL,Dallas Mavericks,DAL @ DEN,L,120,0.533,0.303,0.737,42,29,10,-2,-2,0,team_game_log
2024-25,22400208,2024-11-10,1610612743,DEN,Denver Nuggets,DEN vs. DAL,W,122,0.506,0.483,0.692,45,35,10,2,2,1,team_game_log
2024-25,22400209,2024-11-10,1610612756,PHX,Phoenix Suns,PHX vs. SAC,L,118,0.419,0.316,0.8,48,30,12,-9,-9,0,team_game_log
2024-25,22400209,2024-11-10,1610612758,SAC,Sacramento Kings,SAC @ PHX,W,127,0.49,0.297,0.842,57,23,15,9,9,1,team_game_log
2024-25,22400210,2024-11-10,1610612757,POR,Portland Trail Blazers,POR vs. MEM,L,89,0.34,0.095,0.81,43,18,24,-45,-45,0,team_game_log
2024-25,22400210,2024-11-10,1610612763,MEM,Memphis Grizzlies,MEM @ POR,W,134,0.553,0.372,0.857,51,32,23,45,45,1,team_game_log
2024-25,22400211,2024-11-10,1610612747,LAL,Los Angeles Lakers,LAL vs. TOR,W,123,0.512,0.324,0.821,33,30,5,20,20,1,team_game_log
2024-25,22400211,2024-11-10,1610612761,TOR,Toronto Raptors,TOR @ LAL,L,103,0.451,0.345,0.864,40,26,18,-20,-20,0,team_game_log
2024-25,22400212,2024-11-11,1610612739,CLE,Cleveland Cavaliers,CLE @ CHI,W,119,0.443,0.333,0.75,43,26,9,6,6,1,team_game_log
2024-25,22400212,2024-11-11,1610612741,CHI,Chicago Bulls,CHI vs. CLE,L,113,0.494,0.368,0.813,51,26,21,-6,-6,0,team_game_log
2024-25,22400213,2024-11-11,1610612745,HOU,Houston Rockets,HOU vs. WAS,W,107,0.46,0.217,0.88,58,13,21,15,15,1,team_game_log
2024-25,22400213,2024-11-11,1610612764,WAS,Washington Wizards,WAS @ HOU,L,92,0.409,0.355,0.692,34,21,19,-15,-15,0,team_game_log
2024-25,22400214,2024-11-11,1610612740,NOP,New Orleans Pelicans,NOP vs. BKN,L,105,0.447,0.333,0.917,45,31,11,-2,-2,0,team_game_log
2024-25,22400214,2024-11-11,1610612751,BKN,Brooklyn Nets,BKN @ NOP,W,107,0.429,0.452,0.842,46,24,17,2,2,1,team_game_log
2024-25,22400215,2024-11-11,1610612746,LAC,LA Clippers,LAC @ OKC,L,128,0.55,0.541,0.69,47,31,24,-6,-6,0,team_game_log
2024-25,22400215,2024-11-11,1610612760,OKC,Oklahoma City Thunder,OKC vs. LAC,W,134,0.516,0.391,0.957,29,31,11,6,6,1,team_game_log
2024-25,22400216,2024-11-11,1610612758,SAC,Sacramento Kings,SAC @ SAS,L,96,0.429,0.263,0.889,37,18,11,-20,-20,0,team_game_log
2024-25,22400216,2024-11-11,1610612759,SAS,San Antonio Spurs,SAS vs. SAC,W,116,0.506,0.478,1.0,44,31,18,20,20,1,team_game_log
2024-25,22400001,2024-11-12,1610612737,ATL,Atlanta Hawks,ATL @ BOS,W,117,0.505,0.313,0.538,44,35,16,1,1,1,team_game_log
2024-25,22400001,2024-11-12,1610612738,BOS,Boston Celtics,BOS vs. ATL,L,116,0.507,0.4,0.815,34,28,20,-1,-1,0,team_game_log
2024-25,22400002,2024-11-12,1610612748,MIA,Miami Heat,MIA @ DET,L,121,0.465,0.378,0.769,43,25,12,-2,-2,0,team_game_log
2024-25,22400002,2024-11-12,1610612765,DET,Detroit Pistons,DET vs. MIA,W,123,0.467,0.361,0.857,56,32,19,2,2,1,team_game_log
2024-25,22400003,2024-11-12,1610612753,ORL,Orlando Magic,ORL vs. CHA,W,114,0.462,0.295,0.789,43,25,11,25,25,1,team_game_log
2024-25,22400003,2024-11-12,1610612766,CHA,Charlotte Hornets,CHA @ ORL,L,89,0.405,0.342,0.571,48,22,22,-25,-25,0,team_game_log
2024-25,22400004,2024-11-12,1610612752,NYK,New York Knicks,NYK @ PHI,W,111,0.494,0.29,0.933,47,31,15,12,12,1,team_game_log
2024-25,22400004,2024-11-12,1610612755,PHI,Philadelphia 76ers,PHI vs. NYK,L,99,0.373,0.333,0.958,40,19,15,-12,-12,0,team_game_log
2024-25,22400005,2024-11-12,1610612749,MIL,Milwaukee Bucks,MIL vs. TOR,W,99,0.404,0.286,0.583,47,25,17,14,14,1,team_game_log
2024-25,22400005,2024-11-12,1610612761,TOR,Toronto Raptors,TOR @ MIL,L,85,0.349,0.36,0.8,54,20,22,-14,-14,0,team_game_log
2024-25,22400006,2024-11-12,1610612756,PHX,Phoenix Suns,PHX @ UTA,W,120,0.5,0.462,0.727,42,21,10,8,8,1,team_game_log
2024-25,22400006,2024-11-12,1610612762,UTA,Utah Jazz,UTA vs. PHX,L,112,0.489,0.395,0.778,39,32,13,-8,-8,0,team_game_log
2024-25,22400007,2024-11-12,1610612742,DAL,Dallas Mavericks,DAL @ GSW,L,117,0.524,0.324,0.75,40,26,18,-3,-3,0,team_game_log
2024-25,22400007,2024-11-12,1610612744,GSW,Golden State Warriors,GSW vs. DAL,W,120,0.479,0.341,0.593,50,29,13,3,3,1,team_game_log
2024-25,22400008,2024-11-12,1610612750,MIN,Minnesota Timberwolves,MIN @ POR,L,108,0.507,0.371,0.913,32,22,23,-14,-14,0,team_game_log
2024-25,22400008,2024-11-12,1610612757,POR,Portland Trail Blazers,POR vs. MIN,W,122,0.512,0.563,0.9,39,30,20,14,14,1,team_game_log
2024-25,22400217,2024-11-13,1610612753,ORL,Orlando Magic,ORL vs. IND,W,94,0.405,0.342,0.867,50,26,17,4,4,1,team_game_log
2024-25,22400217,2024-11-13,1610612754,IND,Indiana Pacers,IND @ ORL,L,90,0.381,0.333,0.889,41,22,17,-4,-4,0,team_game_log
2024-25,22400218,2024-11-13,1610612738,BOS,Boston Celtics,BOS @ BKN,W,139,0.538,0.478,0.708,45,35,8,25,25,1,team_game_log
2024-25,22400218,2024-11-13,1610612751,BKN,Brooklyn Nets,BKN vs. BOS,L,114,0.506,0.442,0.833,34,26,13,-25,-25,0,team_game_log
2024-25,22400219,2024-11-13,1610612741,CHI,Chicago Bulls,CHI @ NYK,W,124,0.537,0.389,0.815,40,31,18,1,1,1,team_game_log
2024-25,22400219,2024-11-13,1610612752,NYK,New York Knicks,NYK vs. CHI,L,123,0.511,0.405,0.667,40,31,15,-1,-1,0,team_game_log
2024-25,22400220,2024-11-13,1610612739,CLE,Cleveland Cavaliers,CLE @ PHI,W,114,0.494,0.4,0.824,46,25,11,8,8,1,team_game_log
2024-25,22400220,2024-11-13,1610612755,PHI,Philadelphia 76ers,PHI vs. CLE,L,106,0.446,0.326,0.909,45,24,12,-8,-8,0,team_game_log
2024-25,22400221,2024-11-13,1610612740,NOP,New Orleans Pelicans,NOP @ OKC,L,88,0.395,0.243,0.647,58,21,24,-18,-18,0,team_game_log
2024-25,22400221,2024-11-13,1610612760,OKC,Oklahoma City Thunder,OKC vs. NOP,W,106,0.443,0.385,0.813,31,20,7,18,18,1,team_game_log
2024-25,22400222,2024-11-13,1610612745,HOU,Houston Rockets,HOU vs. LAC,W,111,0.433,0.375,0.706,59,28,14,8,8,1,team_game_log
2024-25,22400222,2024-11-13,1610612746,LAC,LA Clippers,LAC @ HOU,L,103,0.396,0.368,0.813,42,27,12,-8,-8,0,team_game_log
2024-25,22400223,2024-11-13,1610612749,MIL,Milwaukee Bucks,MIL vs. DET,W,127,0.474,0.429,0.88,47,26,12,7,7,1,team_game_log
2024-25,22400223,2024-11-13,1610612765,DET,Detroit Pistons,DET @ MIL,L,120,0.46,0.474,0.769,45,29,15,-7,-7,0,team_game_log
2024-25,22400224,2024-11-13,1610612759,SAS,San Antonio Spurs,SAS vs. WAS,W,139,0.522,0.409,0.781,39,38,9,9,9,1,team_game_log
2024-25,22400224,2024-11-13,1610612764,WAS,Washington Wizards,WAS @ SAS,L,130,0.516,0.409,0.875,41,27,18,-9,-9,0,team_game_log
2024-25,22400225,2024-11-13,1610612747,LAL,Los Angeles Lakers,LAL vs. MEM,W,128,0.506,0.488,0.688,42,31,18,5,5,1,team_game_log
2024-25,22400225,2024-11-13,1610612763,MEM,Memphis Grizzlies,MEM @ LAL,L,123,0.472,0.364,0.818,41,28,14,-5,-5,0,team_game_log
2024-25,22400226,2024-11-13,1610612750,MIN,Minnesota Timberwolves,MIN @ POR,L,98,0.394,0.179,0.773,41,16,14,-8,-8,0,team_game_log
2024-25,22400226,2024-11-13,1610612757,POR,Portland Trail Blazers,POR vs. MIN,W,106,0.458,0.36,0.913,47,17,20,8,8,1,team_game_log
2024-25,22400227,2024-11-13,1610612756,PHX,Phoenix Suns,PHX @ SAC,L,104,0.371,0.302,0.731,40,23,10,-23,-23,0,team_game_log
2024-25,22400227,2024-11-13,1610612758,SAC,Sacramento Kings,SAC vs. PHX,W,127,0.641,0.536,0.706,45,38,17,23,23,1,team_game_log
2024-25,22400228,2024-11-14,1610612742,DAL,Dallas Mavericks,DAL @ UTA,L,113,0.506,0.308,0.75,30,25,17,-2,-2,0,team_game_log
2024-25,22400228,2024-11-14,1610612762,UTA,Utah Jazz,UTA vs. DAL,W,115,0.506,0.382,0.762,40,25,20,2,2,1,team_game_log
2024-25,22400009,2024-11-15,1610612748,MIA,Miami Heat,MIA @ IND,W,124,0.517,0.357,0.826,36,27,10,13,13,1,team_game_log
2024-25,22400009,2024-11-15,1610612754,IND,Indiana Pacers,IND vs. MIA,L,111,0.512,0.4,0.818,39,28,20,-13,-13,0,team_game_log
2024-25,22400010,2024-11-15,1610612753,ORL,Orlando Magic,ORL vs. PHI,W,98,0.436,0.297,0.864,43,15,18,12,12,1,team_game_log
2024-25,22400010,2024-11-15,1610612755,PHI,Philadelphia 76ers,PHI @ ORL,L,86,0.403,0.323,0.857,34,19,18,-12,-12,0,team_game_log
2024-25,22400011,2024-11-15,1610612761,TOR,Toronto Raptors,TOR vs. DET,L,95,0.361,0.258,0.773,53,21,15,-4,-4,0,team_game_log
2024-25,22400011,2024-11-15,1610612765,DET,Detroit Pistons,DET @ TOR,W,99,0.411,0.211,0.65,56,24,14,4,4,1,team_game_log
2024-25,22400012,2024-11-15,1610612737,ATL,Atlanta Hawks,ATL vs. WAS,W,129,0.469,0.324,0.833,55,28,16,12,12,1,team_game_log
2024-25,22400012,2024-11-15,1610612764,WAS,Washington Wizards,WAS @ ATL,L,117,0.406,0.349,0.762,52,28,16,-12,-12,0,team_game_log
2024-25,22400013,2024-11-15,1610612739,CLE,Cleveland Cavaliers,CLE vs. CHI,W,144,0.548,0.488,0.875,40,33,13,18,18,1,team_game_log
2024-25,22400013,2024-11-15,1610612741,CHI,Chicago Bulls,CHI @ CLE,L,126,0.511,0.476,0.8,36,32,17,-18,-18,0,team_game_log
2024-25,22400014,2024-11-15,1610612751,BKN,Brooklyn Nets,BKN @ NYK,L,122,0.438,0.413,0.893,37,27,9,-2,-2,0,team_game_log
2024-25,22400014,2024-11-15,1610612752,NYK,New York Knicks,NYK vs. BKN,W,124,0.53,0.342,0.821,45,25,13,2,2,1,team_game_log
2024-25,22400015,2024-11-15,1610612747,LAL,Los Angeles Lakers,LAL @ SAS,W,120,0.5,0.452,0.783,41,27,12,5,5,1,team_game_log
2024-25,22400015,2024-11-15,1610612759,SAS,San Antonio Spurs,SAS vs. LAL,L,115,0.489,0.378,0.75,40,32,13,-5,-5,0,team_game_log
2024-25,22400016,2024-11-15,1610612745,HOU,Houston Rockets,HOU vs. LAC,W,125,0.484,0.432,0.778,48,31,12,21,21,1,team_game_log
2024-25,22400016,2024-11-15,1610612746,LAC,LA Clippers,LAC @ HOU,L,104,0.378,0.25,0.788,51,12,15,-21,-21,0,team_game_log
2024-25,22400017,2024-11-15,1610612740,NOP,New Orleans Pelicans,NOP vs. DEN,W,101,0.425,0.314,0.889,56,21,15,7,7,1,team_game_log
2024-25,22400017,2024-11-15,1610612743,DEN,Denver Nuggets,DEN @ NOP,L,94,0.425,0.27,0.909,38,26,8,-7,-7,0,team_game_log
2024-25,22400018,2024-11-15,1610612756,PHX,Phoenix Suns,PHX @ OKC,L,83,0.293,0.243,0.75,50,17,17,-16,-16,0,team_game_log
2024-25,22400018,2024-11-15,1610612760,OKC,Oklahoma City Thunder,OKC vs. PHX,W,99,0.396,0.25,0.944,53,21,11,16,16,1,team_game_log
2024-25,22400019,2024-11-15,1610612744,GSW,Golden State Warriors,GSW vs. MEM,W,123,0.439,0.413,0.72,56,33,19,5,5,1,team_game_log
2024-25,22400019,2024-11-15,1610612763,MEM,Memphis Grizzlies,MEM @ GSW,L,118,0.408,0.167,0.818,54,22,15,-5,-5,0,team_game_log
2024-25,22400020,2024-11-15,1610612750,MIN,Minnesota Timberwolves,MIN @ SAC,W,130,0.475,0.408,0.875,41,26,11,4,4,1,team_game_log
2024-25,22400020,2024-11-15,1610612758,SAC,Sacramento Kings,SAC vs. MIN,L,126,0.5,0.324,0.9,51,21,13,-4,-4,0,team_game_log
2024-25,22400229,2024-11-16,1610612749,MIL,Milwaukee Bucks,MIL @ CHA,L,114,0.511,0.417,0.455,40,31,9,-1,-1,0,team_game_log
2024-25,22400229,2024-11-16,1610612766,CHA,Charlotte Hornets,CHA vs. MIL,W,115,0.441,0.357,0.857,53,25,10,1,1,1,team_game_log
2024-25,22400230,2024-11-16,1610612738,BOS,Boston Celtics,BOS vs. TOR,W,126,0.444,0.344,0.895,42,30,9,3,3,1,team_game_log
2024-25,22400230,2024-11-16,1610612761,TOR,Toronto Raptors,TOR @ BOS,L,123,0.51,0.391,0.667,46,35,9,-3,-3,0,team_game_log
2024-25,22400231,2024-11-16,1610612740,NOP,New Orleans Pelicans,NOP vs. LAL,L,99,0.422,0.379,0.783,50,24,17,-5,-5,0,team_game_log
2024-25,22400231,2024-11-16,1610612747,LAL,Los Angeles Lakers,LAL @ NOP,W,104,0.438,0.3,0.778,43,24,11,5,5,1,team_game_log
2024-25,22400232,2024-11-16,1610612742,DAL,Dallas Mavericks,DAL vs. SAS,W,110,0.468,0.258,0.778,53,26,15,17,17,1,team_game_log
2024-25,22400232,2024-11-16,1610612759,SAS,San Antonio Spurs,SAS @ DAL,L,93,0.318,0.275,0.867,45,21,12,-17,-17,0,team_game_log
2024-25,22400233,2024-11-16,1610612758,SAC,Sacramento Kings,SAC vs. UTA,W,121,0.506,0.463,0.72,35,24,14,4,4,1,team_game_log
2024-25,22400233,2024-11-16,1610612762,UTA,Utah Jazz,UTA @ SAC,L,117,0.493,0.462,0.738,33,16,16,-4,-4,0,team_game_log
2024-25,22400234,2024-11-17,1610612750,MIN,Minnesota Timberwolves,MIN vs. PHX,W,120,0.525,0.436,0.731,32,27,14,3,3,1,team_game_log
2024-25,22400234,2024-11-17,1610612756,PHX,Phoenix Suns,PHX @ MIN,L,117,0.541,0.452,0.733,41,29,21,-3,-3,0,team_game_log
2024-25,22400235,2024-11-17,1610612748,MIA,Miami Heat,MIA @ IND,L,110,0.4,0.442,0.95,38,21,11,-9,-9,0,team_game_log
2024-25,22400235,2024-11-17,1610612754,IND,Indiana Pacers,IND vs. MIA,W,119,0.518,0.448,0.9,45,30,11,9,9,1,team_game_log
2024-25,22400236,2024-11-17,1610612739,CLE,Cleveland Cavaliers,CLE vs. CHA,W,128,0.571,0.433,0.964,48,26,20,14,14,1,team_game_log
2024-25,22400236,2024-11-17,1610612766,CHA,Charlotte Hornets,CHA @ CLE,L,114,0.408,0.385,0.833,40,34,10,-14,-14,0,team_game_log
2024-25,22400237,2024-11-17,1610612764,WAS,Washington Wizards,WAS vs. DET,L,104,0.47,0.444,0.7,39,21,17,-20,-20,0,team_game_log
2024-25,22400237,2024-11-17,1610612765,DET,Detroit Pistons,DET @ WAS,W,124,0.474,0.447,0.789,51,27,9,20,20,1,team_game_log
2024-25,22400238,2024-11-17,1610612743,DEN,Denver Nuggets,DEN @ MEM,L,90,0.417,0.323,0.714,39,23,15,-15,-15,0,team_game_log
2024-25,22400238,2024-11-17,1610612763,MEM,Memphis Grizzlies,MEM vs. DEN,W,105,0.451,0.333,0.833,45,31,13,15,15,1,team_game_log
2024-25,22400239,2024-11-17,1610612737,ATL,Atlanta Hawks,ATL @ POR,L,110,0.459,0.344,0.84,47,30,27,-4,-4,0,team_game_log
2024-25,22400239,2024-11-17,1610612757,POR,Portland Trail Blazers,POR vs. ATL,W,114,0.463,0.368,0.632,40,31,20,4,4,1,team_game_log
2024-25,22400240,2024-11-17,1610612751,BKN,Brooklyn Nets,BKN @ NYK,L,104,0.421,0.415,0.767,35,31,9,-10,-10,0,team_game_log
2024-25,22400240,2024-11-17,1610612752,NYK,New York Knicks,NYK vs. BKN,W,114,0.489,0.325,0.789,47,33,8,10,10,1,team_game_log
2024-25,22400241,2024-11-17,1610612741,CHI,Chicago Bulls,CHI vs. HOU,L,107,0.336,0.25,0.955,47,26,15,-36,-36,0,team_game_log
2024-25,22400241,2024-11-17,1610612745,HOU,Houston Rockets,HOU @ CHI,W,143,0.524,0.294,0.719,66,34,11,36,36,1,team_game_log
2024-25,22400242,2024-11-17,1610612742,DAL,Dallas Mavericks,DAL @ OKC,W,121,0.476,0.407,0.833,53,18,16,2,2,1,team_game_log
2024-25,22400242,2024-11-17,1610612760,OKC,Oklahoma City Thunder,OKC vs. DAL,L,119,0.494,0.333,0.76,29,29,8,-2,-2,0,team_game_log
2024-25,22400243,2024-11-17,1610612746,LAC,LA Clippers,LAC vs. UTA,W,116,0.489,0.275,0.765,41,30,9,11,11,1,team_game_log
2024-25,22400243,2024-11-17,1610612762,UTA,Utah Jazz,UTA @ LAC,L,105,0.494,0.3,0.833,41,24,19,-11,-11,0,team_game_log
2024-25,22400244,2024-11-18,1610612741,CHI,Chicago Bulls,CHI @ DET,W,122,0.484,0.5,0.786,46,28,11,10,10,1,team_game_log
2024-25,22400244,2024-11-18,1610612765,DET,Detroit Pistons,DET vs. CHI,L,112,0.429,0.341,0.684,48,27,9,-10,-10,0,team_game_log
2024-25,22400245,2024-11-18,1610612748,MIA,Miami Heat,MIA vs. PHI,W,106,0.414,0.295,0.913,53,26,15,17,17,1,team_game_log
2024-25,22400245,2024-11-18,1610612755,PHI,Philadelphia 76ers,PHI @ MIA,L,89,0.417,0.244,0.75,42,25,15,-17,-17,0,team_game_log
2024-25,22400246,2024-11-18,1610612752,NYK,New York Knicks,NYK vs. WAS,W,134,0.56,0.5,0.923,41,37,8,28,28,1,team_game_log
2024-25,22400246,2024-11-18,1610612764,WAS,Washington Wizards,WAS @ NYK,L,106,0.473,0.333,0.563,41,23,10,-28,-28,0,team_game_log
2024-25,22400247,2024-11-18,1610612754,IND,Indiana Pacers,IND @ TOR,L,119,0.444,0.375,0.8,32,29,11,-11,-11,0,team_game_log
2024-25,22400247,2024-11-18,1610612761,TOR,Toronto Raptors,TOR vs. IND,W,130,0.585,0.483,0.714,46,27,23,11,11,1,team_game_log
2024-25,22400248,2024-11-18,1610612745,HOU,Houston Rockets,HOU @ MIL,L,100,0.4,0.281,0.846,53,19,13,-1,-1,0,team_game_log
2024-25,22400248,2024-11-18,1610612749,MIL,Milwaukee Bucks,MIL vs. HOU,W,101,0.458,0.394,0.632,43,21,16,1,1,1,team_game_log
2024-25,22400249,2024-11-18,1610612753,ORL,Orlando Magic,ORL @ PHX,W,109,0.513,0.379,0.8,38,28,11,10,10,1,team_game_log
2024-25,22400249,2024-11-18,1610612756,PHX,Phoenix Suns,PHX vs. ORL,L,99,0.422,0.293,0.68,45,25,13,-10,-10,0,team_game_log
2024-25,22400250,2024-11-18,1610612737,ATL,Atlanta Hawks,ATL @ SAC,W,109,0.47,0.421,0.833,37,34,14,1,1,1,team_game_log
2024-25,22400250,2024-11-18,1610612758,SAC,Sacramento Kings,SAC vs. ATL,L,108,0.435,0.435,0.737,45,24,17,-1,-1,0,team_game_log
2024-25,22400251,2024-11-18,1610612744,GSW,Golden State Warriors,GSW @ LAC,L,99,0.44,0.364,0.474,45,27,19,-3,-3,0,team_game_log
2024-25,22400251,2024-11-18,1610612746,LAC,LA Clippers,LAC vs. GSW,W,102,0.427,0.471,0.889,44,29,20,3,3,1,team_game_log
2024-25,22400021,2024-11-19,1610612738,BOS,Boston Celtics,BOS vs. CLE,W,120,0.512,0.537,0.714,42,32,13,3,3,1,team_game_log
2024-25,22400021,2024-11-19,1610612739,CLE,Cleveland Cavaliers,CLE @ BOS,L,117,0.495,0.345,0.882,41,30,7,-3,-3,0,team_game_log
2024-25,22400022,2024-11-19,1610612751,BKN,Brooklyn Nets,BKN vs. CHA,W,116,0.494,0.439,0.737,36,31,15,1,1,1,team_game_log
2024-25,22400022,2024-11-19,1610612766,CHA,Charlotte Hornets,CHA @ BKN,L,115,0.463,0.541,0.864,44,25,23,-1,-1,0,team_game_log
2024-25,22400023,2024-11-19,1610612743,DEN,Denver Nuggets,DEN @ MEM,W,122,0.48,0.333,0.636,53,29,19,12,12,1,team_game_log
2024-25,22400023,2024-11-19,1610612763,MEM,Memphis Grizzlies,MEM vs. DEN,L,110,0.398,0.237,0.613,55,24,22,-12,-12,0,team_game_log
2024-25,22400024,2024-11-19,1610612740,NOP,New Orleans Pelicans,NOP @ DAL,L,91,0.397,0.344,0.857,37,19,21,-41,-41,0,team_game_log
2024-25,22400024,2024-11-19,1610612742,DAL,Dallas Mavericks,DAL vs. NOP,W,132,0.521,0.452,0.8,48,26,12,41,41,1,team_game_log
2024-25,22400025,2024-11-19,1610612759,SAS,San Antonio Spurs,SAS vs. OKC,W,110,0.47,0.413,0.684,46,32,21,6,6,1,team_game_log
2024-25,22400025,2024-11-19,1610612760,OKC,Oklahoma City Thunder,OKC @ SAS,L,104,0.41,0.302,0.857,47,24,14,-6,-6,0,team_game_log
2024-25,22400026,2024-11-19,1610612747,LAL,Los Angeles Lakers,LAL vs. UTA,W,124,0.553,0.452,0.722,34,30,14,6,6,1,team_game_log
2024-25,22400026,2024-11-19,1610612762,UTA,Utah Jazz,UTA @ LAL,L,118,0.5,0.333,0.842,42,28,16,-6,-6,0,team_game_log
2024-25,22400252,2024-11-20,1610612739,CLE,Cleveland Cavaliers,CLE vs. NOP,W,128,0.527,0.429,0.857,52,29,14,28,28,1,team_game_log
2024-25,22400252,2024-11-20,1610612740,NOP,New Orleans Pelicans,NOP @ CLE,L,100,0.424,0.258,0.636,40,23,11,-28,-28,0,team_game_log
2024-25,22400253,2024-11-20,1610612741,CHI,Chicago Bulls,CHI @ MIL,L,106,0.466,0.378,1.0,33,25,14,-16,-16,0,team_game_log
2024-25,22400253,2024-11-20,1610612749,MIL,Milwaukee Bucks,MIL vs. CHI,W,122,0.55,0.361,0.677,45,30,12,16,16,1,team_game_log
2024-25,22400254,2024-11-20,1610612745,HOU,Houston Rockets,HOU vs. IND,W,130,0.461,0.333,0.727,47,25,14,17,17,1,team_game_log
2024-25,22400254,2024-11-20,1610612754,IND,Indiana Pacers,IND @ HOU,L,113,0.53,0.227,0.8,36,19,23,-17,-17,0,team_game_log
2024-25,22400255,2024-11-20,1610612755,PHI,Philadelphia 76ers,PHI @ MEM,L,111,0.448,0.333,0.917,41,21,14,-6,-6,0,team_game_log
2024-25,22400255,2024-11-20,1610612763,MEM,Memphis Grizzlies,MEM vs. PHI,W,117,0.482,0.442,1.0,41,29,20,6,6,1,team_game_log
2024-25,22400256,2024-11-20,1610612757,POR,Portland Trail Blazers,POR @ OKC,L,99,0.405,0.395,0.714,49,18,24,-10,-10,0,team_game_log
2024-25,22400256,2024-11-20,1610612760,OKC,Oklahoma City Thunder,OKC vs. POR,W,109,0.44,0.29,0.87,46,24,14,10,10,1,team_game_log
2024-25,22400257,2024-11-20,1610612752,NYK,New York Knicks,NYK @ PHX,W,138,0.581,0.487,0.905,41,30,15,16,16,1,team_game_log
2024-25,22400257,2024-11-20,1610612756,PHX,Phoenix Suns,PHX vs. NYK,L,122,0.489,0.38,0.765,34,30,14,-16,-16,0,team_game_log
2024-25,22400258,2024-11-20,1610612737,ATL,Atlanta Hawks,ATL @ GSW,L,97,0.333,0.267,0.625,65,27,17,-23,-23,0,team_game_log
2024-25,22400258,2024-11-20,1610612744,GSW,Golden State Warriors,GSW vs. ATL,W,120,0.465,0.35,0.667,54,36,15,23,23,1,team_game_log
2024-25,22400259,2024-11-20,1610612746,LAC,LA Clippers,LAC vs. ORL,W,104,0.494,0.5,0.81,49,22,25,11,11,1,team_game_log
2024-25,22400259,2024-11-20,1610612753,ORL,Orlando Magic,ORL @ LAC,L,93,0.44,0.229,0.792,24,21,14,-11,-11,0,team_game_log
2024-25,22400260,2024-11-21,1610612765,DET,Detroit Pistons,DET @ CHA,L,121,0.424,0.354,0.8,56,30,19,-2,-2,0,team_game_log
2024-25,22400260,2024-11-21,1610612766,CHA,Charlotte Hornets,CHA vs. DET,W,123,0.473,0.455,0.714,43,23,16,2,2,1,team_game_log
2024-25,22400261,2024-11-21,1610612750,MIN,Minnesota Timberwolves,MIN @ TOR,L,105,0.413,0.343,0.818,40,16,17,-5,-5,0,team_game_log
2024-25,22400261,2024-11-21,1610612761,TOR,Toronto Raptors,TOR vs. MIN,W,110,0.514,0.304,0.744,43,22,17,5,5,1,team_game_log
2024-25,22400262,2024-11-21,1610612759,SAS,San Antonio Spurs,SAS vs. UTA,W,126,0.466,0.281,0.761,51,32,11,8,8,1,team_game_log
2024-25,22400262,2024-11-21,1610612762,UTA,Utah Jazz,UTA @ SAS,L,118,0.418,0.289,0.885,49,22,14,-8,-8,0,team_game_log
2024-25,22400263,2024-11-21,1610612747,LAL,Los Angeles Lakers,LAL vs. ORL,L,118,0.506,0.419,0.654,36,21,10,-1,-1,0,team_game_log
2024-25,22400263,2024-11-21,1610612753,ORL,Orlando Magic,ORL @ LAL,W,119,0.473,0.375,0.857,48,31,17,1,1,1,team_game_log
2024-25,22400027,2024-11-22,1610612751,BKN,Brooklyn Nets,BKN @ PHI,L,98,0.494,0.351,1.0,34,28,19,-15,-15,0,team_game_log
2024-25,22400027,2024-11-22,1610612755,PHI,Philadelphia 76ers,PHI vs. BKN,W,113,0.446,0.372,0.75,40,25,12,15,15,1,team_game_log
2024-25,22400028,2024-11-22,1610612738,BOS,Boston Celtics,BOS @ WAS,W,108,0.424,0.239,0.781,43,22,12,12,12,1,team_game_log
2024-25,22400028,2024-11-22,1610612764,WAS,Washington Wizards,WAS vs. BOS,L,96,0.433,0.25,0.688,48,19,20,-12,-12,0,team_game_log
2024-25,22400029,2024-11-22,1610612749,MIL,Milwaukee Bucks,MIL vs. IND,W,129,0.533,0.472,0.8,44,33,18,12,12,1,team_game_log
2024-25,22400029,2024-11-22,1610612754,IND,Indiana Pacers,IND @ MIL,L,117,0.473,0.324,0.741,46,30,16,-12,-12,0,team_game_log
2024-25,22400030,2024-11-22,1610612737,ATL,Atlanta Hawks,ATL @ CHI,L,122,0.458,0.294,0.737,42,32,11,-14,-14,0,team_game_log
2024-25,22400030,2024-11-22,1610612741,CHI,Chicago Bulls,CHI vs. ATL,W,136,0.57,0.442,0.905,41,36,19,14,14,1,team_game_log
2024-25,22400031,2024-11-22,1610612745,HOU,Houston Rockets,HOU vs. POR,W,116,0.452,0.385,0.68,51,27,17,28,28,1,team_game_log
2024-25,22400031,2024-11-22,1610612757,POR,Portland Trail Blazers,POR @ HOU,L,88,0.33,0.256,0.773,45,17,21,-28,-28,0,team_game_log
2024-25,22400032,2024-11-22,1610612740,NOP,New Orleans Pelicans,NOP vs. GSW,L,108,0.446,0.308,0.636,43,28,10,-4,-4,0,team_game_log
2024-25,22400032,2024-11-22,1610612744,GSW,Golden State Warriors,GSW @ NOP,W,112,0.448,0.324,0.759,52,27,17,4,4,1,team_game_log
2024-25,22400033,2024-11-22,1610612742,DAL,Dallas Mavericks,DAL @ DEN,W,123,0.505,0.37,0.778,44,24,13,3,3,1,team_game_log
2024-25,22400033,2024-11-22,1610612743,DEN,Denver Nuggets,DEN vs. DAL,L,120,0.478,0.517,0.655,42,33,15,-3,-3,0,team_game_log
2024-25,22400034,2024-11-22,1610612746,LAC,LA Clippers,LAC vs. SAC,W,104,0.415,0.238,1.0,54,27,12,16,16,1,team_game_log
2024-25,22400034,2024-11-22,1610612758,SAC,Sacramento Kings,SAC @ LAC,L,88,0.386,0.2,0.708,48,19,15,-16,-16,0,team_game_log
2024-25,22400264,2024-11-23,1610612752,NYK,New York Knicks,NYK @ UTA,L,106,0.39,0.333,0.917,40,25,9,-15,-15,0,team_game_log
2024-25,22400264,2024-11-23,1610612762,UTA,Utah Jazz,UTA vs. NYK,W,121,0.506,0.559,0.737,52,30,18,15,15,1,team_game_log
2024-25,22400265,2024-11-23,1610612753,ORL,Orlando Magic,ORL vs. DET,W,111,0.46,0.308,0.864,44,25,15,11,11,1,team_game_log
2024-25,22400265,2024-11-23,1610612765,DET,Detroit Pistons,DET @ ORL,L,100,0.467,0.394,0.773,34,16,17,-11,-11,0,team_game_log
2024-25,22400266,2024-11-23,1610612741,CHI,Chicago Bulls,CHI vs. MEM,L,131,0.505,0.452,0.737,35,29,11,-11,-11,0,team_game_log
2024-25,22400266,2024-11-23,1610612763,MEM,Memphis Grizzlies,MEM @ CHI,W,142,0.573,0.452,0.65,49,38,14,11,11,1,team_game_log
2024-25,22400267,2024-11-23,1610612745,HOU,Houston Rockets,HOU vs. POR,L,98,0.356,0.25,0.788,43,17,10,-6,-6,0,team_game_log
2024-25,22400267,2024-11-23,1610612757,POR,Portland Trail Blazers,POR @ HOU,W,104,0.378,0.409,0.783,53,16,18,6,6,1,team_game_log
2024-25,22400268,2024-11-23,1610612749,MIL,Milwaukee Bucks,MIL vs. CHA,W,125,0.483,0.486,0.808,51,20,14,6,6,1,team_game_log
2024-25,22400268,2024-11-23,1610612766,CHA,Charlotte Hornets,CHA @ MIL,L,119,0.41,0.404,0.857,48,22,10,-6,-6,0,team_game_log
2024-25,22400269,2024-11-23,1610612744,GSW,Golden State Warriors,GSW @ SAS,L,94,0.379,0.318,0.615,49,29,10,-10,-10,0,team_game_log
2024-25,22400269,2024-11-23,1610612759,SAS,San Antonio Spurs,SAS vs. GSW,W,104,0.447,0.277,0.789,48,29,9,10,10,1,team_game_log
2024-25,22400270,2024-11-23,1610612743,DEN,Denver Nuggets,DEN @ LAL,W,127,0.61,0.5,0.579,48,37,18,25,25,1,team_game_log
2024-25,22400270,2024-11-23,1610612747,LAL,Los Angeles Lakers,LAL vs. DEN,L,102,0.443,0.361,0.786,32,27,15,-25,-25,0,team_game_log
2024-25,22400271,2024-11-24,1610612738,BOS,Boston Celtics,BOS vs. MIN,W,107,0.425,0.375,0.8,40,25,7,2,2,1,team_game_log
2024-25,22400271,2024-11-24,1610612750,MIN,Minnesota Timberwolves,MIN @ BOS,L,105,0.42,0.366,0.762,49,19,8,-2,-2,0,team_game_log
2024-25,22400272,2024-11-24,1610612754,IND,Indiana Pacers,IND vs. WAS,W,115,0.477,0.444,0.778,45,31,12,12,12,1,team_game_log
2024-25,22400272,2024-11-24,1610612764,WAS,Washington Wizards,WAS @ IND,L,103,0.456,0.314,0.8,41,24,17,-12,-12,0,team_game_log
2024-25,22400273,2024-11-24,1610612742,DAL,Dallas Mavericks,DAL @ MIA,L,118,0.419,0.25,0.8,59,29,14,-5,-5,0,team_game_log
2024-25,22400273,2024-11-24,1610612748,MIA,Miami Heat,MIA vs. DAL,W,123,0.43,0.341,0.63,57,27,9,5,5,1,team_game_log
2024-25,22400274,2024-11-24,1610612746,LAC,LA Clippers,LAC @ PHI,W,125,0.58,0.4,0.76,44,31,17,26,26,1,team_game_log
2024-25,22400274,2024-11-24,1610612755,PHI,Philadelphia 76ers,PHI vs. LAC,L,99,0.395,0.231,0.846,33,22,14,-26,-26,0,team_game_log
2024-25,22400275,2024-11-24,1610612739,CLE,Cleveland Cavaliers,CLE vs. TOR,W,122,0.495,0.39,0.714,49,27,14,14,14,1,team_game_log
2024-25,22400275,2024-11-24,1610612761,TOR,Toronto Raptors,TOR @ CLE,L,108,0.402,0.308,0.647,55,22,16,-14,-14,0,team_game_log
2024-25,22400276,2024-11-24,1610612751,BKN,Brooklyn Nets,BKN @ SAC,W,108,0.48,0.487,0.68,31,24,14,5,5,1,team_game_log
2024-25,22400276,2024-11-24,1610612758,SAC,Sacramento Kings,SAC vs. BKN,L,103,0.481,0.36,0.645,44,21,16,-5,-5,0,team_game_log
2024-25,22400277,2024-11-25,1610612753,ORL,Orlando Magic,ORL @ CHA,W,95,0.394,0.261,0.529,39,21,8,11,11,1,team_game_log
2024-25,22400277,2024-11-25,1610612766,CHA,Charlotte Hornets,CHA vs. ORL,L,84,0.413,0.219,0.789,52,14,27,-11,-11,0,team_game_log
2024-25,22400278,2024-11-25,1610612761,TOR,Toronto Raptors,TOR @ DET,L,100,0.394,0.286,0.8,50,26,10,-2,-2,0,team_game_log
2024-25,22400278,2024-11-25,1610612765,DET,Detroit Pistons,DET vs. TOR,W,102,0.447,0.324,0.71,38,27,14,2,2,1,team_game_log
2024-25,22400279,2024-11-25,1610612740,NOP,New Orleans Pelicans,NOP @ IND,L,110,0.517,0.273,0.579,44,35,15,-4,-4,0,team_game_log
2024-25,22400279,2024-11-25,1610612754,IND,Indiana Pacers,IND vs. NOP,W,114,0.473,0.362,0.688,41,30,15,4,4,1,team_game_log
2024-25,22400280,2024-11-25,1610612737,ATL,Atlanta Hawks,ATL vs. DAL,L,119,0.475,0.29,0.875,39,32,14,-10,-10,0,team_game_log
2024-25,22400280,2024-11-25,1610612742,DAL,Dallas Mavericks,DAL @ ATL,W,129,0.5,0.457,0.864,51,24,18,10,10,1,team_game_log
2024-25,22400281,2024-11-25,1610612738,BOS,Boston Celtics,BOS vs. LAC,W,126,0.511,0.431,0.7,47,33,11,32,32,1,team_game_log
2024-25,22400281,2024-11-25,1610612746,LAC,LA Clippers,LAC @ BOS,L,94,0.433,0.269,0.692,44,18,14,-32,-32,0,team_game_log
2024-25,22400282,2024-11-25,1610612757,POR,Portland Trail Blazers,POR @ MEM,L,98,0.333,0.174,0.786,44,22,11,-25,-25,0,team_game_log
2024-25,22400282,2024-11-25,1610612763,MEM,Memphis Grizzlies,MEM vs. POR,W,123,0.494,0.429,0.735,60,35,19,25,25,1,team_game_log
2024-25,22400283,2024-11-25,1610612743,DEN,Denver Nuggets,DEN vs. NYK,L,118,0.446,0.333,0.926,33,23,11,-27,-27,0,team_game_log
2024-25,22400283,2024-11-25,1610612752,NYK,New York Knicks,NYK @ DEN,W,145,0.609,0.528,0.875,43,45,11,27,27,1,team_game_log
2024-25,22400284,2024-11-25,1610612744,GSW,Golden State Warriors,GSW vs. BKN,L,120,0.484,0.413,0.647,43,32,13,-8,-8,0,team_game_log
2024-25,22400284,2024-11-25,1610612751,BKN,Brooklyn Nets,BKN @ GSW,W,128,0.494,0.444,0.867,42,23,12,8,8,1,team_game_log
2024-25,22400285,2024-11-25,1610612758,SAC,Sacramento Kings,SAC vs. OKC,L,109,0.483,0.25,0.739,31,24,12,-21,-21,0,team_game_log
2024-25,22400285,2024-11-25,1610612760,OKC,Oklahoma City Thunder,OKC @ SAC,W,130,0.558,0.452,0.8,44,28,15,21,21,1,team_game_log
2024-25,22400035,2024-11-26,1610612741,CHI,Chicago Bulls,CHI @ WAS,W,127,0.5,0.35,0.864,50,29,11,19,19,1,team_game_log
2024-25,22400035,2024-11-26,1610612764,WAS,Washington Wizards,WAS vs. CHI,L,108,0.429,0.27,0.645,43,27,14,-19,-19,0,team_game_log
2024-25,22400036,2024-11-26,1610612748,MIA,Miami Heat,MIA vs. MIL,L,103,0.455,0.345,0.767,38,26,8,-3,-3,0,team_game_log
2024-25,22400036,2024-11-26,1610612749,MIL,Milwaukee Bucks,MIL @ MIA,W,106,0.468,0.476,0.824,41,23,13,3,3,1,team_game_log
2024-25,22400037,2024-11-26,1610612745,HOU,Houston Rockets,HOU @ MIN,W,117,0.455,0.405,0.923,44,31,12,6,6,1,team_game_log
2024-25,22400037,2024-11-26,1610612750,MIN,Minnesota Timberwolves,MIN vs. HOU,L,111,0.429,0.237,0.9,52,21,17,-6,-6,0,team_game_log
2024-25,22400038,2024-11-26,1610612759,SAS,San Antonio Spurs,SAS @ UTA,W,128,0.484,0.375,0.769,39,30,10,13,13,1,team_game_log
2024-25,22400038,2024-11-26,1610612762,UTA,Utah Jazz,UTA vs. SAS,L,115,0.512,0.371,0.8,41,24,21,-13,-13,0,team_game_log
2024-25,22400039,2024-11-26,1610612747,LAL,Los Angeles Lakers,LAL @ PHX,L,100,0.435,0.235,0.72,42,25,12,-27,-27,0,team_game_log
2024-25,22400039,2024-11-26,1610612756,PHX,Phoenix Suns,PHX vs. LAL,W,127,0.515,0.405,0.8,46,31,9,27,27,1,team_game_log
2024-25,22400286,2024-11-27,1610612748,MIA,Miami Heat,MIA @ CHA,W,98,0.452,0.378,0.818,44,21,22,4,4,1,team_game_log
2024-25,22400286,2024-11-27,1610612766,CHA,Charlotte Hornets,CHA vs. MIA,L,94,0.378,0.333,0.375,43,22,13,-4,-4,0,team_game_log
2024-25,22400287,2024-11-27,1610612737,ATL,Atlanta Hawks,ATL @ CLE,W,135,0.474,0.476,0.92,51,39,15,11,11,1,team_game_log
2024-25,22400287,2024-11-27,1610612739,CLE,Cleveland Cavaliers,CLE vs. ATL,L,124,0.463,0.313,0.75,44,31,13,-11,-11,0,team_game_log
2024-25,22400288,2024-11-27,1610612754,IND,Indiana Pacers,IND vs. POR,W,121,0.489,0.406,0.8,47,27,12,7,7,1,team_game_log
2024-25,22400288,2024-11-27,1610612757,POR,Portland Trail Blazers,POR @ IND,L,114,0.506,0.457,0.588,38,31,14,-7,-7,0,team_game_log
2024-25,22400289,2024-11-27,1610612741,CHI,Chicago Bulls,CHI @ ORL,L,119,0.529,0.381,0.688,37,30,18,-14,-14,0,team_game_log
2024-25,22400289,2024-11-27,1610612753,ORL,Orlando Magic,ORL vs. CHI,W,133,0.511,0.385,0.929,39,30,13,14,14,1,team_game_log
2024-25,22400290,2024-11-27,1610612745,HOU,Houston Rockets,HOU @ PHI,W,122,0.455,0.323,0.842,51,23,21,7,7,1,team_game_log
2024-25,22400290,2024-11-27,1610612755,PHI,Philadelphia 76ers,PHI vs. HOU,L,115,0.448,0.364,0.739,42,19,16,-7,-7,0,team_game_log
2024-25,22400291,2024-11-27,1610612746,LAC,LA Clippers,LAC @ WAS,W,121,0.506,0.364,0.76,47,27,16,25,25,1,team_game_log
2024-25,22400291,2024-11-27,1610612764,WAS,Washington Wizards,WAS vs. LAC,L,96,0.412,0.242,0.818,40,21,20,-25,-25,0,team_game_log
2024-25,22400292,2024-11-27,1610612742,DAL,Dallas Mavericks,DAL vs. NYK,W,129,0.565,0.515,0.762,43,27,13,15,15,1,team_game_log
2024-25,22400292,2024-11-27,1610612752,NYK,New York Knicks,NYK @ DAL,L,114,0.465,0.241,0.9,33,20,9,-15,-15,0,team_game_log
2024-25,22400293,2024-11-27,1610612763,MEM,Memphis Grizzlies,MEM vs. DET,W,131,0.548,0.37,0.75,42,31,17,20,20,1,team_game_log
2024-25,22400293,2024-11-27,1610612765,DET,Detroit Pistons,DET @ MEM,L,111,0.471,0.342,0.72,42,24,20,-20,-20,0,team_game_log
2024-25,22400294,2024-11-27,1610612750,MIN,Minnesota Timberwolves,MIN vs. SAC,L,104,0.446,0.359,0.889,33,25,15,-11,-11,0,team_game_log
2024-25,22400294,2024-11-27,1610612758,SAC,Sacramento Kings,SAC @ MIN,W,115,0.489,0.324,0.733,47,28,17,11,11,1,team_game_log
2024-25,22400295,2024-11-27,1610612740,NOP,New Orleans Pelicans,NOP vs. TOR,L,93,0.387,0.314,0.625,47,24,17,-26,-26,0,team_game_log
2024-25,22400295,2024-11-27,1610612761,TOR,Toronto Raptors,TOR @ NOP,W,119,0.495,0.404,0.333,52,38,16,26,26,1,team_game_log
2024-25,22400296,2024-11-27,1610612747,LAL,Los Angeles Lakers,LAL @ SAS,W,119,0.533,0.382,1.0,46,31,13,18,18,1,team_game_log
2024-25,22400296,2024-11-27,1610612759,SAS,San Antonio Spurs,SAS vs. LAL,L,101,0.424,0.35,0.938,38,26,15,-18,-18,0,team_game_log
2024-25,22400297,2024-11-27,1610612751,BKN,Brooklyn Nets,BKN @ PHX,W,127,0.506,0.429,0.955,36,32,13,10,10,1,team_game_log
2024-25,22400297,2024-11-27,1610612756,PHX,Phoenix Suns,PHX vs. BKN,L,117,0.532,0.387,0.821,37,25,17,-10,-10,0,team_game_log
2024-25,22400298,2024-11-27,1610612743,DEN,Denver Nuggets,DEN @ UTA,W,122,0.548,0.333,0.826,39,30,11,19,19,1,team_game_log
2024-25,22400298,2024-11-27,1610612762,UTA,Utah Jazz,UTA vs. DEN,L,103,0.422,0.372,0.611,47,25,19,-19,-19,0,team_game_log
2024-25,22400299,2024-11-27,1610612744,GSW,Golden State Warriors,GSW vs. OKC,L,101,0.357,0.32,0.714,57,25,16,-4,-4,0,team_game_log
2024-25,22400299,2024-11-27,1610612760,OKC,Oklahoma City Thunder,OKC @ GSW,W,105,0.459,0.297,0.615,48,26,14,4,4,1,team_game_log
2024-25,22400040,2024-11-29,1610612752,NYK,New York Knicks,NYK @ CHA,W,99,0.444,0.375,0.789,44,20,21,1,1,1,team_game_log
2024-25,22400040,2024-11-29,1610612766,CHA,Charlotte Hornets,CHA vs. NYK,L,98,0.404,0.319,0.733,39,25,15,-1,-1,0,team_game_log
2024-25,22400041,2024-11-29,1610612737,ATL,Atlanta Hawks,ATL vs. CLE,W,117,0.518,0.412,0.833,53,33,21,16,16,1,team_game_log
2024-25,22400041,2024-11-29,1610612739,CLE,Cleveland Cavaliers,CLE @ ATL,L,101,0.409,0.289,0.824,40,21,13,-16,-16,0,team_game_log
2024-25,22400042,2024-11-29,1610612740,NOP,New Orleans Pelicans,NOP @ MEM,L,109,0.418,0.31,0.8,46,16,15,-11,-11,0,team_game_log
2024-25,22400042,2024-11-29,1610612763,MEM,Memphis Grizzlies,MEM vs. NOP,W,120,0.49,0.293,0.824,51,36,16,11,11,1,team_game_log
2024-25,22400043,2024-11-29,1610612751,BKN,Brooklyn Nets,BKN vs. ORL,L,100,0.494,0.483,0.714,35,22,20,-23,-23,0,team_game_log
2024-25,22400043,2024-11-29,1610612753,ORL,Orlando Magic,ORL @ BKN,W,123,0.53,0.514,0.773,40,29,17,23,23,1,team_game_log
2024-25,22400044,2024-11-29,1610612746,LAC,LA Clippers,LAC @ MIN,L,92,0.429,0.323,0.769,39,20,15,-1,-1,0,team_game_log
2024-25,22400044,2024-11-29,1610612750,MIN,Minnesota Timberwolves,MIN vs. LAC,W,93,0.413,0.385,0.8,49,25,22,1,1,1,team_game_log
2024-25,22400045,2024-11-29,1610612754,IND,Indiana Pacers,IND vs. DET,L,106,0.482,0.364,0.923,32,23,16,-24,-24,0,team_game_log
2024-25,22400045,2024-11-29,1610612765,DET,Detroit Pistons,DET @ IND,W,130,0.578,0.474,0.8,44,35,18,24,24,1,team_game_log
2024-25,22400046,2024-11-29,1610612748,MIA,Miami Heat,MIA vs. TOR,W,121,0.457,0.389,0.824,33,32,10,10,10,1,team_game_log
2024-25,22400046,2024-11-29,1610612761,TOR,Toronto Raptors,TOR @ MIA,L,111,0.538,0.379,0.824,46,34,19,-10,-10,0,team_game_log
2024-25,22400047,2024-11-29,1610612738,BOS,Boston Celtics,BOS @ CHI,W,138,0.5,0.426,0.739,51,24,9,9,9,1,team_game_log
2024-25,22400047,2024-11-29,1610612741,CHI,Chicago Bulls,CHI vs. BOS,L,129,0.516,0.392,0.813,43,28,8,-9,-9,0,team_game_log
2024-25,22400048,2024-11-29,1610612747,LAL,Los Angeles Lakers,LAL vs. OKC,L,93,0.452,0.289,0.762,47,25,17,-8,-8,0,team_game_log
2024-25,22400048,2024-11-29,1610612760,OKC,Oklahoma City Thunder,OKC @ LAL,W,101,0.409,0.325,0.75,47,20,10,8,8,1,team_game_log
2024-25,22400049,2024-11-29,1610612757,POR,Portland Trail Blazers,POR vs. SAC,W,115,0.511,0.297,0.8,40,27,12,9,9,1,team_game_log
2024-25,22400049,2024-11-29,1610612758,SAC,Sacramento Kings,SAC @ POR,L,106,0.449,0.357,0.75,41,29,20,-9,-9,0,team_game_log
2024-25,22400300,2024-11-30,1610612737,ATL,Atlanta Hawks,ATL @ CHA,W,107,0.487,0.303,0.778,49,27,22,3,3,1,team_game_log
2024-25,22400300,2024-11-30,1610612766,CHA,Charlotte Hornets,CHA vs. ATL,L,104,0.372,0.375,0.842,45,23,15,-3,-3,0,team_game_log
2024-25,22400301,2024-11-30,1610612755,PHI,Philadelphia 76ers,PHI @ DET,W,111,0.494,0.355,0.727,50,19,17,15,15,1,team_game_log
2024-25,22400301,2024-11-30,1610612765,DET,Detroit Pistons,DET vs. PHI,L,96,0.385,0.275,0.833,42,22,17,-15,-15,0,team_game_log
2024-25,22400302,2024-11-30,1610612749,MIL,Milwaukee Bucks,MIL vs. WAS,W,124,0.512,0.457,0.8,38,31,12,10,10,1,team_game_log
2024-25,22400302,2024-11-30,1610612764,WAS,Washington Wizards,WAS @ MIL,L,114,0.471,0.281,0.958,41,24,12,-10,-10,0,team_game_log
2024-25,22400303,2024-11-30,1610612744,GSW,Golden State Warriors,GSW @ PHX,L,105,0.413,0.35,0.833,43,28,9,-8,-8,0,team_game_log
2024-25,22400303,2024-11-30,1610612756,PHX,Phoenix Suns,PHX vs. GSW,W,113,0.481,0.514,0.864,45,31,14,8,8,1,team_game_log
2024-25,22400304,2024-11-30,1610612742,DAL,Dallas Mavericks,DAL @ UTA,W,106,0.456,0.385,0.6,48,30,15,12,12,1,team_game_log
2024-25,22400304,2024-11-30,1610612762,UTA,Utah Jazz,UTA vs. DAL,L,94,0.358,0.231,0.81,53,20,15,-12,-12,0,team_game_log
2024-25,22400305,2024-12-01,1610612751,BKN,Brooklyn Nets,BKN vs. ORL,L,92,0.38,0.258,0.774,33,19,17,-8,-8,0,team_game_log
2024-25,22400305,2024-12-01,1610612753,ORL,Orlando Magic,ORL @ BKN,W,100,0.459,0.25,0.781,52,23,22,8,8,1,team_game_log
2024-25,22400306,2024-12-01,1610612754,IND,Indiana Pacers,IND @ MEM,L,121,0.478,0.333,0.808,41,28,15,-15,-15,0,team_game_log
2024-25,22400306,2024-12-01,1610612763,MEM,Memphis Grizzlies,MEM vs. IND,W,136,0.527,0.348,0.815,40,36,10,15,15,1,team_game_log
2024-25,22400307,2024-12-01,1610612738,BOS,Boston Celtics,BOS @ CLE,L,111,0.4,0.347,0.947,46,17,11,-4,-4,0,team_game_log
2024-25,22400307,2024-12-01,1610612739,CLE,Cleveland Cavaliers,CLE vs. BOS,W,115,0.488,0.472,0.8,44,22,18,4,4,1,team_game_log
2024-25,22400308,2024-12-01,1610612740,NOP,New Orleans Pelicans,NOP @ NYK,L,85,0.372,0.148,0.647,42,20,14,-33,-33,0,team_game_log
2024-25,22400308,2024-12-01,1610612752,NYK,New York Knicks,NYK vs. NOP,W,118,0.457,0.444,0.875,60,30,17,33,33,1,team_game_log
2024-25,22400309,2024-12-01,1610612748,MIA,Miami Heat,MIA @ TOR,L,116,0.443,0.375,0.821,45,25,14,-3,-3,0,team_game_log
2024-25,22400309,2024-12-01,1610612761,TOR,Toronto Raptors,TOR vs. MIA,W,119,0.534,0.345,0.75,47,30,16,3,3,1,team_game_log
2024-25,22400310,2024-12-01,1610612745,HOU,Houston Rockets,HOU vs. OKC,W,119,0.413,0.351,0.769,51,20,10,3,3,1,team_game_log
2024-25,22400310,2024-12-01,1610612760,OKC,Oklahoma City Thunder,OKC @ HOU,L,116,0.447,0.333,0.76,46,30,7,-3,-3,0,team_game_log
2024-25,22400311,2024-12-01,1610612747,LAL,Los Angeles Lakers,LAL @ UTA,W,105,0.443,0.212,0.8,42,23,5,1,1,1,team_game_log
2024-25,22400311,2024-12-01,1610612762,UTA,Utah Jazz,UTA vs. LAL,L,104,0.506,0.35,0.625,44,27,15,-1,-1,0,team_game_log
2024-25,22400312,2024-12-01,1610612742,DAL,Dallas Mavericks,DAL @ POR,W,137,0.552,0.5,0.793,33,33,13,6,6,1,team_game_log
2024-25,22400312,2024-12-01,1610612757,POR,Portland Trail Blazers,POR vs. DAL,L,131,0.583,0.581,0.833,39,29,21,-6,-6,0,team_game_log
2024-25,22400313,2024-12-01,1610612758,SAC,Sacramento Kings,SAC vs. SAS,L,125,0.465,0.375,0.792,51,32,10,-2,-2,0,team_game_log
2024-25,22400313,2024-12-01,1610612759,SAS,San Antonio Spurs,SAS @ SAC,W,127,0.512,0.5,0.833,38,32,16,2,2,1,team_game_log
2024-25,22400314,2024-12-01,1610612743,DEN,Denver Nuggets,DEN @ LAC,L,122,0.58,0.417,0.526,39,37,14,-4,-4,0,team_game_log
2024-25,22400314,2024-12-01,1610612746,LAC,LA Clippers,LAC vs. DEN,W,126,0.478,0.462,0.815,42,28,14,4,4,1,team_game_log
2024-25,22400315,2024-12-02,1610612737,ATL,Atlanta Hawks,ATL vs. NOP,W,124,0.51,0.263,0.8,51,30,18,12,12,1,team_game_log
2024-25,22400315,2024-12-02,1610612740,NOP,New Orleans Pelicans,NOP @ ATL,L,112,0.44,0.31,0.647,41,21,16,-12,-12,0,team_game_log
2024-25,22400316,2024-12-02,1610612738,BOS,Boston Celtics,BOS vs. MIA,W,108,0.438,0.345,0.846,54,25,17,19,19,1,team_game_log
2024-25,22400316,2024-12-02,1610612748,MIA,Miami Heat,MIA @ BOS,L,89,0.356,0.229,0.826,44,24,10,-19,-19,0,team_game_log
2024-25,22400317,2024-12-02,1610612741,CHI,Chicago Bulls,CHI vs. BKN,W,128,0.522,0.34,0.842,54,33,17,26,26,1,team_game_log
2024-25,22400317,2024-12-02,1610612751,BKN,Brooklyn Nets,BKN @ CHI,L,102,0.4,0.333,0.8,41,24,13,-26,-26,0,team_game_log
2024-25,22400318,2024-12-02,1610612747,LAL,Los Angeles Lakers,LAL @ MIN,L,80,0.405,0.194,0.714,39,19,21,-29,-29,0,team_game_log
2024-25,22400318,2024-12-02,1610612750,MIN,Minnesota Timberwolves,MIN vs. LAL,W,109,0.506,0.429,0.8,43,31,15,29,29,1,team_game_log
2024-25,22400050,2024-12-03,1610612755,PHI,Philadelphia 76ers,PHI @ CHA,W,110,0.463,0.4,0.9,31,26,12,6,6,1,team_game_log
2024-25,22400050,2024-12-03,1610612766,CHA,Charlotte Hornets,CHA vs. PHI,L,104,0.442,0.382,0.821,47,22,19,-6,-6,0,team_game_log
2024-25,22400051,2024-12-03,1610612739,CLE,Cleveland Cavaliers,CLE vs. WAS,W,118,0.483,0.348,0.64,45,31,11,31,31,1,team_game_log
2024-25,22400051,2024-12-03,1610612764,WAS,Washington Wizards,WAS @ CLE,L,87,0.386,0.154,0.76,52,18,21,-31,-31,0,team_game_log
2024-25,22400052,2024-12-03,1610612749,MIL,Milwaukee Bucks,MIL @ DET,W,128,0.563,0.561,0.714,36,26,18,21,21,1,team_game_log
2024-25,22400052,2024-12-03,1610612765,DET,Detroit Pistons,DET vs. MIL,L,107,0.46,0.333,0.727,41,22,18,-21,-21,0,team_game_log
2024-25,22400053,2024-12-03,1610612752,NYK,New York Knicks,NYK vs. ORL,W,121,0.506,0.429,1.0,39,30,19,15,15,1,team_game_log
2024-25,22400053,2024-12-03,1610612753,ORL,Orlando Magic,ORL @ NYK,L,106,0.437,0.231,0.84,38,20,16,-15,-15,0,team_game_log
2024-25,22400054,2024-12-03,1610612754,IND,Indiana Pacers,IND @ TOR,L,111,0.452,0.4,0.821,34,21,21,-11,-11,0,team_game_log
2024-25,22400054,2024-12-03,1610612761,TOR,Toronto Raptors,TOR vs. IND,W,122,0.543,0.394,0.724,42,28,21,11,11,1,team_game_log
2024-25,22400055,2024-12-03,1610612760,OKC,Oklahoma City Thunder,OKC vs. UTA,W,133,0.52,0.362,0.909,34,32,8,27,27,1,team_game_log
2024-25,22400055,2024-12-03,1610612762,UTA,Utah Jazz,UTA @ OKC,L,106,0.543,0.371,0.773,36,21,29,-27,-27,0,team_game_log
2024-25,22400056,2024-12-03,1610612742,DAL,Dallas Mavericks,DAL vs. MEM,W,121,0.481,0.406,0.682,49,24,25,5,5,1,team_game_log
2024-25,22400056,2024-12-03,1610612763,MEM,Memphis Grizzlies,MEM @ DAL,L,116,0.464,0.325,0.929,39,27,19,-5,-5,0,team_game_log
2024-25,22400057,2024-12-03,1610612756,PHX,Phoenix Suns,PHX vs. SAS,W,104,0.487,0.344,0.81,44,26,14,11,11,1,team_game_log
2024-25,22400057,2024-12-03,1610612759,SAS,San Antonio Spurs,SAS @ PHX,L,93,0.35,0.182,0.75,53,26,14,-11,-11,0,team_game_log
2024-25,22400058,2024-12-03,1610612743,DEN,Denver Nuggets,DEN vs. GSW,W,119,0.506,0.458,0.8,38,32,15,4,4,1,team_game_log
2024-25,22400058,2024-12-03,1610612744,GSW,Golden State Warriors,GSW @ DEN,L,115,0.463,0.316,0.714,48,36,15,-4,-4,0,team_game_log
2024-25,22400059,2024-12-03,1610612745,HOU,Houston Rockets,HOU @ SAC,L,111,0.441,0.359,0.714,53,14,16,-9,-9,0,team_game_log
2024-25,22400059,2024-12-03,1610612758,SAC,Sacramento Kings,SAC vs. HOU,W,120,0.516,0.467,0.6,34,33,10,9,9,1,team_game_log
2024-25,22400060,2024-12-03,1610612746,LAC,LA Clippers,LAC vs. POR,W,127,0.553,0.514,0.824,35,29,14,22,22,1,team_game_log
2024-25,22400060,2024-12-03,1610612757,POR,Portland Trail Blazers,POR @ LAC,L,105,0.513,0.345,0.813,29,25,18,-22,-22,0,team_game_log
2024-25,22400319,2024-12-04,1610612738,BOS,Boston Celtics,BOS vs. DET,W,130,0.479,0.396,0.76,43,30,16,10,10,1,team_game_log
2024-25,22400319,2024-12-04,1610612765,DET,Detroit Pistons,DET @ BOS,L,120,0.512,0.513,0.778,34,27,19,-10,-10,0,team_game_log
2024-25,22400320,2024-12-04,1610612751,BKN,Brooklyn Nets,BKN vs. IND,W,99,0.432,0.333,0.739,43,24,17,9,9,1,team_game_log
2024-25,22400320,2024-12-04,1610612754,IND,Indiana Pacers,IND @ BKN,L,90,0.427,0.242,0.818,39,20,16,-9,-9,0,team_game_log
2024-25,22400321,2024-12-04,1610612747,LAL,Los Angeles Lakers,LAL @ MIA,L,93,0.42,0.227,0.737,36,29,13,-41,-41,0,team_game_log
2024-25,22400321,2024-12-04,1610612748,MIA,Miami Heat,MIA vs. LAL,W,134,0.578,0.511,0.667,52,42,16,41,41,1,team_game_log
2024-25,22400322,2024-12-04,1610612753,ORL,Orlando Magic,ORL @ PHI,W,106,0.488,0.276,0.762,42,21,14,4,4,1,team_game_log
2024-25,22400322,2024-12-04,1610612755,PHI,Philadelphia 76ers,PHI vs. ORL,L,102,0.488,0.367,0.579,35,23,14,-4,-4,0,team_game_log
2024-25,22400323,2024-12-04,1610612737,ATL,Atlanta Hawks,ATL @ MIL,W,119,0.441,0.281,0.909,54,29,14,15,15,1,team_game_log
2024-25,22400323,2024-12-04,1610612749,MIL,Milwaukee Bucks,MIL vs. ATL,L,104,0.423,0.333,0.657,40,23,18,-15,-15,0,team_game_log
2024-25,22400324,2024-12-04,1610612746,LAC,LA Clippers,LAC vs. MIN,L,80,0.349,0.275,0.846,46,13,23,-28,-28,0,team_game_log
2024-25,22400324,2024-12-04,1610612750,MIN,Minnesota Timberwolves,MIN @ LAC,W,108,0.482,0.364,0.556,50,31,15,28,28,1,team_game_log
2024-25,22400325,2024-12-05,1610612739,CLE,Cleveland Cavaliers,CLE vs. DEN,W,126,0.5,0.458,0.625,47,32,17,12,12,1,team_game_log
2024-25,22400325,2024-12-05,1610612743,DEN,Denver Nuggets,DEN @ CLE,L,114,0.479,0.25,0.727,49,25,16,-12,-12,0,team_game_log
2024-25,22400326,2024-12-05,1610612742,DAL,Dallas Mavericks,DAL @ WAS,W,137,0.539,0.526,0.778,58,27,16,36,36,1,team_game_log
2024-25,22400326,2024-12-05,1610612764,WAS,Washington Wizards,WAS vs. DAL,L,101,0.394,0.325,0.667,39,25,12,-36,-36,0,team_game_log
2024-25,22400327,2024-12-05,1610612752,NYK,New York Knicks,NYK vs. CHA,W,125,0.539,0.545,0.781,43,29,9,24,24,1,team_game_log
2024-25,22400327,2024-12-05,1610612766,CHA,Charlotte Hornets,CHA @ NYK,L,101,0.449,0.385,0.6,40,27,11,-24,-24,0,team_game_log
2024-25,22400328,2024-12-05,1610612760,OKC,Oklahoma City Thunder,OKC @ TOR,W,129,0.48,0.362,0.824,55,28,6,37,37,1,team_game_log
2024-25,22400328,2024-12-05,1610612761,TOR,Toronto Raptors,TOR vs. OKC,L,92,0.356,0.244,0.85,51,24,20,-37,-37,0,team_game_log
2024-25,22400329,2024-12-05,1610612758,SAC,Sacramento Kings,SAC @ MEM,L,110,0.398,0.229,0.857,46,19,13,-5,-5,0,team_game_log
2024-25,22400329,2024-12-05,1610612763,MEM,Memphis Grizzlies,MEM vs. SAC,W,115,0.475,0.342,0.813,49,27,22,5,5,1,team_game_log
2024-25,22400330,2024-12-05,1610612740,NOP,New Orleans Pelicans,NOP vs. PHX,W,126,0.495,0.389,0.72,44,23,13,2,2,1,team_game_log
2024-25,22400330,2024-12-05,1610612756,PHX,Phoenix Suns,PHX @ NOP,L,124,0.506,0.378,0.808,46,32,17,-2,-2,0,team_game_log
2024-25,22400331,2024-12-05,1610612741,CHI,Chicago Bulls,CHI @ SAS,W,139,0.578,0.459,0.783,50,36,19,15,15,1,team_game_log
2024-25,22400331,2024-12-05,1610612759,SAS,San Antonio Spurs,SAS vs. CHI,L,124,0.463,0.286,0.718,41,26,11,-15,-15,0,team_game_log
2024-25,22400332,2024-12-05,1610612744,GSW,Golden State Warriors,GSW vs. HOU,W,99,0.419,0.321,0.667,54,19,10,6,6,1,team_game_log
2024-25,22400332,2024-12-05,1610612745,HOU,Houston Rockets,HOU @ GSW,L,93,0.376,0.263,0.765,45,20,8,-6,-6,0,team_game_log
2024-25,22400333,2024-12-06,1610612753,ORL,Orlando Magic,ORL @ PHI,L,94,0.423,0.283,0.882,38,21,21,-8,-8,0,team_game_log
2024-25,22400333,2024-12-06,1610612755,PHI,Philadelphia 76ers,PHI vs. ORL,W,102,0.481,0.269,0.655,37,23,16,8,8,1,team_game_log
2024-25,22400334,2024-12-06,1610612737,ATL,Atlanta Hawks,ATL vs. LAL,W,134,0.5,0.425,0.773,48,40,17,2,2,1,team_game_log
2024-25,22400334,2024-12-06,1610612747,LAL,Los Angeles Lakers,LAL @ ATL,L,132,0.515,0.457,0.875,40,33,15,-2,-2,0,team_game_log
2024-25,22400335,2024-12-06,1610612738,BOS,Boston Celtics,BOS vs. MIL,W,111,0.46,0.321,0.875,41,27,6,6,6,1,team_game_log
2024-25,22400335,2024-12-06,1610612749,MIL,Milwaukee Bucks,MIL @ BOS,L,105,0.426,0.379,0.824,51,16,9,-6,-6,0,team_game_log
2024-25,22400336,2024-12-06,1610612741,CHI,Chicago Bulls,CHI vs. IND,L,123,0.474,0.42,0.833,38,33,12,-9,-9,0,team_game_log
2024-25,22400336,2024-12-06,1610612754,IND,Indiana Pacers,IND @ CHI,W,132,0.565,0.6,0.833,46,33,13,9,9,1,team_game_log
2024-25,22400337,2024-12-06,1610612758,SAC,Sacramento Kings,SAC @ SAS,W,140,0.567,0.471,0.917,44,33,11,27,27,1,team_game_log
2024-25,22400337,2024-12-06,1610612759,SAS,San Antonio Spurs,SAS vs. SAC,L,113,0.429,0.341,0.7,42,28,14,-27,-27,0,team_game_log
2024-25,22400338,2024-12-06,1610612744,GSW,Golden State Warriors,GSW vs. MIN,L,90,0.39,0.282,0.882,41,21,22,-17,-17,0,team_game_log
2024-25,22400338,2024-12-06,1610612750,MIN,Minnesota Timberwolves,MIN @ GSW,W,107,0.455,0.333,0.929,48,32,21,17,17,1,team_game_log
2024-25,22400339,2024-12-06,1610612757,POR,Portland Trail Blazers,POR vs. UTA,L,99,0.389,0.298,0.647,34,23,11,-42,-42,0,team_game_log
2024-25,22400339,2024-12-06,1610612762,UTA,Utah Jazz,UTA @ POR,W,141,0.552,0.438,0.913,61,34,14,42,42,1,team_game_log
2024-25,22400340,2024-12-07,1610612739,CLE,Cleveland Cavaliers,CLE @ CHA,W,116,0.5,0.368,0.75,47,28,12,14,14,1,team_game_log
2024-25,22400340,2024-12-07,1610612766,CHA,Charlotte Hornets,CHA vs. CLE,L,102,0.43,0.282,0.895,37,21,11,-14,-14,0,team_game_log
2024-25,22400341,2024-12-07,1610612743,DEN,Denver Nuggets,DEN @ WAS,L,113,0.484,0.2,0.593,48,34,15,-9,-9,0,team_game_log
2024-25,22400341,2024-12-07,1610612764,WAS,Washington Wizards,WAS vs. DEN,W,122,0.484,0.39,0.727,46,31,17,9,9,1,team_game_log
2024-25,22400342,2024-12-07,1610612740,NOP,New Orleans Pelicans,NOP vs. OKC,L,109,0.481,0.297,0.815,35,25,18,-10,-10,0,team_game_log
2024-25,22400342,2024-12-07,1610612760,OKC,Oklahoma City Thunder,OKC @ NOP,W,119,0.529,0.375,0.81,45,27,20,10,10,1,team_game_log
2024-25,22400343,2024-12-07,1610612752,NYK,New York Knicks,NYK vs. DET,L,111,0.532,0.324,0.593,31,27,15,-9,-9,0,team_game_log
2024-25,22400343,2024-12-07,1610612765,DET,Detroit Pistons,DET @ NYK,W,120,0.518,0.5,0.842,43,28,19,9,9,1,team_game_log
2024-25,22400344,2024-12-07,1610612742,DAL,Dallas Mavericks,DAL @ TOR,W,125,0.469,0.378,0.865,52,21,18,7,7,1,team_game_log
2024-25,22400344,2024-12-07,1610612761,TOR,Toronto Raptors,TOR vs. DAL,L,118,0.462,0.385,0.944,39,37,13,-7,-7,0,team_game_log
2024-25,22400345,2024-12-07,1610612738,BOS,Boston Celtics,BOS vs. MEM,L,121,0.4,0.3,0.679,51,26,13,-6,-6,0,team_game_log
2024-25,22400345,2024-12-07,1610612763,MEM,Memphis Grizzlies,MEM @ BOS,W,127,0.5,0.455,0.783,52,25,13,6,6,1,team_game_log
2024-25,22400346,2024-12-07,1610612748,MIA,Miami Heat,MIA vs. PHX,W,121,0.523,0.406,0.783,41,30,12,10,10,1,team_game_log
2024-25,22400346,2024-12-07,1610612756,PHX,Phoenix Suns,PHX @ MIA,L,111,0.439,0.39,0.92,41,29,14,-10,-10,0,team_game_log
2024-25,22400347,2024-12-08,1610612741,CHI,Chicago Bulls,CHI vs. PHI,L,100,0.407,0.352,0.917,35,29,15,-8,-8,0,team_game_log
2024-25,22400347,2024-12-08,1610612755,PHI,Philadelphia 76ers,PHI @ CHI,W,108,0.467,0.25,0.929,56,25,16,8,8,1,team_game_log
2024-25,22400348,2024-12-08,1610612749,MIL,Milwaukee Bucks,MIL @ BKN,W,118,0.574,0.484,0.781,31,26,16,5,5,1,team_game_log
2024-25,22400348,2024-12-08,1610612751,BKN,Brooklyn Nets,BKN vs. MIL,L,113,0.506,0.457,0.938,30,24,13,-5,-5,0,team_game_log
2024-25,22400349,2024-12-08,1610612754,IND,Indiana Pacers,IND vs. CHA,L,109,0.512,0.333,0.867,29,23,17,-4,-4,0,team_game_log
2024-25,22400349,2024-12-08,1610612766,CHA,Charlotte Hornets,CHA @ IND,W,113,0.513,0.483,0.731,45,24,25,4,4,1,team_game_log
2024-25,22400350,2024-12-08,1610612737,ATL,Atlanta Hawks,ATL vs. DEN,L,111,0.406,0.225,0.741,45,26,12,-30,-30,0,team_game_log
2024-25,22400350,2024-12-08,1610612743,DEN,Denver Nuggets,DEN @ ATL,W,141,0.629,0.444,0.708,43,43,20,30,30,1,team_game_log
2024-25,22400351,2024-12-08,1610612739,CLE,Cleveland Cavaliers,CLE @ MIA,L,113,0.477,0.424,0.944,36,25,9,-9,-9,0,team_game_log
2024-25,22400351,2024-12-08,1610612748,MIA,Miami Heat,MIA vs. CLE,W,122,0.477,0.432,0.923,47,27,12,9,9,1,team_game_log
2024-25,22400352,2024-12-08,1610612753,ORL,Orlando Magic,ORL vs. PHX,W,115,0.477,0.333,0.633,44,17,13,5,5,1,team_game_log
2024-25,22400352,2024-12-08,1610612756,PHX,Phoenix Suns,PHX @ ORL,L,110,0.47,0.464,0.864,39,24,21,-5,-5,0,team_game_log
2024-25,22400353,2024-12-08,1610612763,MEM,Memphis Grizzlies,MEM @ WAS,W,140,0.521,0.395,0.793,46,34,18,28,28,1,team_game_log
2024-25,22400353,2024-12-08,1610612764,WAS,Washington Wizards,WAS vs. MEM,L,112,0.43,0.188,0.909,52,20,21,-28,-28,0,team_game_log
2024-25,22400354,2024-12-08,1610612740,NOP,New Orleans Pelicans,NOP @ SAS,L,116,0.434,0.342,0.81,43,26,8,-5,-5,0,team_game_log
2024-25,22400354,2024-12-08,1610612759,SAS,San Antonio Spurs,SAS vs. NOP,W,121,0.452,0.308,0.806,55,27,13,5,5,1,team_game_log
2024-25,22400355,2024-12-08,1610612744,GSW,Golden State Warriors,GSW vs. MIN,W,114,0.467,0.39,0.7,45,28,13,8,8,1,team_game_log
2024-25,22400355,2024-12-08,1610612750,MIN,Minnesota Timberwolves,MIN @ GSW,L,106,0.456,0.452,0.75,39,22,16,-8,-8,0,team_game_log
2024-25,22400356,2024-12-08,1610612745,HOU,Houston Rockets,HOU @ LAC,W,117,0.488,0.366,0.846,50,23,15,11,11,1,team_game_log
2024-25,22400356,2024-12-08,1610612746,LAC,LA Clippers,LAC vs. HOU,L,106,0.446,0.324,0.813,33,21,8,-11,-11,0,team_game_log
2024-25,22400357,2024-12-08,1610612758,SAC,Sacramento Kings,SAC vs. UTA,W,141,0.57,0.5,0.625,43,39,8,44,44,1,team_game_log
2024-25,22400357,2024-12-08,1610612762,UTA,Utah Jazz,UTA @ SAC,L,97,0.388,0.357,0.952,38,21,20,-44,-44,0,team_game_log
2024-25,22400358,2024-12-08,1610612747,LAL,Los Angeles Lakers,LAL vs. POR,W,107,0.458,0.382,0.857,40,25,11,9,9,1,team_game_log
2024-25,22400358,2024-12-08,1610612757,POR,Portland Trail Blazers,POR @ LAL,L,98,0.417,0.25,0.905,49,17,18,-9,-9,0,team_game_log
2024-25,22400359,2024-12-09,1610612752,NYK,New York Knicks,NYK @ TOR,W,113,0.512,0.425,0.632,40,32,10,5,5,1,team_game_log
2024-25,22400359,2024-12-09,1610612761,TOR,Toronto Raptors,TOR vs. NYK,L,108,0.448,0.371,0.818,51,23,13,-5,-5,0,team_game_log
2024-25,22401201,2024-12-10,1610612749,MIL,Milwaukee Bucks,MIL vs. ORL,W,114,0.545,0.367,0.76,37,27,16,5,5,1,team_game_log
2024-25,22401201,2024-12-10,1610612753,ORL,Orlando Magic,ORL @ MIL,L,109,0.441,0.222,0.778,46,19,14,-5,-5,0,team_game_log
2024-25,22401203,2024-12-10,1610612742,DAL,Dallas Mavericks,DAL @ OKC,L,104,0.475,0.417,0.684,44,25,19,-14,-14,0,team_game_log
2024-25,22401203,2024-12-10,1610612760,OKC,Oklahoma City Thunder,OKC vs. DAL,W,118,0.455,0.4,0.857,52,29,14,14,14,1,team_game_log
2024-25,22401202,2024-12-11,1610612737,ATL,Atlanta Hawks,ATL @ NYK,W,108,0.413,0.29,0.65,58,27,11,8,8,1,team_game_log
2024-25,22401202,2024-12-11,1610612752,NYK,New York Knicks,NYK vs. ATL,L,100,0.43,0.262,0.6,49,27,15,-8,-8,0,team_game_log
2024-25,22401204,2024-12-11,1610612744,GSW,Golden State Warriors,GSW @ HOU,L,90,0.44,0.316,0.444,39,22,22,-1,-1,0,team_game_log
2024-25,22401204,2024-12-11,1610612745,HOU,Houston Rockets,HOU vs. GSW,W,91,0.458,0.222,0.9,36,23,17,1,1,1,team_game_log
2024-25,22401205,2024-12-12,1610612738,BOS,Boston Celtics,BOS vs. DET,W,123,0.511,0.417,0.846,51,34,14,24,24,1,team_game_log
2024-25,22401205,2024-12-12,1610612765,DET,Detroit Pistons,DET @ BOS,L,99,0.429,0.189,0.8,43,27,8,-24,-24,0,team_game_log
2024-25,22401206,2024-12-12,1610612748,MIA,Miami Heat,MIA vs. TOR,W,114,0.482,0.406,0.656,52,21,17,10,10,1,team_game_log
2024-25,22401206,2024-12-12,1610612761,TOR,Toronto Raptors,TOR @ MIA,L,104,0.446,0.344,0.733,42,29,12,-10,-10,0,team_game_log
2024-25,22401207,2024-12-12,1610612740,NOP,New Orleans Pelicans,NOP vs. SAC,L,109,0.47,0.378,0.85,43,22,17,-2,-2,0,team_game_log
2024-25,22401207,2024-12-12,1610612758,SAC,Sacramento Kings,SAC @ NOP,W,111,0.402,0.303,0.931,50,24,11,2,2,1,team_game_log
2024-25,22401208,2024-12-13,1610612739,CLE,Cleveland Cavaliers,CLE vs. WAS,W,115,0.396,0.3,0.7,50,27,11,10,10,1,team_game_log
2024-25,22401208,2024-12-13,1610612764,WAS,Washington Wizards,WAS @ CLE,L,105,0.477,0.35,0.818,44,24,18,-10,-10,0,team_game_log
2024-25,22401209,2024-12-13,1610612754,IND,Indiana Pacers,IND @ PHI,W,121,0.516,0.368,0.765,41,35,10,14,14,1,team_game_log
2024-25,22401209,2024-12-13,1610612755,PHI,Philadelphia 76ers,PHI vs. IND,L,107,0.435,0.4,0.719,47,18,15,-14,-14,0,team_game_log
2024-25,22401210,2024-12-13,1610612747,LAL,Los Angeles Lakers,LAL @ MIN,L,87,0.384,0.286,0.647,53,17,22,-10,-10,0,team_game_log
2024-25,22401210,2024-12-13,1610612750,MIN,Minnesota Timberwolves,MIN vs. LAL,W,97,0.402,0.281,0.75,48,18,14,10,10,1,team_game_log
2024-25,22401211,2024-12-13,1610612751,BKN,Brooklyn Nets,BKN @ MEM,L,119,0.457,0.377,0.789,41,30,18,-16,-16,0,team_game_log
2024-25,22401211,2024-12-13,1610612763,MEM,Memphis Grizzlies,MEM vs. BKN,W,135,0.525,0.472,0.667,49,33,13,16,16,1,team_game_log
2024-25,22401212,2024-12-13,1610612741,CHI,Chicago Bulls,CHI vs. CHA,W,109,0.398,0.275,0.84,52,27,16,14,14,1,team_game_log
2024-25,22401212,2024-12-13,1610612766,CHA,Charlotte Hornets,CHA @ CHI,L,95,0.357,0.174,0.81,54,22,17,-14,-14,0,team_game_log
2024-25,22401213,2024-12-13,1610612743,DEN,Denver Nuggets,DEN vs. LAC,W,120,0.545,0.345,0.813,46,23,22,22,22,1,team_game_log
2024-25,22401213,2024-12-13,1610612746,LAC,LA Clippers,LAC @ DEN,L,98,0.446,0.341,0.556,31,24,19,-22,-22,0,team_game_log
2024-25,22401214,2024-12-13,1610612756,PHX,Phoenix Suns,PHX @ UTA,W,134,0.528,0.489,0.9,37,36,8,8,8,1,team_game_log
2024-25,22401214,2024-12-13,1610612762,UTA,Utah Jazz,UTA vs. PHX,L,126,0.558,0.564,0.818,34,30,15,-8,-8,0,team_game_log
2024-25,22401215,2024-12-13,1610612757,POR,Portland Trail Blazers,POR vs. SAS,L,116,0.512,0.39,0.941,36,25,16,-2,-2,0,team_game_log
2024-25,22401215,2024-12-13,1610612759,SAS,San Antonio Spurs,SAS @ POR,W,118,0.518,0.467,0.762,41,32,15,2,2,1,team_game_log
2024-25,22401229,2024-12-14,1610612737,ATL,Atlanta Hawks,ATL @ MIL,L,102,0.427,0.417,0.647,44,23,13,-8,-8,0,team_game_log
2024-25,22401229,2024-12-14,1610612749,MIL,Milwaukee Bucks,MIL @ ATL,W,110,0.453,0.311,0.667,47,28,13,8,8,1,team_game_log
2024-25,22401230,2024-12-14,1610612745,HOU,Houston Rockets,HOU @ OKC,L,96,0.365,0.239,0.6,49,17,16,-15,-15,0,team_game_log
2024-25,22401230,2024-12-14,1610612760,OKC,Oklahoma City Thunder,OKC @ HOU,W,111,0.45,0.367,0.875,43,19,12,15,15,1,team_game_log
2024-25,22401216,2024-12-15,1610612740,NOP,New Orleans Pelicans,NOP @ IND,L,104,0.392,0.303,0.783,49,18,18,-15,-15,0,team_game_log
2024-25,22401216,2024-12-15,1610612754,IND,Indiana Pacers,IND vs. NOP,W,119,0.506,0.421,0.875,43,33,17,15,15,1,team_game_log
2024-25,22401217,2024-12-15,1610612738,BOS,Boston Celtics,BOS @ WAS,W,112,0.43,0.391,0.583,56,26,18,14,14,1,team_game_log
2024-25,22401217,2024-12-15,1610612764,WAS,Washington Wizards,WAS vs. BOS,L,98,0.404,0.325,0.625,51,22,16,-14,-14,0,team_game_log
2024-25,22401218,2024-12-15,1610612750,MIN,Minnesota Timberwolves,MIN @ SAS,W,106,0.4,0.343,0.875,51,26,12,14,14,1,team_game_log
2024-25,22401218,2024-12-15,1610612759,SAS,San Antonio Spurs,SAS vs. MIN,L,92,0.407,0.244,0.778,50,34,19,-14,-14,0,team_game_log
2024-25,22401219,2024-12-15,1610612756,PHX,Phoenix Suns,PHX vs. POR,W,116,0.483,0.385,0.789,46,23,11,7,7,1,team_game_log
2024-25,22401219,2024-12-15,1610612757,POR,Portland Trail Blazers,POR @ PHX,L,109,0.447,0.306,0.769,48,30,13,-7,-7,0,team_game_log
2024-25,22401220,2024-12-15,1610612747,LAL,Los Angeles Lakers,LAL vs. MEM,W,116,0.476,0.294,0.718,44,23,23,6,6,1,team_game_log
2024-25,22401220,2024-12-15,1610612763,MEM,Memphis Grizzlies,MEM @ LAL,L,110,0.392,0.321,0.833,50,25,21,-6,-6,0,team_game_log
2024-25,22401227,2024-12-15,1610612752,NYK,New York Knicks,NYK @ ORL,W,100,0.465,0.417,0.8,45,20,19,9,9,1,team_game_log
2024-25,22401227,2024-12-15,1610612753,ORL,Orlando Magic,ORL vs. NYK,L,91,0.419,0.3,0.769,39,24,15,-9,-9,0,team_game_log
2024-25,22401228,2024-12-15,1610612742,DAL,Dallas Mavericks,DAL @ GSW,W,143,0.598,0.512,0.72,47,36,16,10,10,1,team_game_log
2024-25,22401228,2024-12-15,1610612744,GSW,Golden State Warriors,GSW vs. DAL,L,133,0.476,0.5,0.727,37,39,10,-10,-10,0,team_game_log
2024-25,22401221,2024-12-16,1610612748,MIA,Miami Heat,MIA @ DET,L,124,0.455,0.279,0.917,44,30,13,-1,-1,0,team_game_log
2024-25,22401221,2024-12-16,1610612765,DET,Detroit Pistons,DET vs. MIA,W,125,0.489,0.5,0.739,52,32,22,1,1,1,team_game_log
2024-25,22401222,2024-12-16,1610612755,PHI,Philadelphia 76ers,PHI @ CHA,W,121,0.513,0.421,0.767,42,21,20,13,13,1,team_game_log
2024-25,22401222,2024-12-16,1610612766,CHA,Charlotte Hornets,CHA vs. PHI,L,108,0.506,0.316,0.571,38,30,20,-13,-13,0,team_game_log
2024-25,22401223,2024-12-16,1610612741,CHI,Chicago Bulls,CHI @ TOR,W,122,0.462,0.35,0.786,41,33,12,1,1,1,team_game_log
2024-25,22401223,2024-12-16,1610612761,TOR,Toronto Raptors,TOR vs. CHI,L,121,0.489,0.346,0.733,44,28,18,-1,-1,0,team_game_log
2024-25,22401224,2024-12-16,1610612739,CLE,Cleveland Cavaliers,CLE @ BKN,W,130,0.531,0.404,0.862,42,33,17,29,29,1,team_game_log
2024-25,22401224,2024-12-16,1610612751,BKN,Brooklyn Nets,BKN vs. CLE,L,101,0.42,0.412,0.792,35,25,22,-29,-29,0,team_game_log
2024-25,22401225,2024-12-16,1610612743,DEN,Denver Nuggets,DEN @ SAC,W,130,0.5,0.357,0.75,55,38,15,1,1,1,team_game_log
2024-25,22401225,2024-12-16,1610612758,SAC,Sacramento Kings,SAC vs. DEN,L,129,0.48,0.343,0.95,42,28,11,-1,-1,0,team_game_log
2024-25,22401226,2024-12-16,1610612746,LAC,LA Clippers,LAC vs. UTA,W,144,0.598,0.538,0.781,41,28,16,37,37,1,team_game_log
2024-25,22401226,2024-12-16,1610612762,UTA,Utah Jazz,UTA @ LAC,L,107,0.45,0.333,0.733,35,22,23,-37,-37,0,team_game_log
2024-25,22400360,2024-12-19,1610612762,UTA,Utah Jazz,UTA @ DET,W,126,0.47,0.5,0.903,62,23,27,7,7,1,team_game_log
2024-25,22400360,2024-12-19,1610612765,DET,Detroit Pistons,DET vs. UTA,L,119,0.438,0.277,0.778,39,26,10,-7,-7,0,team_game_log
2024-25,22400361,2024-12-19,1610612753,ORL,Orlando Magic,ORL vs. OKC,L,99,0.449,0.314,0.72,40,25,20,-6,-6,0,team_game_log
2024-25,22400361,2024-12-19,1610612760,OKC,Oklahoma City Thunder,OKC @ ORL,W,105,0.482,0.323,0.938,32,23,13,6,6,1,team_game_log
2024-25,22400362,2024-12-19,1610612764,WAS,Washington Wizards,WAS vs. CHA,W,123,0.494,0.405,0.774,52,33,18,9,9,1,team_game_log
2024-25,22400362,2024-12-19,1610612766,CHA,Charlotte Hornets,CHA @ WAS,L,114,0.406,0.186,0.741,52,30,8,-9,-9,0,team_game_log
2024-25,22400363,2024-12-19,1610612738,BOS,Boston Celtics,BOS vs. CHI,L,108,0.392,0.25,0.857,45,21,4,-9,-9,0,team_game_log
2024-25,22400363,2024-12-19,1610612741,CHI,Chicago Bulls,CHI @ BOS,W,117,0.447,0.365,0.875,56,23,12,9,9,1,team_game_log
2024-25,22400364,2024-12-19,1610612751,BKN,Brooklyn Nets,BKN @ TOR,W,101,0.402,0.231,0.839,53,18,17,7,7,1,team_game_log
2024-25,22400364,2024-12-19,1610612761,TOR,Toronto Raptors,TOR vs. BKN,L,94,0.395,0.341,0.786,34,26,12,-7,-7,0,team_game_log
2024-25,22400365,2024-12-19,1610612740,NOP,New Orleans Pelicans,NOP @ HOU,L,113,0.446,0.464,0.72,37,25,12,-20,-20,0,team_game_log
2024-25,22400365,2024-12-19,1610612745,HOU,Houston Rockets,HOU vs. NOP,W,133,0.575,0.436,0.842,42,34,12,20,20,1,team_game_log
2024-25,22400366,2024-12-19,1610612744,GSW,Golden State Warriors,GSW @ MEM,L,93,0.356,0.333,0.708,36,20,18,-51,-51,0,team_game_log
2024-25,22400366,2024-12-19,1610612763,MEM,Memphis Grizzlies,MEM vs. GSW,W,144,0.541,0.563,0.733,60,38,17,51,51,1,team_game_log
2024-25,22400367,2024-12-19,1610612750,MIN,Minnesota Timberwolves,MIN vs. NYK,L,107,0.461,0.405,0.615,37,29,13,-26,-26,0,team_game_log
2024-25,22400367,2024-12-19,1610612752,NYK,New York Knicks,NYK @ MIN,W,133,0.515,0.444,0.813,57,39,15,26,26,1,team_game_log
2024-25,22400368,2024-12-19,1610612742,DAL,Dallas Mavericks,DAL vs. LAC,L,95,0.395,0.233,0.714,40,21,13,-23,-23,0,team_game_log
2024-25,22400368,2024-12-19,1610612746,LAC,LA Clippers,LAC @ DAL,W,118,0.518,0.424,0.941,47,30,15,23,23,1,team_game_log
2024-25,22400369,2024-12-19,1610612754,IND,Indiana Pacers,IND @ PHX,W,120,0.438,0.39,0.839,47,30,9,9,9,1,team_game_log
2024-25,22400369,2024-12-19,1610612756,PHX,Phoenix Suns,PHX vs. IND,L,111,0.488,0.3,0.786,44,28,16,-9,-9,0,team_game_log
2024-25,22400370,2024-12-19,1610612737,ATL,Atlanta Hawks,ATL @ SAS,L,126,0.474,0.421,0.857,53,32,23,-7,-7,0,team_game_log
2024-25,22400370,2024-12-19,1610612759,SAS,San Antonio Spurs,SAS vs. ATL,W,133,0.485,0.452,0.696,42,32,17,7,7,1,team_game_log
2024-25,22400371,2024-12-19,1610612743,DEN,Denver Nuggets,DEN @ POR,L,124,0.54,0.441,0.714,40,35,11,-2,-2,0,team_game_log
2024-25,22400371,2024-12-19,1610612757,POR,Portland Trail Blazers,POR vs. DEN,W,126,0.464,0.348,0.833,45,29,10,2,2,1,team_game_log
2024-25,22400372,2024-12-19,1610612747,LAL,Los Angeles Lakers,LAL @ SAC,W,113,0.404,0.364,0.833,53,22,13,13,13,1,team_game_log
2024-25,22400372,2024-12-19,1610612758,SAC,Sacramento Kings,SAC vs. LAL,L,100,0.451,0.379,0.682,43,27,16,-13,-13,0,team_game_log
2024-25,22400373,2024-12-20,1610612755,PHI,Philadelphia 76ers,PHI vs. CHA,W,108,0.494,0.364,0.778,39,30,15,10,10,1,team_game_log
2024-25,22400373,2024-12-20,1610612766,CHA,Charlotte Hornets,CHA @ PHI,L,98,0.462,0.323,0.762,44,22,17,-10,-10,0,team_game_log
2024-25,22400374,2024-12-20,1610612739,CLE,Cleveland Cavaliers,CLE vs. MIL,W,124,0.505,0.426,0.857,48,30,18,23,23,1,team_game_log
2024-25,22400374,2024-12-20,1610612749,MIL,Milwaukee Bucks,MIL @ CLE,L,101,0.471,0.37,0.611,45,23,20,-23,-23,0,team_game_log
2024-25,22400375,2024-12-20,1610612748,MIA,Miami Heat,MIA vs. OKC,L,97,0.434,0.3,0.65,41,20,19,-7,-7,0,team_game_log
2024-25,22400375,2024-12-20,1610612760,OKC,Oklahoma City Thunder,OKC @ MIA,W,104,0.453,0.412,0.706,48,24,14,7,7,1,team_game_log
2024-25,22400376,2024-12-21,1610612747,LAL,Los Angeles Lakers,LAL @ SAC,W,103,0.482,0.257,0.667,48,23,14,4,4,1,team_game_log
2024-25,22400376,2024-12-21,1610612758,SAC,Sacramento Kings,SAC vs. LAL,L,99,0.433,0.27,0.786,46,25,14,-4,-4,0,team_game_log
2024-25,22400377,2024-12-21,1610612748,MIA,Miami Heat,MIA @ ORL,L,114,0.48,0.281,0.786,38,16,15,-7,-7,0,team_game_log
2024-25,22400377,2024-12-21,1610612753,ORL,Orlando Magic,ORL vs. MIA,W,121,0.494,0.297,0.889,41,24,13,7,7,1,team_game_log
2024-25,22400378,2024-12-21,1610612737,ATL,Atlanta Hawks,ATL vs. MEM,L,112,0.488,0.368,0.833,41,29,25,-16,-16,0,team_game_log
2024-25,22400378,2024-12-21,1610612763,MEM,Memphis Grizzlies,MEM @ ATL,W,128,0.515,0.439,0.769,40,35,18,16,16,1,team_game_log
2024-25,22400379,2024-12-21,1610612751,BKN,Brooklyn Nets,BKN vs. UTA,L,94,0.404,0.175,0.917,50,24,19,-11,-11,0,team_game_log
2024-25,22400379,2024-12-21,1610612762,UTA,Utah Jazz,UTA @ BKN,W,105,0.477,0.341,0.529,45,25,18,11,11,1,team_game_log
2024-25,22400380,2024-12-21,1610612739,CLE,Cleveland Cavaliers,CLE vs. PHI,W,126,0.533,0.512,0.533,49,31,13,27,27,1,team_game_log
2024-25,22400380,2024-12-21,1610612755,PHI,Philadelphia 76ers,PHI @ CLE,L,99,0.4,0.324,0.741,41,13,13,-27,-27,0,team_game_log
2024-25,22400381,2024-12-21,1610612738,BOS,Boston Celtics,BOS @ CHI,W,123,0.48,0.333,0.857,59,27,12,25,25,1,team_game_log
2024-25,22400381,2024-12-21,1610612741,CHI,Chicago Bulls,CHI vs. BOS,L,98,0.378,0.341,0.909,43,28,13,-25,-25,0,team_game_log
2024-25,22400382,2024-12-21,1610612749,MIL,Milwaukee Bucks,MIL vs. WAS,W,112,0.449,0.417,0.8,44,35,13,11,11,1,team_game_log
2024-25,22400382,2024-12-21,1610612764,WAS,Washington Wizards,WAS @ MIL,L,101,0.444,0.429,0.688,47,20,19,-11,-11,0,team_game_log
2024-25,22400383,2024-12-21,1610612744,GSW,Golden State Warriors,GSW @ MIN,W,113,0.46,0.381,0.739,45,30,11,10,10,1,team_game_log
2024-25,22400383,2024-12-21,1610612750,MIN,Minnesota Timberwolves,MIN vs. GSW,L,103,0.419,0.368,0.68,45,27,15,-10,-10,0,team_game_log
2024-25,22400384,2024-12-21,1610612740,NOP,New Orleans Pelicans,NOP vs. NYK,L,93,0.41,0.353,0.684,45,23,19,-11,-11,0,team_game_log
2024-25,22400384,2024-12-21,1610612752,NYK,New York Knicks,NYK @ NOP,W,104,0.437,0.405,0.867,42,24,17,11,11,1,team_game_log
2024-25,22400385,2024-12-21,1610612742,DAL,Dallas Mavericks,DAL vs. LAC,W,113,0.455,0.4,0.864,43,25,13,16,16,1,team_game_log
2024-25,22400385,2024-12-21,1610612746,LAC,LA Clippers,LAC @ DAL,L,97,0.42,0.27,0.864,40,18,17,-16,-16,0,team_game_log
2024-25,22400386,2024-12-21,1610612757,POR,Portland Trail Blazers,POR @ SAS,L,94,0.396,0.279,0.667,44,21,13,-20,-20,0,team_game_log
2024-25,22400386,2024-12-21,1610612759,SAS,San Antonio Spurs,SAS vs. POR,W,114,0.473,0.278,0.889,49,33,12,20,20,1,team_game_log
2024-25,22400387,2024-12-21,1610612756,PHX,Phoenix Suns,PHX vs. DET,L,125,0.577,0.483,0.913,35,30,19,-8,-8,0,team_game_log
2024-25,22400387,2024-12-21,1610612765,DET,Detroit Pistons,DET @ PHX,W,133,0.551,0.487,0.727,35,31,13,8,8,1,team_game_log
2024-25,22400388,2024-12-22,1610612745,HOU,Houston Rockets,HOU @ TOR,W,114,0.449,0.25,0.818,53,18,21,4,4,1,team_game_log
2024-25,22400388,2024-12-22,1610612761,TOR,Toronto Raptors,TOR vs. HOU,L,110,0.457,0.395,0.692,42,33,21,-4,-4,0,team_game_log
2024-25,22400389,2024-12-22,1610612754,IND,Indiana Pacers,IND @ SAC,W,122,0.581,0.436,0.625,50,36,12,27,27,1,team_game_log
2024-25,22400389,2024-12-22,1610612758,SAC,Sacramento Kings,SAC vs. IND,L,95,0.365,0.316,0.765,47,21,10,-27,-27,0,team_game_log
2024-25,22400390,2024-12-22,1610612740,NOP,New Orleans Pelicans,NOP vs. DEN,L,129,0.463,0.3,0.739,43,37,15,-3,-3,0,team_game_log
2024-25,22400390,2024-12-22,1610612743,DEN,Denver Nuggets,DEN @ NOP,W,132,0.505,0.303,0.75,54,34,22,3,3,1,team_game_log
2024-25,22400391,2024-12-23,1610612745,HOU,Houston Rockets,HOU @ CHA,W,114,0.434,0.31,0.789,60,23,12,13,13,1,team_game_log
2024-25,22400391,2024-12-23,1610612766,CHA,Charlotte Hornets,CHA vs. HOU,L,101,0.416,0.278,0.708,44,25,11,-13,-13,0,team_game_log
2024-25,22400392,2024-12-23,1610612739,CLE,Cleveland Cavaliers,CLE vs. UTA,W,124,0.473,0.435,0.783,40,33,9,11,11,1,team_game_log
2024-25,22400392,2024-12-23,1610612762,UTA,Utah Jazz,UTA @ CLE,L,113,0.413,0.432,0.692,51,27,17,-11,-11,0,team_game_log
2024-25,22400393,2024-12-23,1610612738,BOS,Boston Celtics,BOS @ ORL,L,104,0.44,0.242,0.815,41,13,19,-4,-4,0,team_game_log
2024-25,22400393,2024-12-23,1610612753,ORL,Orlando Magic,ORL vs. BOS,W,108,0.446,0.394,1.0,42,26,20,4,4,1,team_game_log
2024-25,22400394,2024-12-23,1610612755,PHI,Philadelphia 76ers,PHI vs. SAS,W,111,0.419,0.364,0.739,47,22,11,5,5,1,team_game_log
2024-25,22400394,2024-12-23,1610612759,SAS,San Antonio Spurs,SAS @ PHI,L,106,0.457,0.333,0.944,42,24,18,-5,-5,0,team_game_log
2024-25,22400395,2024-12-23,1610612737,ATL,Atlanta Hawks,ATL vs. MIN,W,117,0.534,0.5,0.808,38,27,23,13,13,1,team_game_log
2024-25,22400395,2024-12-23,1610612750,MIN,Minnesota Timberwolves,MIN @ ATL,L,104,0.429,0.326,0.923,43,31,21,-13,-13,0,team_game_log
2024-25,22400396,2024-12-23,1610612748,MIA,Miami Heat,MIA vs. BKN,W,110,0.493,0.415,0.875,44,27,16,15,15,1,team_game_log
2024-25,22400396,2024-12-23,1610612751,BKN,Brooklyn Nets,BKN @ MIA,L,95,0.393,0.382,0.8,42,23,15,-15,-15,0,team_game_log
2024-25,22400397,2024-12-23,1610612752,NYK,New York Knicks,NYK vs. TOR,W,139,0.593,0.459,0.69,35,34,17,14,14,1,team_game_log
2024-25,22400397,2024-12-23,1610612761,TOR,Toronto Raptors,TOR @ NYK,L,125,0.545,0.393,0.811,30,28,15,-14,-14,0,team_game_log
2024-25,22400398,2024-12-23,1610612741,CHI,Chicago Bulls,CHI vs. MIL,L,91,0.4,0.208,0.75,46,27,15,-21,-21,0,team_game_log
2024-25,22400398,2024-12-23,1610612749,MIL,Milwaukee Bucks,MIL @ CHI,W,112,0.46,0.419,0.824,49,24,13,21,21,1,team_game_log
2024-25,22400399,2024-12-23,1610612746,LAC,LA Clippers,LAC @ MEM,W,114,0.438,0.333,0.808,53,22,17,4,4,1,team_game_log
2024-25,22400399,2024-12-23,1610612763,MEM,Memphis Grizzlies,MEM vs. LAC,L,110,0.384,0.381,0.692,56,26,20,-4,-4,0,team_game_log
2024-25,22400400,2024-12-23,1610612760,OKC,Oklahoma City Thunder,OKC vs. WAS,W,123,0.443,0.263,0.864,59,25,12,18,18,1,team_game_log
2024-25,22400400,2024-12-23,1610612764,WAS,Washington Wizards,WAS @ OKC,L,105,0.396,0.372,0.85,51,25,19,-18,-18,0,team_game_log
2024-25,22400401,2024-12-23,1610612742,DAL,Dallas Mavericks,DAL vs. POR,W,132,0.533,0.333,0.706,41,27,11,24,24,1,team_game_log
2024-25,22400401,2024-12-23,1610612757,POR,Portland Trail Blazers,POR @ DAL,L,108,0.462,0.276,0.737,48,23,19,-24,-24,0,team_game_log
2024-25,22400402,2024-12-23,1610612743,DEN,Denver Nuggets,DEN vs. PHX,W,117,0.511,0.39,0.818,46,35,12,27,27,1,team_game_log
2024-25,22400402,2024-12-23,1610612756,PHX,Phoenix Suns,PHX @ DEN,L,90,0.398,0.394,0.733,39,23,15,-27,-27,0,team_game_log
2024-25,22400403,2024-12-23,1610612744,GSW,Golden State Warriors,GSW vs. IND,L,105,0.433,0.316,0.714,44,29,11,-6,-6,0,team_game_log
2024-25,22400403,2024-12-23,1610612754,IND,Indiana Pacers,IND @ GSW,W,111,0.489,0.314,0.909,43,26,12,6,6,1,team_game_log
2024-25,22400404,2024-12-23,1610612747,LAL,Los Angeles Lakers,LAL vs. DET,L,114,0.541,0.467,0.8,38,28,20,-3,-3,0,team_game_log
2024-25,22400404,2024-12-23,1610612765,DET,Detroit Pistons,DET @ LAL,W,117,0.511,0.367,1.0,37,24,12,3,3,1,team_game_log
2024-25,22400405,2024-12-25,1610612752,NYK,New York Knicks,NYK vs. SAS,W,117,0.45,0.333,0.875,47,26,5,3,3,1,team_game_log
2024-25,22400405,2024-12-25,1610612759,SAS,San Antonio Spurs,SAS @ NYK,L,114,0.506,0.421,0.824,45,33,15,-3,-3,0,team_game_log
2024-25,22400406,2024-12-25,1610612742,DAL,Dallas Mavericks,DAL vs. MIN,L,99,0.414,0.372,1.0,43,15,13,-6,-6,0,team_game_log
2024-25,22400406,2024-12-25,1610612750,MIN,Minnesota Timberwolves,MIN @ DAL,W,105,0.465,0.438,0.846,46,23,10,6,6,1,team_game_log
2024-25,22400407,2024-12-25,1610612738,BOS,Boston Celtics,BOS vs. PHI,L,114,0.453,0.408,0.615,51,24,13,-4,-4,0,team_game_log
2024-25,22400407,2024-12-25,1610612755,PHI,Philadelphia 76ers,PHI @ BOS,W,118,0.466,0.425,1.0,39,28,6,4,4,1,team_game_log
2024-25,22400408,2024-12-25,1610612744,GSW,Golden State Warriors,GSW vs. LAL,L,113,0.461,0.4,0.765,44,26,13,-2,-2,0,team_game_log
2024-25,22400408,2024-12-25,1610612747,LAL,Los Angeles Lakers,LAL @ GSW,W,115,0.451,0.357,1.0,41,30,9,2,2,1,team_game_log
2024-25,22400409,2024-12-25,1610612743,DEN,Denver Nuggets,DEN @ PHX,L,100,0.462,0.276,0.714,46,20,16,-10,-10,0,team_game_log
2024-25,22400409,2024-12-25,1610612756,PHX,Phoenix Suns,PHX vs. DEN,W,110,0.466,0.306,0.85,42,31,9,10,10,1,team_game_log
2024-25,22400410,2024-12-26,1610612754,IND,Indiana Pacers,IND vs. OKC,L,114,0.472,0.389,0.727,51,28,11,-6,-6,0,team_game_log
2024-25,22400410,2024-12-26,1610612760,OKC,Oklahoma City Thunder,OKC @ IND,W,120,0.463,0.351,0.792,45,20,3,6,6,1,team_game_log
2024-25,22400411,2024-12-26,1610612748,MIA,Miami Heat,MIA @ ORL,W,89,0.408,0.5,0.857,35,21,21,1,1,1,team_game_log
2024-25,22400411,2024-12-26,1610612753,ORL,Orlando Magic,ORL vs. MIA,L,88,0.442,0.172,0.833,42,14,23,-1,-1,0,team_game_log
2024-25,22400412,2024-12-26,1610612764,WAS,Washington Wizards,WAS vs. CHA,W,113,0.429,0.318,0.75,43,25,11,3,3,1,team_game_log
2024-25,22400412,2024-12-26,1610612766,CHA,Charlotte Hornets,CHA @ WAS,L,110,0.436,0.405,0.786,50,31,19,-3,-3,0,team_game_log
2024-25,22400413,2024-12-26,1610612737,ATL,Atlanta Hawks,ATL vs. CHI,W,141,0.517,0.378,0.941,44,32,14,8,8,1,team_game_log
2024-25,22400413,2024-12-26,1610612741,CHI,Chicago Bulls,CHI @ ATL,L,133,0.541,0.512,0.833,36,36,16,-8,-8,0,team_game_log
2024-25,22400414,2024-12-26,1610612761,TOR,Toronto Raptors,TOR @ MEM,L,126,0.454,0.326,0.778,40,39,15,-29,-29,0,team_game_log
2024-25,22400414,2024-12-26,1610612763,MEM,Memphis Grizzlies,MEM vs. TOR,W,155,0.532,0.4,0.724,63,36,18,29,29,1,team_game_log
2024-25,22400415,2024-12-26,1610612749,MIL,Milwaukee Bucks,MIL vs. BKN,L,105,0.494,0.395,0.667,39,23,23,-6,-6,0,team_game_log
2024-25,22400415,2024-12-26,1610612751,BKN,Brooklyn Nets,BKN @ MIL,W,111,0.476,0.421,0.773,38,25,21,6,6,1,team_game_log
2024-25,22400416,2024-12-26,1610612740,NOP,New Orleans Pelicans,NOP vs. HOU,L,111,0.434,0.324,0.722,44,29,16,-17,-17,0,team_game_log
2024-25,22400416,2024-12-26,1610612745,HOU,Houston Rockets,HOU @ NOP,W,128,0.474,0.383,0.783,54,19,16,17,17,1,team_game_log
2024-25,22400417,2024-12-26,1610612757,POR,Portland Trail Blazers,POR vs. UTA,W,122,0.506,0.395,0.773,43,26,11,2,2,1,team_game_log
2024-25,22400417,2024-12-26,1610612762,UTA,Utah Jazz,UTA @ POR,L,120,0.477,0.5,0.68,46,26,13,-2,-2,0,team_game_log
2024-25,22400418,2024-12-26,1610612758,SAC,Sacramento Kings,SAC vs. DET,L,113,0.476,0.359,0.808,44,20,14,-1,-1,0,team_game_log
2024-25,22400418,2024-12-26,1610612765,DET,Detroit Pistons,DET @ SAC,W,114,0.418,0.386,0.84,44,25,10,1,1,1,team_game_log
2024-25,22400419,2024-12-27,1610612752,NYK,New York Knicks,NYK @ ORL,W,108,0.533,0.267,0.706,44,18,18,23,23,1,team_game_log
2024-25,22400419,2024-12-27,1610612753,ORL,Orlando Magic,ORL vs. NYK,L,85,0.368,0.303,0.917,33,20,17,-23,-23,0,team_game_log
2024-25,22400420,2024-12-27,1610612738,BOS,Boston Celtics,BOS vs. IND,W,142,0.511,0.411,0.862,52,31,10,37,37,1,team_game_log
2024-25,22400420,2024-12-27,1610612754,IND,Indiana Pacers,IND @ BOS,L,105,0.418,0.282,0.72,39,27,12,-37,-37,0,team_game_log
2024-25,22400421,2024-12-27,1610612751,BKN,Brooklyn Nets,BKN vs. SAS,L,87,0.389,0.293,0.625,45,22,18,-9,-9,0,team_game_log
2024-25,22400421,2024-12-27,1610612759,SAS,San Antonio Spurs,SAS @ BKN,W,96,0.41,0.429,0.741,43,26,15,9,9,1,team_game_log
2024-25,22400422,2024-12-27,1610612745,HOU,Houston Rockets,HOU vs. MIN,L,112,0.489,0.333,0.632,47,19,14,-1,-1,0,team_game_log
2024-25,22400422,2024-12-27,1610612750,MIN,Minnesota Timberwolves,MIN @ HOU,W,113,0.506,0.488,0.5,40,25,16,1,1,1,team_game_log
2024-25,22400423,2024-12-27,1610612740,NOP,New Orleans Pelicans,NOP vs. MEM,L,124,0.448,0.289,0.931,45,30,17,-8,-8,0,team_game_log
2024-25,22400423,2024-12-27,1610612763,MEM,Memphis Grizzlies,MEM @ NOP,W,132,0.472,0.415,0.886,42,30,17,8,8,1,team_game_log
2024-25,22400424,2024-12-27,1610612739,CLE,Cleveland Cavaliers,CLE @ DEN,W,149,0.563,0.479,0.818,38,40,11,14,14,1,team_game_log
2024-25,22400424,2024-12-27,1610612743,DEN,Denver Nuggets,DEN vs. CLE,L,135,0.564,0.484,0.778,38,39,13,-14,-14,0,team_game_log
2024-25,22400425,2024-12-27,1610612742,DAL,Dallas Mavericks,DAL @ PHX,W,98,0.438,0.353,0.941,41,24,15,9,9,1,team_game_log
2024-25,22400425,2024-12-27,1610612756,PHX,Phoenix Suns,PHX vs. DAL,L,89,0.386,0.371,0.667,42,23,16,-9,-9,0,team_game_log
2024-25,22400426,2024-12-27,1610612744,GSW,Golden State Warriors,GSW @ LAC,L,92,0.368,0.184,0.75,47,24,14,-10,-10,0,team_game_log
2024-25,22400426,2024-12-27,1610612746,LAC,LA Clippers,LAC vs. GSW,W,102,0.533,0.313,0.8,39,19,23,10,10,1,team_game_log
2024-25,22400427,2024-12-28,1610612737,ATL,Atlanta Hawks,ATL vs. MIA,W,120,0.512,0.405,0.773,47,34,13,10,10,1,team_game_log
2024-25,22400427,2024-12-28,1610612748,MIA,Miami Heat,MIA @ ATL,L,110,0.444,0.317,0.944,42,23,9,-10,-10,0,team_game_log
2024-25,22400428,2024-12-28,1610612760,OKC,Oklahoma City Thunder,OKC @ CHA,W,106,0.477,0.263,0.857,49,29,17,12,12,1,team_game_log
2024-25,22400428,2024-12-28,1610612766,CHA,Charlotte Hornets,CHA vs. OKC,L,94,0.363,0.324,0.893,44,17,18,-12,-12,0,team_game_log
2024-25,22400429,2024-12-28,1610612752,NYK,New York Knicks,NYK @ WAS,W,136,0.526,0.25,0.923,43,26,15,4,4,1,team_game_log
2024-25,22400429,2024-12-28,1610612764,WAS,Washington Wizards,WAS vs. NYK,L,132,0.515,0.447,0.867,44,32,17,-4,-4,0,team_game_log
2024-25,22400430,2024-12-28,1610612741,CHI,Chicago Bulls,CHI vs. MIL,W,116,0.474,0.389,0.706,52,33,11,5,5,1,team_game_log
2024-25,22400430,2024-12-28,1610612749,MIL,Milwaukee Bucks,MIL @ CHI,L,111,0.402,0.333,1.0,43,27,8,-5,-5,0,team_game_log
2024-25,22400431,2024-12-28,1610612744,GSW,Golden State Warriors,GSW vs. PHX,W,109,0.418,0.267,0.789,49,26,12,4,4,1,team_game_log
2024-25,22400431,2024-12-28,1610612756,PHX,Phoenix Suns,PHX @ GSW,L,105,0.424,0.257,0.818,46,21,14,-4,-4,0,team_game_log
2024-25,22400432,2024-12-28,1610612743,DEN,Denver Nuggets,DEN vs. DET,W,134,0.561,0.481,0.806,40,29,14,13,13,1,team_game_log
2024-25,22400432,2024-12-28,1610612765,DET,Detroit Pistons,DET @ DEN,L,121,0.484,0.308,0.739,41,29,12,-13,-13,0,team_game_log
2024-25,22400433,2024-12-28,1610612755,PHI,Philadelphia 76ers,PHI @ UTA,W,114,0.434,0.361,0.784,32,22,8,3,3,1,team_game_log
2024-25,22400433,2024-12-28,1610612762,UTA,Utah Jazz,UTA vs. PHI,L,111,0.483,0.333,0.867,48,27,22,-3,-3,0,team_game_log
2024-25,22400434,2024-12-28,1610612742,DAL,Dallas Mavericks,DAL @ POR,L,122,0.483,0.395,0.808,40,20,13,-4,-4,0,team_game_log
2024-25,22400434,2024-12-28,1610612757,POR,Portland Trail Blazers,POR vs. DAL,W,126,0.5,0.423,0.793,50,27,14,4,4,1,team_game_log
2024-25,22400435,2024-12-28,1610612747,LAL,Los Angeles Lakers,LAL vs. SAC,W,132,0.597,0.538,0.788,33,33,11,10,10,1,team_game_log
2024-25,22400435,2024-12-28,1610612758,SAC,Sacramento Kings,SAC @ LAL,L,122,0.51,0.275,0.733,39,38,10,-10,-10,0,team_game_log
2024-25,22400436,2024-12-29,1610612751,BKN,Brooklyn Nets,BKN @ ORL,L,101,0.438,0.433,0.857,38,22,17,-1,-1,0,team_game_log
2024-25,22400436,2024-12-29,1610612753,ORL,Orlando Magic,ORL vs. BKN,W,102,0.446,0.333,0.64,42,30,13,1,1,1,team_game_log
2024-25,22400437,2024-12-29,1610612738,BOS,Boston Celtics,BOS vs. IND,L,114,0.462,0.296,0.632,41,26,8,-9,-9,0,team_game_log
2024-25,22400437,2024-12-29,1610612754,IND,Indiana Pacers,IND @ BOS,W,123,0.529,0.391,0.815,50,27,9,9,9,1,team_game_log
2024-25,22400438,2024-12-29,1610612737,ATL,Atlanta Hawks,ATL @ TOR,W,136,0.484,0.4,0.743,40,30,15,29,29,1,team_game_log
2024-25,22400438,2024-12-29,1610612761,TOR,Toronto Raptors,TOR vs. ATL,L,107,0.447,0.292,0.889,52,26,31,-29,-29,0,team_game_log
2024-25,22400439,2024-12-29,1610612745,HOU,Houston Rockets,HOU vs. MIA,L,100,0.392,0.325,0.846,52,24,13,-4,-4,0,team_game_log
2024-25,22400439,2024-12-29,1610612748,MIA,Miami Heat,MIA @ HOU,W,104,0.44,0.303,0.714,52,21,15,4,4,1,team_game_log
2024-25,22400440,2024-12-29,1610612760,OKC,Oklahoma City Thunder,OKC vs. MEM,W,130,0.505,0.318,1.0,45,35,10,24,24,1,team_game_log
2024-25,22400440,2024-12-29,1610612763,MEM,Memphis Grizzlies,MEM @ OKC,L,106,0.381,0.275,0.857,51,30,21,-24,-24,0,team_game_log
2024-25,22400441,2024-12-29,1610612750,MIN,Minnesota Timberwolves,MIN vs. SAS,W,112,0.43,0.25,0.789,56,23,10,2,2,1,team_game_log
2024-25,22400441,2024-12-29,1610612759,SAS,San Antonio Spurs,SAS @ MIN,L,110,0.437,0.282,0.821,41,25,10,-2,-2,0,team_game_log
2024-25,22400442,2024-12-30,1610612741,CHI,Chicago Bulls,CHI @ CHA,W,115,0.375,0.3,0.704,63,31,15,7,7,1,team_game_log
2024-25,22400442,2024-12-30,1610612766,CHA,Charlotte Hornets,CHA vs. CHI,L,108,0.416,0.233,0.7,56,23,14,-7,-7,0,team_game_log
2024-25,22400443,2024-12-30,1610612752,NYK,New York Knicks,NYK @ WAS,W,126,0.459,0.341,0.84,54,34,8,20,20,1,team_game_log
2024-25,22400443,2024-12-30,1610612764,WAS,Washington Wizards,WAS vs. NYK,L,106,0.424,0.279,0.727,46,25,13,-20,-20,0,team_game_log
2024-25,22400444,2024-12-30,1610612740,NOP,New Orleans Pelicans,NOP vs. LAC,L,113,0.512,0.486,0.786,35,30,16,-3,-3,0,team_game_log
2024-25,22400444,2024-12-30,1610612746,LAC,LA Clippers,LAC @ NOP,W,116,0.477,0.351,0.778,40,24,17,3,3,1,team_game_log
2024-25,22400445,2024-12-30,1610612743,DEN,Denver Nuggets,DEN @ UTA,W,132,0.505,0.3,0.895,51,38,7,11,11,1,team_game_log
2024-25,22400445,2024-12-30,1610612762,UTA,Utah Jazz,UTA vs. DEN,L,121,0.512,0.342,0.909,37,28,16,-11,-11,0,team_game_log
2024-25,22400446,2024-12-30,1610612739,CLE,Cleveland Cavaliers,CLE @ GSW,W,113,0.458,0.383,0.7,54,25,16,18,18,1,team_game_log
2024-25,22400446,2024-12-30,1610612744,GSW,Golden State Warriors,GSW vs. CLE,L,95,0.333,0.237,0.769,55,20,15,-18,-18,0,team_game_log
2024-25,22400447,2024-12-30,1610612755,PHI,Philadelphia 76ers,PHI @ POR,W,125,0.573,0.458,0.903,32,20,19,22,22,1,team_game_log
2024-25,22400447,2024-12-30,1610612757,POR,Portland Trail Blazers,POR vs. PHI,L,103,0.481,0.222,0.7,33,23,26,-22,-22,0,team_game_log
2024-25,22400448,2024-12-30,1610612742,DAL,Dallas Mavericks,DAL @ SAC,L,100,0.421,0.387,0.828,36,17,18,-10,-10,0,team_game_log
2024-25,22400448,2024-12-30,1610612758,SAC,Sacramento Kings,SAC vs. DAL,W,110,0.42,0.313,0.842,58,25,16,10,10,1,team_game_log
2024-25,22400449,2024-12-31,1610612738,BOS,Boston Celtics,BOS vs. TOR,W,125,0.54,0.512,0.6,49,29,13,54,54,1,team_game_log
2024-25,22400449,2024-12-31,1610612761,TOR,Toronto Raptors,TOR @ BOS,L,71,0.314,0.25,0.636,44,18,21,-54,-54,0,team_game_log
2024-25,22400450,2024-12-31,1610612749,MIL,Milwaukee Bucks,MIL @ IND,W,120,0.464,0.364,0.75,51,27,12,8,8,1,team_game_log
2024-25,22400450,2024-12-31,1610612754,IND,Indiana Pacers,IND vs. MIL,L,112,0.444,0.351,0.633,50,26,18,-8,-8,0,team_game_log
2024-25,22400451,2024-12-31,1610612746,LAC,LA Clippers,LAC @ SAS,L,86,0.345,0.268,0.833,41,17,14,-36,-36,0,team_game_log
2024-25,22400451,2024-12-31,1610612759,SAS,San Antonio Spurs,SAS vs. LAC,W,122,0.49,0.225,0.895,58,37,9,36,36,1,team_game_log
2024-25,22400452,2024-12-31,1610612750,MIN,Minnesota Timberwolves,MIN @ OKC,L,105,0.494,0.395,1.0,43,21,24,-8,-8,0,team_game_log
2024-25,22400452,2024-12-31,1610612760,OKC,Oklahoma City Thunder,OKC vs. MIN,W,113,0.472,0.333,0.739,37,25,12,8,8,1,team_game_log
2024-25,22400453,2024-12-31,1610612756,PHX,Phoenix Suns,PHX vs. MEM,L,112,0.457,0.3,0.76,43,28,17,-5,-5,0,team_game_log
2024-25,22400453,2024-12-31,1610612763,MEM,Memphis Grizzlies,MEM @ PHX,W,117,0.426,0.341,0.667,51,27,17,5,5,1,team_game_log
2024-25,22400454,2024-12-31,1610612739,CLE,Cleveland Cavaliers,CLE @ LAL,W,122,0.484,0.391,0.824,48,32,11,12,12,1,team_game_log
2024-25,22400454,2024-12-31,1610612747,LAL,Los Angeles Lakers,LAL vs. CLE,L,110,0.442,0.257,0.895,43,26,9,-12,-12,0,team_game_log
2024-25,22400455,2025-01-01,1610612753,ORL,Orlando Magic,ORL @ DET,L,96,0.407,0.229,0.7,33,18,13,-9,-9,0,team_game_log
2024-25,22400455,2025-01-01,1610612765,DET,Detroit Pistons,DET vs. ORL,W,105,0.519,0.414,0.647,49,25,24,9,9,1,team_game_log
2024-25,22400456,2025-01-01,1610612741,CHI,Chicago Bulls,CHI @ WAS,L,107,0.446,0.298,0.786,44,28,20,-18,-18,0,team_game_log
2024-25,22400456,2025-01-01,1610612764,WAS,Washington Wizards,WAS vs. CHI,W,125,0.495,0.472,0.833,42,36,17,18,18,1,team_game_log
2024-25,22400457,2025-01-01,1610612740,NOP,New Orleans Pelicans,NOP @ MIA,L,108,0.5,0.265,0.864,31,25,11,-11,-11,0,team_game_log
2024-25,22400457,2025-01-01,1610612748,MIA,Miami Heat,MIA vs. NOP,W,119,0.53,0.412,0.81,38,34,13,11,11,1,team_game_log
2024-25,22400458,2025-01-01,1610612752,NYK,New York Knicks,NYK vs. UTA,W,119,0.553,0.391,0.696,47,31,13,16,16,1,team_game_log
2024-25,22400458,2025-01-01,1610612762,UTA,Utah Jazz,UTA @ NYK,L,103,0.406,0.302,0.8,45,23,17,-16,-16,0,team_game_log
2024-25,22400459,2025-01-01,1610612751,BKN,Brooklyn Nets,BKN @ TOR,L,113,0.483,0.297,0.9,32,28,13,-17,-17,0,team_game_log
2024-25,22400459,2025-01-01,1610612761,TOR,Toronto Raptors,TOR vs. BKN,W,130,0.591,0.5,0.769,39,36,11,17,17,1,team_game_log
2024-25,22400460,2025-01-01,1610612742,DAL,Dallas Mavericks,DAL @ HOU,L,99,0.533,0.393,0.5,38,19,20,-11,-11,0,team_game_log
2024-25,22400460,2025-01-01,1610612745,HOU,Houston Rockets,HOU vs. DAL,W,110,0.472,0.32,0.783,35,16,14,11,11,1,team_game_log
2024-25,22400461,2025-01-01,1610612737,ATL,Atlanta Hawks,ATL @ DEN,L,120,0.45,0.348,0.667,44,34,14,-19,-19,0,team_game_log
2024-25,22400461,2025-01-01,1610612743,DEN,Denver Nuggets,DEN vs. ATL,W,139,0.564,0.4,1.0,43,44,13,19,19,1,team_game_log
2024-25,22400462,2025-01-01,1610612755,PHI,Philadelphia 76ers,PHI @ SAC,L,107,0.476,0.375,0.857,34,24,19,-6,-6,0,team_game_log
2024-25,22400462,2025-01-01,1610612758,SAC,Sacramento Kings,SAC vs. PHI,W,113,0.488,0.29,0.917,45,24,17,6,6,1,team_game_log
2024-25,22400463,2025-01-02,1610612748,MIA,Miami Heat,MIA vs. IND,L,115,0.573,0.423,0.857,39,34,16,-13,-13,0,team_game_log
2024-25,22400463,2025-01-02,1610612754,IND,Indiana Pacers,IND @ MIA,W,128,0.531,0.425,0.563,39,35,8,13,13,1,team_game_log
2024-25,22400464,2025-01-02,1610612738,BOS,Boston Celtics,BOS @ MIN,W,118,0.5,0.386,0.667,31,30,4,3,3,1,team_game_log
2024-25,22400464,2025-01-02,1610612750,MIN,Minnesota Timberwolves,MIN vs. BOS,L,115,0.5,0.538,0.909,41,24,16,-3,-3,0,team_game_log
2024-25,22400465,2025-01-02,1610612749,MIL,Milwaukee Bucks,MIL vs. BKN,L,110,0.444,0.297,0.679,46,21,14,-3,-3,0,team_game_log
2024-25,22400465,2025-01-02,1610612751,BKN,Brooklyn Nets,BKN @ MIL,W,113,0.432,0.308,0.893,51,26,14,3,3,1,team_game_log
2024-25,22400466,2025-01-02,1610612746,LAC,LA Clippers,LAC @ OKC,L,98,0.469,0.344,0.647,45,25,20,-18,-18,0,team_game_log
2024-25,22400466,2025-01-02,1610612760,OKC,Oklahoma City Thunder,OKC vs. LAC,W,116,0.5,0.368,0.8,35,29,10,18,18,1,team_game_log
2024-25,22400467,2025-01-02,1610612744,GSW,Golden State Warriors,GSW vs. PHI,W,139,0.609,0.564,0.733,43,41,12,34,34,1,team_game_log
2024-25,22400467,2025-01-02,1610612755,PHI,Philadelphia 76ers,PHI @ GSW,L,105,0.42,0.29,0.824,33,17,11,-34,-34,0,team_game_log
2024-25,22400468,2025-01-02,1610612747,LAL,Los Angeles Lakers,LAL vs. POR,W,114,0.457,0.349,0.929,43,30,13,8,8,1,team_game_log
2024-25,22400468,2025-01-02,1610612757,POR,Portland Trail Blazers,POR @ LAL,L,106,0.5,0.346,0.81,42,24,18,-8,-8,0,team_game_log
2024-25,22400469,2025-01-03,1610612765,DET,Detroit Pistons,DET vs. CHA,W,98,0.419,0.324,0.615,51,21,15,4,4,1,team_game_log
2024-25,22400469,2025-01-03,1610612766,CHA,Charlotte Hornets,CHA @ DET,L,94,0.413,0.3,0.633,45,25,18,-4,-4,0,team_game_log
2024-25,22400470,2025-01-03,1610612753,ORL,Orlando Magic,ORL @ TOR,W,106,0.468,0.432,0.765,42,32,14,9,9,1,team_game_log
2024-25,22400470,2025-01-03,1610612761,TOR,Toronto Raptors,TOR vs. ORL,L,97,0.475,0.345,0.846,37,28,11,-9,-9,0,team_game_log
2024-25,22400471,2025-01-03,1610612738,BOS,Boston Celtics,BOS @ HOU,W,109,0.506,0.487,0.667,41,20,14,23,23,1,team_game_log
2024-25,22400471,2025-01-03,1610612745,HOU,Houston Rockets,HOU vs. BOS,L,86,0.364,0.278,1.0,37,9,14,-23,-23,0,team_game_log
2024-25,22400472,2025-01-03,1610612740,NOP,New Orleans Pelicans,NOP vs. WAS,W,132,0.5,0.439,0.818,37,36,8,12,12,1,team_game_log
2024-25,22400472,2025-01-03,1610612764,WAS,Washington Wizards,WAS @ NOP,L,120,0.536,0.321,0.778,48,28,21,-12,-12,0,team_game_log
2024-25,22400473,2025-01-03,1610612752,NYK,New York Knicks,NYK @ OKC,L,107,0.478,0.281,0.706,42,22,12,-10,-10,0,team_game_log
2024-25,22400473,2025-01-03,1610612760,OKC,Oklahoma City Thunder,OKC vs. NYK,W,117,0.512,0.519,0.81,41,27,13,10,10,1,team_game_log
2024-25,22400474,2025-01-03,1610612739,CLE,Cleveland Cavaliers,CLE @ DAL,W,134,0.531,0.375,0.75,46,38,8,12,12,1,team_game_log
2024-25,22400474,2025-01-03,1610612742,DAL,Dallas Mavericks,DAL vs. CLE,L,122,0.43,0.273,0.8,53,29,12,-12,-12,0,team_game_log
2024-25,22400475,2025-01-03,1610612743,DEN,Denver Nuggets,DEN vs. SAS,L,110,0.433,0.385,0.688,46,33,8,-3,-3,0,team_game_log
2024-25,22400475,2025-01-03,1610612759,SAS,San Antonio Spurs,SAS @ DEN,W,113,0.465,0.361,0.615,56,31,13,3,3,1,team_game_log
2024-25,22400476,2025-01-03,1610612758,SAC,Sacramento Kings,SAC vs. MEM,W,138,0.495,0.447,0.826,37,32,10,5,5,1,team_game_log
2024-25,22400476,2025-01-03,1610612763,MEM,Memphis Grizzlies,MEM @ SAC,L,133,0.483,0.459,0.833,51,31,17,-5,-5,0,team_game_log
2024-25,22400477,2025-01-03,1610612737,ATL,Atlanta Hawks,ATL @ LAL,L,102,0.41,0.176,0.778,39,22,8,-17,-17,0,team_game_log
2024-25,22400477,2025-01-03,1610612747,LAL,Los Angeles Lakers,LAL vs. ATL,W,119,0.489,0.433,0.8,56,28,19,17,17,1,team_game_log
2024-25,22400478,2025-01-04,1610612751,BKN,Brooklyn Nets,BKN vs. PHI,L,94,0.415,0.341,0.632,39,22,22,-29,-29,0,team_game_log
2024-25,22400478,2025-01-04,1610612755,PHI,Philadelphia 76ers,PHI @ BKN,W,123,0.512,0.375,0.8,50,31,18,29,29,1,team_game_log
2024-25,22400479,2025-01-04,1610612750,MIN,Minnesota Timberwolves,MIN @ DET,L,105,0.425,0.4,0.808,33,20,17,-14,-14,0,team_game_log
2024-25,22400479,2025-01-04,1610612765,DET,Detroit Pistons,DET vs. MIN,W,119,0.484,0.342,0.8,47,26,14,14,14,1,team_game_log
2024-25,22400480,2025-01-04,1610612754,IND,Indiana Pacers,IND vs. PHX,W,126,0.479,0.375,0.905,47,35,8,18,18,1,team_game_log
2024-25,22400480,2025-01-04,1610612756,PHX,Phoenix Suns,PHX @ IND,L,108,0.487,0.4,0.952,36,30,13,-18,-18,0,team_game_log
2024-25,22400481,2025-01-04,1610612748,MIA,Miami Heat,MIA vs. UTA,L,100,0.438,0.257,0.7,32,25,15,-36,-36,0,team_game_log
2024-25,22400481,2025-01-04,1610612762,UTA,Utah Jazz,UTA @ MIA,W,136,0.52,0.413,0.813,57,31,14,36,36,1,team_game_log
2024-25,22400482,2025-01-04,1610612741,CHI,Chicago Bulls,CHI vs. NYK,W,139,0.543,0.541,0.944,43,36,13,13,13,1,team_game_log
2024-25,22400482,2025-01-04,1610612752,NYK,New York Knicks,NYK @ CHI,L,126,0.495,0.267,0.786,49,27,13,-13,-13,0,team_game_log
2024-25,22400483,2025-01-04,1610612749,MIL,Milwaukee Bucks,MIL vs. POR,L,102,0.432,0.317,0.778,43,25,11,-3,-3,0,team_game_log
2024-25,22400483,2025-01-04,1610612757,POR,Portland Trail Blazers,POR @ MIL,W,105,0.482,0.361,0.769,55,21,18,3,3,1,team_game_log
2024-25,22400484,2025-01-04,1610612743,DEN,Denver Nuggets,DEN @ SAS,W,122,0.435,0.303,0.783,58,32,7,11,11,1,team_game_log
2024-25,22400484,2025-01-04,1610612759,SAS,San Antonio Spurs,SAS vs. DEN,L,111,0.394,0.271,0.889,58,28,14,-11,-11,0,team_game_log
2024-25,22400485,2025-01-04,1610612744,GSW,Golden State Warriors,GSW vs. MEM,W,121,0.524,0.535,0.625,29,32,18,8,8,1,team_game_log
2024-25,22400485,2025-01-04,1610612763,MEM,Memphis Grizzlies,MEM @ GSW,L,113,0.523,0.333,0.75,43,29,23,-8,-8,0,team_game_log
2024-25,22400486,2025-01-04,1610612737,ATL,Atlanta Hawks,ATL @ LAC,L,105,0.432,0.348,0.765,43,30,23,-26,-26,0,team_game_log
2024-25,22400486,2025-01-04,1610612746,LAC,LA Clippers,LAC vs. ATL,W,131,0.552,0.361,0.706,48,36,17,26,26,1,team_game_log
2024-25,22400487,2025-01-05,1610612738,BOS,Boston Celtics,BOS @ OKC,L,92,0.365,0.196,0.875,48,17,16,-13,-13,0,team_game_log
2024-25,22400487,2025-01-05,1610612760,OKC,Oklahoma City Thunder,OKC vs. BOS,W,105,0.448,0.421,0.846,46,22,16,13,13,1,team_game_log
2024-25,22400488,2025-01-05,1610612739,CLE,Cleveland Cavaliers,CLE vs. CHA,W,115,0.478,0.349,0.75,41,29,12,10,10,1,team_game_log
2024-25,22400488,2025-01-05,1610612766,CHA,Charlotte Hornets,CHA @ CLE,L,105,0.418,0.357,0.737,48,19,16,-10,-10,0,team_game_log
2024-25,22400489,2025-01-05,1610612740,NOP,New Orleans Pelicans,NOP @ WAS,W,110,0.411,0.367,0.9,49,26,12,12,12,1,team_game_log
2024-25,22400489,2025-01-05,1610612764,WAS,Washington Wizards,WAS vs. NOP,L,98,0.427,0.268,0.786,46,25,16,-12,-12,0,team_game_log
2024-25,22400490,2025-01-05,1610612753,ORL,Orlando Magic,ORL vs. UTA,L,92,0.357,0.298,0.615,43,25,11,-13,-13,0,team_game_log
2024-25,22400490,2025-01-05,1610612762,UTA,Utah Jazz,UTA @ ORL,W,105,0.481,0.344,0.889,50,21,22,13,13,1,team_game_log
2024-25,22400491,2025-01-05,1610612745,HOU,Houston Rockets,HOU vs. LAL,W,119,0.475,0.35,0.579,49,19,6,4,4,1,team_game_log
2024-25,22400491,2025-01-05,1610612747,LAL,Los Angeles Lakers,LAL @ HOU,L,115,0.487,0.444,0.821,39,26,10,-4,-4,0,team_game_log
2024-25,22400492,2025-01-05,1610612744,GSW,Golden State Warriors,GSW vs. SAC,L,99,0.457,0.343,0.722,35,22,22,-30,-30,0,team_game_log
2024-25,22400492,2025-01-05,1610612758,SAC,Sacramento Kings,SAC @ GSW,W,129,0.517,0.442,0.909,43,31,16,30,30,1,team_game_log
2024-25,22400493,2025-01-06,1610612757,POR,Portland Trail Blazers,POR @ DET,L,115,0.533,0.457,0.6,38,32,16,-3,-3,0,team_game_log
2024-25,22400493,2025-01-06,1610612765,DET,Detroit Pistons,DET vs. POR,W,118,0.447,0.349,0.864,45,23,15,3,3,1,team_game_log
2024-25,22400494,2025-01-06,1610612755,PHI,Philadelphia 76ers,PHI vs. PHX,L,99,0.391,0.375,0.615,46,20,10,-10,-10,0,team_game_log
2024-25,22400494,2025-01-06,1610612756,PHX,Phoenix Suns,PHX @ PHI,W,109,0.506,0.452,0.684,44,32,12,10,10,1,team_game_log
2024-25,22400495,2025-01-06,1610612751,BKN,Brooklyn Nets,BKN vs. IND,L,99,0.418,0.303,0.636,51,23,14,-14,-14,0,team_game_log
2024-25,22400495,2025-01-06,1610612754,IND,Indiana Pacers,IND @ BKN,W,113,0.506,0.387,0.913,35,22,12,14,14,1,team_game_log
2024-25,22400496,2025-01-06,1610612752,NYK,New York Knicks,NYK vs. ORL,L,94,0.444,0.182,0.818,38,16,12,-9,-9,0,team_game_log
2024-25,22400496,2025-01-06,1610612753,ORL,Orlando Magic,ORL @ NYK,W,103,0.5,0.355,0.778,39,23,12,9,9,1,team_game_log
2024-25,22400497,2025-01-06,1610612749,MIL,Milwaukee Bucks,MIL @ TOR,W,128,0.573,0.5,0.8,46,37,21,24,24,1,team_game_log
2024-25,22400497,2025-01-06,1610612761,TOR,Toronto Raptors,TOR vs. MIL,L,104,0.451,0.257,0.619,35,27,15,-24,-24,0,team_game_log
2024-25,22400498,2025-01-06,1610612741,CHI,Chicago Bulls,CHI vs. SAS,W,114,0.431,0.333,0.867,47,25,13,4,4,1,team_game_log
2024-25,22400498,2025-01-06,1610612759,SAS,San Antonio Spurs,SAS @ CHI,L,110,0.463,0.326,0.583,49,31,17,-4,-4,0,team_game_log
2024-25,22400499,2025-01-06,1610612742,DAL,Dallas Mavericks,DAL @ MEM,L,104,0.408,0.361,0.733,50,25,15,-15,-15,0,team_game_log
2024-25,22400499,2025-01-06,1610612763,MEM,Memphis Grizzlies,MEM vs. DAL,W,119,0.455,0.343,0.771,55,24,15,15,15,1,team_game_log
2024-25,22400500,2025-01-06,1610612746,LAC,LA Clippers,LAC @ MIN,L,106,0.416,0.343,0.8,49,23,13,-2,-2,0,team_game_log
2024-25,22400500,2025-01-06,1610612750,MIN,Minnesota Timberwolves,MIN vs. LAC,W,108,0.446,0.41,0.588,55,24,15,2,2,1,team_game_log
2024-25,22400501,2025-01-06,1610612748,MIA,Miami Heat,MIA @ SAC,L,118,0.422,0.262,0.778,53,25,14,-5,-5,0,team_game_log
2024-25,22400501,2025-01-06,1610612758,SAC,Sacramento Kings,SAC vs. MIA,W,123,0.417,0.342,0.769,60,30,15,5,5,1,team_game_log
2024-25,22400502,2025-01-07,1610612756,PHX,Phoenix Suns,PHX @ CHA,L,104,0.424,0.242,0.947,42,27,11,-11,-11,0,team_game_log
2024-25,22400502,2025-01-07,1610612766,CHA,Charlotte Hornets,CHA vs. PHX,W,115,0.388,0.277,0.897,59,23,14,11,11,1,team_game_log
2024-25,22400503,2025-01-07,1610612745,HOU,Houston Rockets,HOU @ WAS,W,135,0.515,0.395,0.87,49,31,10,23,23,1,team_game_log
2024-25,22400503,2025-01-07,1610612764,WAS,Washington Wizards,WAS vs. HOU,L,112,0.461,0.375,0.75,43,21,18,-23,-23,0,team_game_log
2024-25,22400504,2025-01-07,1610612742,DAL,Dallas Mavericks,DAL vs. LAL,W,118,0.523,0.474,0.714,44,29,13,21,21,1,team_game_log
2024-25,22400504,2025-01-07,1610612747,LAL,Los Angeles Lakers,LAL @ DAL,L,97,0.453,0.314,0.75,33,20,10,-21,-21,0,team_game_log
2024-25,22400505,2025-01-07,1610612740,NOP,New Orleans Pelicans,NOP vs. MIN,L,97,0.372,0.293,0.625,46,23,14,-7,-7,0,team_game_log
2024-25,22400505,2025-01-07,1610612750,MIN,Minnesota Timberwolves,MIN @ NOP,W,104,0.427,0.341,0.684,53,26,17,7,7,1,team_game_log
2024-25,22400506,2025-01-07,1610612737,ATL,Atlanta Hawks,ATL @ UTA,W,124,0.48,0.409,0.8,44,35,10,3,3,1,team_game_log
2024-25,22400506,2025-01-07,1610612762,UTA,Utah Jazz,UTA vs. ATL,L,121,0.417,0.396,0.88,47,25,16,-3,-3,0,team_game_log
2024-25,22400507,2025-01-07,1610612738,BOS,Boston Celtics,BOS @ DEN,W,118,0.5,0.343,0.9,41,30,12,12,12,1,team_game_log
2024-25,22400507,2025-01-07,1610612743,DEN,Denver Nuggets,DEN vs. BOS,L,106,0.46,0.389,0.8,39,22,16,-12,-12,0,team_game_log
2024-25,22400508,2025-01-07,1610612744,GSW,Golden State Warriors,GSW vs. MIA,L,98,0.408,0.28,0.8,52,28,12,-16,-16,0,team_game_log
2024-25,22400508,2025-01-07,1610612748,MIA,Miami Heat,MIA @ GSW,W,114,0.473,0.4,0.706,48,32,10,16,16,1,team_game_log
2024-25,22400509,2025-01-08,1610612739,CLE,Cleveland Cavaliers,CLE vs. OKC,W,129,0.522,0.417,0.741,40,36,15,7,7,1,team_game_log
2024-25,22400509,2025-01-08,1610612760,OKC,Oklahoma City Thunder,OKC @ CLE,L,122,0.533,0.355,0.882,38,35,13,-7,-7,0,team_game_log
2024-25,22400510,2025-01-08,1610612741,CHI,Chicago Bulls,CHI @ IND,L,113,0.512,0.343,0.684,39,23,18,-16,-16,0,team_game_log
2024-25,22400510,2025-01-08,1610612754,IND,Indiana Pacers,IND vs. CHI,W,129,0.52,0.345,0.625,46,37,13,16,16,1,team_game_log
2024-25,22400511,2025-01-08,1610612752,NYK,New York Knicks,NYK vs. TOR,W,112,0.477,0.364,0.8,43,24,16,14,14,1,team_game_log
2024-25,22400511,2025-01-08,1610612761,TOR,Toronto Raptors,TOR @ NYK,L,98,0.494,0.385,0.8,33,25,17,-14,-14,0,team_game_log
2024-25,22400512,2025-01-08,1610612755,PHI,Philadelphia 76ers,PHI vs. WAS,W,109,0.455,0.341,0.737,36,21,9,6,6,1,team_game_log
2024-25,22400512,2025-01-08,1610612764,WAS,Washington Wizards,WAS @ PHI,L,103,0.447,0.433,0.667,51,26,18,-6,-6,0,team_game_log
2024-25,22400513,2025-01-08,1610612751,BKN,Brooklyn Nets,BKN vs. DET,L,98,0.384,0.333,0.905,38,24,15,-15,-15,0,team_game_log
2024-25,22400513,2025-01-08,1610612765,DET,Detroit Pistons,DET @ BKN,W,113,0.523,0.405,0.667,42,30,15,15,15,1,team_game_log
2024-25,22400514,2025-01-08,1610612740,NOP,New Orleans Pelicans,NOP vs. POR,L,100,0.444,0.324,0.727,41,19,19,-19,-19,0,team_game_log
2024-25,22400514,2025-01-08,1610612757,POR,Portland Trail Blazers,POR @ NOP,W,119,0.545,0.361,0.769,44,24,15,19,19,1,team_game_log
2024-25,22400515,2025-01-08,1610612743,DEN,Denver Nuggets,DEN vs. LAC,W,126,0.551,0.486,0.647,45,29,12,23,23,1,team_game_log
2024-25,22400515,2025-01-08,1610612746,LAC,LA Clippers,LAC @ DEN,L,103,0.375,0.289,0.8,40,14,12,-23,-23,0,team_game_log
2024-25,22400516,2025-01-08,1610612749,MIL,Milwaukee Bucks,MIL vs. SAS,W,121,0.478,0.452,0.7,57,26,11,16,16,1,team_game_log
2024-25,22400516,2025-01-08,1610612759,SAS,San Antonio Spurs,SAS @ MIL,L,105,0.368,0.346,0.85,46,24,9,-16,-16,0,team_game_log
2024-25,22400517,2025-01-09,1610612739,CLE,Cleveland Cavaliers,CLE vs. TOR,W,132,0.528,0.4,0.8,42,31,11,6,6,1,team_game_log
2024-25,22400517,2025-01-09,1610612761,TOR,Toronto Raptors,TOR @ CLE,L,126,0.596,0.452,0.462,37,34,13,-6,-6,0,team_game_log
2024-25,22400518,2025-01-09,1610612744,GSW,Golden State Warriors,GSW @ DET,W,107,0.461,0.326,0.625,49,32,15,3,3,1,team_game_log
2024-25,22400518,2025-01-09,1610612765,DET,Detroit Pistons,DET vs. GSW,L,104,0.453,0.359,0.75,40,25,15,-3,-3,0,team_game_log
2024-25,22400519,2025-01-09,1610612750,MIN,Minnesota Timberwolves,MIN @ ORL,W,104,0.4,0.353,0.774,50,21,10,15,15,1,team_game_log
2024-25,22400519,2025-01-09,1610612753,ORL,Orlando Magic,ORL vs. MIN,L,89,0.379,0.25,0.684,47,21,16,-15,-15,0,team_game_log
2024-25,22400520,2025-01-09,1610612745,HOU,Houston Rockets,HOU @ MEM,W,119,0.427,0.382,0.585,44,21,13,4,4,1,team_game_log
2024-25,22400520,2025-01-09,1610612763,MEM,Memphis Grizzlies,MEM vs. HOU,L,115,0.5,0.313,0.7,43,20,20,-4,-4,0,team_game_log
2024-25,22400521,2025-01-09,1610612742,DAL,Dallas Mavericks,DAL vs. POR,W,117,0.455,0.333,0.9,53,26,14,6,6,1,team_game_log
2024-25,22400521,2025-01-09,1610612757,POR,Portland Trail Blazers,POR @ DAL,L,111,0.419,0.444,0.85,43,24,13,-6,-6,0,team_game_log
2024-25,22400522,2025-01-09,1610612737,ATL,Atlanta Hawks,ATL @ PHX,L,115,0.488,0.469,0.941,32,32,11,-8,-8,0,team_game_log
2024-25,22400522,2025-01-09,1610612756,PHX,Phoenix Suns,PHX vs. ATL,W,123,0.576,0.394,0.8,42,33,16,8,8,1,team_game_log
2024-25,22400523,2025-01-09,1610612748,MIA,Miami Heat,MIA @ UTA,W,97,0.396,0.28,0.733,49,26,14,5,5,1,team_game_log
2024-25,22400523,2025-01-09,1610612762,UTA,Utah Jazz,UTA vs. MIA,L,92,0.398,0.306,0.882,49,20,17,-5,-5,0,team_game_log
2024-25,22400525,2025-01-10,1610612744,GSW,Golden State Warriors,GSW @ IND,L,96,0.418,0.263,0.769,42,25,14,-12,-12,0,team_game_log
2024-25,22400525,2025-01-10,1610612754,IND,Indiana Pacers,IND vs. GSW,W,108,0.524,0.333,0.684,48,27,15,12,12,1,team_game_log
2024-25,22400526,2025-01-10,1610612749,MIL,Milwaukee Bucks,MIL @ ORL,W,109,0.518,0.36,0.609,43,18,13,3,3,1,team_game_log
2024-25,22400526,2025-01-10,1610612753,ORL,Orlando Magic,ORL vs. MIL,L,106,0.43,0.35,0.692,44,20,11,-3,-3,0,team_game_log
2024-25,22400527,2025-01-10,1610612740,NOP,New Orleans Pelicans,NOP @ PHI,W,123,0.484,0.45,0.654,44,31,12,8,8,1,team_game_log
2024-25,22400527,2025-01-10,1610612755,PHI,Philadelphia 76ers,PHI vs. NOP,L,115,0.462,0.368,0.895,42,23,9,-8,-8,0,team_game_log
2024-25,22400528,2025-01-10,1610612738,BOS,Boston Celtics,BOS vs. SAC,L,97,0.405,0.268,0.818,43,22,15,-17,-17,0,team_game_log
2024-25,22400528,2025-01-10,1610612758,SAC,Sacramento Kings,SAC @ BOS,W,114,0.431,0.383,0.889,56,26,12,17,17,1,team_game_log
2024-25,22400529,2025-01-10,1610612752,NYK,New York Knicks,NYK vs. OKC,L,101,0.385,0.129,1.0,43,18,12,-25,-25,0,team_game_log
2024-25,22400529,2025-01-10,1610612760,OKC,Oklahoma City Thunder,OKC @ NYK,W,126,0.539,0.519,0.889,46,20,15,25,25,1,team_game_log
2024-25,22400530,2025-01-10,1610612741,CHI,Chicago Bulls,CHI vs. WAS,W,138,0.558,0.469,0.643,55,39,15,33,33,1,team_game_log
2024-25,22400530,2025-01-10,1610612764,WAS,Washington Wizards,WAS @ CHI,L,105,0.398,0.391,0.692,45,26,16,-33,-33,0,team_game_log
2024-25,22400531,2025-01-10,1610612743,DEN,Denver Nuggets,DEN vs. BKN,W,124,0.517,0.375,0.758,49,34,15,19,19,1,team_game_log
2024-25,22400531,2025-01-10,1610612751,BKN,Brooklyn Nets,BKN @ DEN,L,105,0.422,0.311,0.789,39,26,17,-19,-19,0,team_game_log
2024-25,22400533,2025-01-11,1610612756,PHX,Phoenix Suns,PHX vs. UTA,W,114,0.512,0.351,0.684,38,26,11,8,8,1,team_game_log
2024-25,22400533,2025-01-11,1610612762,UTA,Utah Jazz,UTA @ PHX,L,106,0.438,0.214,0.722,50,26,13,-8,-8,0,team_game_log
2024-25,22400534,2025-01-11,1610612761,TOR,Toronto Raptors,TOR @ DET,L,114,0.435,0.421,0.667,45,27,12,-9,-9,0,team_game_log
2024-25,22400534,2025-01-11,1610612765,DET,Detroit Pistons,DET vs. TOR,W,123,0.524,0.576,0.762,46,35,17,9,9,1,team_game_log
2024-25,22400535,2025-01-11,1610612750,MIN,Minnesota Timberwolves,MIN vs. MEM,L,125,0.566,0.405,0.737,41,37,19,-2,-2,0,team_game_log
2024-25,22400535,2025-01-11,1610612763,MEM,Memphis Grizzlies,MEM @ MIN,W,127,0.444,0.39,0.789,46,25,13,2,2,1,team_game_log
2024-25,22400536,2025-01-11,1610612748,MIA,Miami Heat,MIA @ POR,W,119,0.478,0.432,0.75,43,31,11,21,21,1,team_game_log
2024-25,22400536,2025-01-11,1610612757,POR,Portland Trail Blazers,POR vs. MIA,L,98,0.379,0.289,0.684,51,24,17,-21,-21,0,team_game_log
2024-25,22400539,2025-01-12,1610612749,MIL,Milwaukee Bucks,MIL @ NYK,L,106,0.457,0.294,0.588,39,22,14,-34,-34,0,team_game_log
2024-25,22400539,2025-01-12,1610612752,NYK,New York Knicks,NYK vs. MIL,W,140,0.58,0.439,0.833,49,29,12,34,34,1,team_game_log
2024-25,22400540,2025-01-12,1610612742,DAL,Dallas Mavericks,DAL vs. DEN,L,101,0.412,0.353,0.76,37,27,12,-11,-11,0,team_game_log
2024-25,22400540,2025-01-12,1610612743,DEN,Denver Nuggets,DEN @ DAL,W,112,0.489,0.219,0.65,55,23,14,11,11,1,team_game_log
2024-25,22400541,2025-01-12,1610612741,CHI,Chicago Bulls,CHI vs. SAC,L,119,0.462,0.486,0.75,45,26,8,-5,-5,0,team_game_log
2024-25,22400541,2025-01-12,1610612758,SAC,Sacramento Kings,SAC @ CHI,W,124,0.495,0.333,0.81,53,33,8,5,5,1,team_game_log
2024-25,22400542,2025-01-12,1610612738,BOS,Boston Celtics,BOS vs. NOP,W,120,0.436,0.295,0.826,55,23,12,1,1,1,team_game_log
2024-25,22400542,2025-01-12,1610612740,NOP,New Orleans Pelicans,NOP @ BOS,L,119,0.465,0.459,0.846,42,24,10,-1,-1,0,team_game_log
2024-25,22400543,2025-01-12,1610612739,CLE,Cleveland Cavaliers,CLE vs. IND,L,93,0.398,0.268,0.889,44,24,13,-15,-15,0,team_game_log
2024-25,22400543,2025-01-12,1610612754,IND,Indiana Pacers,IND @ CLE,W,108,0.467,0.314,0.611,50,30,12,15,15,1,team_game_log
2024-25,22400544,2025-01-12,1610612753,ORL,Orlando Magic,ORL vs. PHI,W,104,0.488,0.233,0.679,41,23,17,5,5,1,team_game_log
2024-25,22400544,2025-01-12,1610612755,PHI,Philadelphia 76ers,PHI @ ORL,L,99,0.458,0.414,0.955,29,17,18,-5,-5,0,team_game_log
2024-25,22400545,2025-01-12,1610612760,OKC,Oklahoma City Thunder,OKC @ WAS,W,136,0.474,0.371,0.943,56,26,13,41,41,1,team_game_log
2024-25,22400545,2025-01-12,1610612764,WAS,Washington Wizards,WAS vs. OKC,L,95,0.337,0.196,0.909,39,20,18,-41,-41,0,team_game_log
2024-25,22400546,2025-01-12,1610612751,BKN,Brooklyn Nets,BKN @ UTA,L,111,0.424,0.25,0.657,54,26,11,-1,-1,0,team_game_log
2024-25,22400546,2025-01-12,1610612762,UTA,Utah Jazz,UTA vs. BKN,W,112,0.444,0.386,0.75,41,25,11,1,1,1,team_game_log
2024-25,22400547,2025-01-12,1610612756,PHX,Phoenix Suns,PHX vs. CHA,W,120,0.483,0.415,0.864,39,31,12,7,7,1,team_game_log
2024-25,22400547,2025-01-12,1610612766,CHA,Charlotte Hornets,CHA @ PHX,L,113,0.446,0.375,0.8,52,30,16,-7,-7,0,team_game_log
2024-25,22400548,2025-01-13,1610612750,MIN,Minnesota Timberwolves,MIN @ WAS,W,120,0.494,0.378,0.774,53,20,19,14,14,1,team_game_log
2024-25,22400548,2025-01-13,1610612764,WAS,Washington Wizards,WAS vs. MIN,L,106,0.44,0.425,0.6,34,27,11,-14,-14,0,team_game_log
2024-25,22400549,2025-01-13,1610612752,NYK,New York Knicks,NYK vs. DET,L,119,0.5,0.405,0.828,42,26,18,-5,-5,0,team_game_log
2024-25,22400549,2025-01-13,1610612765,DET,Detroit Pistons,DET @ NYK,W,124,0.5,0.441,0.944,39,20,13,5,5,1,team_game_log
2024-25,22400550,2025-01-13,1610612744,GSW,Golden State Warriors,GSW @ TOR,L,101,0.398,0.348,0.682,46,23,15,-3,-3,0,team_game_log
2024-25,22400550,2025-01-13,1610612761,TOR,Toronto Raptors,TOR vs. GSW,W,104,0.477,0.414,0.667,44,28,15,3,3,1,team_game_log
2024-25,22400551,2025-01-13,1610612745,HOU,Houston Rockets,HOU vs. MEM,W,120,0.506,0.516,0.71,40,28,23,2,2,1,team_game_log
2024-25,22400551,2025-01-13,1610612763,MEM,Memphis Grizzlies,MEM @ HOU,L,118,0.536,0.438,0.667,31,15,18,-2,-2,0,team_game_log
2024-25,22400552,2025-01-13,1610612747,LAL,Los Angeles Lakers,LAL vs. SAS,L,102,0.448,0.318,0.625,40,24,19,-24,-24,0,team_game_log
2024-25,22400552,2025-01-13,1610612759,SAS,San Antonio Spurs,SAS @ LAL,W,126,0.533,0.371,0.85,41,30,11,24,24,1,team_game_log
2024-25,22400553,2025-01-13,1610612746,LAC,LA Clippers,LAC vs. MIA,W,109,0.484,0.361,0.6,48,28,12,11,11,1,team_game_log
2024-25,22400553,2025-01-13,1610612748,MIA,Miami Heat,MIA @ LAC,L,98,0.388,0.327,0.833,49,22,16,-11,-11,0,team_game_log
2024-25,22400554,2025-01-14,1610612739,CLE,Cleveland Cavaliers,CLE @ IND,W,127,0.483,0.341,0.839,49,25,15,10,10,1,team_game_log
2024-25,22400554,2025-01-14,1610612754,IND,Indiana Pacers,IND vs. CLE,L,117,0.484,0.429,0.773,37,30,14,-10,-10,0,team_game_log
2024-25,22400555,2025-01-14,1610612755,PHI,Philadelphia 76ers,PHI vs. OKC,L,102,0.44,0.295,0.75,35,23,22,-16,-16,0,team_game_log
2024-25,22400555,2025-01-14,1610612760,OKC,Oklahoma City Thunder,OKC @ PHI,W,118,0.556,0.333,0.889,38,32,18,16,16,1,team_game_log
2024-25,22400556,2025-01-14,1610612737,ATL,Atlanta Hawks,ATL vs. PHX,W,122,0.439,0.415,0.731,54,22,14,5,5,1,team_game_log
2024-25,22400556,2025-01-14,1610612756,PHX,Phoenix Suns,PHX @ ATL,L,117,0.512,0.371,0.667,37,28,13,-5,-5,0,team_game_log
2024-25,22400557,2025-01-14,1610612740,NOP,New Orleans Pelicans,NOP @ CHI,W,119,0.438,0.28,0.808,46,32,10,6,6,1,team_game_log
2024-25,22400557,2025-01-14,1610612741,CHI,Chicago Bulls,CHI vs. NOP,L,113,0.441,0.326,0.75,57,31,15,-6,-6,0,team_game_log
2024-25,22400558,2025-01-14,1610612749,MIL,Milwaukee Bucks,MIL vs. SAC,W,130,0.495,0.378,0.833,52,32,9,15,15,1,team_game_log
2024-25,22400558,2025-01-14,1610612758,SAC,Sacramento Kings,SAC @ MIL,L,115,0.442,0.405,0.778,45,25,9,-15,-15,0,team_game_log
2024-25,22400559,2025-01-14,1610612742,DAL,Dallas Mavericks,DAL vs. DEN,L,99,0.422,0.281,0.636,30,27,12,-19,-19,0,team_game_log
2024-25,22400559,2025-01-14,1610612743,DEN,Denver Nuggets,DEN @ DAL,W,118,0.518,0.448,0.864,51,28,20,19,19,1,team_game_log
2024-25,22400560,2025-01-14,1610612751,BKN,Brooklyn Nets,BKN @ POR,W,132,0.544,0.463,0.833,44,36,13,18,18,1,team_game_log
2024-25,22400560,2025-01-14,1610612757,POR,Portland Trail Blazers,POR vs. BKN,L,114,0.453,0.447,0.792,38,20,17,-18,-18,0,team_game_log
2024-25,22400561,2025-01-15,1610612752,NYK,New York Knicks,NYK @ PHI,W,125,0.535,0.432,0.708,45,28,16,6,6,1,team_game_log
2024-25,22400561,2025-01-15,1610612755,PHI,Philadelphia 76ers,PHI vs. NYK,L,119,0.5,0.371,1.0,35,27,12,-6,-6,0,team_game_log
2024-25,22400562,2025-01-15,1610612738,BOS,Boston Celtics,BOS @ TOR,L,97,0.396,0.348,0.5,45,24,9,-13,-13,0,team_game_log
2024-25,22400562,2025-01-15,1610612761,TOR,Toronto Raptors,TOR vs. BOS,W,110,0.506,0.324,0.6,56,35,11,13,13,1,team_game_log
2024-25,22400563,2025-01-15,1610612737,ATL,Atlanta Hawks,ATL @ CHI,W,110,0.41,0.302,0.682,51,28,11,16,16,1,team_game_log
2024-25,22400563,2025-01-15,1610612741,CHI,Chicago Bulls,CHI vs. ATL,L,94,0.443,0.222,1.0,53,23,20,-16,-16,0,team_game_log
2024-25,22400564,2025-01-15,1610612749,MIL,Milwaukee Bucks,MIL vs. ORL,W,122,0.625,0.583,0.714,49,24,21,29,29,1,team_game_log
2024-25,22400564,2025-01-15,1610612753,ORL,Orlando Magic,ORL @ MIL,L,93,0.347,0.261,0.714,32,24,13,-29,-29,0,team_game_log
2024-25,22400565,2025-01-15,1610612744,GSW,Golden State Warriors,GSW @ MIN,W,116,0.488,0.5,0.857,45,26,13,1,1,1,team_game_log
2024-25,22400565,2025-01-15,1610612750,MIN,Minnesota Timberwolves,MIN vs. GSW,L,115,0.442,0.459,0.759,41,21,9,-1,-1,0,team_game_log
2024-25,22400566,2025-01-15,1610612740,NOP,New Orleans Pelicans,NOP vs. DAL,W,119,0.443,0.333,0.833,49,24,10,3,3,1,team_game_log
2024-25,22400566,2025-01-15,1610612742,DAL,Dallas Mavericks,DAL @ NOP,L,116,0.478,0.343,0.72,45,27,17,-3,-3,0,team_game_log
2024-25,22400567,2025-01-15,1610612759,SAS,San Antonio Spurs,SAS vs. MEM,L,115,0.449,0.372,0.704,44,22,11,-14,-14,0,team_game_log
2024-25,22400567,2025-01-15,1610612763,MEM,Memphis Grizzlies,MEM @ SAS,W,129,0.495,0.421,0.647,52,28,8,14,14,1,team_game_log
2024-25,22400568,2025-01-15,1610612743,DEN,Denver Nuggets,DEN vs. HOU,L,108,0.533,0.483,0.667,36,22,20,-20,-20,0,team_game_log
2024-25,22400568,2025-01-15,1610612745,HOU,Houston Rockets,HOU @ DEN,W,128,0.521,0.447,0.765,40,28,11,20,20,1,team_game_log
2024-25,22400569,2025-01-15,1610612762,UTA,Utah Jazz,UTA vs. CHA,L,112,0.462,0.372,0.588,36,30,12,-5,-5,0,team_game_log
2024-25,22400569,2025-01-15,1610612766,CHA,Charlotte Hornets,CHA @ UTA,W,117,0.529,0.308,0.714,45,27,18,5,5,1,team_game_log
2024-25,22400570,2025-01-15,1610612747,LAL,Los Angeles Lakers,LAL vs. MIA,W,117,0.522,0.382,0.714,34,33,7,9,9,1,team_game_log
2024-25,22400570,2025-01-15,1610612748,MIA,Miami Heat,MIA @ LAL,L,108,0.534,0.444,0.933,37,25,20,-9,-9,0,team_game_log
2024-25,22400571,2025-01-15,1610612746,LAC,LA Clippers,LAC vs. BKN,W,126,0.544,0.375,0.933,46,26,16,59,59,1,team_game_log
2024-25,22400571,2025-01-15,1610612751,BKN,Brooklyn Nets,BKN @ LAC,L,67,0.301,0.179,0.545,39,15,22,-59,-59,0,team_game_log
2024-25,22400572,2025-01-16,1610612754,IND,Indiana Pacers,IND @ DET,W,111,0.461,0.433,0.727,40,28,10,11,11,1,team_game_log
2024-25,22400572,2025-01-16,1610612765,DET,Detroit Pistons,DET vs. IND,L,100,0.396,0.25,0.864,55,22,19,-11,-11,0,team_game_log
2024-25,22400573,2025-01-16,1610612756,PHX,Phoenix Suns,PHX @ WAS,W,130,0.518,0.485,0.839,47,33,16,7,7,1,team_game_log
2024-25,22400573,2025-01-16,1610612764,WAS,Washington Wizards,WAS vs. PHX,L,123,0.5,0.317,0.667,45,28,13,-7,-7,0,team_game_log
2024-25,22400574,2025-01-16,1610612739,CLE,Cleveland Cavaliers,CLE @ OKC,L,114,0.467,0.31,0.81,49,32,21,-20,-20,0,team_game_log
2024-25,22400574,2025-01-16,1610612760,OKC,Oklahoma City Thunder,OKC vs. CLE,W,134,0.505,0.34,0.909,39,25,7,20,20,1,team_game_log
2024-25,22400575,2025-01-16,1610612746,LAC,LA Clippers,LAC @ POR,W,118,0.564,0.435,0.741,50,23,18,29,29,1,team_game_log
2024-25,22400575,2025-01-16,1610612757,POR,Portland Trail Blazers,POR vs. LAC,L,89,0.374,0.265,0.923,37,24,16,-29,-29,0,team_game_log
2024-25,22400576,2025-01-16,1610612745,HOU,Houston Rockets,HOU @ SAC,L,127,0.527,0.364,0.708,46,24,14,-5,-5,0,team_game_log
2024-25,22400576,2025-01-16,1610612758,SAC,Sacramento Kings,SAC vs. HOU,W,132,0.5,0.424,0.909,44,32,12,5,5,1,team_game_log
2024-25,22400577,2025-01-17,1610612738,BOS,Boston Celtics,BOS vs. ORL,W,121,0.525,0.459,0.909,41,25,10,27,27,1,team_game_log
2024-25,22400577,2025-01-17,1610612753,ORL,Orlando Magic,ORL @ BOS,L,94,0.415,0.156,0.677,37,15,12,-27,-27,0,team_game_log
2024-25,22400578,2025-01-17,1610612750,MIN,Minnesota Timberwolves,MIN @ NYK,W,116,0.532,0.55,0.714,46,23,16,17,17,1,team_game_log
2024-25,22400578,2025-01-17,1610612752,NYK,New York Knicks,NYK vs. MIN,L,99,0.389,0.412,0.882,41,19,9,-17,-17,0,team_game_log
2024-25,22400579,2025-01-17,1610612743,DEN,Denver Nuggets,DEN @ MIA,W,133,0.543,0.485,0.895,41,35,6,20,20,1,team_game_log
2024-25,22400579,2025-01-17,1610612748,MIA,Miami Heat,MIA vs. DEN,L,113,0.495,0.273,1.0,41,30,8,-20,-20,0,team_game_log
2024-25,22400580,2025-01-17,1610612749,MIL,Milwaukee Bucks,MIL vs. TOR,W,130,0.519,0.419,0.805,44,25,14,18,18,1,team_game_log
2024-25,22400580,2025-01-17,1610612761,TOR,Toronto Raptors,TOR @ MIL,L,112,0.473,0.235,0.75,43,31,14,-18,-18,0,team_game_log
2024-25,22400581,2025-01-17,1610612740,NOP,New Orleans Pelicans,NOP vs. UTA,W,136,0.47,0.44,0.645,56,34,13,13,13,1,team_game_log
2024-25,22400581,2025-01-17,1610612762,UTA,Utah Jazz,UTA @ NOP,L,123,0.5,0.342,0.8,40,30,16,-13,-13,0,team_game_log
2024-25,22400582,2025-01-17,1610612759,SAS,San Antonio Spurs,SAS vs. MEM,L,112,0.476,0.361,0.826,40,29,17,-28,-28,0,team_game_log
2024-25,22400582,2025-01-17,1610612763,MEM,Memphis Grizzlies,MEM @ SAS,W,140,0.567,0.432,0.733,41,39,9,28,28,1,team_game_log
2024-25,22400583,2025-01-17,1610612742,DAL,Dallas Mavericks,DAL vs. OKC,W,106,0.493,0.39,0.727,43,25,17,8,8,1,team_game_log
2024-25,22400583,2025-01-17,1610612760,OKC,Oklahoma City Thunder,OKC @ DAL,L,98,0.385,0.435,0.667,46,24,15,-8,-8,0,team_game_log
2024-25,22400584,2025-01-17,1610612741,CHI,Chicago Bulls,CHI vs. CHA,L,123,0.505,0.35,0.929,45,34,14,-2,-2,0,team_game_log
2024-25,22400584,2025-01-17,1610612766,CHA,Charlotte Hornets,CHA @ CHI,W,125,0.5,0.382,0.8,44,26,12,2,2,1,team_game_log
2024-25,22400585,2025-01-17,1610612747,LAL,Los Angeles Lakers,LAL vs. BKN,W,102,0.463,0.353,0.778,34,24,10,1,1,1,team_game_log
2024-25,22400585,2025-01-17,1610612751,BKN,Brooklyn Nets,BKN @ LAL,L,101,0.451,0.447,0.769,45,28,17,-1,-1,0,team_game_log
2024-25,22400586,2025-01-18,1610612756,PHX,Phoenix Suns,PHX @ DET,W,125,0.5,0.28,0.8,50,25,10,4,4,1,team_game_log
2024-25,22400586,2025-01-18,1610612765,DET,Detroit Pistons,DET vs. PHX,L,121,0.468,0.273,0.667,43,22,9,-4,-4,0,team_game_log
2024-25,22400587,2025-01-18,1610612737,ATL,Atlanta Hawks,ATL @ BOS,W,119,0.473,0.243,0.786,55,27,18,4,4,1,team_game_log
2024-25,22400587,2025-01-18,1610612738,BOS,Boston Celtics,BOS vs. ATL,L,115,0.385,0.288,0.87,53,23,14,-4,-4,0,team_game_log
2024-25,22400588,2025-01-18,1610612754,IND,Indiana Pacers,IND vs. PHI,W,115,0.53,0.324,0.696,50,30,18,13,13,1,team_game_log
2024-25,22400588,2025-01-18,1610612755,PHI,Philadelphia 76ers,PHI @ IND,L,102,0.427,0.294,0.727,32,21,9,-13,-13,0,team_game_log
2024-25,22400589,2025-01-18,1610612744,GSW,Golden State Warriors,GSW vs. WAS,W,122,0.469,0.341,0.75,55,24,10,8,8,1,team_game_log
2024-25,22400589,2025-01-18,1610612764,WAS,Washington Wizards,WAS @ GSW,L,114,0.442,0.489,0.696,44,24,14,-8,-8,0,team_game_log
2024-25,22400590,2025-01-18,1610612739,CLE,Cleveland Cavaliers,CLE @ MIN,W,124,0.457,0.354,0.92,47,27,8,7,7,1,team_game_log
2024-25,22400590,2025-01-18,1610612750,MIN,Minnesota Timberwolves,MIN vs. CLE,L,117,0.478,0.395,0.842,42,27,8,-7,-7,0,team_game_log
2024-25,22400591,2025-01-18,1610612745,HOU,Houston Rockets,HOU @ POR,W,125,0.444,0.452,0.682,61,25,14,22,22,1,team_game_log
2024-25,22400591,2025-01-18,1610612757,POR,Portland Trail Blazers,POR vs. HOU,L,103,0.453,0.333,0.722,40,28,19,-22,-22,0,team_game_log
2024-25,22400592,2025-01-19,1610612748,MIA,Miami Heat,MIA vs. SAS,W,128,0.526,0.545,1.0,49,35,11,21,21,1,team_game_log
2024-25,22400592,2025-01-19,1610612759,SAS,San Antonio Spurs,SAS @ MIA,L,107,0.451,0.375,0.625,44,28,15,-21,-21,0,team_game_log
2024-25,22400593,2025-01-19,1610612743,DEN,Denver Nuggets,DEN @ ORL,W,113,0.519,0.28,0.839,57,24,21,13,13,1,team_game_log
2024-25,22400593,2025-01-19,1610612753,ORL,Orlando Magic,ORL vs. DEN,L,100,0.373,0.293,0.75,39,30,7,-13,-13,0,team_game_log
2024-25,22400594,2025-01-19,1610612749,MIL,Milwaukee Bucks,MIL vs. PHI,W,123,0.494,0.378,0.767,48,31,7,14,14,1,team_game_log
2024-25,22400594,2025-01-19,1610612755,PHI,Philadelphia 76ers,PHI @ MIL,L,109,0.453,0.356,0.682,38,26,9,-14,-14,0,team_game_log
2024-25,22400595,2025-01-19,1610612751,BKN,Brooklyn Nets,BKN @ OKC,L,101,0.425,0.279,0.789,41,25,17,-26,-26,0,team_game_log
2024-25,22400595,2025-01-19,1610612760,OKC,Oklahoma City Thunder,OKC vs. BKN,W,127,0.552,0.442,0.923,43,37,12,26,26,1,team_game_log
2024-25,22400596,2025-01-19,1610612746,LAC,LA Clippers,LAC vs. LAL,W,116,0.528,0.367,0.786,38,27,13,14,14,1,team_game_log
2024-25,22400596,2025-01-19,1610612747,LAL,Los Angeles Lakers,LAL @ LAC,L,102,0.5,0.333,0.895,33,26,17,-14,-14,0,team_game_log
2024-25,22400597,2025-01-19,1610612741,CHI,Chicago Bulls,CHI @ POR,L,102,0.444,0.276,0.846,36,21,16,-11,-11,0,team_game_log
2024-25,22400597,2025-01-19,1610612757,POR,Portland Trail Blazers,POR vs. CHI,W,113,0.472,0.29,0.8,50,21,18,11,11,1,team_game_log
2024-25,22400598,2025-01-19,1610612758,SAC,Sacramento Kings,SAC vs. WAS,W,123,0.484,0.308,0.792,51,28,12,23,23,1,team_game_log
2024-25,22400598,2025-01-19,1610612764,WAS,Washington Wizards,WAS @ SAC,L,100,0.36,0.238,0.813,46,19,17,-23,-23,0,team_game_log
2024-25,22400599,2025-01-20,1610612742,DAL,Dallas Mavericks,DAL @ CHA,L,105,0.432,0.188,0.885,51,19,14,-5,-5,0,team_game_log
2024-25,22400599,2025-01-20,1610612766,CHA,Charlotte Hornets,CHA vs. DAL,W,110,0.408,0.436,0.722,49,28,13,5,5,1,team_game_log
2024-25,22400600,2025-01-20,1610612745,HOU,Houston Rockets,HOU vs. DET,L,96,0.394,0.282,0.688,39,19,17,-11,-11,0,team_game_log
2024-25,22400600,2025-01-20,1610612765,DET,Detroit Pistons,DET @ HOU,W,107,0.477,0.37,0.867,52,21,23,11,11,1,team_game_log
2024-25,22400601,2025-01-20,1610612750,MIN,Minnesota Timberwolves,MIN @ MEM,L,106,0.387,0.326,0.741,52,25,16,-2,-2,0,team_game_log
2024-25,22400601,2025-01-20,1610612763,MEM,Memphis Grizzlies,MEM vs. MIN,W,108,0.43,0.212,0.794,47,19,13,2,2,1,team_game_log
2024-25,22400602,2025-01-20,1610612737,ATL,Atlanta Hawks,ATL @ NYK,L,110,0.471,0.433,0.773,41,23,24,-9,-9,0,team_game_log
2024-25,22400602,2025-01-20,1610612752,NYK,New York Knicks,NYK vs. ATL,W,119,0.522,0.346,0.762,39,31,16,9,9,1,team_game_log
2024-25,22400603,2025-01-20,1610612739,CLE,Cleveland Cavaliers,CLE vs. PHX,W,118,0.432,0.413,0.739,50,27,9,26,26,1,team_game_log
2024-25,22400603,2025-01-20,1610612756,PHX,Phoenix Suns,PHX @ CLE,L,92,0.468,0.385,0.769,34,22,17,-26,-26,0,team_game_log
2024-25,22400604,2025-01-20,1610612738,BOS,Boston Celtics,BOS @ GSW,W,125,0.533,0.417,0.875,50,33,10,40,40,1,team_game_log
2024-25,22400604,2025-01-20,1610612744,GSW,Golden State Warriors,GSW vs. BOS,L,85,0.348,0.264,0.636,38,28,12,-40,-40,0,team_game_log
2024-25,22400605,2025-01-20,1610612740,NOP,New Orleans Pelicans,NOP vs. UTA,W,123,0.446,0.366,0.897,45,28,14,4,4,1,team_game_log
2024-25,22400605,2025-01-20,1610612762,UTA,Utah Jazz,UTA @ NOP,L,119,0.396,0.239,0.8,63,25,14,-4,-4,0,team_game_log
2024-25,22400611,2025-01-20,1610612741,CHI,Chicago Bulls,CHI @ LAC,W,112,0.404,0.326,0.808,54,25,12,13,13,1,team_game_log
2024-25,22400611,2025-01-20,1610612746,LAC,LA Clippers,LAC vs. CHI,L,99,0.394,0.214,0.941,40,24,10,-13,-13,0,team_game_log
2024-25,22400606,2025-01-21,1610612751,BKN,Brooklyn Nets,BKN vs. NYK,L,95,0.372,0.3,0.76,47,21,17,-4,-4,0,team_game_log
2024-25,22400606,2025-01-21,1610612752,NYK,New York Knicks,NYK @ BKN,W,99,0.46,0.286,0.786,42,29,12,4,4,1,team_game_log
2024-25,22400607,2025-01-21,1610612748,MIA,Miami Heat,MIA vs. POR,L,107,0.441,0.333,0.917,45,26,10,-9,-9,0,team_game_log
2024-25,22400607,2025-01-21,1610612757,POR,Portland Trail Blazers,POR @ MIA,W,116,0.494,0.349,0.652,47,25,8,9,9,1,team_game_log
2024-25,22400608,2025-01-21,1610612753,ORL,Orlando Magic,ORL @ TOR,L,93,0.412,0.29,0.737,48,16,14,-16,-16,0,team_game_log
2024-25,22400608,2025-01-21,1610612761,TOR,Toronto Raptors,TOR vs. ORL,W,109,0.534,0.542,0.643,42,29,12,16,16,1,team_game_log
2024-25,22400609,2025-01-21,1610612743,DEN,Denver Nuggets,DEN vs. PHI,W,144,0.612,0.516,0.96,51,39,14,35,35,1,team_game_log
2024-25,22400609,2025-01-21,1610612755,PHI,Philadelphia 76ers,PHI @ DEN,L,109,0.458,0.395,0.75,25,34,10,-35,-35,0,team_game_log
2024-25,22400610,2025-01-21,1610612747,LAL,Los Angeles Lakers,LAL vs. WAS,W,111,0.478,0.324,0.778,50,30,11,23,23,1,team_game_log
2024-25,22400610,2025-01-21,1610612764,WAS,Washington Wizards,WAS @ LAL,L,88,0.358,0.256,0.692,46,25,13,-23,-23,0,team_game_log
2024-25,22400612,2025-01-22,1610612737,ATL,Atlanta Hawks,ATL vs. DET,L,104,0.379,0.158,0.769,47,25,14,-10,-10,0,team_game_log
2024-25,22400612,2025-01-22,1610612765,DET,Detroit Pistons,DET @ ATL,W,114,0.5,0.353,0.947,51,27,21,10,10,1,team_game_log
2024-25,22400613,2025-01-22,1610612751,BKN,Brooklyn Nets,BKN vs. PHX,L,84,0.374,0.194,0.643,52,16,17,-24,-24,0,team_game_log
2024-25,22400613,2025-01-22,1610612756,PHX,Phoenix Suns,PHX @ BKN,W,108,0.477,0.341,0.769,48,28,11,24,24,1,team_game_log
2024-25,22400614,2025-01-22,1610612742,DAL,Dallas Mavericks,DAL vs. MIN,L,114,0.5,0.276,0.842,38,24,15,-1,-1,0,team_game_log
2024-25,22400614,2025-01-22,1610612750,MIN,Minnesota Timberwolves,MIN @ DAL,W,115,0.457,0.379,0.882,39,26,11,1,1,1,team_game_log
2024-25,22400615,2025-01-22,1610612739,CLE,Cleveland Cavaliers,CLE @ HOU,L,108,0.423,0.317,0.684,45,25,13,-1,-1,0,team_game_log
2024-25,22400615,2025-01-22,1610612745,HOU,Houston Rockets,HOU vs. CLE,W,109,0.44,0.441,0.7,53,25,22,1,1,1,team_game_log
2024-25,22400616,2025-01-22,1610612763,MEM,Memphis Grizzlies,MEM vs. CHA,W,132,0.5,0.447,0.929,40,36,16,12,12,1,team_game_log
2024-25,22400616,2025-01-22,1610612766,CHA,Charlotte Hornets,CHA @ MEM,L,120,0.477,0.355,0.844,33,27,16,-12,-12,0,team_game_log
2024-25,22400618,2025-01-22,1610612760,OKC,Oklahoma City Thunder,OKC vs. UTA,W,123,0.463,0.308,0.92,39,20,11,9,9,1,team_game_log
2024-25,22400618,2025-01-22,1610612762,UTA,Utah Jazz,UTA @ OKC,L,114,0.467,0.378,0.667,52,25,27,-9,-9,0,team_game_log
2024-25,22400619,2025-01-22,1610612744,GSW,Golden State Warriors,GSW @ SAC,L,117,0.467,0.458,0.692,44,31,19,-6,-6,0,team_game_log
2024-25,22400619,2025-01-22,1610612758,SAC,Sacramento Kings,SAC vs. GSW,W,123,0.506,0.367,0.938,38,24,8,6,6,1,team_game_log
2024-25,22400620,2025-01-22,1610612738,BOS,Boston Celtics,BOS @ LAC,W,117,0.456,0.38,0.8,32,24,19,4,4,1,team_game_log
2024-25,22400620,2025-01-22,1610612746,LAC,LA Clippers,LAC vs. BOS,L,113,0.522,0.321,0.769,40,24,23,-4,-4,0,team_game_log
2024-25,22400621,2025-01-23,1610612754,IND,Indiana Pacers,IND @ SAS,L,110,0.454,0.302,0.75,31,31,11,-30,-30,0,team_game_log
2024-25,22400621,2025-01-23,1610612759,SAS,San Antonio Spurs,SAS @ IND,W,140,0.604,0.5,1.0,57,43,20,30,30,1,team_game_log
2024-25,22400622,2025-01-23,1610612753,ORL,Orlando Magic,ORL vs. POR,L,79,0.342,0.24,0.677,44,17,22,-22,-22,0,team_game_log
2024-25,22400622,2025-01-23,1610612757,POR,Portland Trail Blazers,POR @ ORL,W,101,0.488,0.321,0.632,42,23,15,22,22,1,team_game_log
2024-25,22400623,2025-01-23,1610612737,ATL,Atlanta Hawks,ATL vs. TOR,L,119,0.483,0.351,0.733,36,30,15,-3,-3,0,team_game_log
2024-25,22400623,2025-01-23,1610612761,TOR,Toronto Raptors,TOR @ ATL,W,122,0.58,0.429,0.792,39,32,20,3,3,1,team_game_log
2024-25,22400624,2025-01-23,1610612748,MIA,Miami Heat,MIA @ MIL,L,96,0.37,0.235,0.762,50,26,11,-29,-29,0,team_game_log
2024-25,22400624,2025-01-23,1610612749,MIL,Milwaukee Bucks,MIL vs. MIA,W,125,0.469,0.45,0.75,55,32,7,29,29,1,team_game_log
2024-25,22400625,2025-01-23,1610612742,DAL,Dallas Mavericks,DAL @ OKC,W,121,0.527,0.452,0.806,43,25,20,6,6,1,team_game_log
2024-25,22400625,2025-01-23,1610612760,OKC,Oklahoma City Thunder,OKC vs. DAL,L,115,0.477,0.405,0.727,33,26,13,-6,-6,0,team_game_log
2024-25,22400626,2025-01-23,1610612743,DEN,Denver Nuggets,DEN vs. SAC,W,132,0.485,0.351,0.677,56,30,11,9,9,1,team_game_log
2024-25,22400626,2025-01-23,1610612758,SAC,Sacramento Kings,SAC @ DEN,L,123,0.439,0.366,0.737,53,31,13,-9,-9,0,team_game_log
2024-25,22400628,2025-01-23,1610612741,CHI,Chicago Bulls,CHI @ GSW,L,106,0.391,0.4,0.815,42,22,13,-25,-25,0,team_game_log
2024-25,22400628,2025-01-23,1610612744,GSW,Golden State Warriors,GSW vs. CHI,W,131,0.451,0.439,1.0,52,37,12,25,25,1,team_game_log
2024-25,22400629,2025-01-23,1610612738,BOS,Boston Celtics,BOS @ LAL,L,96,0.385,0.341,0.667,42,23,7,-21,-21,0,team_game_log
2024-25,22400629,2025-01-23,1610612747,LAL,Los Angeles Lakers,LAL vs. BOS,W,117,0.472,0.429,0.9,53,27,10,21,21,1,team_game_log
2024-25,22400983,2025-01-23,1610612746,LAC,LA Clippers,LAC vs. WAS,W,110,0.455,0.342,0.944,55,29,18,17,17,1,team_game_log
2024-25,22400983,2025-01-23,1610612764,WAS,Washington Wizards,WAS @ LAC,L,93,0.34,0.239,0.857,49,24,16,-17,-17,0,team_game_log
2024-25,22400630,2025-01-24,1610612757,POR,Portland Trail Blazers,POR @ CHA,W,102,0.405,0.289,0.692,47,17,17,5,5,1,team_game_log
2024-25,22400630,2025-01-24,1610612766,CHA,Charlotte Hornets,CHA vs. POR,L,97,0.376,0.29,0.857,46,20,16,-5,-5,0,team_game_log
2024-25,22400631,2025-01-24,1610612739,CLE,Cleveland Cavaliers,CLE @ PHI,L,129,0.5,0.481,0.737,37,30,16,-3,-3,0,team_game_log
2024-25,22400631,2025-01-24,1610612755,PHI,Philadelphia 76ers,PHI vs. CLE,W,132,0.506,0.538,0.852,43,23,18,3,3,1,team_game_log
2024-25,22400632,2025-01-24,1610612740,NOP,New Orleans Pelicans,NOP @ MEM,L,126,0.542,0.412,0.688,35,30,13,-13,-13,0,team_game_log
2024-25,22400632,2025-01-24,1610612763,MEM,Memphis Grizzlies,MEM vs. NOP,W,139,0.554,0.452,1.0,43,38,13,13,13,1,team_game_log
2024-25,22400633,2025-01-25,1610612754,IND,Indiana Pacers,IND @ SAS,W,136,0.52,0.436,0.929,50,32,10,38,38,1,team_game_log
2024-25,22400633,2025-01-25,1610612759,SAS,San Antonio Spurs,SAS @ IND,L,98,0.412,0.344,0.68,44,22,24,-38,-38,0,team_game_log
2024-25,22400634,2025-01-25,1610612743,DEN,Denver Nuggets,DEN @ MIN,L,104,0.489,0.344,0.538,36,32,20,-29,-29,0,team_game_log
2024-25,22400634,2025-01-25,1610612750,MIN,Minnesota Timberwolves,MIN vs. DEN,W,133,0.558,0.467,0.867,45,38,16,29,29,1,team_game_log
2024-25,22400635,2025-01-25,1610612738,BOS,Boston Celtics,BOS @ DAL,W,122,0.427,0.385,0.737,51,33,5,15,15,1,team_game_log
2024-25,22400635,2025-01-25,1610612742,DAL,Dallas Mavericks,DAL vs. BOS,L,107,0.443,0.364,0.75,49,18,13,-15,-15,0,team_game_log
2024-25,22400636,2025-01-25,1610612748,MIA,Miami Heat,MIA @ BKN,W,106,0.443,0.464,0.958,51,22,22,9,9,1,team_game_log
2024-25,22400636,2025-01-25,1610612751,BKN,Brooklyn Nets,BKN vs. MIA,L,97,0.375,0.35,0.885,35,23,15,-9,-9,0,team_game_log
2024-25,22400637,2025-01-25,1610612740,NOP,New Orleans Pelicans,NOP @ CHA,L,92,0.381,0.258,0.769,39,21,13,-31,-31,0,team_game_log
2024-25,22400637,2025-01-25,1610612766,CHA,Charlotte Hornets,CHA vs. NOP,W,123,0.5,0.42,0.72,48,28,15,31,31,1,team_game_log
2024-25,22400638,2025-01-25,1610612753,ORL,Orlando Magic,ORL vs. DET,W,121,0.482,0.455,0.684,40,22,15,8,8,1,team_game_log
2024-25,22400638,2025-01-25,1610612765,DET,Detroit Pistons,DET @ ORL,L,113,0.465,0.4,0.821,41,22,16,-8,-8,0,team_game_log
2024-25,22400639,2025-01-25,1610612737,ATL,Atlanta Hawks,ATL vs. TOR,L,94,0.393,0.297,0.68,43,28,24,-23,-23,0,team_game_log
2024-25,22400639,2025-01-25,1610612761,TOR,Toronto Raptors,TOR @ ATL,W,117,0.467,0.367,0.88,51,31,21,23,23,1,team_game_log
2024-25,22400640,2025-01-25,1610612739,CLE,Cleveland Cavaliers,CLE vs. HOU,L,131,0.516,0.436,0.769,40,28,11,-4,-4,0,team_game_log
2024-25,22400640,2025-01-25,1610612745,HOU,Houston Rockets,HOU @ CLE,W,135,0.549,0.464,0.711,45,26,11,4,4,1,team_game_log
2024-25,22400641,2025-01-25,1610612752,NYK,New York Knicks,NYK vs. SAC,W,143,0.495,0.472,0.957,53,40,11,23,23,1,team_game_log
2024-25,22400641,2025-01-25,1610612758,SAC,Sacramento Kings,SAC @ NYK,L,120,0.484,0.389,0.875,38,33,12,-23,-23,0,team_game_log
2024-25,22400642,2025-01-25,1610612741,CHI,Chicago Bulls,CHI vs. PHI,L,97,0.424,0.316,0.65,54,24,20,-12,-12,0,team_game_log
2024-25,22400642,2025-01-25,1610612755,PHI,Philadelphia 76ers,PHI @ CHI,W,109,0.457,0.289,0.706,40,23,10,12,12,1,team_game_log
2024-25,22400643,2025-01-25,1610612762,UTA,Utah Jazz,UTA @ MEM,L,103,0.424,0.255,0.813,40,27,17,-22,-22,0,team_game_log
2024-25,22400643,2025-01-25,1610612763,MEM,Memphis Grizzlies,MEM vs. UTA,W,125,0.512,0.368,0.735,45,28,17,22,22,1,team_game_log
2024-25,22400644,2025-01-25,1610612744,GSW,Golden State Warriors,GSW vs. LAL,L,108,0.461,0.348,0.625,38,30,14,-10,-10,0,team_game_log
2024-25,22400644,2025-01-25,1610612747,LAL,Los Angeles Lakers,LAL @ GSW,W,118,0.547,0.345,0.824,42,29,13,10,10,1,team_game_log
2024-25,22400645,2025-01-25,1610612756,PHX,Phoenix Suns,PHX vs. WAS,W,119,0.444,0.325,0.929,53,23,11,10,10,1,team_game_log
2024-25,22400645,2025-01-25,1610612764,WAS,Washington Wizards,WAS @ PHX,L,109,0.467,0.439,0.778,37,28,8,-10,-10,0,team_game_log
2024-25,22400646,2025-01-25,1610612746,LAC,LA Clippers,LAC vs. MIL,W,127,0.454,0.324,1.0,47,19,7,10,10,1,team_game_log
2024-25,22400646,2025-01-25,1610612749,MIL,Milwaukee Bucks,MIL @ LAC,L,117,0.468,0.371,0.882,42,24,13,-10,-10,0,team_game_log
2024-25,22400647,2025-01-26,1610612757,POR,Portland Trail Blazers,POR vs. OKC,L,108,0.407,0.45,0.857,44,21,15,-10,-10,0,team_game_log
2024-25,22400647,2025-01-26,1610612760,OKC,Oklahoma City Thunder,OKC @ POR,W,118,0.472,0.333,0.828,43,24,9,10,10,1,team_game_log
2024-25,22400648,2025-01-27,1610612747,LAL,Los Angeles Lakers,LAL @ CHA,W,112,0.512,0.214,0.75,48,22,19,5,5,1,team_game_log
2024-25,22400648,2025-01-27,1610612766,CHA,Charlotte Hornets,CHA vs. LAL,L,107,0.448,0.389,0.833,34,26,14,-5,-5,0,team_game_log
2024-25,22400649,2025-01-27,1610612739,CLE,Cleveland Cavaliers,CLE vs. DET,W,110,0.44,0.273,0.783,53,28,10,19,19,1,team_game_log
2024-25,22400649,2025-01-27,1610612765,DET,Detroit Pistons,DET @ CLE,L,91,0.385,0.278,0.636,45,24,10,-19,-19,0,team_game_log
2024-25,22400650,2025-01-27,1610612738,BOS,Boston Celtics,BOS vs. HOU,L,112,0.488,0.385,0.95,41,21,15,-2,-2,0,team_game_log
2024-25,22400650,2025-01-27,1610612745,HOU,Houston Rockets,HOU @ BOS,W,114,0.446,0.415,0.714,39,29,8,2,2,1,team_game_log
2024-25,22400651,2025-01-27,1610612751,BKN,Brooklyn Nets,BKN vs. SAC,L,96,0.366,0.278,0.867,39,19,16,-14,-14,0,team_game_log
2024-25,22400651,2025-01-27,1610612758,SAC,Sacramento Kings,SAC @ BKN,W,110,0.549,0.321,0.647,44,31,18,14,14,1,team_game_log
2024-25,22400652,2025-01-27,1610612748,MIA,Miami Heat,MIA vs. ORL,W,125,0.522,0.366,0.667,43,34,18,6,6,1,team_game_log
2024-25,22400652,2025-01-27,1610612753,ORL,Orlando Magic,ORL @ MIA,L,119,0.459,0.359,0.6,47,32,15,-6,-6,0,team_game_log
2024-25,22400653,2025-01-27,1610612752,NYK,New York Knicks,NYK vs. MEM,W,143,0.519,0.386,0.778,46,32,11,37,37,1,team_game_log
2024-25,22400653,2025-01-27,1610612763,MEM,Memphis Grizzlies,MEM @ NYK,L,106,0.451,0.375,0.882,47,21,26,-37,-37,0,team_game_log
2024-25,22400654,2025-01-27,1610612740,NOP,New Orleans Pelicans,NOP @ TOR,L,104,0.438,0.214,0.667,46,21,13,-9,-9,0,team_game_log
2024-25,22400654,2025-01-27,1610612761,TOR,Toronto Raptors,TOR vs. NOP,W,113,0.43,0.273,0.783,54,31,13,9,9,1,team_game_log
2024-25,22400655,2025-01-27,1610612741,CHI,Chicago Bulls,CHI vs. DEN,W,129,0.5,0.453,0.875,47,35,17,8,8,1,team_game_log
2024-25,22400655,2025-01-27,1610612743,DEN,Denver Nuggets,DEN @ CHI,L,121,0.52,0.222,1.0,42,36,15,-8,-8,0,team_game_log
2024-25,22400656,2025-01-27,1610612737,ATL,Atlanta Hawks,ATL @ MIN,L,92,0.395,0.279,0.667,51,24,22,-8,-8,0,team_game_log
2024-25,22400656,2025-01-27,1610612750,MIN,Minnesota Timberwolves,MIN vs. ATL,W,100,0.395,0.3,0.69,51,18,18,8,8,1,team_game_log
2024-25,22400657,2025-01-27,1610612742,DAL,Dallas Mavericks,DAL vs. WAS,W,130,0.533,0.444,0.706,51,39,12,22,22,1,team_game_log
2024-25,22400657,2025-01-27,1610612764,WAS,Washington Wizards,WAS @ DAL,L,108,0.416,0.297,0.765,45,23,11,-22,-22,0,team_game_log
2024-25,22400658,2025-01-27,1610612749,MIL,Milwaukee Bucks,MIL @ UTA,W,125,0.605,0.353,0.529,46,33,12,15,15,1,team_game_log
2024-25,22400658,2025-01-27,1610612762,UTA,Utah Jazz,UTA vs. MIL,L,110,0.41,0.333,0.769,46,28,11,-15,-15,0,team_game_log
2024-25,22400659,2025-01-27,1610612746,LAC,LA Clippers,LAC @ PHX,L,109,0.494,0.313,0.85,42,22,15,-2,-2,0,team_game_log
2024-25,22400659,2025-01-27,1610612756,PHX,Phoenix Suns,PHX vs. LAC,W,111,0.471,0.468,0.818,39,23,17,2,2,1,team_game_log
2024-25,22400532,2025-01-28,1610612737,ATL,Atlanta Hawks,ATL vs. HOU,L,96,0.404,0.234,0.813,40,19,18,-4,-4,0,team_game_log
2024-25,22400532,2025-01-28,1610612745,HOU,Houston Rockets,HOU @ ATL,W,100,0.468,0.233,0.95,44,19,21,4,4,1,team_game_log
2024-25,22400660,2025-01-28,1610612747,LAL,Los Angeles Lakers,LAL @ PHI,L,104,0.514,0.303,0.87,39,25,22,-14,-14,0,team_game_log
2024-25,22400660,2025-01-28,1610612755,PHI,Philadelphia 76ers,PHI vs. LAL,W,118,0.473,0.324,0.84,43,20,9,14,14,1,team_game_log
2024-25,22400661,2025-01-28,1610612744,GSW,Golden State Warriors,GSW vs. UTA,W,114,0.391,0.347,0.806,47,29,9,11,11,1,team_game_log
2024-25,22400661,2025-01-28,1610612762,UTA,Utah Jazz,UTA @ GSW,L,103,0.513,0.308,0.708,39,30,15,-11,-11,0,team_game_log
2024-25,22400662,2025-01-28,1610612749,MIL,Milwaukee Bucks,MIL @ POR,L,112,0.506,0.314,0.722,36,26,11,-13,-13,0,team_game_log
2024-25,22400662,2025-01-28,1610612757,POR,Portland Trail Blazers,POR vs. MIL,W,125,0.511,0.429,0.821,52,26,15,13,13,1,team_game_log
2024-25,22400663,2025-01-29,1610612751,BKN,Brooklyn Nets,BKN @ CHA,W,104,0.488,0.313,0.8,40,27,11,21,21,1,team_game_log
2024-25,22400663,2025-01-29,1610612766,CHA,Charlotte Hornets,CHA vs. BKN,L,83,0.337,0.286,0.68,52,18,17,-21,-21,0,team_game_log
2024-25,22400664,2025-01-29,1610612754,IND,Indiana Pacers,IND vs. DET,W,133,0.568,0.5,0.71,36,28,13,14,14,1,team_game_log
2024-25,22400664,2025-01-29,1610612765,DET,Detroit Pistons,DET @ IND,L,119,0.494,0.353,0.731,41,26,15,-14,-14,0,team_game_log
2024-25,22400665,2025-01-29,1610612761,TOR,Toronto Raptors,TOR @ WAS,W,106,0.477,0.355,0.733,36,31,14,24,24,1,team_game_log
2024-25,22400665,2025-01-29,1610612764,WAS,Washington Wizards,WAS vs. TOR,L,82,0.389,0.167,0.724,43,17,27,-24,-24,0,team_game_log
2024-25,22400666,2025-01-29,1610612738,BOS,Boston Celtics,BOS vs. CHI,W,122,0.471,0.409,0.815,45,32,9,22,22,1,team_game_log
2024-25,22400666,2025-01-29,1610612741,CHI,Chicago Bulls,CHI @ BOS,L,100,0.402,0.306,0.917,47,28,15,-22,-22,0,team_game_log
2024-25,22400667,2025-01-29,1610612739,CLE,Cleveland Cavaliers,CLE @ MIA,W,126,0.54,0.31,0.833,47,29,7,20,20,1,team_game_log
2024-25,22400667,2025-01-29,1610612748,MIA,Miami Heat,MIA vs. CLE,L,106,0.47,0.349,0.867,35,27,14,-20,-20,0,team_game_log
2024-25,22400668,2025-01-29,1610612743,DEN,Denver Nuggets,DEN @ NYK,L,112,0.488,0.357,0.87,47,21,14,-10,-10,0,team_game_log
2024-25,22400668,2025-01-29,1610612752,NYK,New York Knicks,NYK vs. DEN,W,122,0.516,0.412,0.667,35,33,6,10,10,1,team_game_log
2024-25,22400669,2025-01-29,1610612755,PHI,Philadelphia 76ers,PHI vs. SAC,W,117,0.524,0.414,0.864,35,30,10,13,13,1,team_game_log
2024-25,22400669,2025-01-29,1610612758,SAC,Sacramento Kings,SAC @ PHI,L,104,0.444,0.244,0.824,46,34,12,-13,-13,0,team_game_log
2024-25,22400670,2025-01-29,1610612740,NOP,New Orleans Pelicans,NOP vs. DAL,L,136,0.531,0.484,0.864,36,31,8,-1,-1,0,team_game_log
2024-25,22400670,2025-01-29,1610612742,DAL,Dallas Mavericks,DAL @ NOP,W,137,0.542,0.465,0.765,51,30,19,1,1,1,team_game_log
2024-25,22400671,2025-01-29,1610612746,LAC,LA Clippers,LAC @ SAS,W,128,0.527,0.5,0.87,57,26,17,12,12,1,team_game_log
2024-25,22400671,2025-01-29,1610612759,SAS,San Antonio Spurs,SAS vs. LAC,L,116,0.483,0.333,0.72,30,27,10,-12,-12,0,team_game_log
2024-25,22400672,2025-01-29,1610612750,MIN,Minnesota Timberwolves,MIN @ PHX,W,121,0.56,0.448,0.889,34,26,16,8,8,1,team_game_log
2024-25,22400672,2025-01-29,1610612756,PHX,Phoenix Suns,PHX vs. MIN,L,113,0.506,0.375,0.75,36,30,16,-8,-8,0,team_game_log
2024-25,22400673,2025-01-29,1610612744,GSW,Golden State Warriors,GSW vs. OKC,W,116,0.494,0.342,0.821,42,30,15,7,7,1,team_game_log
2024-25,22400673,2025-01-29,1610612760,OKC,Oklahoma City Thunder,OKC @ GSW,L,109,0.404,0.231,0.8,50,21,14,-7,-7,0,team_game_log
2024-25,22400674,2025-01-30,1610612747,LAL,Los Angeles Lakers,LAL @ WAS,W,134,0.544,0.469,0.955,48,31,11,38,38,1,team_game_log
2024-25,22400674,2025-01-30,1610612764,WAS,Washington Wizards,WAS vs. LAL,L,96,0.319,0.227,0.824,38,18,15,-38,-38,0,team_game_log
2024-25,22400675,2025-01-30,1610612737,ATL,Atlanta Hawks,ATL @ CLE,L,115,0.456,0.333,0.741,36,28,11,-22,-22,0,team_game_log
2024-25,22400675,2025-01-30,1610612739,CLE,Cleveland Cavaliers,CLE vs. ATL,W,137,0.582,0.333,0.9,49,34,12,22,22,1,team_game_log
2024-25,22400676,2025-01-30,1610612745,HOU,Houston Rockets,HOU @ MEM,L,119,0.433,0.406,0.786,45,22,12,-1,-1,0,team_game_log
2024-25,22400676,2025-01-30,1610612763,MEM,Memphis Grizzlies,MEM vs. HOU,W,120,0.516,0.321,0.75,37,23,11,1,1,1,team_game_log
2024-25,22400677,2025-01-30,1610612750,MIN,Minnesota Timberwolves,MIN @ UTA,W,138,0.598,0.553,0.792,39,38,13,25,25,1,team_game_log
2024-25,22400677,2025-01-30,1610612762,UTA,Utah Jazz,UTA vs. MIN,L,113,0.506,0.412,0.84,23,21,15,-25,-25,0,team_game_log
2024-25,22400678,2025-01-30,1610612753,ORL,Orlando Magic,ORL @ POR,L,90,0.42,0.192,0.85,33,14,16,-29,-29,0,team_game_log
2024-25,22400678,2025-01-30,1610612757,POR,Portland Trail Blazers,POR vs. ORL,W,119,0.526,0.48,0.806,38,23,14,29,29,1,team_game_log
2024-25,22400679,2025-01-31,1610612746,LAC,LA Clippers,LAC @ CHA,W,112,0.543,0.393,0.65,45,26,18,8,8,1,team_game_log
2024-25,22400679,2025-01-31,1610612766,CHA,Charlotte Hornets,CHA vs. LAC,L,104,0.438,0.233,0.867,42,18,9,-8,-8,0,team_game_log
2024-25,22400680,2025-01-31,1610612742,DAL,Dallas Mavericks,DAL @ DET,L,102,0.425,0.333,0.81,46,20,18,-15,-15,0,team_game_log
2024-25,22400680,2025-01-31,1610612765,DET,Detroit Pistons,DET vs. DAL,W,117,0.443,0.257,0.875,47,18,7,15,15,1,team_game_log
2024-25,22400681,2025-01-31,1610612743,DEN,Denver Nuggets,DEN @ PHI,W,137,0.659,0.522,0.944,35,39,19,3,3,1,team_game_log
2024-25,22400681,2025-01-31,1610612755,PHI,Philadelphia 76ers,PHI vs. DEN,L,134,0.556,0.525,0.813,27,29,14,-3,-3,0,team_game_log
2024-25,22400682,2025-01-31,1610612741,CHI,Chicago Bulls,CHI @ TOR,W,122,0.506,0.45,0.824,52,34,11,16,16,1,team_game_log
2024-25,22400682,2025-01-31,1610612761,TOR,Toronto Raptors,TOR vs. CHI,L,106,0.424,0.333,0.667,44,27,7,-16,-16,0,team_game_log
2024-25,22400683,2025-01-31,1610612738,BOS,Boston Celtics,BOS @ NOP,W,118,0.5,0.39,0.692,35,32,13,2,2,1,team_game_log
2024-25,22400683,2025-01-31,1610612740,NOP,New Orleans Pelicans,NOP vs. BOS,L,116,0.489,0.405,0.684,48,16,20,-2,-2,0,team_game_log
2024-25,22400684,2025-01-31,1610612749,MIL,Milwaukee Bucks,MIL @ SAS,L,118,0.43,0.324,0.769,47,24,10,-26,-26,0,team_game_log
2024-25,22400684,2025-01-31,1610612759,SAS,San Antonio Spurs,SAS vs. MIL,W,144,0.49,0.48,0.8,53,37,6,26,26,1,team_game_log
2024-25,22400685,2025-01-31,1610612744,GSW,Golden State Warriors,GSW vs. PHX,L,105,0.375,0.364,0.68,49,26,12,-25,-25,0,team_game_log
2024-25,22400685,2025-01-31,1610612756,PHX,Phoenix Suns,PHX @ GSW,W,130,0.562,0.487,0.688,48,41,15,25,25,1,team_game_log
2024-25,22400686,2025-02-01,1610612737,ATL,Atlanta Hawks,ATL @ IND,L,127,0.5,0.378,0.719,44,31,13,-5,-5,0,team_game_log
2024-25,22400686,2025-02-01,1610612754,IND,Indiana Pacers,IND vs. ATL,W,132,0.544,0.364,0.88,41,35,12,5,5,1,team_game_log
2024-25,22400687,2025-02-01,1610612753,ORL,Orlando Magic,ORL @ UTA,L,99,0.33,0.22,0.857,43,19,8,-14,-14,0,team_game_log
2024-25,22400687,2025-02-01,1610612762,UTA,Utah Jazz,UTA vs. ORL,W,113,0.464,0.4,0.875,51,26,16,14,14,1,team_game_log
2024-25,22400688,2025-02-01,1610612743,DEN,Denver Nuggets,DEN @ CHA,W,107,0.466,0.189,0.9,43,29,11,3,3,1,team_game_log
2024-25,22400688,2025-02-01,1610612766,CHA,Charlotte Hornets,CHA vs. DEN,L,104,0.432,0.346,0.765,51,31,12,-3,-3,0,team_game_log
2024-25,22400689,2025-02-01,1610612745,HOU,Houston Rockets,HOU vs. BKN,L,98,0.4,0.308,0.667,44,18,11,-12,-12,0,team_game_log
2024-25,22400689,2025-02-01,1610612751,BKN,Brooklyn Nets,BKN @ HOU,W,110,0.494,0.37,0.667,46,24,11,12,12,1,team_game_log
2024-25,22400690,2025-02-01,1610612750,MIN,Minnesota Timberwolves,MIN vs. WAS,L,103,0.409,0.3,0.833,47,29,16,-2,-2,0,team_game_log
2024-25,22400690,2025-02-01,1610612764,WAS,Washington Wizards,WAS @ MIN,W,105,0.458,0.455,0.824,44,26,17,2,2,1,team_game_log
2024-25,22400691,2025-02-01,1610612758,SAC,Sacramento Kings,SAC @ OKC,L,110,0.4,0.25,0.731,37,25,8,-34,-34,0,team_game_log
2024-25,22400691,2025-02-01,1610612760,OKC,Oklahoma City Thunder,OKC vs. SAC,W,144,0.533,0.413,0.688,70,37,12,34,34,1,team_game_log
2024-25,22400692,2025-02-01,1610612747,LAL,Los Angeles Lakers,LAL @ NYK,W,128,0.58,0.475,0.833,37,26,15,16,16,1,team_game_log
2024-25,22400692,2025-02-01,1610612752,NYK,New York Knicks,NYK vs. LAL,L,112,0.463,0.357,0.737,44,33,14,-16,-16,0,team_game_log
2024-25,22400693,2025-02-01,1610612748,MIA,Miami Heat,MIA @ SAS,W,105,0.461,0.31,0.588,52,30,14,2,2,1,team_game_log
2024-25,22400693,2025-02-01,1610612759,SAS,San Antonio Spurs,SAS vs. MIA,L,103,0.418,0.333,0.714,48,27,11,-2,-2,0,team_game_log
2024-25,22400694,2025-02-01,1610612756,PHX,Phoenix Suns,PHX @ POR,L,108,0.452,0.303,0.846,37,21,19,-19,-19,0,team_game_log
2024-25,22400694,2025-02-01,1610612757,POR,Portland Trail Blazers,POR vs. PHX,W,127,0.517,0.29,0.839,43,24,10,19,19,1,team_game_log
2024-25,22400695,2025-02-02,1610612741,CHI,Chicago Bulls,CHI @ DET,L,119,0.461,0.365,0.9,44,28,20,-8,-8,0,team_game_log
2024-25,22400695,2025-02-02,1610612765,DET,Detroit Pistons,DET vs. CHI,W,127,0.545,0.333,0.692,42,38,11,8,8,1,team_game_log
2024-25,22400696,2025-02-02,1610612739,CLE,Cleveland Cavaliers,CLE vs. DAL,W,144,0.57,0.578,0.75,51,39,9,43,43,1,team_game_log
2024-25,22400696,2025-02-02,1610612742,DAL,Dallas Mavericks,DAL @ CLE,L,101,0.388,0.209,0.8,45,22,9,-43,-43,0,team_game_log
2024-25,22400697,2025-02-02,1610612746,LAC,LA Clippers,LAC @ TOR,L,108,0.466,0.321,0.81,41,21,10,-7,-7,0,team_game_log
2024-25,22400697,2025-02-02,1610612761,TOR,Toronto Raptors,TOR vs. LAC,W,115,0.518,0.52,0.875,43,31,14,7,7,1,team_game_log
2024-25,22400698,2025-02-02,1610612738,BOS,Boston Celtics,BOS @ PHI,W,118,0.5,0.429,0.813,38,34,9,8,8,1,team_game_log
2024-25,22400698,2025-02-02,1610612755,PHI,Philadelphia 76ers,PHI vs. BOS,L,110,0.451,0.469,0.75,46,20,10,-8,-8,0,team_game_log
2024-25,22400699,2025-02-02,1610612749,MIL,Milwaukee Bucks,MIL vs. MEM,L,119,0.484,0.444,0.579,36,32,13,-13,-13,0,team_game_log
2024-25,22400699,2025-02-02,1610612763,MEM,Memphis Grizzlies,MEM @ MIL,W,132,0.486,0.359,0.636,61,37,12,13,13,1,team_game_log
2024-25,22400700,2025-02-03,1610612764,WAS,Washington Wizards,WAS @ CHA,W,124,0.444,0.333,0.826,54,29,11,10,10,1,team_game_log
2024-25,22400700,2025-02-03,1610612766,CHA,Charlotte Hornets,CHA vs. WAS,L,114,0.438,0.379,0.893,46,26,11,-10,-10,0,team_game_log
2024-25,22400701,2025-02-03,1610612737,ATL,Atlanta Hawks,ATL @ DET,W,132,0.519,0.432,0.821,37,27,14,2,2,1,team_game_log
2024-25,22400701,2025-02-03,1610612765,DET,Detroit Pistons,DET vs. ATL,L,130,0.518,0.333,0.921,41,31,14,-2,-2,0,team_game_log
2024-25,22400702,2025-02-03,1610612745,HOU,Houston Rockets,HOU @ NYK,L,118,0.462,0.286,0.933,50,27,17,-6,-6,0,team_game_log
2024-25,22400702,2025-02-03,1610612752,NYK,New York Knicks,NYK vs. HOU,W,124,0.505,0.231,0.8,40,24,14,6,6,1,team_game_log
2024-25,22400703,2025-02-03,1610612759,SAS,San Antonio Spurs,SAS @ MEM,L,109,0.451,0.333,0.75,48,31,23,-19,-19,0,team_game_log
2024-25,22400703,2025-02-03,1610612763,MEM,Memphis Grizzlies,MEM vs. SAS,W,128,0.485,0.389,0.9,47,33,15,19,19,1,team_game_log
2024-25,22400704,2025-02-03,1610612750,MIN,Minnesota Timberwolves,MIN vs. SAC,L,114,0.457,0.3,1.0,36,28,8,-2,-2,0,team_game_log
2024-25,22400704,2025-02-03,1610612758,SAC,Sacramento Kings,SAC @ MIN,W,116,0.489,0.417,0.8,47,23,12,2,2,1,team_game_log
2024-25,22400705,2025-02-03,1610612749,MIL,Milwaukee Bucks,MIL @ OKC,L,96,0.376,0.333,0.619,37,24,15,-29,-29,0,team_game_log
2024-25,22400705,2025-02-03,1610612760,OKC,Oklahoma City Thunder,OKC vs. MIL,W,125,0.515,0.39,0.875,55,28,17,29,29,1,team_game_log
2024-25,22400706,2025-02-03,1610612740,NOP,New Orleans Pelicans,NOP @ DEN,L,113,0.432,0.474,0.864,41,27,10,-12,-12,0,team_game_log
2024-25,22400706,2025-02-03,1610612743,DEN,Denver Nuggets,DEN vs. NOP,W,125,0.5,0.364,0.808,46,28,6,12,12,1,team_game_log
2024-25,22400707,2025-02-03,1610612754,IND,Indiana Pacers,IND @ UTA,W,112,0.473,0.238,0.8,37,32,9,1,1,1,team_game_log
2024-25,22400707,2025-02-03,1610612762,UTA,Utah Jazz,UTA vs. IND,L,111,0.429,0.351,0.667,60,31,19,-1,-1,0,team_game_log
2024-25,22400708,2025-02-03,1610612744,GSW,Golden State Warriors,GSW vs. ORL,W,104,0.436,0.308,0.706,44,25,13,5,5,1,team_game_log
2024-25,22400708,2025-02-03,1610612753,ORL,Orlando Magic,ORL @ GSW,L,99,0.434,0.25,0.5,52,23,12,-5,-5,0,team_game_log
2024-25,22400709,2025-02-03,1610612756,PHX,Phoenix Suns,PHX @ POR,L,119,0.471,0.357,0.857,43,28,15,-2,-2,0,team_game_log
2024-25,22400709,2025-02-03,1610612757,POR,Portland Trail Blazers,POR vs. PHX,W,121,0.449,0.4,0.833,48,30,13,2,2,1,team_game_log
2024-25,22400710,2025-02-04,1610612738,BOS,Boston Celtics,BOS @ CLE,W,112,0.408,0.354,0.833,53,26,12,7,7,1,team_game_log
2024-25,22400710,2025-02-04,1610612739,CLE,Cleveland Cavaliers,CLE vs. BOS,L,105,0.396,0.282,0.846,51,18,13,-7,-7,0,team_game_log
2024-25,22400711,2025-02-04,1610612745,HOU,Houston Rockets,HOU @ BKN,L,97,0.41,0.344,0.667,45,23,18,-2,-2,0,team_game_log
2024-25,22400711,2025-02-04,1610612751,BKN,Brooklyn Nets,BKN vs. HOU,W,99,0.463,0.37,0.765,39,26,14,2,2,1,team_game_log
2024-25,22400712,2025-02-04,1610612742,DAL,Dallas Mavericks,DAL @ PHI,L,116,0.471,0.333,0.806,44,24,12,-2,-2,0,team_game_log
2024-25,22400712,2025-02-04,1610612755,PHI,Philadelphia 76ers,PHI vs. DAL,W,118,0.547,0.333,0.684,34,37,13,2,2,1,team_game_log
2024-25,22400713,2025-02-04,1610612752,NYK,New York Knicks,NYK @ TOR,W,121,0.5,0.32,0.826,43,26,13,6,6,1,team_game_log
2024-25,22400713,2025-02-04,1610612761,TOR,Toronto Raptors,TOR vs. NYK,L,115,0.524,0.379,0.947,34,27,14,-6,-6,0,team_game_log
2024-25,22400714,2025-02-04,1610612741,CHI,Chicago Bulls,CHI vs. MIA,W,133,0.527,0.463,0.818,43,35,10,9,9,1,team_game_log
2024-25,22400714,2025-02-04,1610612748,MIA,Miami Heat,MIA @ CHI,L,124,0.478,0.386,0.808,44,29,14,-9,-9,0,team_game_log
2024-25,22400715,2025-02-04,1610612746,LAC,LA Clippers,LAC vs. LAL,L,97,0.382,0.293,0.895,36,30,10,-25,-25,0,team_game_log
2024-25,22400715,2025-02-04,1610612747,LAL,Los Angeles Lakers,LAL @ LAC,W,122,0.556,0.486,0.609,50,33,15,25,25,1,team_game_log
2024-25,22400716,2025-02-04,1610612754,IND,Indiana Pacers,IND @ POR,L,89,0.42,0.208,0.762,39,25,19,-23,-23,0,team_game_log
2024-25,22400716,2025-02-04,1610612757,POR,Portland Trail Blazers,POR vs. IND,W,112,0.446,0.378,0.941,51,23,19,23,23,1,team_game_log
2024-25,22400717,2025-02-05,1610612749,MIL,Milwaukee Bucks,MIL @ CHA,W,112,0.506,0.429,0.923,44,26,11,10,10,1,team_game_log
2024-25,22400717,2025-02-05,1610612766,CHA,Charlotte Hornets,CHA vs. MIL,L,102,0.432,0.324,0.75,41,21,8,-10,-10,0,team_game_log
2024-25,22400718,2025-02-05,1610612739,CLE,Cleveland Cavaliers,CLE @ DET,W,118,0.482,0.421,0.833,46,28,24,3,3,1,team_game_log
2024-25,22400718,2025-02-05,1610612765,DET,Detroit Pistons,DET vs. CLE,L,115,0.398,0.324,0.893,45,22,12,-3,-3,0,team_game_log
2024-25,22400719,2025-02-05,1610612737,ATL,Atlanta Hawks,ATL vs. SAS,L,125,0.527,0.381,0.722,45,33,20,-1,-1,0,team_game_log
2024-25,22400719,2025-02-05,1610612759,SAS,San Antonio Spurs,SAS @ ATL,W,126,0.505,0.324,0.75,41,36,10,1,1,1,team_game_log
2024-25,22400720,2025-02-05,1610612751,BKN,Brooklyn Nets,BKN vs. WAS,L,102,0.434,0.342,0.739,37,26,10,-17,-17,0,team_game_log
2024-25,22400720,2025-02-05,1610612764,WAS,Washington Wizards,WAS @ BKN,W,119,0.543,0.465,0.786,40,40,15,17,17,1,team_game_log
2024-25,22400721,2025-02-05,1610612748,MIA,Miami Heat,MIA @ PHI,W,108,0.47,0.412,0.8,54,25,22,7,7,1,team_game_log
2024-25,22400721,2025-02-05,1610612755,PHI,Philadelphia 76ers,PHI vs. MIA,L,101,0.385,0.3,0.75,39,22,5,-7,-7,0,team_game_log
2024-25,22400722,2025-02-05,1610612761,TOR,Toronto Raptors,TOR vs. MEM,L,107,0.398,0.286,0.895,34,28,10,-31,-31,0,team_game_log
2024-25,22400722,2025-02-05,1610612763,MEM,Memphis Grizzlies,MEM @ TOR,W,138,0.528,0.421,0.737,61,22,18,31,31,1,team_game_log
2024-25,22400723,2025-02-05,1610612741,CHI,Chicago Bulls,CHI @ MIN,L,108,0.482,0.333,0.727,34,25,11,-19,-19,0,team_game_log
2024-25,22400723,2025-02-05,1610612750,MIN,Minnesota Timberwolves,MIN vs. CHI,W,127,0.429,0.426,0.821,59,27,11,19,19,1,team_game_log
2024-25,22400724,2025-02-05,1610612756,PHX,Phoenix Suns,PHX @ OKC,L,109,0.471,0.389,0.879,35,24,22,-31,-31,0,team_game_log
2024-25,22400724,2025-02-05,1610612760,OKC,Oklahoma City Thunder,OKC vs. PHX,W,140,0.51,0.286,0.889,46,24,6,31,31,1,team_game_log
2024-25,22400725,2025-02-05,1610612744,GSW,Golden State Warriors,GSW @ UTA,L,128,0.46,0.354,0.704,41,33,9,-3,-3,0,team_game_log
2024-25,22400725,2025-02-05,1610612762,UTA,Utah Jazz,UTA vs. GSW,W,131,0.522,0.351,0.815,48,30,13,3,3,1,team_game_log
2024-25,22400726,2025-02-05,1610612740,NOP,New Orleans Pelicans,NOP @ DEN,L,119,0.462,0.345,0.885,38,26,11,-25,-25,0,team_game_log
2024-25,22400726,2025-02-05,1610612743,DEN,Denver Nuggets,DEN vs. NOP,W,144,0.57,0.372,0.933,51,40,9,25,25,1,team_game_log
2024-25,22400727,2025-02-05,1610612753,ORL,Orlando Magic,ORL @ SAC,W,130,0.568,0.516,0.933,35,30,11,19,19,1,team_game_log
2024-25,22400727,2025-02-05,1610612758,SAC,Sacramento Kings,SAC vs. ORL,L,111,0.5,0.37,0.75,37,23,19,-19,-19,0,team_game_log
2024-25,22400728,2025-02-06,1610612738,BOS,Boston Celtics,BOS vs. DAL,L,120,0.517,0.432,0.8,40,30,14,-7,-7,0,team_game_log
2024-25,22400728,2025-02-06,1610612742,DAL,Dallas Mavericks,DAL @ BOS,W,127,0.557,0.455,0.778,35,32,11,7,7,1,team_game_log
2024-25,22400729,2025-02-06,1610612745,HOU,Houston Rockets,HOU @ MIN,L,114,0.488,0.387,0.714,39,26,12,-13,-13,0,team_game_log
2024-25,22400729,2025-02-06,1610612750,MIN,Minnesota Timberwolves,MIN vs. HOU,W,127,0.479,0.41,0.875,47,23,13,13,13,1,team_game_log
2024-25,22400730,2025-02-06,1610612743,DEN,Denver Nuggets,DEN vs. ORL,W,112,0.53,0.4,0.571,52,33,20,22,22,1,team_game_log
2024-25,22400730,2025-02-06,1610612753,ORL,Orlando Magic,ORL @ DEN,L,90,0.369,0.161,0.767,40,21,14,-22,-22,0,team_game_log
2024-25,22400731,2025-02-06,1610612744,GSW,Golden State Warriors,GSW @ LAL,L,112,0.406,0.302,0.7,40,29,12,-8,-8,0,team_game_log
2024-25,22400731,2025-02-06,1610612747,LAL,Los Angeles Lakers,LAL vs. GSW,W,120,0.5,0.371,0.806,47,26,14,8,8,1,team_game_log
2024-25,22400732,2025-02-06,1610612757,POR,Portland Trail Blazers,POR vs. SAC,W,108,0.433,0.4,0.778,47,25,13,6,6,1,team_game_log
2024-25,22400732,2025-02-06,1610612758,SAC,Sacramento Kings,SAC @ POR,L,102,0.42,0.333,0.818,47,21,11,-6,-6,0,team_game_log
2024-25,22400733,2025-02-06,1610612746,LAC,LA Clippers,LAC vs. IND,L,112,0.466,0.425,0.722,48,25,19,-7,-7,0,team_game_log
2024-25,22400733,2025-02-06,1610612754,IND,Indiana Pacers,IND @ LAC,W,119,0.453,0.333,0.833,46,31,8,7,7,1,team_game_log
2024-25,22400734,2025-02-07,1610612759,SAS,San Antonio Spurs,SAS @ CHA,L,116,0.457,0.308,0.833,38,25,8,-1,-1,0,team_game_log
2024-25,22400734,2025-02-07,1610612766,CHA,Charlotte Hornets,CHA vs. SAS,W,117,0.465,0.447,1.0,53,33,11,1,1,1,team_game_log
2024-25,22400735,2025-02-07,1610612739,CLE,Cleveland Cavaliers,CLE @ WAS,W,134,0.511,0.421,0.917,46,32,14,10,10,1,team_game_log
2024-25,22400735,2025-02-07,1610612764,WAS,Washington Wizards,WAS vs. CLE,L,124,0.489,0.364,0.64,40,25,15,-10,-10,0,team_game_log
2024-25,22400736,2025-02-07,1610612737,ATL,Atlanta Hawks,ATL vs. MIL,W,115,0.489,0.361,0.667,52,29,11,5,5,1,team_game_log
2024-25,22400736,2025-02-07,1610612749,MIL,Milwaukee Bucks,MIL @ ATL,L,110,0.427,0.38,0.9,43,28,10,-5,-5,0,team_game_log
2024-25,22400737,2025-02-07,1610612748,MIA,Miami Heat,MIA @ BKN,L,86,0.356,0.3,0.833,39,23,14,-16,-16,0,team_game_log
2024-25,22400737,2025-02-07,1610612751,BKN,Brooklyn Nets,BKN vs. MIA,W,102,0.419,0.27,0.778,57,17,14,16,16,1,team_game_log
2024-25,22400738,2025-02-07,1610612755,PHI,Philadelphia 76ers,PHI @ DET,L,112,0.494,0.419,0.85,38,26,13,-13,-13,0,team_game_log
2024-25,22400738,2025-02-07,1610612765,DET,Detroit Pistons,DET vs. PHI,W,125,0.454,0.386,0.769,56,32,15,13,13,1,team_game_log
2024-25,22400739,2025-02-07,1610612760,OKC,Oklahoma City Thunder,OKC vs. TOR,W,121,0.512,0.29,0.839,44,26,12,12,12,1,team_game_log
2024-25,22400739,2025-02-07,1610612761,TOR,Toronto Raptors,TOR @ OKC,L,109,0.429,0.463,0.632,42,31,12,-12,-12,0,team_game_log
2024-25,22400740,2025-02-07,1610612756,PHX,Phoenix Suns,PHX vs. UTA,W,135,0.452,0.393,0.905,49,31,8,8,8,1,team_game_log
2024-25,22400740,2025-02-07,1610612762,UTA,Utah Jazz,UTA @ PHX,L,127,0.41,0.271,0.9,63,29,12,-8,-8,0,team_game_log
2024-25,22400741,2025-02-08,1610612742,DAL,Dallas Mavericks,DAL vs. HOU,W,116,0.47,0.522,0.765,43,22,6,11,11,1,team_game_log
2024-25,22400741,2025-02-08,1610612745,HOU,Houston Rockets,HOU @ DAL,L,105,0.4,0.286,0.773,48,21,9,-11,-11,0,team_game_log
2024-25,22400742,2025-02-08,1610612747,LAL,Los Angeles Lakers,LAL vs. IND,W,124,0.523,0.333,0.913,46,29,15,7,7,1,team_game_log
2024-25,22400742,2025-02-08,1610612754,IND,Indiana Pacers,IND @ LAL,L,117,0.425,0.316,0.969,38,27,11,-7,-7,0,team_game_log
2024-25,22400743,2025-02-08,1610612753,ORL,Orlando Magic,ORL vs. SAS,W,112,0.511,0.333,0.6,45,19,15,1,1,1,team_game_log
2024-25,22400743,2025-02-08,1610612759,SAS,San Antonio Spurs,SAS @ ORL,L,111,0.532,0.433,0.8,34,27,14,-1,-1,0,team_game_log
2024-25,22400744,2025-02-08,1610612737,ATL,Atlanta Hawks,ATL @ WAS,W,125,0.485,0.409,0.765,41,36,12,14,14,1,team_game_log
2024-25,22400744,2025-02-08,1610612764,WAS,Washington Wizards,WAS vs. ATL,L,111,0.441,0.25,0.952,53,26,18,-14,-14,0,team_game_log
2024-25,22400745,2025-02-08,1610612741,CHI,Chicago Bulls,CHI vs. GSW,L,111,0.443,0.436,0.774,31,24,17,-21,-21,0,team_game_log
2024-25,22400745,2025-02-08,1610612744,GSW,Golden State Warriors,GSW @ CHI,W,132,0.5,0.396,0.852,44,34,15,21,21,1,team_game_log
2024-25,22400746,2025-02-08,1610612760,OKC,Oklahoma City Thunder,OKC @ MEM,W,125,0.429,0.429,0.81,55,29,9,13,13,1,team_game_log
2024-25,22400746,2025-02-08,1610612763,MEM,Memphis Grizzlies,MEM vs. OKC,L,112,0.444,0.429,0.718,40,21,13,-13,-13,0,team_game_log
2024-25,22400747,2025-02-08,1610612750,MIN,Minnesota Timberwolves,MIN vs. POR,W,114,0.524,0.357,0.643,43,23,14,16,16,1,team_game_log
2024-25,22400747,2025-02-08,1610612757,POR,Portland Trail Blazers,POR @ MIN,L,98,0.402,0.2,0.773,45,18,17,-16,-16,0,team_game_log
2024-25,22400748,2025-02-08,1610612738,BOS,Boston Celtics,BOS @ NYK,W,131,0.541,0.487,0.833,48,21,11,27,27,1,team_game_log
2024-25,22400748,2025-02-08,1610612752,NYK,New York Knicks,NYK vs. BOS,L,104,0.422,0.375,0.862,30,16,9,-27,-27,0,team_game_log
2024-25,22400749,2025-02-08,1610612743,DEN,Denver Nuggets,DEN @ PHX,W,122,0.489,0.457,0.941,56,28,10,17,17,1,team_game_log
2024-25,22400749,2025-02-08,1610612756,PHX,Phoenix Suns,PHX vs. DEN,L,105,0.388,0.34,0.8,43,25,6,-17,-17,0,team_game_log
2024-25,22400750,2025-02-08,1610612740,NOP,New Orleans Pelicans,NOP @ SAC,L,118,0.478,0.389,0.72,39,27,16,-5,-5,0,team_game_log
2024-25,22400750,2025-02-08,1610612758,SAC,Sacramento Kings,SAC vs. NOP,W,123,0.473,0.268,0.788,51,24,18,5,5,1,team_game_log
2024-25,22400751,2025-02-08,1610612746,LAC,LA Clippers,LAC vs. UTA,W,130,0.58,0.423,0.81,37,36,15,20,20,1,team_game_log
2024-25,22400751,2025-02-08,1610612762,UTA,Utah Jazz,UTA @ LAC,L,110,0.47,0.395,0.833,38,26,20,-20,-20,0,team_game_log
2024-25,22400752,2025-02-09,1610612765,DET,Detroit Pistons,DET vs. CHA,W,112,0.489,0.297,0.813,46,31,11,10,10,1,team_game_log
2024-25,22400752,2025-02-09,1610612766,CHA,Charlotte Hornets,CHA @ DET,L,102,0.436,0.469,0.826,37,25,14,-10,-10,0,team_game_log
2024-25,22400753,2025-02-09,1610612745,HOU,Houston Rockets,HOU vs. TOR,W,94,0.36,0.263,0.786,58,17,15,7,7,1,team_game_log
2024-25,22400753,2025-02-09,1610612761,TOR,Toronto Raptors,TOR @ HOU,L,87,0.367,0.19,0.765,48,19,10,-7,-7,0,team_game_log
2024-25,22400754,2025-02-09,1610612749,MIL,Milwaukee Bucks,MIL vs. PHI,W,135,0.438,0.436,0.95,53,29,12,8,8,1,team_game_log
2024-25,22400754,2025-02-09,1610612755,PHI,Philadelphia 76ers,PHI @ MIL,L,127,0.528,0.4,0.789,42,28,14,-8,-8,0,team_game_log
2024-25,22400755,2025-02-10,1610612739,CLE,Cleveland Cavaliers,CLE vs. MIN,W,128,0.511,0.395,0.75,49,27,17,21,21,1,team_game_log
2024-25,22400755,2025-02-10,1610612750,MIN,Minnesota Timberwolves,MIN @ CLE,L,107,0.4,0.308,0.767,41,17,16,-21,-21,0,team_game_log
2024-25,22400756,2025-02-10,1610612737,ATL,Atlanta Hawks,ATL @ ORL,W,112,0.494,0.375,0.857,39,29,17,6,6,1,team_game_log
2024-25,22400756,2025-02-10,1610612753,ORL,Orlando Magic,ORL vs. ATL,L,106,0.474,0.4,0.833,36,22,18,-6,-6,0,team_game_log
2024-25,22400757,2025-02-10,1610612759,SAS,San Antonio Spurs,SAS @ WAS,W,131,0.511,0.447,0.828,43,28,12,10,10,1,team_game_log
2024-25,22400757,2025-02-10,1610612764,WAS,Washington Wizards,WAS vs. SAS,L,121,0.484,0.298,0.895,42,26,14,-10,-10,0,team_game_log
2024-25,22400758,2025-02-10,1610612751,BKN,Brooklyn Nets,BKN vs. CHA,W,97,0.398,0.238,0.929,47,24,17,8,8,1,team_game_log
2024-25,22400758,2025-02-10,1610612766,CHA,Charlotte Hornets,CHA @ BKN,L,89,0.41,0.194,0.679,40,18,18,-8,-8,0,team_game_log
2024-25,22400759,2025-02-10,1610612738,BOS,Boston Celtics,BOS @ MIA,W,103,0.459,0.321,1.0,52,24,8,18,18,1,team_game_log
2024-25,22400759,2025-02-10,1610612748,MIA,Miami Heat,MIA vs. BOS,L,85,0.337,0.244,0.923,51,21,4,-18,-18,0,team_game_log
2024-25,22400760,2025-02-10,1610612744,GSW,Golden State Warriors,GSW @ MIL,W,125,0.441,0.289,0.789,48,27,9,14,14,1,team_game_log
2024-25,22400760,2025-02-10,1610612749,MIL,Milwaukee Bucks,MIL vs. GSW,L,111,0.5,0.303,0.735,37,18,20,-14,-14,0,team_game_log
2024-25,22400761,2025-02-10,1610612740,NOP,New Orleans Pelicans,NOP @ OKC,L,101,0.439,0.37,0.679,42,19,23,-36,-36,0,team_game_log
2024-25,22400761,2025-02-10,1610612760,OKC,Oklahoma City Thunder,OKC vs. NOP,W,137,0.516,0.491,0.75,45,29,11,36,36,1,team_game_log
2024-25,22400762,2025-02-10,1610612742,DAL,Dallas Mavericks,DAL vs. SAC,L,128,0.516,0.405,0.625,33,31,13,-1,-1,0,team_game_log
2024-25,22400762,2025-02-10,1610612758,SAC,Sacramento Kings,SAC @ DAL,W,129,0.552,0.346,0.737,50,28,21,1,1,1,team_game_log
2024-25,22400763,2025-02-10,1610612743,DEN,Denver Nuggets,DEN vs. POR,W,146,0.659,0.32,0.9,38,44,10,29,29,1,team_game_log
2024-25,22400763,2025-02-10,1610612757,POR,Portland Trail Blazers,POR @ DEN,L,117,0.455,0.405,0.846,33,25,16,-29,-29,0,team_game_log
2024-25,22400768,2025-02-10,1610612747,LAL,Los Angeles Lakers,LAL vs. UTA,W,132,0.543,0.357,0.944,44,28,13,19,19,1,team_game_log
2024-25,22400768,2025-02-10,1610612762,UTA,Utah Jazz,UTA @ LAL,L,113,0.464,0.3,0.852,39,29,19,-19,-19,0,team_game_log
2024-25,22400764,2025-02-11,1610612755,PHI,Philadelphia 76ers,PHI vs. TOR,L,103,0.407,0.237,0.833,46,22,14,-3,-3,0,team_game_log
2024-25,22400764,2025-02-11,1610612761,TOR,Toronto Raptors,TOR @ PHI,W,106,0.463,0.333,0.826,49,23,19,3,3,1,team_game_log
2024-25,22400765,2025-02-11,1610612752,NYK,New York Knicks,NYK @ IND,W,128,0.538,0.37,0.87,48,37,16,13,13,1,team_game_log
2024-25,22400765,2025-02-11,1610612754,IND,Indiana Pacers,IND vs. NYK,L,115,0.483,0.29,0.769,36,32,10,-13,-13,0,team_game_log
2024-25,22400766,2025-02-11,1610612741,CHI,Chicago Bulls,CHI vs. DET,L,92,0.35,0.213,0.632,44,22,16,-40,-40,0,team_game_log
2024-25,22400766,2025-02-11,1610612765,DET,Detroit Pistons,DET @ CHI,W,132,0.531,0.439,0.923,55,30,15,40,40,1,team_game_log
2024-25,22400767,2025-02-11,1610612756,PHX,Phoenix Suns,PHX vs. MEM,L,112,0.446,0.273,0.818,42,35,12,-7,-7,0,team_game_log
2024-25,22400767,2025-02-11,1610612763,MEM,Memphis Grizzlies,MEM @ PHX,W,119,0.43,0.308,0.778,60,22,13,7,7,1,team_game_log
2024-25,22400769,2025-02-12,1610612738,BOS,Boston Celtics,BOS vs. SAS,W,116,0.462,0.327,0.667,56,25,17,13,13,1,team_game_log
2024-25,22400769,2025-02-12,1610612759,SAS,San Antonio Spurs,SAS @ BOS,L,103,0.438,0.231,0.833,38,30,8,-13,-13,0,team_game_log
2024-25,22400770,2025-02-12,1610612753,ORL,Orlando Magic,ORL vs. CHA,W,102,0.411,0.326,0.737,52,22,11,16,16,1,team_game_log
2024-25,22400770,2025-02-12,1610612766,CHA,Charlotte Hornets,CHA @ ORL,L,86,0.395,0.308,0.933,43,21,12,-16,-16,0,team_game_log
2024-25,22400771,2025-02-12,1610612754,IND,Indiana Pacers,IND @ WAS,W,134,0.467,0.457,0.9,42,38,9,4,4,1,team_game_log
2024-25,22400771,2025-02-12,1610612764,WAS,Washington Wizards,WAS vs. IND,L,130,0.485,0.511,0.813,46,29,18,-4,-4,0,team_game_log
2024-25,22400772,2025-02-12,1610612751,BKN,Brooklyn Nets,BKN vs. PHI,W,100,0.471,0.267,0.8,50,23,18,4,4,1,team_game_log
2024-25,22400772,2025-02-12,1610612755,PHI,Philadelphia 76ers,PHI @ BKN,L,96,0.432,0.242,0.818,38,25,15,-4,-4,0,team_game_log
2024-25,22400773,2025-02-12,1610612737,ATL,Atlanta Hawks,ATL @ NYK,L,148,0.5,0.368,0.686,47,43,14,-1,-1,0,team_game_log
2024-25,22400773,2025-02-12,1610612752,NYK,New York Knicks,NYK vs. ATL,W,149,0.574,0.423,0.811,39,28,18,1,1,1,team_game_log
2024-25,22400774,2025-02-12,1610612739,CLE,Cleveland Cavaliers,CLE @ TOR,W,131,0.485,0.34,0.85,53,34,13,23,23,1,team_game_log
2024-25,22400774,2025-02-12,1610612761,TOR,Toronto Raptors,TOR vs. CLE,L,108,0.462,0.345,0.667,39,26,15,-23,-23,0,team_game_log
2024-25,22400775,2025-02-12,1610612741,CHI,Chicago Bulls,CHI vs. DET,L,110,0.43,0.22,0.9,37,23,18,-18,-18,0,team_game_log
2024-25,22400775,2025-02-12,1610612765,DET,Detroit Pistons,DET @ CHI,W,128,0.511,0.4,0.8,47,30,17,18,18,1,team_game_log
2024-25,22400776,2025-02-12,1610612749,MIL,Milwaukee Bucks,MIL @ MIN,W,103,0.443,0.4,0.813,48,24,13,2,2,1,team_game_log
2024-25,22400776,2025-02-12,1610612750,MIN,Minnesota Timberwolves,MIN vs. MIL,L,101,0.379,0.227,0.867,59,27,14,-2,-2,0,team_game_log
2024-25,22400777,2025-02-12,1610612740,NOP,New Orleans Pelicans,NOP vs. SAC,L,111,0.468,0.25,0.833,40,28,9,-8,-8,0,team_game_log
2024-25,22400777,2025-02-12,1610612758,SAC,Sacramento Kings,SAC @ NOP,W,119,0.471,0.356,0.724,48,28,11,8,8,1,team_game_log
2024-25,22400778,2025-02-12,1610612748,MIA,Miami Heat,MIA @ OKC,L,101,0.456,0.324,0.72,45,24,16,-14,-14,0,team_game_log
2024-25,22400778,2025-02-12,1610612760,OKC,Oklahoma City Thunder,OKC vs. MIA,W,115,0.489,0.385,0.7,41,22,13,14,14,1,team_game_log
2024-25,22400779,2025-02-12,1610612745,HOU,Houston Rockets,HOU vs. PHX,W,119,0.474,0.31,0.583,47,32,11,8,8,1,team_game_log
2024-25,22400779,2025-02-12,1610612756,PHX,Phoenix Suns,PHX @ HOU,L,111,0.517,0.385,0.818,43,25,18,-8,-8,0,team_game_log
2024-25,22400780,2025-02-12,1610612743,DEN,Denver Nuggets,DEN vs. POR,W,132,0.51,0.395,0.792,49,26,14,11,11,1,team_game_log
2024-25,22400780,2025-02-12,1610612757,POR,Portland Trail Blazers,POR @ DEN,L,121,0.457,0.368,0.724,45,27,12,-11,-11,0,team_game_log
2024-25,22400781,2025-02-12,1610612747,LAL,Los Angeles Lakers,LAL @ UTA,L,119,0.446,0.4,0.567,45,31,14,-12,-12,0,team_game_log
2024-25,22400781,2025-02-12,1610612762,UTA,Utah Jazz,UTA vs. LAL,W,131,0.523,0.366,0.788,48,30,12,12,12,1,team_game_log
2024-25,22400782,2025-02-12,1610612742,DAL,Dallas Mavericks,DAL vs. GSW,W,111,0.483,0.417,0.8,39,20,15,4,4,1,team_game_log
2024-25,22400782,2025-02-12,1610612744,GSW,Golden State Warriors,GSW @ DAL,L,107,0.427,0.286,0.833,50,29,16,-4,-4,0,team_game_log
2024-25,22400783,2025-02-12,1610612746,LAC,LA Clippers,LAC vs. MEM,W,128,0.505,0.371,0.955,46,29,17,14,14,1,team_game_log
2024-25,22400783,2025-02-12,1610612763,MEM,Memphis Grizzlies,MEM @ LAC,L,114,0.494,0.5,0.533,40,24,22,-14,-14,0,team_game_log
2024-25,22400784,2025-02-13,1610612744,GSW,Golden State Warriors,GSW @ HOU,W,105,0.393,0.268,0.889,42,26,11,7,7,1,team_game_log
2024-25,22400784,2025-02-13,1610612745,HOU,Houston Rockets,HOU vs. GSW,L,98,0.409,0.333,0.556,52,24,20,-7,-7,0,team_game_log
2024-25,22400785,2025-02-13,1610612740,NOP,New Orleans Pelicans,NOP vs. SAC,W,140,0.5,0.42,0.794,45,32,10,7,7,1,team_game_log
2024-25,22400785,2025-02-13,1610612758,SAC,Sacramento Kings,SAC @ NOP,L,133,0.438,0.362,0.857,58,38,15,-7,-7,0,team_game_log
2024-25,22400786,2025-02-13,1610612742,DAL,Dallas Mavericks,DAL vs. MIA,W,118,0.511,0.361,0.813,40,28,14,5,5,1,team_game_log
2024-25,22400786,2025-02-13,1610612748,MIA,Miami Heat,MIA @ DAL,L,113,0.473,0.278,0.654,42,23,13,-5,-5,0,team_game_log
2024-25,22400787,2025-02-13,1610612750,MIN,Minnesota Timberwolves,MIN vs. OKC,W,116,0.424,0.261,0.909,54,28,10,15,15,1,team_game_log
2024-25,22400787,2025-02-13,1610612760,OKC,Oklahoma City Thunder,OKC @ MIN,L,101,0.42,0.241,0.833,49,25,10,-15,-15,0,team_game_log
2024-25,22401004,2025-02-13,1610612746,LAC,LA Clippers,LAC @ UTA,W,120,0.415,0.368,0.778,43,22,12,4,4,1,team_game_log
2024-25,22401004,2025-02-13,1610612762,UTA,Utah Jazz,UTA vs. LAC,L,116,0.487,0.4,0.846,47,23,26,-4,-4,0,team_game_log
2024-25,22400524,2025-02-19,1610612747,LAL,Los Angeles Lakers,LAL vs. CHA,L,97,0.411,0.294,0.667,50,29,18,-3,-3,0,team_game_log
2024-25,22400524,2025-02-19,1610612766,CHA,Charlotte Hornets,CHA @ LAL,W,100,0.363,0.34,0.941,47,20,19,3,3,1,team_game_log
2024-25,22400788,2025-02-20,1610612754,IND,Indiana Pacers,IND vs. MEM,W,127,0.505,0.378,0.818,46,29,11,14,14,1,team_game_log
2024-25,22400788,2025-02-20,1610612763,MEM,Memphis Grizzlies,MEM @ IND,L,113,0.414,0.308,0.864,46,28,13,-14,-14,0,team_game_log
2024-25,22400789,2025-02-20,1610612738,BOS,Boston Celtics,BOS @ PHI,W,124,0.483,0.444,0.933,49,33,11,20,20,1,team_game_log
2024-25,22400789,2025-02-20,1610612755,PHI,Philadelphia 76ers,PHI vs. BOS,L,104,0.43,0.205,0.941,44,23,10,-20,-20,0,team_game_log
2024-25,22400790,2025-02-20,1610612737,ATL,Atlanta Hawks,ATL vs. ORL,L,108,0.39,0.314,0.679,51,20,9,-6,-6,0,team_game_log
2024-25,22400790,2025-02-20,1610612753,ORL,Orlando Magic,ORL @ ATL,W,114,0.482,0.24,0.684,53,15,8,6,6,1,team_game_log
2024-25,22400791,2025-02-20,1610612739,CLE,Cleveland Cavaliers,CLE @ BKN,W,110,0.426,0.282,0.704,52,19,17,13,13,1,team_game_log
2024-25,22400791,2025-02-20,1610612751,BKN,Brooklyn Nets,BKN vs. CLE,L,97,0.4,0.263,0.579,45,25,16,-13,-13,0,team_game_log
2024-25,22400792,2025-02-20,1610612741,CHI,Chicago Bulls,CHI @ NYK,L,111,0.398,0.396,0.833,53,24,15,-2,-2,0,team_game_log
2024-25,22400792,2025-02-20,1610612752,NYK,New York Knicks,NYK vs. CHI,W,113,0.43,0.304,0.7,54,28,13,2,2,1,team_game_log
2024-25,22400793,2025-02-20,1610612746,LAC,LA Clippers,LAC @ MIL,L,110,0.466,0.4,0.842,43,28,14,-6,-6,0,team_game_log
2024-25,22400793,2025-02-20,1610612749,MIL,Milwaukee Bucks,MIL vs. LAC,W,116,0.475,0.395,0.852,41,22,18,6,6,1,team_game_log
2024-25,22400794,2025-02-20,1610612743,DEN,Denver Nuggets,DEN vs. CHA,W,129,0.5,0.442,0.75,55,29,14,14,14,1,team_game_log
2024-25,22400794,2025-02-20,1610612766,CHA,Charlotte Hornets,CHA @ DEN,L,115,0.434,0.405,0.824,45,28,10,-14,-14,0,team_game_log
2024-25,22400795,2025-02-20,1610612756,PHX,Phoenix Suns,PHX @ SAS,L,109,0.469,0.364,0.85,39,28,18,-11,-11,0,team_game_log
2024-25,22400795,2025-02-20,1610612759,SAS,San Antonio Spurs,SAS vs. PHX,W,120,0.473,0.366,0.773,44,30,11,11,11,1,team_game_log
2024-25,22400796,2025-02-20,1610612747,LAL,Los Angeles Lakers,LAL @ POR,W,110,0.476,0.281,0.92,48,20,24,8,8,1,team_game_log
2024-25,22400796,2025-02-20,1610612757,POR,Portland Trail Blazers,POR vs. LAL,L,102,0.442,0.324,0.667,33,27,17,-8,-8,0,team_game_log
2024-25,22400797,2025-02-21,1610612739,CLE,Cleveland Cavaliers,CLE vs. NYK,W,142,0.609,0.514,0.733,47,38,15,37,37,1,team_game_log
2024-25,22400797,2025-02-21,1610612752,NYK,New York Knicks,NYK @ CLE,L,105,0.472,0.357,0.611,32,25,17,-37,-37,0,team_game_log
2024-25,22400798,2025-02-21,1610612753,ORL,Orlando Magic,ORL vs. MEM,L,104,0.409,0.29,0.697,50,23,14,-1,-1,0,team_game_log
2024-25,22400798,2025-02-21,1610612763,MEM,Memphis Grizzlies,MEM @ ORL,W,105,0.413,0.212,0.759,53,22,15,1,1,1,team_game_log
2024-25,22400799,2025-02-21,1610612749,MIL,Milwaukee Bucks,MIL @ WAS,W,104,0.476,0.281,0.654,44,24,17,3,3,1,team_game_log
2024-25,22400799,2025-02-21,1610612764,WAS,Washington Wizards,WAS vs. MIL,L,101,0.402,0.308,0.704,42,25,14,-3,-3,0,team_game_log
2024-25,22400800,2025-02-21,1610612748,MIA,Miami Heat,MIA @ TOR,W,120,0.511,0.361,0.833,44,20,14,9,9,1,team_game_log
2024-25,22400800,2025-02-21,1610612761,TOR,Toronto Raptors,TOR vs. MIA,L,111,0.418,0.395,0.783,46,25,14,-9,-9,0,team_game_log
2024-25,22400801,2025-02-21,1610612745,HOU,Houston Rockets,HOU vs. MIN,W,121,0.5,0.5,0.75,48,18,20,6,6,1,team_game_log
2024-25,22400801,2025-02-21,1610612750,MIN,Minnesota Timberwolves,MIN @ HOU,L,115,0.446,0.289,0.846,35,22,9,-6,-6,0,team_game_log
2024-25,22400802,2025-02-21,1610612759,SAS,San Antonio Spurs,SAS vs. DET,L,110,0.512,0.345,0.636,32,27,17,-15,-15,0,team_game_log
2024-25,22400802,2025-02-21,1610612765,DET,Detroit Pistons,DET @ SAS,W,125,0.5,0.343,0.864,53,31,16,15,15,1,team_game_log
2024-25,22400803,2025-02-21,1610612740,NOP,New Orleans Pelicans,NOP @ DAL,L,103,0.413,0.296,0.76,53,25,14,-8,-8,0,team_game_log
2024-25,22400803,2025-02-21,1610612742,DAL,Dallas Mavericks,DAL vs. NOP,W,111,0.43,0.364,0.778,47,28,14,8,8,1,team_game_log
2024-25,22400804,2025-02-21,1610612760,OKC,Oklahoma City Thunder,OKC @ UTA,W,130,0.474,0.442,0.95,51,38,12,23,23,1,team_game_log
2024-25,22400804,2025-02-21,1610612762,UTA,Utah Jazz,UTA vs. OKC,L,107,0.456,0.366,0.556,43,27,21,-23,-23,0,team_game_log
2024-25,22400805,2025-02-21,1610612744,GSW,Golden State Warriors,GSW @ SAC,W,132,0.538,0.465,1.0,35,40,12,24,24,1,team_game_log
2024-25,22400805,2025-02-21,1610612758,SAC,Sacramento Kings,SAC vs. GSW,L,108,0.506,0.344,0.944,39,26,24,-24,-24,0,team_game_log
2024-25,22400806,2025-02-22,1610612741,CHI,Chicago Bulls,CHI vs. PHX,L,117,0.418,0.34,1.0,45,29,9,-4,-4,0,team_game_log
2024-25,22400806,2025-02-22,1610612756,PHX,Phoenix Suns,PHX @ CHI,W,121,0.483,0.333,0.893,49,29,11,4,4,1,team_game_log
2024-25,22400807,2025-02-22,1610612751,BKN,Brooklyn Nets,BKN @ PHI,W,105,0.506,0.25,0.842,39,27,16,2,2,1,team_game_log
2024-25,22400807,2025-02-22,1610612755,PHI,Philadelphia 76ers,PHI vs. BKN,L,103,0.424,0.256,0.875,43,21,13,-2,-2,0,team_game_log
2024-25,22400808,2025-02-22,1610612743,DEN,Denver Nuggets,DEN vs. LAL,L,100,0.4,0.39,0.762,45,28,22,-23,-23,0,team_game_log
2024-25,22400808,2025-02-22,1610612747,LAL,Los Angeles Lakers,LAL @ DEN,W,123,0.5,0.39,0.84,39,27,9,23,23,1,team_game_log
2024-25,22400809,2025-02-22,1610612745,HOU,Houston Rockets,HOU @ UTA,L,115,0.44,0.395,0.556,41,33,7,-9,-9,0,team_game_log
2024-25,22400809,2025-02-22,1610612762,UTA,Utah Jazz,UTA vs. HOU,W,124,0.5,0.325,0.481,58,28,8,9,9,1,team_game_log
2024-25,22400810,2025-02-22,1610612757,POR,Portland Trail Blazers,POR vs. CHA,W,141,0.586,0.465,0.704,57,37,19,53,53,1,team_game_log
2024-25,22400810,2025-02-22,1610612766,CHA,Charlotte Hornets,CHA @ POR,L,88,0.347,0.156,0.714,37,19,17,-53,-53,0,team_game_log
2024-25,22400811,2025-02-23,1610612738,BOS,Boston Celtics,BOS vs. NYK,W,118,0.495,0.386,1.0,49,27,12,13,13,1,team_game_log
2024-25,22400811,2025-02-23,1610612752,NYK,New York Knicks,NYK @ BOS,L,105,0.435,0.389,1.0,40,21,11,-13,-13,0,team_game_log
2024-25,22400812,2025-02-23,1610612742,DAL,Dallas Mavericks,DAL @ GSW,L,102,0.463,0.406,0.684,41,24,18,-24,-24,0,team_game_log
2024-25,22400812,2025-02-23,1610612744,GSW,Golden State Warriors,GSW vs. DAL,W,126,0.48,0.3,0.87,54,30,10,24,24,1,team_game_log
2024-25,22400813,2025-02-23,1610612746,LAC,LA Clippers,LAC @ IND,L,111,0.447,0.25,0.758,32,23,11,-18,-18,0,team_game_log
2024-25,22400813,2025-02-23,1610612754,IND,Indiana Pacers,IND vs. LAC,W,129,0.548,0.333,0.926,46,31,14,18,18,1,team_game_log
2024-25,22400814,2025-02-23,1610612737,ATL,Atlanta Hawks,ATL vs. DET,L,143,0.5,0.467,0.722,40,30,13,-5,-5,0,team_game_log
2024-25,22400814,2025-02-23,1610612765,DET,Detroit Pistons,DET @ ATL,W,148,0.591,0.5,0.72,37,39,19,5,5,1,team_game_log
2024-25,22400815,2025-02-23,1610612753,ORL,Orlando Magic,ORL vs. WAS,W,110,0.444,0.344,0.864,47,25,16,20,20,1,team_game_log
2024-25,22400815,2025-02-23,1610612764,WAS,Washington Wizards,WAS @ ORL,L,90,0.41,0.263,0.727,36,22,20,-20,-20,0,team_game_log
2024-25,22400816,2025-02-23,1610612756,PHX,Phoenix Suns,PHX @ TOR,L,109,0.506,0.25,0.727,37,22,12,-18,-18,0,team_game_log
2024-25,22400816,2025-02-23,1610612761,TOR,Toronto Raptors,TOR vs. PHX,W,127,0.489,0.571,0.7,49,30,14,18,18,1,team_game_log
2024-25,22400817,2025-02-23,1610612748,MIA,Miami Heat,MIA @ MIL,L,113,0.466,0.29,0.846,46,25,11,-7,-7,0,team_game_log
2024-25,22400817,2025-02-23,1610612749,MIL,Milwaukee Bucks,MIL vs. MIA,W,120,0.512,0.359,0.818,40,25,9,7,7,1,team_game_log
2024-25,22400818,2025-02-23,1610612740,NOP,New Orleans Pelicans,NOP vs. SAS,W,114,0.447,0.333,0.731,69,27,17,18,18,1,team_game_log
2024-25,22400818,2025-02-23,1610612759,SAS,San Antonio Spurs,SAS @ NOP,L,96,0.33,0.294,0.68,46,29,10,-18,-18,0,team_game_log
2024-25,22400819,2025-02-23,1610612739,CLE,Cleveland Cavaliers,CLE vs. MEM,W,129,0.465,0.277,0.686,57,25,14,6,6,1,team_game_log
2024-25,22400819,2025-02-23,1610612763,MEM,Memphis Grizzlies,MEM @ CLE,L,123,0.457,0.385,0.774,37,28,14,-6,-6,0,team_game_log
2024-25,22400820,2025-02-23,1610612750,MIN,Minnesota Timberwolves,MIN vs. OKC,L,123,0.438,0.4,0.964,44,23,13,-7,-7,0,team_game_log
2024-25,22400820,2025-02-23,1610612760,OKC,Oklahoma City Thunder,OKC @ MIN,W,130,0.558,0.543,0.75,37,32,13,7,7,1,team_game_log
2024-25,22400821,2025-02-24,1610612746,LAC,LA Clippers,LAC @ DET,L,97,0.402,0.268,0.632,48,24,17,-9,-9,0,team_game_log
2024-25,22400821,2025-02-24,1610612765,DET,Detroit Pistons,DET vs. LAC,W,106,0.456,0.31,0.694,46,22,16,9,9,1,team_game_log
2024-25,22400822,2025-02-24,1610612743,DEN,Denver Nuggets,DEN @ IND,W,125,0.564,0.381,0.786,46,39,20,9,9,1,team_game_log
2024-25,22400822,2025-02-24,1610612754,IND,Indiana Pacers,IND vs. DEN,L,116,0.471,0.326,0.815,32,29,18,-9,-9,0,team_game_log
2024-25,22400823,2025-02-24,1610612741,CHI,Chicago Bulls,CHI @ PHI,W,142,0.506,0.45,0.944,44,32,15,32,32,1,team_game_log
2024-25,22400823,2025-02-24,1610612755,PHI,Philadelphia 76ers,PHI vs. CHI,L,110,0.389,0.25,0.897,47,19,17,-32,-32,0,team_game_log
2024-25,22400824,2025-02-24,1610612751,BKN,Brooklyn Nets,BKN @ WAS,L,99,0.393,0.389,0.792,39,25,18,-8,-8,0,team_game_log
2024-25,22400824,2025-02-24,1610612764,WAS,Washington Wizards,WAS vs. BKN,W,107,0.5,0.419,0.96,37,26,24,8,8,1,team_game_log
2024-25,22400825,2025-02-24,1610612737,ATL,Atlanta Hawks,ATL vs. MIA,W,98,0.455,0.257,0.75,50,29,18,12,12,1,team_game_log
2024-25,22400825,2025-02-24,1610612748,MIA,Miami Heat,MIA @ ATL,L,86,0.321,0.175,0.926,45,15,18,-12,-12,0,team_game_log
2024-25,22400826,2025-02-24,1610612750,MIN,Minnesota Timberwolves,MIN @ OKC,W,131,0.454,0.281,0.872,54,29,13,3,3,1,team_game_log
2024-25,22400826,2025-02-24,1610612760,OKC,Oklahoma City Thunder,OKC vs. MIN,L,128,0.425,0.306,0.793,53,27,11,-3,-3,0,team_game_log
2024-25,22400827,2025-02-24,1610612757,POR,Portland Trail Blazers,POR @ UTA,W,114,0.418,0.318,0.75,51,26,13,2,2,1,team_game_log
2024-25,22400827,2025-02-24,1610612762,UTA,Utah Jazz,UTA vs. POR,L,112,0.398,0.409,0.842,45,24,15,-2,-2,0,team_game_log
2024-25,22400828,2025-02-24,1610612758,SAC,Sacramento Kings,SAC vs. CHA,W,130,0.54,0.526,0.889,49,30,18,42,42,1,team_game_log
2024-25,22400828,2025-02-24,1610612766,CHA,Charlotte Hornets,CHA @ SAC,L,88,0.353,0.25,0.75,37,24,19,-42,-42,0,team_game_log
2024-25,22400829,2025-02-25,1610612738,BOS,Boston Celtics,BOS @ TOR,W,111,0.473,0.294,1.0,39,24,15,10,10,1,team_game_log
2024-25,22400829,2025-02-25,1610612761,TOR,Toronto Raptors,TOR vs. BOS,L,101,0.506,0.152,0.75,40,27,17,-10,-10,0,team_game_log
2024-25,22400830,2025-02-25,1610612739,CLE,Cleveland Cavaliers,CLE @ ORL,W,122,0.563,0.594,0.813,47,25,12,40,40,1,team_game_log
2024-25,22400830,2025-02-25,1610612753,ORL,Orlando Magic,ORL vs. CLE,L,82,0.367,0.179,0.786,35,21,12,-40,-40,0,team_game_log
2024-25,22400831,2025-02-25,1610612745,HOU,Houston Rockets,HOU vs. MIL,W,100,0.407,0.343,0.778,53,18,17,3,3,1,team_game_log
2024-25,22400831,2025-02-25,1610612749,MIL,Milwaukee Bucks,MIL @ HOU,L,97,0.4,0.324,0.739,37,19,15,-3,-3,0,team_game_log
2024-25,22400832,2025-02-25,1610612756,PHX,Phoenix Suns,PHX @ MEM,L,148,0.535,0.568,0.808,46,39,16,-3,-3,0,team_game_log
2024-25,22400832,2025-02-25,1610612763,MEM,Memphis Grizzlies,MEM vs. PHX,W,151,0.525,0.417,0.9,38,36,12,3,3,1,team_game_log
2024-25,22400833,2025-02-25,1610612740,NOP,New Orleans Pelicans,NOP vs. SAS,W,109,0.436,0.226,0.8,54,25,19,6,6,1,team_game_log
2024-25,22400833,2025-02-25,1610612759,SAS,San Antonio Spurs,SAS @ NOP,L,103,0.409,0.295,0.778,45,29,20,-6,-6,0,team_game_log
2024-25,22400834,2025-02-25,1610612744,GSW,Golden State Warriors,GSW vs. CHA,W,128,0.49,0.357,0.833,51,40,12,36,36,1,team_game_log
2024-25,22400834,2025-02-25,1610612766,CHA,Charlotte Hornets,CHA @ GSW,L,92,0.371,0.275,0.833,50,18,25,-36,-36,0,team_game_log
2024-25,22400835,2025-02-25,1610612742,DAL,Dallas Mavericks,DAL @ LAL,L,99,0.357,0.386,0.923,45,23,12,-8,-8,0,team_game_log
2024-25,22400835,2025-02-25,1610612747,LAL,Los Angeles Lakers,LAL vs. DAL,W,107,0.448,0.275,0.75,57,24,14,8,8,1,team_game_log
2024-25,22400836,2025-02-26,1610612738,BOS,Boston Celtics,BOS @ DET,L,97,0.413,0.429,0.667,32,21,19,-20,-20,0,team_game_log
2024-25,22400836,2025-02-26,1610612765,DET,Detroit Pistons,DET vs. BOS,W,117,0.528,0.394,0.588,51,29,14,20,20,1,team_game_log
2024-25,22400837,2025-02-26,1610612754,IND,Indiana Pacers,IND vs. TOR,W,111,0.531,0.405,0.625,41,28,20,20,20,1,team_game_log
2024-25,22400837,2025-02-26,1610612761,TOR,Toronto Raptors,TOR @ IND,L,91,0.425,0.222,0.688,40,23,21,-20,-20,0,team_game_log
2024-25,22400838,2025-02-26,1610612752,NYK,New York Knicks,NYK vs. PHI,W,110,0.519,0.368,0.793,43,22,16,5,5,1,team_game_log
2024-25,22400838,2025-02-26,1610612755,PHI,Philadelphia 76ers,PHI @ NYK,L,105,0.443,0.324,0.8,35,21,13,-5,-5,0,team_game_log
2024-25,22400839,2025-02-26,1610612757,POR,Portland Trail Blazers,POR @ WAS,W,129,0.446,0.324,0.771,46,27,17,8,8,1,team_game_log
2024-25,22400839,2025-02-26,1610612764,WAS,Washington Wizards,WAS vs. POR,L,121,0.518,0.333,0.697,41,25,19,-8,-8,0,team_game_log
2024-25,22400840,2025-02-26,1610612751,BKN,Brooklyn Nets,BKN vs. OKC,L,121,0.409,0.377,0.88,46,31,15,-8,-8,0,team_game_log
2024-25,22400840,2025-02-26,1610612760,OKC,Oklahoma City Thunder,OKC @ BKN,W,129,0.533,0.3,0.828,45,27,12,8,8,1,team_game_log
2024-25,22400841,2025-02-26,1610612737,ATL,Atlanta Hawks,ATL @ MIA,L,109,0.506,0.375,0.789,33,29,17,-22,-22,0,team_game_log
2024-25,22400841,2025-02-26,1610612748,MIA,Miami Heat,MIA vs. ATL,W,131,0.592,0.548,0.818,35,39,17,22,22,1,team_game_log
2024-25,22400842,2025-02-26,1610612741,CHI,Chicago Bulls,CHI vs. LAC,L,117,0.489,0.452,0.545,41,35,17,-5,-5,0,team_game_log
2024-25,22400842,2025-02-26,1610612746,LAC,LA Clippers,LAC @ CHI,W,122,0.518,0.514,0.882,44,33,15,5,5,1,team_game_log
2024-25,22400843,2025-02-26,1610612758,SAC,Sacramento Kings,SAC @ UTA,W,118,0.529,0.417,0.917,47,28,16,17,17,1,team_game_log
2024-25,22400843,2025-02-26,1610612762,UTA,Utah Jazz,UTA vs. SAC,L,101,0.452,0.364,0.529,34,32,10,-17,-17,0,team_game_log
2024-25,22400844,2025-02-26,1610612745,HOU,Houston Rockets,HOU vs. SAS,W,118,0.471,0.289,0.786,60,22,16,12,12,1,team_game_log
2024-25,22400844,2025-02-26,1610612759,SAS,San Antonio Spurs,SAS @ HOU,L,106,0.42,0.179,0.714,41,28,8,-12,-12,0,team_game_log
2024-25,22400845,2025-02-27,1610612744,GSW,Golden State Warriors,GSW @ ORL,W,121,0.456,0.422,0.882,38,26,14,6,6,1,team_game_log
2024-25,22400845,2025-02-27,1610612753,ORL,Orlando Magic,ORL vs. GSW,L,115,0.506,0.393,0.778,46,23,18,-6,-6,0,team_game_log
2024-25,22400846,2025-02-27,1610612743,DEN,Denver Nuggets,DEN @ MIL,L,112,0.448,0.265,0.818,55,28,13,-9,-9,0,team_game_log
2024-25,22400846,2025-02-27,1610612749,MIL,Milwaukee Bucks,MIL vs. DEN,W,121,0.467,0.412,0.821,48,25,11,9,9,1,team_game_log
2024-25,22400847,2025-02-27,1610612742,DAL,Dallas Mavericks,DAL vs. CHA,W,103,0.412,0.306,0.75,48,23,9,7,7,1,team_game_log
2024-25,22400847,2025-02-27,1610612766,CHA,Charlotte Hornets,CHA @ DAL,L,96,0.408,0.259,0.692,56,25,15,-7,-7,0,team_game_log
2024-25,22400848,2025-02-27,1610612740,NOP,New Orleans Pelicans,NOP @ PHX,W,124,0.481,0.362,0.583,50,25,6,8,8,1,team_game_log
2024-25,22400848,2025-02-27,1610612756,PHX,Phoenix Suns,PHX vs. NOP,L,116,0.468,0.377,0.8,52,29,11,-8,-8,0,team_game_log
2024-25,22400849,2025-02-27,1610612747,LAL,Los Angeles Lakers,LAL vs. MIN,W,111,0.415,0.268,0.696,52,21,13,9,9,1,team_game_log
2024-25,22400849,2025-02-27,1610612750,MIN,Minnesota Timberwolves,MIN @ LAL,L,102,0.417,0.293,0.769,41,25,12,-9,-9,0,team_game_log
2024-25,22400850,2025-02-28,1610612743,DEN,Denver Nuggets,DEN @ DET,W,134,0.56,0.548,0.742,50,28,20,15,15,1,team_game_log
2024-25,22400850,2025-02-28,1610612765,DET,Detroit Pistons,DET vs. DEN,L,119,0.455,0.324,0.739,42,32,11,-15,-15,0,team_game_log
2024-25,22400851,2025-02-28,1610612737,ATL,Atlanta Hawks,ATL vs. OKC,L,119,0.489,0.417,0.783,46,27,19,-16,-16,0,team_game_log
2024-25,22400851,2025-02-28,1610612760,OKC,Oklahoma City Thunder,OKC @ ATL,W,135,0.505,0.46,0.833,43,37,12,16,16,1,team_game_log
2024-25,22400852,2025-02-28,1610612738,BOS,Boston Celtics,BOS vs. CLE,L,116,0.483,0.436,0.765,40,20,11,-7,-7,0,team_game_log
2024-25,22400852,2025-02-28,1610612739,CLE,Cleveland Cavaliers,CLE @ BOS,W,123,0.479,0.436,0.842,44,23,8,7,7,1,team_game_log
2024-25,22400853,2025-02-28,1610612751,BKN,Brooklyn Nets,BKN vs. POR,L,102,0.414,0.241,0.852,45,20,21,-19,-19,0,team_game_log
2024-25,22400853,2025-02-28,1610612757,POR,Portland Trail Blazers,POR @ BKN,W,121,0.577,0.417,0.593,36,31,22,19,19,1,team_game_log
2024-25,22400854,2025-02-28,1610612748,MIA,Miami Heat,MIA vs. IND,W,125,0.571,0.531,0.923,39,34,15,5,5,1,team_game_log
2024-25,22400854,2025-02-28,1610612754,IND,Indiana Pacers,IND @ MIA,L,120,0.534,0.538,0.625,30,35,10,-5,-5,0,team_game_log
2024-25,22400855,2025-02-28,1610612741,CHI,Chicago Bulls,CHI vs. TOR,W,125,0.446,0.265,0.88,45,32,15,10,10,1,team_game_log
2024-25,22400855,2025-02-28,1610612761,TOR,Toronto Raptors,TOR @ CHI,L,115,0.417,0.351,0.8,51,30,17,-10,-10,0,team_game_log
2024-25,22400856,2025-02-28,1610612752,NYK,New York Knicks,NYK @ MEM,W,114,0.463,0.342,0.813,35,29,9,1,1,1,team_game_log
2024-25,22400856,2025-02-28,1610612763,MEM,Memphis Grizzlies,MEM vs. NYK,L,113,0.468,0.129,0.955,58,26,19,-1,-1,0,team_game_log
2024-25,22400857,2025-02-28,1610612740,NOP,New Orleans Pelicans,NOP @ PHX,L,108,0.506,0.393,0.6,35,28,15,-17,-17,0,team_game_log
2024-25,22400857,2025-02-28,1610612756,PHX,Phoenix Suns,PHX vs. NOP,W,125,0.595,0.525,0.769,35,35,17,17,17,1,team_game_log
2024-25,22400858,2025-02-28,1610612750,MIN,Minnesota Timberwolves,MIN @ UTA,L,116,0.436,0.385,0.571,40,35,7,-1,-1,0,team_game_log
2024-25,22400858,2025-02-28,1610612762,UTA,Utah Jazz,UTA vs. MIN,W,117,0.511,0.4,0.643,60,35,20,1,1,1,team_game_log
2024-25,22400859,2025-02-28,1610612746,LAC,LA Clippers,LAC @ LAL,L,102,0.448,0.243,0.714,44,25,18,-4,-4,0,team_game_log
2024-25,22400859,2025-02-28,1610612747,LAL,Los Angeles Lakers,LAL vs. LAC,W,106,0.488,0.333,0.773,39,19,15,4,4,1,team_game_log
2024-25,22400860,2025-03-01,1610612764,WAS,Washington Wizards,WAS @ CHA,W,113,0.455,0.34,0.941,48,33,15,13,13,1,team_game_log
2024-25,22400860,2025-03-01,1610612766,CHA,Charlotte Hornets,CHA vs. WAS,L,100,0.441,0.333,0.667,44,28,17,-13,-13,0,team_game_log
2024-25,22400861,2025-03-01,1610612751,BKN,Brooklyn Nets,BKN @ DET,L,94,0.305,0.154,0.857,38,19,14,-21,-21,0,team_game_log
2024-25,22400861,2025-03-01,1610612765,DET,Detroit Pistons,DET vs. BKN,W,115,0.542,0.429,0.862,47,31,27,21,21,1,team_game_log
2024-25,22400862,2025-03-01,1610612745,HOU,Houston Rockets,HOU vs. SAC,L,103,0.43,0.371,0.696,43,18,16,-10,-10,0,team_game_log
2024-25,22400862,2025-03-01,1610612758,SAC,Sacramento Kings,SAC @ HOU,W,113,0.506,0.321,0.762,46,21,14,10,10,1,team_game_log
2024-25,22400863,2025-03-01,1610612759,SAS,San Antonio Spurs,SAS @ MEM,W,130,0.521,0.389,0.727,42,33,13,2,2,1,team_game_log
2024-25,22400863,2025-03-01,1610612763,MEM,Memphis Grizzlies,MEM vs. SAS,L,128,0.526,0.289,0.85,41,31,13,-2,-2,0,team_game_log
2024-25,22400864,2025-03-01,1610612744,GSW,Golden State Warriors,GSW @ PHI,L,119,0.46,0.286,0.789,49,33,15,-7,-7,0,team_game_log
2024-25,22400864,2025-03-01,1610612755,PHI,Philadelphia 76ers,PHI vs. GSW,W,126,0.529,0.576,0.607,40,27,14,7,7,1,team_game_log
2024-25,22400865,2025-03-01,1610612742,DAL,Dallas Mavericks,DAL vs. MIL,L,117,0.473,0.275,0.8,33,25,11,-15,-15,0,team_game_log
2024-25,22400865,2025-03-01,1610612749,MIL,Milwaukee Bucks,MIL @ DAL,W,132,0.506,0.333,0.886,52,33,13,15,15,1,team_game_log
2024-25,22400866,2025-03-02,1610612738,BOS,Boston Celtics,BOS vs. DEN,W,110,0.474,0.412,0.815,45,26,14,7,7,1,team_game_log
2024-25,22400866,2025-03-02,1610612743,DEN,Denver Nuggets,DEN @ BOS,L,103,0.477,0.343,0.692,38,27,12,-7,-7,0,team_game_log
2024-25,22400867,2025-03-02,1610612739,CLE,Cleveland Cavaliers,CLE vs. POR,W,133,0.433,0.413,0.857,47,27,15,4,4,1,team_game_log
2024-25,22400867,2025-03-02,1610612757,POR,Portland Trail Blazers,POR @ CLE,L,129,0.438,0.35,0.886,46,25,20,-4,-4,0,team_game_log
2024-25,22400868,2025-03-02,1610612741,CHI,Chicago Bulls,CHI @ IND,L,112,0.5,0.303,0.778,42,24,14,-15,-15,0,team_game_log
2024-25,22400868,2025-03-02,1610612754,IND,Indiana Pacers,IND vs. CHI,W,127,0.552,0.432,0.667,36,34,12,15,15,1,team_game_log
2024-25,22400869,2025-03-02,1610612748,MIA,Miami Heat,MIA vs. NYK,L,112,0.536,0.314,0.688,34,29,13,-4,-4,0,team_game_log
2024-25,22400869,2025-03-02,1610612752,NYK,New York Knicks,NYK @ MIA,W,116,0.484,0.318,0.667,46,27,13,4,4,1,team_game_log
2024-25,22400870,2025-03-02,1610612753,ORL,Orlando Magic,ORL vs. TOR,L,102,0.448,0.333,0.833,35,17,14,-2,-2,0,team_game_log
2024-25,22400870,2025-03-02,1610612761,TOR,Toronto Raptors,TOR @ ORL,W,104,0.463,0.318,0.767,40,22,15,2,2,1,team_game_log
2024-25,22400871,2025-03-02,1610612759,SAS,San Antonio Spurs,SAS vs. OKC,L,132,0.56,0.419,0.75,35,36,13,-14,-14,0,team_game_log
2024-25,22400871,2025-03-02,1610612760,OKC,Oklahoma City Thunder,OKC @ SAS,W,146,0.545,0.432,0.85,45,34,7,14,14,1,team_game_log
2024-25,22400872,2025-03-02,1610612740,NOP,New Orleans Pelicans,NOP @ UTA,W,128,0.52,0.341,0.538,48,35,11,7,7,1,team_game_log
2024-25,22400872,2025-03-02,1610612762,UTA,Utah Jazz,UTA vs. NOP,L,121,0.479,0.364,0.765,41,35,13,-7,-7,0,team_game_log
2024-25,22400873,2025-03-02,1610612750,MIN,Minnesota Timberwolves,MIN @ PHX,W,116,0.424,0.404,0.81,35,28,8,18,18,1,team_game_log
2024-25,22400873,2025-03-02,1610612756,PHX,Phoenix Suns,PHX vs. MIN,L,98,0.438,0.31,0.789,57,24,22,-18,-18,0,team_game_log
2024-25,22400874,2025-03-02,1610612746,LAC,LA Clippers,LAC @ LAL,L,102,0.432,0.308,0.824,40,24,12,-6,-6,0,team_game_log
2024-25,22400874,2025-03-02,1610612747,LAL,Los Angeles Lakers,LAL vs. LAC,W,108,0.494,0.429,0.7,41,21,17,6,6,1,team_game_log
2024-25,22400875,2025-03-03,1610612744,GSW,Golden State Warriors,GSW @ CHA,W,119,0.421,0.36,0.875,54,33,9,18,18,1,team_game_log
2024-25,22400875,2025-03-03,1610612766,CHA,Charlotte Hornets,CHA vs. GSW,L,101,0.395,0.275,0.667,47,20,17,-18,-18,0,team_game_log
2024-25,22400876,2025-03-03,1610612755,PHI,Philadelphia 76ers,PHI vs. POR,L,102,0.432,0.314,0.692,43,27,8,-17,-17,0,team_game_log
2024-25,22400876,2025-03-03,1610612757,POR,Portland Trail Blazers,POR @ PHI,W,119,0.485,0.314,0.632,61,26,11,17,17,1,team_game_log
2024-25,22400877,2025-03-03,1610612748,MIA,Miami Heat,MIA vs. WAS,W,106,0.476,0.351,0.833,48,31,12,16,16,1,team_game_log
2024-25,22400877,2025-03-03,1610612764,WAS,Washington Wizards,WAS @ MIA,L,90,0.369,0.286,0.818,43,22,13,-16,-16,0,team_game_log
2024-25,22400878,2025-03-03,1610612737,ATL,Atlanta Hawks,ATL @ MEM,W,132,0.573,0.464,0.529,32,35,12,2,2,1,team_game_log
2024-25,22400878,2025-03-03,1610612763,MEM,Memphis Grizzlies,MEM vs. ATL,L,130,0.505,0.394,0.92,43,36,20,-2,-2,0,team_game_log
2024-25,22400879,2025-03-03,1610612745,HOU,Houston Rockets,HOU @ OKC,L,128,0.485,0.457,0.824,49,20,16,-9,-9,0,team_game_log
2024-25,22400879,2025-03-03,1610612760,OKC,Oklahoma City Thunder,OKC vs. HOU,W,137,0.495,0.459,0.889,49,31,13,9,9,1,team_game_log
2024-25,22400880,2025-03-03,1610612742,DAL,Dallas Mavericks,DAL vs. SAC,L,98,0.455,0.269,0.875,37,28,14,-24,-24,0,team_game_log
2024-25,22400880,2025-03-03,1610612758,SAC,Sacramento Kings,SAC @ DAL,W,122,0.522,0.471,1.0,37,34,7,24,24,1,team_game_log
2024-25,22400881,2025-03-03,1610612762,UTA,Utah Jazz,UTA vs. DET,L,106,0.427,0.303,0.813,41,19,28,-28,-28,0,team_game_log
2024-25,22400881,2025-03-03,1610612765,DET,Detroit Pistons,DET @ UTA,W,134,0.554,0.268,0.75,39,32,13,28,28,1,team_game_log
2024-25,22400882,2025-03-04,1610612745,HOU,Houston Rockets,HOU @ IND,L,102,0.408,0.3,0.5,58,22,14,-13,-13,0,team_game_log
2024-25,22400882,2025-03-04,1610612754,IND,Indiana Pacers,IND vs. HOU,W,115,0.512,0.405,1.0,35,34,13,13,13,1,team_game_log
2024-25,22400883,2025-03-04,1610612753,ORL,Orlando Magic,ORL vs. TOR,L,113,0.482,0.417,0.783,35,28,14,-1,-1,0,team_game_log
2024-25,22400883,2025-03-04,1610612761,TOR,Toronto Raptors,TOR @ ORL,W,114,0.475,0.4,0.743,48,28,20,1,1,1,team_game_log
2024-25,22400884,2025-03-04,1610612737,ATL,Atlanta Hawks,ATL vs. MIL,L,121,0.455,0.39,0.765,47,33,12,-6,-6,0,team_game_log
2024-25,22400884,2025-03-04,1610612749,MIL,Milwaukee Bucks,MIL @ ATL,W,127,0.51,0.297,0.783,51,27,15,6,6,1,team_game_log
2024-25,22400885,2025-03-04,1610612744,GSW,Golden State Warriors,GSW @ NYK,W,114,0.489,0.351,0.789,44,30,13,12,12,1,team_game_log
2024-25,22400885,2025-03-04,1610612752,NYK,New York Knicks,NYK vs. GSW,L,102,0.446,0.242,0.8,42,26,14,-12,-12,0,team_game_log
2024-25,22400886,2025-03-04,1610612739,CLE,Cleveland Cavaliers,CLE @ CHI,W,139,0.469,0.354,0.909,53,27,9,22,22,1,team_game_log
2024-25,22400886,2025-03-04,1610612741,CHI,Chicago Bulls,CHI vs. CLE,L,117,0.443,0.25,0.706,50,32,7,-22,-22,0,team_game_log
2024-25,22400887,2025-03-04,1610612750,MIN,Minnesota Timberwolves,MIN vs. PHI,W,126,0.568,0.45,0.941,37,29,19,14,14,1,team_game_log
2024-25,22400887,2025-03-04,1610612755,PHI,Philadelphia 76ers,PHI @ MIN,L,112,0.488,0.281,0.704,36,22,13,-14,-14,0,team_game_log
2024-25,22400888,2025-03-04,1610612751,BKN,Brooklyn Nets,BKN @ SAS,L,113,0.453,0.34,0.857,40,29,13,-14,-14,0,team_game_log
2024-25,22400888,2025-03-04,1610612759,SAS,San Antonio Spurs,SAS vs. BKN,W,127,0.547,0.462,0.5,46,37,15,14,14,1,team_game_log
2024-25,22400889,2025-03-04,1610612746,LAC,LA Clippers,LAC @ PHX,L,117,0.518,0.267,0.852,37,29,7,-2,-2,0,team_game_log
2024-25,22400889,2025-03-04,1610612756,PHX,Phoenix Suns,PHX vs. LAC,W,119,0.513,0.412,0.852,37,31,11,2,2,1,team_game_log
2024-25,22400890,2025-03-04,1610612740,NOP,New Orleans Pelicans,NOP @ LAL,L,115,0.495,0.265,0.667,35,29,9,-21,-21,0,team_game_log
2024-25,22400890,2025-03-04,1610612747,LAL,Los Angeles Lakers,LAL vs. NOP,W,136,0.533,0.365,0.778,51,32,15,21,21,1,team_game_log
2024-25,22400891,2025-03-05,1610612738,BOS,Boston Celtics,BOS vs. POR,W,128,0.464,0.426,0.882,52,24,10,10,10,1,team_game_log
2024-25,22400891,2025-03-05,1610612757,POR,Portland Trail Blazers,POR @ BOS,L,118,0.5,0.4,0.706,39,19,8,-10,-10,0,team_game_log
2024-25,22400892,2025-03-05,1610612750,MIN,Minnesota Timberwolves,MIN @ CHA,W,125,0.489,0.429,0.727,43,27,6,15,15,1,team_game_log
2024-25,22400892,2025-03-05,1610612766,CHA,Charlotte Hornets,CHA vs. MIN,L,110,0.442,0.286,0.778,57,26,15,-15,-15,0,team_game_log
2024-25,22400893,2025-03-05,1610612739,CLE,Cleveland Cavaliers,CLE vs. MIA,W,112,0.471,0.35,0.727,47,26,13,5,5,1,team_game_log
2024-25,22400893,2025-03-05,1610612748,MIA,Miami Heat,MIA @ CLE,L,107,0.434,0.361,0.88,42,29,14,-5,-5,0,team_game_log
2024-25,22400894,2025-03-05,1610612762,UTA,Utah Jazz,UTA @ WAS,L,122,0.465,0.35,0.7,58,21,15,-3,-3,0,team_game_log
2024-25,22400894,2025-03-05,1610612764,WAS,Washington Wizards,WAS vs. UTA,W,125,0.442,0.362,0.828,45,32,9,3,3,1,team_game_log
2024-25,22400895,2025-03-05,1610612760,OKC,Oklahoma City Thunder,OKC @ MEM,W,120,0.506,0.417,0.895,39,27,11,17,17,1,team_game_log
2024-25,22400895,2025-03-05,1610612763,MEM,Memphis Grizzlies,MEM vs. OKC,L,103,0.407,0.265,0.909,49,21,16,-17,-17,0,team_game_log
2024-25,22400896,2025-03-05,1610612743,DEN,Denver Nuggets,DEN vs. SAC,W,116,0.46,0.343,0.8,46,28,13,6,6,1,team_game_log
2024-25,22400896,2025-03-05,1610612758,SAC,Sacramento Kings,SAC @ DEN,L,110,0.458,0.407,0.786,45,22,12,-6,-6,0,team_game_log
2024-25,22400897,2025-03-05,1610612742,DAL,Dallas Mavericks,DAL @ MIL,L,107,0.459,0.333,0.4,30,30,10,-30,-30,0,team_game_log
2024-25,22400897,2025-03-05,1610612749,MIL,Milwaukee Bucks,MIL vs. DAL,W,137,0.584,0.457,0.895,55,29,17,30,30,1,team_game_log
2024-25,22400898,2025-03-05,1610612746,LAC,LA Clippers,LAC vs. DET,W,123,0.55,0.542,0.846,33,18,10,8,8,1,team_game_log
2024-25,22400898,2025-03-05,1610612765,DET,Detroit Pistons,DET @ LAC,L,115,0.523,0.314,0.737,34,27,13,-8,-8,0,team_game_log
2024-25,22400899,2025-03-06,1610612737,ATL,Atlanta Hawks,ATL vs. IND,W,124,0.532,0.333,0.778,43,32,9,6,6,1,team_game_log
2024-25,22400899,2025-03-06,1610612754,IND,Indiana Pacers,IND @ ATL,L,118,0.484,0.359,0.941,42,27,11,-6,-6,0,team_game_log
2024-25,22400900,2025-03-06,1610612738,BOS,Boston Celtics,BOS vs. PHI,W,123,0.505,0.396,0.923,46,32,11,18,18,1,team_game_log
2024-25,22400900,2025-03-06,1610612755,PHI,Philadelphia 76ers,PHI @ BOS,L,105,0.421,0.385,0.833,45,29,16,-18,-18,0,team_game_log
2024-25,22400901,2025-03-06,1610612744,GSW,Golden State Warriors,GSW @ BKN,W,121,0.488,0.375,0.906,45,31,17,2,2,1,team_game_log
2024-25,22400901,2025-03-06,1610612751,BKN,Brooklyn Nets,BKN vs. GSW,L,119,0.506,0.455,0.889,32,30,12,-2,-2,0,team_game_log
2024-25,22400902,2025-03-06,1610612740,NOP,New Orleans Pelicans,NOP vs. HOU,L,97,0.373,0.333,0.788,41,17,15,-12,-12,0,team_game_log
2024-25,22400902,2025-03-06,1610612745,HOU,Houston Rockets,HOU @ NOP,W,109,0.568,0.31,0.444,41,33,19,12,12,1,team_game_log
2024-25,22400903,2025-03-06,1610612747,LAL,Los Angeles Lakers,LAL vs. NYK,W,113,0.427,0.333,0.821,49,25,17,4,4,1,team_game_log
2024-25,22400903,2025-03-06,1610612752,NYK,New York Knicks,NYK @ LAL,L,109,0.394,0.233,0.781,46,20,16,-4,-4,0,team_game_log
2024-25,22400944,2025-03-06,1610612741,CHI,Chicago Bulls,CHI @ ORL,W,125,0.5,0.375,0.8,48,25,19,2,2,1,team_game_log
2024-25,22400944,2025-03-06,1610612753,ORL,Orlando Magic,ORL vs. CHI,L,123,0.46,0.273,0.85,33,26,12,-2,-2,0,team_game_log
2024-25,22400904,2025-03-07,1610612739,CLE,Cleveland Cavaliers,CLE @ CHA,W,118,0.421,0.324,0.843,45,16,14,1,1,1,team_game_log
2024-25,22400904,2025-03-07,1610612766,CHA,Charlotte Hornets,CHA vs. CLE,L,117,0.478,0.351,0.762,43,29,12,-1,-1,0,team_game_log
2024-25,22400905,2025-03-07,1610612761,TOR,Toronto Raptors,TOR vs. UTA,W,118,0.385,0.304,0.857,48,27,10,9,9,1,team_game_log
2024-25,22400905,2025-03-07,1610612762,UTA,Utah Jazz,UTA @ TOR,L,109,0.464,0.258,0.59,56,21,25,-9,-9,0,team_game_log
2024-25,22400906,2025-03-07,1610612742,DAL,Dallas Mavericks,DAL vs. MEM,L,111,0.385,0.366,0.917,45,24,12,-11,-11,0,team_game_log
2024-25,22400906,2025-03-07,1610612763,MEM,Memphis Grizzlies,MEM @ DAL,W,122,0.472,0.381,0.875,59,28,11,11,11,1,team_game_log
2024-25,22400907,2025-03-07,1610612748,MIA,Miami Heat,MIA vs. MIN,L,104,0.461,0.412,0.727,41,29,9,-2,-2,0,team_game_log
2024-25,22400907,2025-03-07,1610612750,MIN,Minnesota Timberwolves,MIN @ MIA,W,106,0.494,0.4,0.571,43,28,14,2,2,1,team_game_log
2024-25,22400908,2025-03-07,1610612757,POR,Portland Trail Blazers,POR @ OKC,L,89,0.347,0.186,0.833,53,15,17,-18,-18,0,team_game_log
2024-25,22400908,2025-03-07,1610612760,OKC,Oklahoma City Thunder,OKC vs. POR,W,107,0.464,0.368,0.882,43,25,13,18,18,1,team_game_log
2024-25,22400909,2025-03-07,1610612743,DEN,Denver Nuggets,DEN vs. PHX,W,149,0.588,0.525,0.778,38,45,9,8,8,1,team_game_log
2024-25,22400909,2025-03-07,1610612756,PHX,Phoenix Suns,PHX @ DEN,L,141,0.56,0.421,0.793,39,36,13,-8,-8,0,team_game_log
2024-25,22400910,2025-03-07,1610612758,SAC,Sacramento Kings,SAC vs. SAS,W,127,0.51,0.447,0.632,51,31,8,18,18,1,team_game_log
2024-25,22400910,2025-03-07,1610612759,SAS,San Antonio Spurs,SAS @ SAC,L,109,0.46,0.381,0.565,36,27,8,-18,-18,0,team_game_log
2024-25,22400911,2025-03-07,1610612746,LAC,LA Clippers,LAC vs. NYK,W,105,0.42,0.395,0.842,47,23,12,10,10,1,team_game_log
2024-25,22400911,2025-03-07,1610612752,NYK,New York Knicks,NYK @ LAC,L,95,0.385,0.265,0.889,53,25,15,-10,-10,0,team_game_log
2024-25,22400912,2025-03-08,1610612751,BKN,Brooklyn Nets,BKN @ CHA,L,102,0.463,0.28,0.8,37,20,13,-3,-3,0,team_game_log
2024-25,22400912,2025-03-08,1610612766,CHA,Charlotte Hornets,CHA vs. BKN,W,105,0.408,0.324,0.875,50,25,10,3,3,1,team_game_log
2024-25,22400913,2025-03-08,1610612740,NOP,New Orleans Pelicans,NOP @ HOU,L,117,0.485,0.353,0.563,44,29,14,-29,-29,0,team_game_log
2024-25,22400913,2025-03-08,1610612745,HOU,Houston Rockets,HOU vs. NOP,W,146,0.556,0.425,0.905,48,32,11,29,29,1,team_game_log
2024-25,22400914,2025-03-08,1610612737,ATL,Atlanta Hawks,ATL vs. IND,W,120,0.464,0.294,0.952,48,23,17,2,2,1,team_game_log
2024-25,22400914,2025-03-08,1610612754,IND,Indiana Pacers,IND @ ATL,L,118,0.436,0.303,0.867,41,29,16,-2,-2,0,team_game_log
2024-25,22400915,2025-03-08,1610612761,TOR,Toronto Raptors,TOR vs. WAS,L,117,0.421,0.385,0.9,49,24,15,-1,-1,0,team_game_log
2024-25,22400915,2025-03-08,1610612764,WAS,Washington Wizards,WAS @ TOR,W,118,0.44,0.342,0.739,50,29,16,1,1,1,team_game_log
2024-25,22400916,2025-03-08,1610612741,CHI,Chicago Bulls,CHI @ MIA,W,114,0.455,0.262,0.885,51,27,10,5,5,1,team_game_log
2024-25,22400916,2025-03-08,1610612748,MIA,Miami Heat,MIA vs. CHI,L,109,0.423,0.302,0.737,44,25,9,-5,-5,0,team_game_log
2024-25,22400917,2025-03-08,1610612749,MIL,Milwaukee Bucks,MIL vs. ORL,L,109,0.547,0.478,0.696,38,17,13,-2,-2,0,team_game_log
2024-25,22400917,2025-03-08,1610612753,ORL,Orlando Magic,ORL @ MIL,W,111,0.512,0.375,0.789,34,19,10,2,2,1,team_game_log
2024-25,22400918,2025-03-08,1610612738,BOS,Boston Celtics,BOS vs. LAL,W,111,0.476,0.342,0.72,43,24,10,10,10,1,team_game_log
2024-25,22400918,2025-03-08,1610612747,LAL,Los Angeles Lakers,LAL @ BOS,L,101,0.448,0.35,0.643,45,18,14,-10,-10,0,team_game_log
2024-25,22400919,2025-03-08,1610612744,GSW,Golden State Warriors,GSW vs. DET,W,115,0.417,0.293,0.805,46,26,19,5,5,1,team_game_log
2024-25,22400919,2025-03-08,1610612765,DET,Detroit Pistons,DET @ GSW,L,110,0.459,0.217,0.75,44,17,20,-5,-5,0,team_game_log
2024-25,22400920,2025-03-09,1610612743,DEN,Denver Nuggets,DEN @ OKC,L,103,0.412,0.3,0.55,48,22,8,-24,-24,0,team_game_log
2024-25,22400920,2025-03-09,1610612760,OKC,Oklahoma City Thunder,OKC vs. DEN,W,127,0.489,0.342,0.88,56,25,5,24,24,1,team_game_log
2024-25,22400921,2025-03-09,1610612742,DAL,Dallas Mavericks,DAL vs. PHX,L,116,0.489,0.405,0.813,32,29,7,-9,-9,0,team_game_log
2024-25,22400921,2025-03-09,1610612756,PHX,Phoenix Suns,PHX @ DAL,W,125,0.583,0.357,0.944,46,33,13,9,9,1,team_game_log
2024-25,22400922,2025-03-09,1610612739,CLE,Cleveland Cavaliers,CLE @ MIL,W,112,0.443,0.404,0.789,44,25,15,12,12,1,team_game_log
2024-25,22400922,2025-03-09,1610612749,MIL,Milwaukee Bucks,MIL vs. CLE,L,100,0.429,0.29,0.722,50,17,18,-12,-12,0,team_game_log
2024-25,22400923,2025-03-09,1610612740,NOP,New Orleans Pelicans,NOP vs. MEM,L,104,0.412,0.382,0.778,39,24,14,-3,-3,0,team_game_log
2024-25,22400923,2025-03-09,1610612763,MEM,Memphis Grizzlies,MEM @ NOP,W,107,0.414,0.265,0.632,57,24,14,3,3,1,team_game_log
2024-25,22400924,2025-03-09,1610612755,PHI,Philadelphia 76ers,PHI vs. UTA,W,126,0.448,0.34,0.96,50,27,18,4,4,1,team_game_log
2024-25,22400924,2025-03-09,1610612762,UTA,Utah Jazz,UTA @ PHI,L,122,0.419,0.391,0.839,44,25,18,-4,-4,0,team_game_log
2024-25,22400925,2025-03-09,1610612750,MIN,Minnesota Timberwolves,MIN vs. SAS,W,141,0.558,0.5,0.933,42,38,13,17,17,1,team_game_log
2024-25,22400925,2025-03-09,1610612759,SAS,San Antonio Spurs,SAS @ MIN,L,124,0.553,0.367,0.792,36,26,12,-17,-17,0,team_game_log
2024-25,22400926,2025-03-09,1610612757,POR,Portland Trail Blazers,POR vs. DET,L,112,0.387,0.3,0.781,41,17,13,-7,-7,0,team_game_log
2024-25,22400926,2025-03-09,1610612765,DET,Detroit Pistons,DET @ POR,W,119,0.494,0.321,0.75,54,22,14,7,7,1,team_game_log
2024-25,22400927,2025-03-09,1610612746,LAC,LA Clippers,LAC vs. SAC,W,111,0.531,0.323,0.6,38,23,10,1,1,1,team_game_log
2024-25,22400927,2025-03-09,1610612758,SAC,Sacramento Kings,SAC @ LAC,L,110,0.46,0.265,0.84,48,27,8,-1,-1,0,team_game_log
2024-25,22400928,2025-03-10,1610612737,ATL,Atlanta Hawks,ATL vs. PHI,W,132,0.541,0.405,0.786,48,34,15,9,9,1,team_game_log
2024-25,22400928,2025-03-10,1610612755,PHI,Philadelphia 76ers,PHI @ ATL,L,123,0.505,0.381,0.75,31,29,11,-9,-9,0,team_game_log
2024-25,22400929,2025-03-10,1610612738,BOS,Boston Celtics,BOS vs. UTA,W,114,0.43,0.34,0.889,47,28,9,6,6,1,team_game_log
2024-25,22400929,2025-03-10,1610612762,UTA,Utah Jazz,UTA @ BOS,L,108,0.453,0.342,0.75,48,29,12,-6,-6,0,team_game_log
2024-25,22400930,2025-03-10,1610612747,LAL,Los Angeles Lakers,LAL @ BKN,L,108,0.435,0.475,0.789,43,31,15,-3,-3,0,team_game_log
2024-25,22400930,2025-03-10,1610612751,BKN,Brooklyn Nets,BKN vs. LAL,W,111,0.411,0.4,0.633,47,22,7,3,3,1,team_game_log
2024-25,22400931,2025-03-10,1610612748,MIA,Miami Heat,MIA vs. CHA,L,102,0.459,0.323,0.7,46,24,16,-3,-3,0,team_game_log
2024-25,22400931,2025-03-10,1610612766,CHA,Charlotte Hornets,CHA @ MIA,W,105,0.419,0.25,0.957,36,26,10,3,3,1,team_game_log
2024-25,22400932,2025-03-10,1610612761,TOR,Toronto Raptors,TOR vs. WAS,W,119,0.394,0.327,0.586,73,26,9,15,15,1,team_game_log
2024-25,22400932,2025-03-10,1610612764,WAS,Washington Wizards,WAS @ TOR,L,104,0.362,0.291,0.8,54,25,8,-15,-15,0,team_game_log
2024-25,22400933,2025-03-10,1610612741,CHI,Chicago Bulls,CHI vs. IND,W,121,0.5,0.364,0.786,56,30,18,18,18,1,team_game_log
2024-25,22400933,2025-03-10,1610612754,IND,Indiana Pacers,IND @ CHI,L,103,0.396,0.25,0.684,39,30,10,-18,-18,0,team_game_log
2024-25,22400934,2025-03-10,1610612745,HOU,Houston Rockets,HOU vs. ORL,W,97,0.393,0.372,0.611,63,20,20,13,13,1,team_game_log
2024-25,22400934,2025-03-10,1610612753,ORL,Orlando Magic,ORL @ HOU,L,84,0.326,0.25,0.833,42,15,9,-13,-13,0,team_game_log
2024-25,22400935,2025-03-10,1610612756,PHX,Phoenix Suns,PHX @ MEM,L,118,0.456,0.526,0.727,46,31,16,-2,-2,0,team_game_log
2024-25,22400935,2025-03-10,1610612763,MEM,Memphis Grizzlies,MEM vs. PHX,W,120,0.465,0.37,0.852,39,26,15,2,2,1,team_game_log
2024-25,22400936,2025-03-10,1610612743,DEN,Denver Nuggets,DEN @ OKC,W,140,0.605,0.563,0.9,43,32,12,13,13,1,team_game_log
2024-25,22400936,2025-03-10,1610612760,OKC,Oklahoma City Thunder,OKC vs. DEN,L,127,0.47,0.404,0.875,37,29,11,-13,-13,0,team_game_log
2024-25,22400937,2025-03-10,1610612742,DAL,Dallas Mavericks,DAL @ SAS,W,133,0.534,0.316,0.9,40,25,11,4,4,1,team_game_log
2024-25,22400937,2025-03-10,1610612759,SAS,San Antonio Spurs,SAS vs. DAL,L,129,0.521,0.415,0.583,38,29,9,-4,-4,0,team_game_log
2024-25,22400938,2025-03-10,1610612744,GSW,Golden State Warriors,GSW vs. POR,W,130,0.529,0.512,0.905,40,35,18,10,10,1,team_game_log
2024-25,22400938,2025-03-10,1610612757,POR,Portland Trail Blazers,POR @ GSW,L,120,0.484,0.429,0.824,43,31,19,-10,-10,0,team_game_log
2024-25,22400939,2025-03-10,1610612752,NYK,New York Knicks,NYK @ SAC,W,133,0.536,0.55,0.808,40,34,16,29,29,1,team_game_log
2024-25,22400939,2025-03-10,1610612758,SAC,Sacramento Kings,SAC vs. NYK,L,104,0.419,0.294,0.846,37,18,18,-29,-29,0,team_game_log
2024-25,22400940,2025-03-11,1610612739,CLE,Cleveland Cavaliers,CLE vs. BKN,W,109,0.438,0.238,0.84,48,23,15,5,5,1,team_game_log
2024-25,22400940,2025-03-11,1610612751,BKN,Brooklyn Nets,BKN @ CLE,L,104,0.464,0.364,0.714,38,31,15,-5,-5,0,team_game_log
2024-25,22400941,2025-03-11,1610612764,WAS,Washington Wizards,WAS @ DET,L,103,0.402,0.333,0.8,47,20,13,-20,-20,0,team_game_log
2024-25,22400941,2025-03-11,1610612765,DET,Detroit Pistons,DET vs. WAS,W,123,0.462,0.421,0.733,61,29,12,20,20,1,team_game_log
2024-25,22400942,2025-03-11,1610612749,MIL,Milwaukee Bucks,MIL @ IND,L,114,0.512,0.389,0.737,44,32,15,-1,-1,0,team_game_log
2024-25,22400942,2025-03-11,1610612754,IND,Indiana Pacers,IND vs. MIL,W,115,0.506,0.333,0.778,38,30,10,1,1,1,team_game_log
2024-25,22400943,2025-03-11,1610612740,NOP,New Orleans Pelicans,NOP vs. LAC,W,127,0.553,0.548,0.889,46,34,19,7,7,1,team_game_log
2024-25,22400943,2025-03-11,1610612746,LAC,LA Clippers,LAC @ NOP,L,120,0.5,0.333,0.778,34,34,11,-7,-7,0,team_game_log
2024-25,22400945,2025-03-12,1610612737,ATL,Atlanta Hawks,ATL vs. CHA,W,123,0.42,0.389,0.897,43,26,14,13,13,1,team_game_log
2024-25,22400945,2025-03-12,1610612766,CHA,Charlotte Hornets,CHA @ ATL,L,110,0.455,0.4,0.889,47,29,21,-13,-13,0,team_game_log
2024-25,22400946,2025-03-12,1610612738,BOS,Boston Celtics,BOS vs. OKC,L,112,0.436,0.317,0.833,41,25,13,-6,-6,0,team_game_log
2024-25,22400946,2025-03-12,1610612760,OKC,Oklahoma City Thunder,OKC @ BOS,W,118,0.488,0.351,0.714,44,19,12,6,6,1,team_game_log
2024-25,22400947,2025-03-12,1610612755,PHI,Philadelphia 76ers,PHI @ TOR,L,105,0.427,0.2,0.727,40,19,9,-13,-13,0,team_game_log
2024-25,22400947,2025-03-12,1610612761,TOR,Toronto Raptors,TOR vs. PHI,W,118,0.44,0.4,0.778,59,33,22,13,13,1,team_game_log
2024-25,22400948,2025-03-12,1610612746,LAC,LA Clippers,LAC @ MIA,W,119,0.592,0.481,0.667,45,24,18,15,15,1,team_game_log
2024-25,22400948,2025-03-12,1610612748,MIA,Miami Heat,MIA vs. LAC,L,104,0.476,0.378,0.714,29,27,11,-15,-15,0,team_game_log
2024-25,22400949,2025-03-12,1610612745,HOU,Houston Rockets,HOU vs. PHX,W,111,0.455,0.316,0.76,38,25,9,7,7,1,team_game_log
2024-25,22400949,2025-03-12,1610612756,PHX,Phoenix Suns,PHX @ HOU,L,104,0.534,0.357,0.8,37,22,17,-7,-7,0,team_game_log
2024-25,22400950,2025-03-12,1610612762,UTA,Utah Jazz,UTA @ MEM,L,115,0.467,0.353,0.679,60,24,23,-7,-7,0,team_game_log
2024-25,22400950,2025-03-12,1610612763,MEM,Memphis Grizzlies,MEM vs. UTA,W,122,0.457,0.455,0.762,39,30,9,7,7,1,team_game_log
2024-25,22400951,2025-03-12,1610612742,DAL,Dallas Mavericks,DAL @ SAS,L,116,0.556,0.406,0.765,31,30,18,-10,-10,0,team_game_log
2024-25,22400951,2025-03-12,1610612759,SAS,San Antonio Spurs,SAS vs. DAL,W,126,0.532,0.314,0.938,47,32,16,10,10,1,team_game_log
2024-25,22400952,2025-03-12,1610612743,DEN,Denver Nuggets,DEN vs. MIN,L,95,0.404,0.233,0.727,42,20,10,-20,-20,0,team_game_log
2024-25,22400952,2025-03-12,1610612750,MIN,Minnesota Timberwolves,MIN @ DEN,W,115,0.478,0.425,0.75,48,31,15,20,20,1,team_game_log
2024-25,22400953,2025-03-12,1610612752,NYK,New York Knicks,NYK @ POR,W,114,0.468,0.387,0.7,38,27,15,1,1,1,team_game_log
2024-25,22400953,2025-03-12,1610612757,POR,Portland Trail Blazers,POR vs. NYK,L,113,0.444,0.405,0.64,52,20,25,-1,-1,0,team_game_log
2024-25,22400954,2025-03-13,1610612764,WAS,Washington Wizards,WAS @ DET,W,129,0.478,0.444,0.852,47,30,16,4,4,1,team_game_log
2024-25,22400954,2025-03-13,1610612765,DET,Detroit Pistons,DET vs. WAS,L,125,0.459,0.333,0.86,41,23,12,-4,-4,0,team_game_log
2024-25,22400955,2025-03-13,1610612747,LAL,Los Angeles Lakers,LAL @ MIL,L,106,0.437,0.375,0.833,38,18,14,-20,-20,0,team_game_log
2024-25,22400955,2025-03-13,1610612749,MIL,Milwaukee Bucks,MIL vs. LAL,W,126,0.477,0.425,0.818,48,30,12,20,20,1,team_game_log
2024-25,22400956,2025-03-13,1610612741,CHI,Chicago Bulls,CHI vs. BKN,W,116,0.456,0.297,0.885,47,24,8,6,6,1,team_game_log
2024-25,22400956,2025-03-13,1610612751,BKN,Brooklyn Nets,BKN @ CHI,L,110,0.448,0.324,0.722,50,32,9,-6,-6,0,team_game_log
2024-25,22400957,2025-03-13,1610612744,GSW,Golden State Warriors,GSW vs. SAC,W,130,0.577,0.564,0.75,43,35,16,26,26,1,team_game_log
2024-25,22400957,2025-03-13,1610612758,SAC,Sacramento Kings,SAC @ GSW,L,104,0.468,0.378,0.727,30,25,15,-26,-26,0,team_game_log
2024-25,22401141,2025-03-13,1610612740,NOP,New Orleans Pelicans,NOP vs. ORL,L,93,0.443,0.28,0.762,40,23,13,-20,-20,0,team_game_log
2024-25,22401141,2025-03-13,1610612753,ORL,Orlando Magic,ORL @ NOP,W,113,0.518,0.394,0.778,39,25,11,20,20,1,team_game_log
2024-25,22400958,2025-03-14,1610612738,BOS,Boston Celtics,BOS @ MIA,W,103,0.434,0.38,0.923,41,18,15,12,12,1,team_game_log
2024-25,22400958,2025-03-14,1610612748,MIA,Miami Heat,MIA vs. BOS,L,91,0.453,0.382,0.588,38,18,18,-12,-12,0,team_game_log
2024-25,22400959,2025-03-14,1610612754,IND,Indiana Pacers,IND @ PHI,W,112,0.494,0.286,0.778,45,31,11,12,12,1,team_game_log
2024-25,22400959,2025-03-14,1610612755,PHI,Philadelphia 76ers,PHI vs. IND,L,100,0.451,0.289,0.682,43,13,16,-12,-12,0,team_game_log
2024-25,22400960,2025-03-14,1610612737,ATL,Atlanta Hawks,ATL vs. LAC,L,98,0.42,0.273,0.882,44,25,18,-23,-23,0,team_game_log
2024-25,22400960,2025-03-14,1610612746,LAC,LA Clippers,LAC @ ATL,W,121,0.547,0.444,0.75,40,27,14,23,23,1,team_game_log
2024-25,22400961,2025-03-14,1610612742,DAL,Dallas Mavericks,DAL @ HOU,L,96,0.415,0.364,0.833,34,14,8,-37,-37,0,team_game_log
2024-25,22400961,2025-03-14,1610612745,HOU,Houston Rockets,HOU vs. DAL,W,133,0.514,0.484,0.833,67,27,11,37,37,1,team_game_log
2024-25,22400962,2025-03-14,1610612739,CLE,Cleveland Cavaliers,CLE @ MEM,W,133,0.5,0.373,0.788,43,32,16,9,9,1,team_game_log
2024-25,22400962,2025-03-14,1610612763,MEM,Memphis Grizzlies,MEM vs. CLE,L,124,0.495,0.306,0.81,45,25,14,-9,-9,0,team_game_log
2024-25,22400963,2025-03-14,1610612750,MIN,Minnesota Timberwolves,MIN vs. ORL,W,118,0.525,0.424,0.714,45,26,16,7,7,1,team_game_log
2024-25,22400963,2025-03-14,1610612753,ORL,Orlando Magic,ORL @ MIN,L,111,0.449,0.429,0.864,31,18,11,-7,-7,0,team_game_log
2024-25,22400964,2025-03-14,1610612759,SAS,San Antonio Spurs,SAS vs. CHA,L,134,0.505,0.457,0.773,36,27,14,-11,-11,0,team_game_log
2024-25,22400964,2025-03-14,1610612766,CHA,Charlotte Hornets,CHA @ SAS,W,145,0.6,0.565,0.895,34,42,20,11,11,1,team_game_log
2024-25,22400965,2025-03-14,1610612743,DEN,Denver Nuggets,DEN vs. LAL,W,131,0.518,0.419,0.789,39,30,12,5,5,1,team_game_log
2024-25,22400965,2025-03-14,1610612747,LAL,Los Angeles Lakers,LAL @ DEN,L,126,0.467,0.375,0.813,47,32,9,-5,-5,0,team_game_log
2024-25,22400966,2025-03-14,1610612761,TOR,Toronto Raptors,TOR @ UTA,W,126,0.484,0.375,0.743,51,28,15,8,8,1,team_game_log
2024-25,22400966,2025-03-14,1610612762,UTA,Utah Jazz,UTA vs. TOR,L,118,0.438,0.421,0.774,35,23,17,-8,-8,0,team_game_log
2024-25,22400967,2025-03-14,1610612756,PHX,Phoenix Suns,PHX vs. SAC,W,122,0.519,0.558,0.842,34,33,14,16,16,1,team_game_log
2024-25,22400967,2025-03-14,1610612758,SAC,Sacramento Kings,SAC @ PHX,L,106,0.494,0.25,0.9,40,25,19,-16,-16,0,team_game_log
2024-25,22400968,2025-03-15,1610612738,BOS,Boston Celtics,BOS @ BKN,W,115,0.524,0.342,0.737,38,29,8,2,2,1,team_game_log
2024-25,22400968,2025-03-15,1610612751,BKN,Brooklyn Nets,BKN vs. BOS,L,113,0.467,0.435,0.692,45,34,9,-2,-2,0,team_game_log
2024-25,22400969,2025-03-15,1610612760,OKC,Oklahoma City Thunder,OKC @ DET,W,113,0.483,0.294,0.773,44,17,18,6,6,1,team_game_log
2024-25,22400969,2025-03-15,1610612765,DET,Detroit Pistons,DET vs. OKC,L,107,0.477,0.424,0.692,39,29,17,-6,-6,0,team_game_log
2024-25,22400970,2025-03-15,1610612741,CHI,Chicago Bulls,CHI @ HOU,L,114,0.462,0.368,0.875,36,24,11,-3,-3,0,team_game_log
2024-25,22400970,2025-03-15,1610612745,HOU,Houston Rockets,HOU vs. CHI,W,117,0.449,0.318,0.577,54,24,14,3,3,1,team_game_log
2024-25,22400971,2025-03-15,1610612748,MIA,Miami Heat,MIA @ MEM,L,91,0.398,0.243,0.8,37,24,14,-34,-34,0,team_game_log
2024-25,22400971,2025-03-15,1610612763,MEM,Memphis Grizzlies,MEM vs. MIA,W,125,0.554,0.387,0.917,51,31,11,34,34,1,team_game_log
2024-25,22400972,2025-03-15,1610612749,MIL,Milwaukee Bucks,MIL vs. IND,W,126,0.544,0.405,0.962,45,28,17,7,7,1,team_game_log
2024-25,22400972,2025-03-15,1610612754,IND,Indiana Pacers,IND @ MIL,L,119,0.479,0.395,0.769,32,29,12,-7,-7,0,team_game_log
2024-25,22400973,2025-03-15,1610612740,NOP,New Orleans Pelicans,NOP @ SAS,L,115,0.5,0.343,1.0,52,34,18,-4,-4,0,team_game_log
2024-25,22400973,2025-03-15,1610612759,SAS,San Antonio Spurs,SAS vs. NOP,W,119,0.464,0.41,0.758,37,26,10,4,4,1,team_game_log
2024-25,22400974,2025-03-15,1610612744,GSW,Golden State Warriors,GSW vs. NYK,W,97,0.398,0.317,0.818,45,25,11,3,3,1,team_game_log
2024-25,22400974,2025-03-15,1610612752,NYK,New York Knicks,NYK @ GSW,L,94,0.43,0.375,0.846,49,20,13,-3,-3,0,team_game_log
2024-25,22400975,2025-03-15,1610612743,DEN,Denver Nuggets,DEN vs. WAS,L,123,0.505,0.353,0.882,42,40,18,-3,-3,0,team_game_log
2024-25,22400975,2025-03-15,1610612764,WAS,Washington Wizards,WAS @ DEN,W,126,0.484,0.422,0.882,44,34,17,3,3,1,team_game_log
2024-25,22400538,2025-03-16,1610612746,LAC,LA Clippers,LAC vs. CHA,W,123,0.484,0.5,0.87,58,30,11,35,35,1,team_game_log
2024-25,22400538,2025-03-16,1610612766,CHA,Charlotte Hornets,CHA @ LAC,L,88,0.394,0.182,0.889,44,27,11,-35,-35,0,team_game_log
2024-25,22400976,2025-03-16,1610612742,DAL,Dallas Mavericks,DAL vs. PHI,L,125,0.529,0.294,0.767,45,26,15,-5,-5,0,team_game_log
2024-25,22400976,2025-03-16,1610612755,PHI,Philadelphia 76ers,PHI @ DAL,W,130,0.522,0.389,0.833,39,21,11,5,5,1,team_game_log
2024-25,22400977,2025-03-16,1610612747,LAL,Los Angeles Lakers,LAL vs. PHX,W,107,0.432,0.359,0.719,40,22,10,11,11,1,team_game_log
2024-25,22400977,2025-03-16,1610612756,PHX,Phoenix Suns,PHX @ LAL,L,96,0.393,0.22,0.81,51,25,14,-11,-11,0,team_game_log
2024-25,22400978,2025-03-16,1610612737,ATL,Atlanta Hawks,ATL @ BKN,L,114,0.467,0.297,0.792,38,27,14,-8,-8,0,team_game_log
2024-25,22400978,2025-03-16,1610612751,BKN,Brooklyn Nets,BKN vs. ATL,W,122,0.478,0.486,0.826,40,33,17,8,8,1,team_game_log
2024-25,22400979,2025-03-16,1610612739,CLE,Cleveland Cavaliers,CLE vs. ORL,L,103,0.417,0.25,0.65,48,21,14,-5,-5,0,team_game_log
2024-25,22400979,2025-03-16,1610612753,ORL,Orlando Magic,ORL @ CLE,W,108,0.42,0.419,0.794,47,21,18,5,5,1,team_game_log
2024-25,22400980,2025-03-16,1610612757,POR,Portland Trail Blazers,POR vs. TOR,W,105,0.409,0.36,0.833,51,21,22,3,3,1,team_game_log
2024-25,22400980,2025-03-16,1610612761,TOR,Toronto Raptors,TOR @ POR,L,102,0.404,0.323,0.8,47,29,18,-3,-3,0,team_game_log
2024-25,22400981,2025-03-16,1610612750,MIN,Minnesota Timberwolves,MIN vs. UTA,W,128,0.495,0.326,0.692,49,30,10,26,26,1,team_game_log
2024-25,22400981,2025-03-16,1610612762,UTA,Utah Jazz,UTA @ MIN,L,102,0.433,0.316,0.8,44,23,22,-26,-26,0,team_game_log
2024-25,22400982,2025-03-16,1610612749,MIL,Milwaukee Bucks,MIL vs. OKC,L,105,0.398,0.382,0.788,34,21,9,-16,-16,0,team_game_log
2024-25,22400982,2025-03-16,1610612760,OKC,Oklahoma City Thunder,OKC @ MIL,W,121,0.517,0.345,0.76,50,30,10,16,16,1,team_game_log
2024-25,22400537,2025-03-17,1610612747,LAL,Los Angeles Lakers,LAL vs. SAS,W,125,0.489,0.396,0.75,42,34,9,16,16,1,team_game_log
2024-25,22400537,2025-03-17,1610612759,SAS,San Antonio Spurs,SAS @ LAL,L,109,0.466,0.395,0.857,44,30,17,-16,-16,0,team_game_log
2024-25,22400984,2025-03-17,1610612748,MIA,Miami Heat,MIA @ NYK,L,95,0.476,0.261,0.917,39,23,21,-21,-21,0,team_game_log
2024-25,22400984,2025-03-17,1610612752,NYK,New York Knicks,NYK vs. MIA,W,116,0.495,0.471,1.0,41,30,14,21,21,1,team_game_log
2024-25,22400985,2025-03-17,1610612745,HOU,Houston Rockets,HOU vs. PHI,W,144,0.477,0.415,0.833,58,35,15,7,7,1,team_game_log
2024-25,22400985,2025-03-17,1610612755,PHI,Philadelphia 76ers,PHI @ HOU,L,137,0.505,0.49,0.68,35,21,16,-7,-7,0,team_game_log
2024-25,22400986,2025-03-17,1610612750,MIN,Minnesota Timberwolves,MIN vs. IND,L,130,0.454,0.31,0.806,44,25,15,-2,-2,0,team_game_log
2024-25,22400986,2025-03-17,1610612754,IND,Indiana Pacers,IND @ MIN,W,132,0.495,0.459,0.826,48,28,20,2,2,1,team_game_log
2024-25,22400987,2025-03-17,1610612740,NOP,New Orleans Pelicans,NOP vs. DET,L,81,0.326,0.156,0.667,39,18,17,-46,-46,0,team_game_log
2024-25,22400987,2025-03-17,1610612765,DET,Detroit Pistons,DET @ NOP,W,127,0.548,0.371,0.759,50,33,14,46,46,1,team_game_log
2024-25,22400989,2025-03-17,1610612741,CHI,Chicago Bulls,CHI @ UTA,W,111,0.433,0.311,0.813,49,29,11,14,14,1,team_game_log
2024-25,22400989,2025-03-17,1610612762,UTA,Utah Jazz,UTA vs. CHI,L,97,0.407,0.214,0.818,48,20,17,-14,-14,0,team_game_log
2024-25,22400990,2025-03-17,1610612743,DEN,Denver Nuggets,DEN @ GSW,W,114,0.467,0.359,0.778,53,32,22,9,9,1,team_game_log
2024-25,22400990,2025-03-17,1610612744,GSW,Golden State Warriors,GSW vs. DEN,L,105,0.488,0.242,0.556,38,24,20,-9,-9,0,team_game_log
2024-25,22400991,2025-03-17,1610612756,PHX,Phoenix Suns,PHX vs. TOR,W,129,0.511,0.513,1.0,54,34,10,40,40,1,team_game_log
2024-25,22400991,2025-03-17,1610612761,TOR,Toronto Raptors,TOR @ PHX,L,89,0.356,0.286,0.739,40,20,12,-40,-40,0,team_game_log
2024-25,22400992,2025-03-17,1610612758,SAC,Sacramento Kings,SAC vs. MEM,W,132,0.523,0.488,0.667,38,35,14,10,10,1,team_game_log
2024-25,22400992,2025-03-17,1610612763,MEM,Memphis Grizzlies,MEM @ SAC,L,122,0.489,0.433,1.0,48,24,18,-10,-10,0,team_game_log
2024-25,22400995,2025-03-17,1610612757,POR,Portland Trail Blazers,POR vs. WAS,W,112,0.424,0.326,0.684,50,25,9,15,15,1,team_game_log
2024-25,22400995,2025-03-17,1610612764,WAS,Washington Wizards,WAS @ POR,L,97,0.413,0.3,0.75,49,27,16,-15,-15,0,team_game_log
2024-25,22400993,2025-03-18,1610612737,ATL,Atlanta Hawks,ATL @ CHA,W,134,0.538,0.489,0.8,46,27,11,32,32,1,team_game_log
2024-25,22400993,2025-03-18,1610612766,CHA,Charlotte Hornets,CHA vs. ATL,L,102,0.452,0.333,0.762,39,25,17,-32,-32,0,team_game_log
2024-25,22400994,2025-03-18,1610612738,BOS,Boston Celtics,BOS vs. BKN,W,104,0.443,0.333,0.818,48,24,13,8,8,1,team_game_log
2024-25,22400994,2025-03-18,1610612751,BKN,Brooklyn Nets,BKN @ BOS,L,96,0.409,0.289,0.647,39,21,9,-8,-8,0,team_game_log
2024-25,22400997,2025-03-18,1610612739,CLE,Cleveland Cavaliers,CLE @ LAC,L,119,0.489,0.341,0.654,29,29,9,-13,-13,0,team_game_log
2024-25,22400997,2025-03-18,1610612746,LAC,LA Clippers,LAC vs. CLE,W,132,0.548,0.457,0.857,49,28,13,13,13,1,team_game_log
2024-25,22401012,2025-03-18,1610612744,GSW,Golden State Warriors,GSW vs. MIL,W,104,0.416,0.386,0.885,52,25,19,11,11,1,team_game_log
2024-25,22401012,2025-03-18,1610612749,MIL,Milwaukee Bucks,MIL @ GSW,L,93,0.392,0.316,0.704,34,19,10,-11,-11,0,team_game_log
2024-25,22400627,2025-03-19,1610612762,UTA,Utah Jazz,UTA vs. WAS,W,128,0.562,0.405,0.611,42,30,17,16,16,1,team_game_log
2024-25,22400627,2025-03-19,1610612764,WAS,Washington Wizards,WAS @ UTA,L,112,0.462,0.267,0.778,37,30,14,-16,-16,0,team_game_log
2024-25,22400998,2025-03-19,1610612742,DAL,Dallas Mavericks,DAL @ IND,L,131,0.545,0.407,0.75,41,23,13,-4,-4,0,team_game_log
2024-25,22400998,2025-03-19,1610612754,IND,Indiana Pacers,IND vs. DAL,W,135,0.549,0.457,0.784,38,29,11,4,4,1,team_game_log
2024-25,22400999,2025-03-19,1610612745,HOU,Houston Rockets,HOU @ ORL,W,116,0.469,0.314,0.906,46,18,16,8,8,1,team_game_log
2024-25,22400999,2025-03-19,1610612753,ORL,Orlando Magic,ORL vs. HOU,L,108,0.446,0.257,0.85,41,23,12,-8,-8,0,team_game_log
2024-25,22401000,2025-03-19,1610612748,MIA,Miami Heat,MIA vs. DET,L,113,0.489,0.313,0.833,37,24,13,-3,-3,0,team_game_log
2024-25,22401000,2025-03-19,1610612765,DET,Detroit Pistons,DET @ MIA,W,116,0.505,0.391,0.833,47,25,13,3,3,1,team_game_log
2024-25,22401001,2025-03-19,1610612740,NOP,New Orleans Pelicans,NOP @ MIN,W,119,0.528,0.448,0.545,46,28,15,4,4,1,team_game_log
2024-25,22401001,2025-03-19,1610612750,MIN,Minnesota Timberwolves,MIN vs. NOP,L,115,0.455,0.41,0.806,40,21,14,-4,-4,0,team_game_log
2024-25,22401002,2025-03-19,1610612755,PHI,Philadelphia 76ers,PHI @ OKC,L,100,0.368,0.316,0.75,41,24,12,-33,-33,0,team_game_log
2024-25,22401002,2025-03-19,1610612760,OKC,Oklahoma City Thunder,OKC vs. PHI,W,133,0.522,0.462,0.75,55,36,14,33,33,1,team_game_log
2024-25,22401003,2025-03-19,1610612752,NYK,New York Knicks,NYK @ SAS,L,105,0.424,0.297,0.762,44,28,11,-15,-15,0,team_game_log
2024-25,22401003,2025-03-19,1610612759,SAS,San Antonio Spurs,SAS vs. NYK,W,120,0.5,0.457,0.7,52,28,15,15,15,1,team_game_log
2024-25,22401006,2025-03-19,1610612743,DEN,Denver Nuggets,DEN @ LAL,L,108,0.471,0.333,0.619,45,25,19,-12,-12,0,team_game_log
2024-25,22401006,2025-03-19,1610612747,LAL,Los Angeles Lakers,LAL vs. DEN,W,120,0.506,0.421,0.714,38,25,14,12,12,1,team_game_log
2024-25,22401007,2025-03-19,1610612741,CHI,Chicago Bulls,CHI @ PHX,L,121,0.544,0.395,0.667,40,29,13,-6,-6,0,team_game_log
2024-25,22401007,2025-03-19,1610612756,PHX,Phoenix Suns,PHX vs. CHI,W,127,0.49,0.375,0.9,46,34,11,6,6,1,team_game_log
2024-25,22401008,2025-03-19,1610612757,POR,Portland Trail Blazers,POR vs. MEM,W,115,0.417,0.391,0.81,65,25,17,16,16,1,team_game_log
2024-25,22401008,2025-03-19,1610612763,MEM,Memphis Grizzlies,MEM @ POR,L,99,0.402,0.267,0.81,40,23,10,-16,-16,0,team_game_log
2024-25,22401009,2025-03-19,1610612739,CLE,Cleveland Cavaliers,CLE @ SAC,L,119,0.548,0.382,0.778,37,24,12,-4,-4,0,team_game_log
2024-25,22401009,2025-03-19,1610612758,SAC,Sacramento Kings,SAC vs. CLE,W,123,0.505,0.457,0.938,41,28,13,4,4,1,team_game_log
2024-25,22400996,2025-03-20,1610612747,LAL,Los Angeles Lakers,LAL vs. MIL,L,89,0.415,0.344,0.625,50,26,22,-29,-29,0,team_game_log
2024-25,22400996,2025-03-20,1610612749,MIL,Milwaukee Bucks,MIL @ LAL,W,118,0.476,0.314,0.794,41,24,9,29,29,1,team_game_log
2024-25,22401005,2025-03-20,1610612744,GSW,Golden State Warriors,GSW vs. TOR,W,117,0.422,0.404,0.786,38,30,15,3,3,1,team_game_log
2024-25,22401005,2025-03-20,1610612761,TOR,Toronto Raptors,TOR @ GSW,L,114,0.564,0.423,0.789,44,32,23,-3,-3,0,team_game_log
2024-25,22401010,2025-03-20,1610612752,NYK,New York Knicks,NYK @ CHA,L,98,0.4,0.256,0.8,38,26,7,-17,-17,0,team_game_log
2024-25,22401010,2025-03-20,1610612766,CHA,Charlotte Hornets,CHA vs. NYK,W,115,0.489,0.469,0.824,52,25,12,17,17,1,team_game_log
2024-25,22401011,2025-03-20,1610612751,BKN,Brooklyn Nets,BKN @ IND,L,99,0.356,0.28,0.722,47,20,16,-6,-6,0,team_game_log
2024-25,22401011,2025-03-20,1610612754,IND,Indiana Pacers,IND vs. BKN,W,105,0.432,0.258,0.871,57,18,25,6,6,1,team_game_log
2024-25,22401013,2025-03-20,1610612741,CHI,Chicago Bulls,CHI @ SAC,W,128,0.523,0.429,0.885,40,32,14,12,12,1,team_game_log
2024-25,22401013,2025-03-20,1610612758,SAC,Sacramento Kings,SAC vs. CHI,L,116,0.477,0.385,0.826,36,27,12,-12,-12,0,team_game_log
2024-25,22401014,2025-03-21,1610612753,ORL,Orlando Magic,ORL @ WAS,W,120,0.479,0.405,0.846,55,25,13,15,15,1,team_game_log
2024-25,22401014,2025-03-21,1610612764,WAS,Washington Wizards,WAS vs. ORL,L,105,0.425,0.436,0.737,41,23,15,-15,-15,0,team_game_log
2024-25,22401015,2025-03-21,1610612745,HOU,Houston Rockets,HOU @ MIA,W,102,0.464,0.5,0.476,46,14,17,4,4,1,team_game_log
2024-25,22401015,2025-03-21,1610612748,MIA,Miami Heat,MIA vs. HOU,L,98,0.521,0.417,0.857,34,25,21,-4,-4,0,team_game_log
2024-25,22401016,2025-03-21,1610612740,NOP,New Orleans Pelicans,NOP @ MIN,L,93,0.5,0.355,0.636,33,20,26,-41,-41,0,team_game_log
2024-25,22401016,2025-03-21,1610612750,MIN,Minnesota Timberwolves,MIN vs. NOP,W,134,0.539,0.432,0.95,36,40,14,41,41,1,team_game_log
2024-25,22401017,2025-03-21,1610612760,OKC,Oklahoma City Thunder,OKC vs. CHA,W,141,0.574,0.538,0.706,43,29,9,35,35,1,team_game_log
2024-25,22401017,2025-03-21,1610612766,CHA,Charlotte Hornets,CHA @ OKC,L,106,0.463,0.463,1.0,29,29,16,-35,-35,0,team_game_log
2024-25,22401018,2025-03-21,1610612755,PHI,Philadelphia 76ers,PHI @ SAS,L,120,0.568,0.378,0.7,32,30,20,-8,-8,0,team_game_log
2024-25,22401018,2025-03-21,1610612759,SAS,San Antonio Spurs,SAS vs. PHI,W,128,0.528,0.487,0.833,34,36,15,8,8,1,team_game_log
2024-25,22401019,2025-03-21,1610612742,DAL,Dallas Mavericks,DAL vs. DET,W,123,0.525,0.353,0.75,44,25,20,6,6,1,team_game_log
2024-25,22401019,2025-03-21,1610612765,DET,Detroit Pistons,DET @ DAL,L,117,0.469,0.355,0.737,41,24,14,-6,-6,0,team_game_log
2024-25,22401020,2025-03-21,1610612738,BOS,Boston Celtics,BOS @ UTA,W,121,0.464,0.333,0.875,48,27,11,22,22,1,team_game_log
2024-25,22401020,2025-03-21,1610612762,UTA,Utah Jazz,UTA vs. BOS,L,99,0.452,0.4,0.75,38,24,17,-22,-22,0,team_game_log
2024-25,22401021,2025-03-21,1610612739,CLE,Cleveland Cavaliers,CLE @ PHX,L,112,0.447,0.378,0.786,44,24,11,-11,-11,0,team_game_log
2024-25,22401021,2025-03-21,1610612756,PHX,Phoenix Suns,PHX vs. CLE,W,123,0.522,0.452,1.0,46,33,15,11,11,1,team_game_log
2024-25,22401022,2025-03-21,1610612743,DEN,Denver Nuggets,DEN @ POR,L,109,0.5,0.346,0.857,31,24,21,-19,-19,0,team_game_log
2024-25,22401022,2025-03-21,1610612757,POR,Portland Trail Blazers,POR vs. DEN,W,128,0.54,0.4,0.8,38,30,17,19,19,1,team_game_log
2024-25,22401023,2025-03-21,1610612746,LAC,LA Clippers,LAC vs. MEM,W,128,0.577,0.5,0.808,43,29,15,20,20,1,team_game_log
2024-25,22401023,2025-03-21,1610612763,MEM,Memphis Grizzlies,MEM @ LAC,L,108,0.421,0.388,0.692,40,28,10,-20,-20,0,team_game_log
2024-25,22401024,2025-03-22,1610612751,BKN,Brooklyn Nets,BKN @ IND,L,103,0.433,0.349,0.588,48,20,15,-5,-5,0,team_game_log
2024-25,22401024,2025-03-22,1610612754,IND,Indiana Pacers,IND vs. BKN,W,108,0.476,0.314,0.81,44,32,15,5,5,1,team_game_log
2024-25,22401025,2025-03-22,1610612737,ATL,Atlanta Hawks,ATL vs. GSW,W,124,0.57,0.417,0.611,46,37,16,9,9,1,team_game_log
2024-25,22401025,2025-03-22,1610612744,GSW,Golden State Warriors,GSW @ ATL,L,115,0.464,0.421,0.808,38,28,10,-9,-9,0,team_game_log
2024-25,22401026,2025-03-22,1610612752,NYK,New York Knicks,NYK vs. WAS,W,122,0.484,0.371,0.778,49,29,16,19,19,1,team_game_log
2024-25,22401026,2025-03-22,1610612764,WAS,Washington Wizards,WAS @ NYK,L,103,0.443,0.306,0.737,41,21,20,-19,-19,0,team_game_log
2024-25,22401027,2025-03-22,1610612749,MIL,Milwaukee Bucks,MIL @ SAC,W,114,0.524,0.419,0.65,42,22,10,6,6,1,team_game_log
2024-25,22401027,2025-03-22,1610612758,SAC,Sacramento Kings,SAC vs. MIL,L,108,0.451,0.237,0.773,44,21,8,-6,-6,0,team_game_log
2024-25,22401028,2025-03-22,1610612741,CHI,Chicago Bulls,CHI @ LAL,W,146,0.583,0.463,0.75,42,41,10,31,31,1,team_game_log
2024-25,22401028,2025-03-22,1610612747,LAL,Los Angeles Lakers,LAL vs. CHI,L,115,0.482,0.415,0.727,35,23,21,-31,-31,0,team_game_log
2024-25,22401029,2025-03-23,1610612740,NOP,New Orleans Pelicans,NOP @ DET,L,130,0.576,0.5,0.75,37,35,18,-6,-6,0,team_game_log
2024-25,22401029,2025-03-23,1610612765,DET,Detroit Pistons,DET vs. NOP,W,136,0.547,0.481,0.725,32,26,8,6,6,1,team_game_log
2024-25,22401030,2025-03-23,1610612739,CLE,Cleveland Cavaliers,CLE @ UTA,W,120,0.458,0.229,0.677,51,28,7,29,29,1,team_game_log
2024-25,22401030,2025-03-23,1610612762,UTA,Utah Jazz,UTA vs. CLE,L,91,0.36,0.32,0.611,52,25,21,-29,-29,0,team_game_log
2024-25,22401031,2025-03-23,1610612737,ATL,Atlanta Hawks,ATL vs. PHI,W,132,0.552,0.459,0.864,39,35,17,13,13,1,team_game_log
2024-25,22401031,2025-03-23,1610612755,PHI,Philadelphia 76ers,PHI @ ATL,L,119,0.44,0.324,0.757,37,24,13,-13,-13,0,team_game_log
2024-25,22401032,2025-03-23,1610612748,MIA,Miami Heat,MIA vs. CHA,W,122,0.573,0.414,0.8,32,27,12,17,17,1,team_game_log
2024-25,22401032,2025-03-23,1610612766,CHA,Charlotte Hornets,CHA @ MIA,L,105,0.471,0.333,0.923,40,24,20,-17,-17,0,team_game_log
2024-25,22401033,2025-03-23,1610612759,SAS,San Antonio Spurs,SAS @ TOR,W,123,0.477,0.326,0.844,46,27,14,34,34,1,team_game_log
2024-25,22401033,2025-03-23,1610612761,TOR,Toronto Raptors,TOR vs. SAS,L,89,0.38,0.256,0.692,46,27,22,-34,-34,0,team_game_log
2024-25,22401034,2025-03-23,1610612738,BOS,Boston Celtics,BOS @ POR,W,129,0.545,0.46,0.714,38,31,9,13,13,1,team_game_log
2024-25,22401034,2025-03-23,1610612757,POR,Portland Trail Blazers,POR vs. BOS,L,116,0.489,0.404,0.688,38,24,12,-13,-13,0,team_game_log
2024-25,22401035,2025-03-23,1610612743,DEN,Denver Nuggets,DEN @ HOU,W,116,0.506,0.476,0.692,43,28,9,5,5,1,team_game_log
2024-25,22401035,2025-03-23,1610612745,HOU,Houston Rockets,HOU vs. DEN,L,111,0.438,0.324,0.647,45,25,6,-5,-5,0,team_game_log
2024-25,22401036,2025-03-23,1610612746,LAC,LA Clippers,LAC vs. OKC,L,101,0.427,0.308,0.821,48,20,14,-2,-2,0,team_game_log
2024-25,22401036,2025-03-23,1610612760,OKC,Oklahoma City Thunder,OKC @ LAC,W,103,0.402,0.343,0.85,42,28,9,2,2,1,team_game_log
2024-25,22401037,2025-03-24,1610612750,MIN,Minnesota Timberwolves,MIN @ IND,L,103,0.484,0.257,0.6,45,26,17,-16,-16,0,team_game_log
2024-25,22401037,2025-03-24,1610612754,IND,Indiana Pacers,IND vs. MIN,W,119,0.489,0.371,1.0,46,30,12,16,16,1,team_game_log
2024-25,22401038,2025-03-24,1610612747,LAL,Los Angeles Lakers,LAL @ ORL,L,106,0.463,0.313,0.786,39,19,11,-12,-12,0,team_game_log
2024-25,22401038,2025-03-24,1610612753,ORL,Orlando Magic,ORL vs. LAL,W,118,0.494,0.375,0.826,43,25,9,12,12,1,team_game_log
2024-25,22401039,2025-03-24,1610612761,TOR,Toronto Raptors,TOR @ WAS,W,112,0.406,0.278,0.741,60,28,12,8,8,1,team_game_log
2024-25,22401039,2025-03-24,1610612764,WAS,Washington Wizards,WAS vs. TOR,L,104,0.402,0.297,0.676,48,24,17,-8,-8,0,team_game_log
2024-25,22401040,2025-03-24,1610612742,DAL,Dallas Mavericks,DAL @ BKN,W,120,0.563,0.323,0.75,41,34,11,19,19,1,team_game_log
2024-25,22401040,2025-03-24,1610612751,BKN,Brooklyn Nets,BKN vs. DAL,L,101,0.513,0.333,0.714,37,30,19,-19,-19,0,team_game_log
2024-25,22401041,2025-03-24,1610612740,NOP,New Orleans Pelicans,NOP vs. PHI,W,112,0.494,0.429,0.846,51,36,17,13,13,1,team_game_log
2024-25,22401041,2025-03-24,1610612755,PHI,Philadelphia 76ers,PHI @ NOP,L,99,0.391,0.333,0.895,37,19,12,-13,-13,0,team_game_log
2024-25,22401042,2025-03-24,1610612741,CHI,Chicago Bulls,CHI @ DEN,W,129,0.495,0.436,0.846,43,31,10,10,10,1,team_game_log
2024-25,22401042,2025-03-24,1610612743,DEN,Denver Nuggets,DEN vs. CHI,L,119,0.474,0.306,0.667,52,34,12,-10,-10,0,team_game_log
2024-25,22401043,2025-03-24,1610612749,MIL,Milwaukee Bucks,MIL @ PHX,L,106,0.446,0.308,0.69,36,24,7,-2,-2,0,team_game_log
2024-25,22401043,2025-03-24,1610612756,PHX,Phoenix Suns,PHX vs. MIL,W,108,0.476,0.389,0.889,52,25,16,2,2,1,team_game_log
2024-25,22401044,2025-03-24,1610612738,BOS,Boston Celtics,BOS @ SAC,W,113,0.456,0.38,0.6,45,28,10,18,18,1,team_game_log
2024-25,22401044,2025-03-24,1610612758,SAC,Sacramento Kings,SAC vs. BOS,L,95,0.453,0.333,0.818,45,23,15,-18,-18,0,team_game_log
2024-25,22401045,2025-03-25,1610612753,ORL,Orlando Magic,ORL @ CHA,W,111,0.456,0.31,0.842,50,22,11,7,7,1,team_game_log
2024-25,22401045,2025-03-25,1610612766,CHA,Charlotte Hornets,CHA vs. ORL,L,104,0.42,0.412,0.762,38,26,11,-7,-7,0,team_game_log
2024-25,22401046,2025-03-25,1610612759,SAS,San Antonio Spurs,SAS @ DET,L,96,0.363,0.318,0.8,41,21,11,-26,-26,0,team_game_log
2024-25,22401046,2025-03-25,1610612765,DET,Detroit Pistons,DET vs. SAS,W,122,0.564,0.484,0.76,44,33,11,26,26,1,team_game_log
2024-25,22401047,2025-03-25,1610612744,GSW,Golden State Warriors,GSW @ MIA,L,86,0.398,0.237,0.688,38,20,16,-26,-26,0,team_game_log
2024-25,22401047,2025-03-25,1610612748,MIA,Miami Heat,MIA vs. GSW,W,112,0.558,0.68,0.75,42,26,18,26,26,1,team_game_log
2024-25,22401048,2025-03-25,1610612742,DAL,Dallas Mavericks,DAL @ NYK,L,113,0.538,0.316,0.84,33,19,16,-15,-15,0,team_game_log
2024-25,22401048,2025-03-25,1610612752,NYK,New York Knicks,NYK vs. DAL,W,128,0.596,0.385,0.667,36,40,15,15,15,1,team_game_log
2024-25,22401049,2025-03-25,1610612737,ATL,Atlanta Hawks,ATL @ HOU,L,114,0.417,0.306,0.867,42,32,14,-7,-7,0,team_game_log
2024-25,22401049,2025-03-25,1610612745,HOU,Houston Rockets,HOU vs. ATL,W,121,0.452,0.282,0.897,51,17,16,7,7,1,team_game_log
2024-25,22401050,2025-03-25,1610612762,UTA,Utah Jazz,UTA vs. MEM,L,103,0.436,0.405,0.818,28,24,14,-37,-37,0,team_game_log
2024-25,22401050,2025-03-25,1610612763,MEM,Memphis Grizzlies,MEM @ UTA,W,140,0.531,0.444,0.889,52,38,9,37,37,1,team_game_log
2024-25,22401051,2025-03-25,1610612739,CLE,Cleveland Cavaliers,CLE @ POR,W,122,0.545,0.444,0.824,41,28,14,11,11,1,team_game_log
2024-25,22401051,2025-03-25,1610612757,POR,Portland Trail Blazers,POR vs. CLE,L,111,0.4,0.327,0.636,45,28,10,-11,-11,0,team_game_log
2024-25,22401052,2025-03-25,1610612758,SAC,Sacramento Kings,SAC vs. OKC,L,105,0.407,0.489,0.667,36,32,11,-16,-16,0,team_game_log
2024-25,22401052,2025-03-25,1610612760,OKC,Oklahoma City Thunder,OKC @ SAC,W,121,0.524,0.594,0.8,52,30,17,16,16,1,team_game_log
2024-25,22401053,2025-03-26,1610612755,PHI,Philadelphia 76ers,PHI vs. WAS,L,114,0.429,0.304,0.8,47,22,5,-5,-5,0,team_game_log
2024-25,22401053,2025-03-26,1610612764,WAS,Washington Wizards,WAS @ PHI,W,119,0.505,0.409,0.417,49,30,11,5,5,1,team_game_log
2024-25,22401054,2025-03-26,1610612751,BKN,Brooklyn Nets,BKN vs. TOR,L,86,0.356,0.195,0.842,43,16,20,-30,-30,0,team_game_log
2024-25,22401054,2025-03-26,1610612761,TOR,Toronto Raptors,TOR @ BKN,W,116,0.422,0.303,0.87,63,34,12,30,30,1,team_game_log
2024-25,22401055,2025-03-26,1610612747,LAL,Los Angeles Lakers,LAL @ IND,W,120,0.519,0.447,0.875,43,26,15,1,1,1,team_game_log
2024-25,22401055,2025-03-26,1610612754,IND,Indiana Pacers,IND vs. LAL,L,119,0.506,0.417,0.842,36,31,10,-1,-1,0,team_game_log
2024-25,22401056,2025-03-26,1610612746,LAC,LA Clippers,LAC @ NYK,W,126,0.511,0.533,0.833,45,27,5,13,13,1,team_game_log
2024-25,22401056,2025-03-26,1610612752,NYK,New York Knicks,NYK vs. LAC,L,113,0.5,0.382,0.727,38,35,10,-13,-13,0,team_game_log
2024-25,22401057,2025-03-26,1610612743,DEN,Denver Nuggets,DEN vs. MIL,W,127,0.544,0.432,0.591,46,36,10,10,10,1,team_game_log
2024-25,22401057,2025-03-26,1610612749,MIL,Milwaukee Bucks,MIL @ DEN,L,117,0.517,0.432,0.692,39,30,11,-10,-10,0,team_game_log
2024-25,22401058,2025-03-26,1610612738,BOS,Boston Celtics,BOS @ PHX,W,132,0.506,0.423,0.909,48,33,11,30,30,1,team_game_log
2024-25,22401058,2025-03-26,1610612756,PHX,Phoenix Suns,PHX vs. BOS,L,102,0.414,0.317,0.81,38,22,14,-30,-30,0,team_game_log
2024-25,22401059,2025-03-27,1610612739,CLE,Cleveland Cavaliers,CLE vs. SAS,W,124,0.465,0.354,0.833,56,33,14,8,8,1,team_game_log
2024-25,22401059,2025-03-27,1610612759,SAS,San Antonio Spurs,SAS @ CLE,L,116,0.406,0.326,0.762,50,27,10,-8,-8,0,team_game_log
2024-25,22401060,2025-03-27,1610612742,DAL,Dallas Mavericks,DAL @ ORL,W,101,0.474,0.5,0.727,40,21,15,9,9,1,team_game_log
2024-25,22401060,2025-03-27,1610612753,ORL,Orlando Magic,ORL vs. DAL,L,92,0.425,0.167,0.792,44,14,17,-9,-9,0,team_game_log
2024-25,22401061,2025-03-27,1610612754,IND,Indiana Pacers,IND @ WAS,W,162,0.641,0.574,0.895,50,48,15,53,53,1,team_game_log
2024-25,22401061,2025-03-27,1610612764,WAS,Washington Wizards,WAS vs. IND,L,109,0.447,0.367,0.846,31,19,15,-53,-53,0,team_game_log
2024-25,22401062,2025-03-27,1610612737,ATL,Atlanta Hawks,ATL @ MIA,L,112,0.518,0.439,0.727,36,27,16,-10,-10,0,team_game_log
2024-25,22401062,2025-03-27,1610612748,MIA,Miami Heat,MIA vs. ATL,W,122,0.537,0.545,0.8,37,26,14,10,10,1,team_game_log
2024-25,22401063,2025-03-27,1610612741,CHI,Chicago Bulls,CHI vs. LAL,W,119,0.467,0.432,0.636,48,33,15,2,2,1,team_game_log
2024-25,22401063,2025-03-27,1610612747,LAL,Los Angeles Lakers,LAL @ CHI,L,117,0.495,0.293,0.833,40,30,11,-2,-2,0,team_game_log
2024-25,22401064,2025-03-27,1610612760,OKC,Oklahoma City Thunder,OKC vs. MEM,W,125,0.489,0.419,0.857,45,28,12,21,21,1,team_game_log
2024-25,22401064,2025-03-27,1610612763,MEM,Memphis Grizzlies,MEM @ OKC,L,104,0.418,0.381,0.957,36,28,19,-21,-21,0,team_game_log
2024-25,22401065,2025-03-27,1610612745,HOU,Houston Rockets,HOU @ UTA,W,121,0.461,0.324,0.789,51,26,9,11,11,1,team_game_log
2024-25,22401065,2025-03-27,1610612762,UTA,Utah Jazz,UTA vs. HOU,L,110,0.544,0.478,0.765,33,29,16,-11,-11,0,team_game_log
2024-25,22401066,2025-03-27,1610612757,POR,Portland Trail Blazers,POR @ SAC,L,107,0.398,0.32,0.808,32,23,12,-21,-21,0,team_game_log
2024-25,22401066,2025-03-27,1610612758,SAC,Sacramento Kings,SAC vs. POR,W,128,0.649,0.37,0.815,46,24,21,21,21,1,team_game_log
2024-25,22401067,2025-03-28,1610612739,CLE,Cleveland Cavaliers,CLE @ DET,L,122,0.464,0.375,0.763,41,16,15,-11,-11,0,team_game_log
2024-25,22401067,2025-03-28,1610612765,DET,Detroit Pistons,DET vs. CLE,W,133,0.478,0.441,0.857,43,25,13,11,11,1,team_game_log
2024-25,22401068,2025-03-28,1610612746,LAC,LA Clippers,LAC @ BKN,W,132,0.55,0.514,0.893,48,29,13,32,32,1,team_game_log
2024-25,22401068,2025-03-28,1610612751,BKN,Brooklyn Nets,BKN vs. LAC,L,100,0.371,0.298,0.769,43,27,15,-32,-32,0,team_game_log
2024-25,22401069,2025-03-28,1610612761,TOR,Toronto Raptors,TOR vs. CHA,W,108,0.442,0.318,0.667,45,28,6,11,11,1,team_game_log
2024-25,22401069,2025-03-28,1610612766,CHA,Charlotte Hornets,CHA @ TOR,L,97,0.406,0.29,0.667,56,29,18,-11,-11,0,team_game_log
2024-25,22401070,2025-03-28,1610612749,MIL,Milwaukee Bucks,MIL vs. NYK,L,107,0.547,0.394,0.632,32,24,16,-9,-9,0,team_game_log
2024-25,22401070,2025-03-28,1610612752,NYK,New York Knicks,NYK @ MIL,W,116,0.484,0.364,0.875,44,28,9,9,9,1,team_game_log
2024-25,22401071,2025-03-28,1610612750,MIN,Minnesota Timberwolves,MIN vs. PHX,W,124,0.528,0.487,0.846,43,31,13,15,15,1,team_game_log
2024-25,22401071,2025-03-28,1610612756,PHX,Phoenix Suns,PHX @ MIN,L,109,0.519,0.486,0.692,34,28,16,-15,-15,0,team_game_log
2024-25,22401072,2025-03-28,1610612740,NOP,New Orleans Pelicans,NOP vs. GSW,L,95,0.407,0.304,0.786,46,24,16,-16,-16,0,team_game_log
2024-25,22401072,2025-03-28,1610612744,GSW,Golden State Warriors,GSW @ NOP,W,111,0.413,0.236,0.759,50,29,11,16,16,1,team_game_log
2024-25,22401073,2025-03-28,1610612743,DEN,Denver Nuggets,DEN vs. UTA,W,129,0.578,0.379,0.786,45,38,18,36,36,1,team_game_log
2024-25,22401073,2025-03-28,1610612762,UTA,Utah Jazz,UTA @ DEN,L,93,0.355,0.175,0.833,42,21,18,-36,-36,0,team_game_log
2024-25,22401074,2025-03-29,1610612753,ORL,Orlando Magic,ORL vs. SAC,W,121,0.494,0.462,0.625,49,31,14,30,30,1,team_game_log
2024-25,22401074,2025-03-29,1610612758,SAC,Sacramento Kings,SAC @ ORL,L,91,0.42,0.25,0.8,41,17,16,-30,-30,0,team_game_log
2024-25,22401075,2025-03-29,1610612751,BKN,Brooklyn Nets,BKN @ WAS,W,115,0.443,0.391,0.95,49,25,14,3,3,1,team_game_log
2024-25,22401075,2025-03-29,1610612764,WAS,Washington Wizards,WAS vs. BKN,L,112,0.435,0.265,0.879,40,21,6,-3,-3,0,team_game_log
2024-25,22401076,2025-03-29,1610612748,MIA,Miami Heat,MIA @ PHI,W,118,0.473,0.465,0.769,47,33,11,23,23,1,team_game_log
2024-25,22401076,2025-03-29,1610612755,PHI,Philadelphia 76ers,PHI vs. MIA,L,95,0.5,0.406,0.429,37,28,18,-23,-23,0,team_game_log
2024-25,22401077,2025-03-29,1610612741,CHI,Chicago Bulls,CHI vs. DAL,L,119,0.473,0.424,0.792,56,31,19,-1,-1,0,team_game_log
2024-25,22401077,2025-03-29,1610612742,DAL,Dallas Mavericks,DAL @ CHI,W,120,0.465,0.3,0.81,41,28,6,1,1,1,team_game_log
2024-25,22401078,2025-03-29,1610612747,LAL,Los Angeles Lakers,LAL @ MEM,W,134,0.506,0.442,0.926,42,30,13,7,7,1,team_game_log
2024-25,22401078,2025-03-29,1610612763,MEM,Memphis Grizzlies,MEM vs. LAL,L,127,0.526,0.438,0.722,41,33,12,-7,-7,0,team_game_log
2024-25,22401079,2025-03-29,1610612754,IND,Indiana Pacers,IND @ OKC,L,111,0.448,0.333,0.731,43,27,13,-21,-21,0,team_game_log
2024-25,22401079,2025-03-29,1610612760,OKC,Oklahoma City Thunder,OKC vs. IND,W,132,0.511,0.472,0.826,47,26,10,21,21,1,team_game_log
2024-25,22401080,2025-03-29,1610612738,BOS,Boston Celtics,BOS @ SAS,W,121,0.479,0.333,0.778,54,32,11,10,10,1,team_game_log
2024-25,22401080,2025-03-29,1610612759,SAS,San Antonio Spurs,SAS vs. BOS,L,111,0.437,0.35,0.778,35,25,5,-10,-10,0,team_game_log
2024-25,22401081,2025-03-30,1610612739,CLE,Cleveland Cavaliers,CLE vs. LAC,W,127,0.505,0.333,0.783,45,33,10,5,5,1,team_game_log
2024-25,22401081,2025-03-30,1610612746,LAC,LA Clippers,LAC @ CLE,L,122,0.484,0.39,0.727,44,25,14,-5,-5,0,team_game_log
2024-25,22401082,2025-03-30,1610612752,NYK,New York Knicks,NYK vs. POR,W,110,0.536,0.4,0.769,44,27,15,17,17,1,team_game_log
2024-25,22401082,2025-03-30,1610612757,POR,Portland Trail Blazers,POR @ NYK,L,93,0.437,0.25,0.571,39,19,14,-17,-17,0,team_game_log
2024-25,22401083,2025-03-30,1610612737,ATL,Atlanta Hawks,ATL @ MIL,W,145,0.532,0.354,0.8,46,36,9,21,21,1,team_game_log
2024-25,22401083,2025-03-30,1610612749,MIL,Milwaukee Bucks,MIL vs. ATL,L,124,0.476,0.343,0.791,36,21,14,-21,-21,0,team_game_log
2024-25,22401084,2025-03-30,1610612750,MIN,Minnesota Timberwolves,MIN vs. DET,W,123,0.473,0.387,0.742,59,24,10,19,19,1,team_game_log
2024-25,22401084,2025-03-30,1610612765,DET,Detroit Pistons,DET @ MIN,L,104,0.358,0.316,0.75,44,22,7,-19,-19,0,team_game_log
2024-25,22401085,2025-03-30,1610612740,NOP,New Orleans Pelicans,NOP vs. CHA,W,98,0.413,0.29,0.765,57,24,17,4,4,1,team_game_log
2024-25,22401085,2025-03-30,1610612766,CHA,Charlotte Hornets,CHA @ NOP,L,94,0.352,0.242,0.88,50,20,15,-4,-4,0,team_game_log
2024-25,22401086,2025-03-30,1610612744,GSW,Golden State Warriors,GSW @ SAS,W,148,0.577,0.477,0.789,44,42,13,42,42,1,team_game_log
2024-25,22401086,2025-03-30,1610612759,SAS,San Antonio Spurs,SAS vs. GSW,L,106,0.476,0.381,0.625,34,30,21,-42,-42,0,team_game_log
2024-25,22401087,2025-03-30,1610612755,PHI,Philadelphia 76ers,PHI vs. TOR,L,109,0.472,0.276,0.895,46,25,18,-18,-18,0,team_game_log
2024-25,22401087,2025-03-30,1610612761,TOR,Toronto Raptors,TOR @ PHI,W,127,0.476,0.447,0.667,46,32,11,18,18,1,team_game_log
2024-25,22401088,2025-03-30,1610612745,HOU,Houston Rockets,HOU @ PHX,W,148,0.571,0.581,0.72,45,37,10,39,39,1,team_game_log
2024-25,22401088,2025-03-30,1610612756,PHX,Phoenix Suns,PHX vs. HOU,L,109,0.483,0.313,0.882,39,25,19,-39,-39,0,team_game_log
2024-25,22401089,2025-03-31,1610612762,UTA,Utah Jazz,UTA @ CHA,L,106,0.406,0.269,0.933,41,25,10,-4,-4,0,team_game_log
2024-25,22401089,2025-03-31,1610612766,CHA,Charlotte Hornets,CHA vs. UTA,W,110,0.538,0.395,0.643,47,33,18,4,4,1,team_game_log
2024-25,22401090,2025-03-31,1610612754,IND,Indiana Pacers,IND vs. SAC,W,111,0.467,0.341,1.0,40,28,13,2,2,1,team_game_log
2024-25,22401090,2025-03-31,1610612758,SAC,Sacramento Kings,SAC @ IND,L,109,0.467,0.444,0.647,45,22,12,-2,-2,0,team_game_log
2024-25,22401091,2025-03-31,1610612746,LAC,LA Clippers,LAC @ ORL,W,96,0.439,0.258,0.842,47,18,16,9,9,1,team_game_log
2024-25,22401091,2025-03-31,1610612753,ORL,Orlando Magic,ORL vs. LAC,L,87,0.395,0.269,0.909,32,18,15,-9,-9,0,team_game_log
2024-25,22401092,2025-03-31,1610612748,MIA,Miami Heat,MIA @ WAS,W,120,0.505,0.281,0.708,62,29,19,26,26,1,team_game_log
2024-25,22401092,2025-03-31,1610612764,WAS,Washington Wizards,WAS vs. MIA,L,94,0.395,0.302,0.722,39,22,18,-26,-26,0,team_game_log
2024-25,22401093,2025-03-31,1610612738,BOS,Boston Celtics,BOS @ MEM,W,117,0.406,0.339,0.947,54,30,13,14,14,1,team_game_log
2024-25,22401093,2025-03-31,1610612763,MEM,Memphis Grizzlies,MEM vs. BOS,L,103,0.446,0.25,0.625,45,21,11,-14,-14,0,team_game_log
2024-25,22401094,2025-03-31,1610612741,CHI,Chicago Bulls,CHI @ OKC,L,117,0.449,0.314,0.813,43,29,20,-28,-28,0,team_game_log
2024-25,22401094,2025-03-31,1610612760,OKC,Oklahoma City Thunder,OKC vs. CHI,W,145,0.531,0.535,0.783,44,39,14,28,28,1,team_game_log
2024-25,22401095,2025-03-31,1610612742,DAL,Dallas Mavericks,DAL vs. BKN,L,109,0.477,0.333,0.586,49,29,10,-4,-4,0,team_game_log
2024-25,22401095,2025-03-31,1610612751,BKN,Brooklyn Nets,BKN @ DAL,W,113,0.433,0.392,0.75,40,32,8,4,4,1,team_game_log
2024-25,22401096,2025-03-31,1610612745,HOU,Houston Rockets,HOU @ LAL,L,98,0.416,0.313,0.824,51,26,15,-6,-6,0,team_game_log
2024-25,22401096,2025-03-31,1610612747,LAL,Los Angeles Lakers,LAL vs. HOU,W,104,0.393,0.348,0.9,45,22,11,6,6,1,team_game_log
2024-25,22400988,2025-04-01,1610612753,ORL,Orlando Magic,ORL @ SAS,W,116,0.478,0.383,1.0,41,28,13,11,11,1,team_game_log
2024-25,22400988,2025-04-01,1610612759,SAS,San Antonio Spurs,SAS vs. ORL,L,105,0.494,0.406,0.706,38,24,17,-11,-11,0,team_game_log
2024-25,22401097,2025-04-01,1610612737,ATL,Atlanta Hawks,ATL vs. POR,L,113,0.446,0.219,0.857,45,26,20,-14,-14,0,team_game_log
2024-25,22401097,2025-04-01,1610612757,POR,Portland Trail Blazers,POR @ ATL,W,127,0.456,0.317,0.741,54,30,17,14,14,1,team_game_log
2024-25,22401098,2025-04-01,1610612752,NYK,New York Knicks,NYK vs. PHI,W,105,0.424,0.387,0.808,44,23,19,14,14,1,team_game_log
2024-25,22401098,2025-04-01,1610612755,PHI,Philadelphia 76ers,PHI @ NYK,L,91,0.42,0.194,0.773,42,23,20,-14,-14,0,team_game_log
2024-25,22401099,2025-04-01,1610612741,CHI,Chicago Bulls,CHI vs. TOR,W,137,0.568,0.412,0.852,49,36,12,19,19,1,team_game_log
2024-25,22401099,2025-04-01,1610612761,TOR,Toronto Raptors,TOR @ CHI,L,118,0.454,0.444,0.909,35,35,12,-19,-19,0,team_game_log
2024-25,22401100,2025-04-01,1610612744,GSW,Golden State Warriors,GSW @ MEM,W,134,0.424,0.393,1.0,49,29,11,9,9,1,team_game_log
2024-25,22401100,2025-04-01,1610612763,MEM,Memphis Grizzlies,MEM vs. GSW,L,125,0.478,0.409,0.864,43,22,16,-9,-9,0,team_game_log
2024-25,22401101,2025-04-01,1610612749,MIL,Milwaukee Bucks,MIL vs. PHX,W,133,0.689,0.586,0.933,29,32,20,10,10,1,team_game_log
2024-25,22401101,2025-04-01,1610612756,PHX,Phoenix Suns,PHX @ MIL,L,123,0.478,0.4,0.81,33,26,14,-10,-10,0,team_game_log
2024-25,22401102,2025-04-01,1610612743,DEN,Denver Nuggets,DEN vs. MIN,L,139,0.547,0.353,0.75,45,33,18,-1,-1,0,team_game_log
2024-25,22401102,2025-04-01,1610612750,MIN,Minnesota Timberwolves,MIN @ DEN,W,140,0.468,0.38,0.68,52,35,14,1,1,1,team_game_log
2024-25,22401103,2025-04-02,1610612739,CLE,Cleveland Cavaliers,CLE vs. NYK,W,124,0.532,0.324,0.857,44,23,13,19,19,1,team_game_log
2024-25,22401103,2025-04-02,1610612752,NYK,New York Knicks,NYK @ CLE,L,105,0.444,0.306,0.824,39,24,16,-19,-19,0,team_game_log
2024-25,22401104,2025-04-02,1610612754,IND,Indiana Pacers,IND vs. CHA,W,119,0.495,0.409,0.7,38,29,6,14,14,1,team_game_log
2024-25,22401104,2025-04-02,1610612766,CHA,Charlotte Hornets,CHA @ IND,L,105,0.526,0.417,0.722,44,20,18,-14,-14,0,team_game_log
2024-25,22401105,2025-04-02,1610612758,SAC,Sacramento Kings,SAC @ WAS,L,111,0.421,0.256,0.75,48,25,11,-5,-5,0,team_game_log
2024-25,22401105,2025-04-02,1610612764,WAS,Washington Wizards,WAS vs. SAC,W,116,0.512,0.395,0.722,41,24,14,5,5,1,team_game_log
2024-25,22401106,2025-04-02,1610612738,BOS,Boston Celtics,BOS vs. MIA,L,103,0.448,0.279,0.813,43,24,13,-21,-21,0,team_game_log
2024-25,22401106,2025-04-02,1610612748,MIA,Miami Heat,MIA @ BOS,W,124,0.518,0.467,0.889,34,28,5,21,21,1,team_game_log
2024-25,22401107,2025-04-02,1610612745,HOU,Houston Rockets,HOU vs. UTA,W,143,0.538,0.422,0.632,63,30,10,38,38,1,team_game_log
2024-25,22401107,2025-04-02,1610612762,UTA,Utah Jazz,UTA @ HOU,L,105,0.426,0.25,0.652,39,25,10,-38,-38,0,team_game_log
2024-25,22401108,2025-04-02,1610612760,OKC,Oklahoma City Thunder,OKC vs. DET,W,119,0.438,0.263,0.806,46,25,10,16,16,1,team_game_log
2024-25,22401108,2025-04-02,1610612765,DET,Detroit Pistons,DET @ OKC,L,103,0.404,0.303,0.84,43,20,19,-16,-16,0,team_game_log
2024-25,22401109,2025-04-02,1610612737,ATL,Atlanta Hawks,ATL @ DAL,L,118,0.433,0.385,0.864,43,29,11,-2,-2,0,team_game_log
2024-25,22401109,2025-04-02,1610612742,DAL,Dallas Mavericks,DAL vs. ATL,W,120,0.53,0.455,0.81,42,27,15,2,2,1,team_game_log
2024-25,22401110,2025-04-02,1610612743,DEN,Denver Nuggets,DEN vs. SAS,L,106,0.396,0.295,0.68,58,24,12,-7,-7,0,team_game_log
2024-25,22401110,2025-04-02,1610612759,SAS,San Antonio Spurs,SAS @ DEN,W,113,0.443,0.37,0.769,52,27,10,7,7,1,team_game_log
2024-25,22401111,2025-04-02,1610612740,NOP,New Orleans Pelicans,NOP @ LAC,L,98,0.506,0.182,0.727,39,29,17,-16,-16,0,team_game_log
2024-25,22401111,2025-04-02,1610612746,LAC,LA Clippers,LAC vs. NOP,W,114,0.526,0.406,0.808,30,27,13,16,16,1,team_game_log
2024-25,22401112,2025-04-03,1610612753,ORL,Orlando Magic,ORL @ WAS,W,109,0.463,0.367,0.88,47,27,12,12,12,1,team_game_log
2024-25,22401112,2025-04-03,1610612764,WAS,Washington Wizards,WAS vs. ORL,L,97,0.447,0.4,0.818,38,16,13,-12,-12,0,team_game_log
2024-25,22401113,2025-04-03,1610612750,MIN,Minnesota Timberwolves,MIN @ BKN,W,105,0.5,0.31,0.667,45,27,18,15,15,1,team_game_log
2024-25,22401113,2025-04-03,1610612751,BKN,Brooklyn Nets,BKN vs. MIN,L,90,0.427,0.306,0.75,34,30,12,-15,-15,0,team_game_log
2024-25,22401114,2025-04-03,1610612748,MIA,Miami Heat,MIA vs. MEM,L,108,0.411,0.424,0.842,47,24,11,-2,-2,0,team_game_log
2024-25,22401114,2025-04-03,1610612763,MEM,Memphis Grizzlies,MEM @ MIA,W,110,0.471,0.421,0.824,49,24,18,2,2,1,team_game_log
2024-25,22401115,2025-04-03,1610612749,MIL,Milwaukee Bucks,MIL @ PHI,W,126,0.561,0.516,0.667,40,32,11,13,13,1,team_game_log
2024-25,22401115,2025-04-03,1610612755,PHI,Philadelphia 76ers,PHI vs. MIL,L,113,0.483,0.308,0.789,40,30,15,-13,-13,0,team_game_log
2024-25,22401116,2025-04-03,1610612757,POR,Portland Trail Blazers,POR @ TOR,W,112,0.488,0.294,0.9,54,20,25,9,9,1,team_game_log
2024-25,22401116,2025-04-03,1610612761,TOR,Toronto Raptors,TOR vs. POR,L,103,0.458,0.353,0.6,35,29,18,-9,-9,0,team_game_log
2024-25,22401117,2025-04-03,1610612744,GSW,Golden State Warriors,GSW @ LAL,W,123,0.476,0.452,0.839,46,30,13,7,7,1,team_game_log
2024-25,22401117,2025-04-03,1610612747,LAL,Los Angeles Lakers,LAL vs. GSW,L,116,0.453,0.383,0.87,39,23,10,-7,-7,0,team_game_log
2024-25,22401118,2025-04-04,1610612758,SAC,Sacramento Kings,SAC @ CHA,W,125,0.495,0.444,0.826,44,26,8,23,23,1,team_game_log
2024-25,22401118,2025-04-04,1610612766,CHA,Charlotte Hornets,CHA vs. SAC,L,102,0.398,0.229,0.824,45,17,13,-23,-23,0,team_game_log
2024-25,22401119,2025-04-04,1610612754,IND,Indiana Pacers,IND vs. UTA,W,140,0.573,0.375,0.684,51,38,7,28,28,1,team_game_log
2024-25,22401119,2025-04-04,1610612762,UTA,Utah Jazz,UTA @ IND,L,112,0.375,0.308,0.857,52,21,13,-28,-28,0,team_game_log
2024-25,22401120,2025-04-04,1610612738,BOS,Boston Celtics,BOS vs. PHX,W,123,0.517,0.359,0.864,49,28,7,20,20,1,team_game_log
2024-25,22401120,2025-04-04,1610612756,PHX,Phoenix Suns,PHX @ BOS,L,103,0.441,0.324,0.818,40,24,8,-20,-20,0,team_game_log
2024-25,22401121,2025-04-04,1610612761,TOR,Toronto Raptors,TOR vs. DET,L,105,0.418,0.351,0.8,49,24,16,-12,-12,0,team_game_log
2024-25,22401121,2025-04-04,1610612765,DET,Detroit Pistons,DET @ TOR,W,117,0.461,0.353,0.852,47,27,14,12,12,1,team_game_log
2024-25,22401122,2025-04-04,1610612741,CHI,Chicago Bulls,CHI vs. POR,W,118,0.471,0.37,0.839,61,25,18,5,5,1,team_game_log
2024-25,22401122,2025-04-04,1610612757,POR,Portland Trail Blazers,POR @ CHI,L,113,0.383,0.262,0.778,54,23,5,-5,-5,0,team_game_log
2024-25,22401123,2025-04-04,1610612745,HOU,Houston Rockets,HOU vs. OKC,W,125,0.489,0.448,0.846,48,24,15,14,14,1,team_game_log
2024-25,22401123,2025-04-04,1610612760,OKC,Oklahoma City Thunder,OKC @ HOU,L,111,0.483,0.371,0.8,33,24,15,-14,-14,0,team_game_log
2024-25,22401124,2025-04-04,1610612739,CLE,Cleveland Cavaliers,CLE @ SAS,W,114,0.471,0.431,0.714,44,31,17,1,1,1,team_game_log
2024-25,22401124,2025-04-04,1610612759,SAS,San Antonio Spurs,SAS vs. CLE,L,113,0.436,0.333,0.789,44,27,12,-1,-1,0,team_game_log
2024-25,22401125,2025-04-04,1610612743,DEN,Denver Nuggets,DEN @ GSW,L,104,0.541,0.387,0.923,38,28,26,-14,-14,0,team_game_log
2024-25,22401125,2025-04-04,1610612744,GSW,Golden State Warriors,GSW vs. DEN,W,118,0.489,0.421,0.889,36,25,14,14,14,1,team_game_log
2024-25,22401126,2025-04-04,1610612740,NOP,New Orleans Pelicans,NOP @ LAL,L,108,0.488,0.412,0.636,38,27,17,-16,-16,0,team_game_log
2024-25,22401126,2025-04-04,1610612747,LAL,Los Angeles Lakers,LAL vs. NOP,W,124,0.519,0.39,0.929,36,26,13,16,16,1,team_game_log
2024-25,22401127,2025-04-04,1610612742,DAL,Dallas Mavericks,DAL @ LAC,L,91,0.455,0.2,0.654,39,19,18,-23,-23,0,team_game_log
2024-25,22401127,2025-04-04,1610612746,LAC,LA Clippers,LAC vs. DAL,W,114,0.494,0.467,0.75,48,23,13,23,23,1,team_game_log
2024-25,22401128,2025-04-05,1610612737,ATL,Atlanta Hawks,ATL vs. NYK,L,105,0.466,0.311,0.75,38,24,15,-16,-16,0,team_game_log
2024-25,22401128,2025-04-05,1610612752,NYK,New York Knicks,NYK @ ATL,W,121,0.536,0.517,0.842,38,32,14,16,16,1,team_game_log
2024-25,22401129,2025-04-05,1610612763,MEM,Memphis Grizzlies,MEM @ DET,W,109,0.415,0.281,0.759,64,19,15,6,6,1,team_game_log
2024-25,22401129,2025-04-05,1610612765,DET,Detroit Pistons,DET vs. MEM,L,103,0.385,0.262,0.783,44,24,7,-6,-6,0,team_game_log
2024-25,22401130,2025-04-05,1610612750,MIN,Minnesota Timberwolves,MIN @ PHI,W,114,0.506,0.324,0.724,47,22,15,5,5,1,team_game_log
2024-25,22401130,2025-04-05,1610612755,PHI,Philadelphia 76ers,PHI vs. MIN,L,109,0.484,0.343,0.6,34,26,11,-5,-5,0,team_game_log
2024-25,22401131,2025-04-05,1610612748,MIA,Miami Heat,MIA vs. MIL,L,115,0.422,0.326,0.875,52,24,10,-6,-6,0,team_game_log
2024-25,22401131,2025-04-05,1610612749,MIL,Milwaukee Bucks,MIL @ MIA,W,121,0.517,0.333,0.793,47,29,9,6,6,1,team_game_log
2024-25,22401132,2025-04-05,1610612742,DAL,Dallas Mavericks,DAL @ LAC,L,104,0.436,0.259,0.763,41,18,16,-31,-31,0,team_game_log
2024-25,22401132,2025-04-05,1610612746,LAC,LA Clippers,LAC vs. DAL,W,135,0.563,0.393,0.8,45,31,7,31,31,1,team_game_log
2024-25,22400617,2025-04-06,1610612740,NOP,New Orleans Pelicans,NOP vs. MIL,L,107,0.453,0.364,0.643,48,31,12,-4,-4,0,team_game_log
2024-25,22400617,2025-04-06,1610612749,MIL,Milwaukee Bucks,MIL @ NOP,W,111,0.467,0.344,0.636,51,29,7,4,4,1,team_game_log
2024-25,22401133,2025-04-06,1610612741,CHI,Chicago Bulls,CHI @ CHA,W,131,0.535,0.444,0.793,41,26,13,14,14,1,team_game_log
2024-25,22401133,2025-04-06,1610612766,CHA,Charlotte Hornets,CHA vs. CHI,L,117,0.482,0.267,0.794,40,25,14,-14,-14,0,team_game_log
2024-25,22401134,2025-04-06,1610612751,BKN,Brooklyn Nets,BKN vs. TOR,L,109,0.476,0.286,0.778,46,25,24,-11,-11,0,team_game_log
2024-25,22401134,2025-04-06,1610612761,TOR,Toronto Raptors,TOR @ BKN,W,120,0.5,0.333,0.636,47,30,19,11,11,1,team_game_log
2024-25,22401135,2025-04-06,1610612747,LAL,Los Angeles Lakers,LAL @ OKC,W,126,0.548,0.55,0.706,43,25,17,27,27,1,team_game_log
2024-25,22401135,2025-04-06,1610612760,OKC,Oklahoma City Thunder,OKC vs. LAL,L,99,0.433,0.324,0.75,34,20,7,-27,-27,0,team_game_log
2024-25,22401136,2025-04-06,1610612737,ATL,Atlanta Hawks,ATL vs. UTA,W,147,0.568,0.537,0.85,42,43,12,13,13,1,team_game_log
2024-25,22401136,2025-04-06,1610612762,UTA,Utah Jazz,UTA @ ATL,L,134,0.517,0.426,0.857,32,29,10,-13,-13,0,team_game_log
2024-25,22401137,2025-04-06,1610612738,BOS,Boston Celtics,BOS vs. WAS,W,124,0.49,0.462,0.667,62,33,14,34,34,1,team_game_log
2024-25,22401137,2025-04-06,1610612764,WAS,Washington Wizards,WAS @ BOS,L,90,0.407,0.267,0.8,32,21,10,-34,-34,0,team_game_log
2024-25,22401138,2025-04-06,1610612739,CLE,Cleveland Cavaliers,CLE vs. SAC,L,113,0.523,0.263,0.579,39,31,16,-7,-7,0,team_game_log
2024-25,22401138,2025-04-06,1610612758,SAC,Sacramento Kings,SAC @ CLE,W,120,0.537,0.424,0.818,39,25,17,7,7,1,team_game_log
2024-25,22401139,2025-04-06,1610612757,POR,Portland Trail Blazers,POR vs. SAS,W,120,0.472,0.366,0.778,44,25,15,11,11,1,team_game_log
2024-25,22401139,2025-04-06,1610612759,SAS,San Antonio Spurs,SAS @ POR,L,109,0.432,0.324,0.762,45,26,18,-11,-11,0,team_game_log
2024-25,22401140,2025-04-06,1610612752,NYK,New York Knicks,NYK vs. PHX,W,112,0.541,0.429,0.833,41,28,15,14,14,1,team_game_log
2024-25,22401140,2025-04-06,1610612756,PHX,Phoenix Suns,PHX @ NYK,L,98,0.424,0.118,0.842,35,20,12,-14,-14,0,team_game_log
2024-25,22401142,2025-04-06,1610612743,DEN,Denver Nuggets,DEN vs. IND,L,120,0.538,0.258,0.667,47,33,13,-5,-5,0,team_game_log
2024-25,22401142,2025-04-06,1610612754,IND,Indiana Pacers,IND @ DEN,W,125,0.479,0.341,0.857,41,34,6,5,5,1,team_game_log
2024-25,22401143,2025-04-06,1610612744,GSW,Golden State Warriors,GSW vs. HOU,L,96,0.416,0.372,0.545,46,28,20,-10,-10,0,team_game_log
2024-25,22401143,2025-04-06,1610612745,HOU,Houston Rockets,HOU @ GSW,W,106,0.484,0.333,0.375,49,26,16,10,10,1,team_game_log
2024-25,22401144,2025-04-07,1610612758,SAC,Sacramento Kings,SAC @ DET,W,127,0.516,0.407,0.815,50,20,12,10,10,1,team_game_log
2024-25,22401144,2025-04-07,1610612765,DET,Detroit Pistons,DET vs. SAC,L,117,0.472,0.333,0.714,37,30,9,-10,-10,0,team_game_log
2024-25,22401145,2025-04-07,1610612748,MIA,Miami Heat,MIA vs. PHI,W,117,0.506,0.444,0.733,47,26,13,12,12,1,team_game_log
2024-25,22401145,2025-04-07,1610612755,PHI,Philadelphia 76ers,PHI @ MIA,L,105,0.432,0.316,0.68,45,20,13,-12,-12,0,team_game_log
2024-25,22401146,2025-04-08,1610612763,MEM,Memphis Grizzlies,MEM @ CHA,W,124,0.452,0.327,0.846,52,23,14,24,24,1,team_game_log
2024-25,22401146,2025-04-08,1610612766,CHA,Charlotte Hornets,CHA vs. MEM,L,100,0.457,0.289,0.652,38,22,15,-24,-24,0,team_game_log
2024-25,22401147,2025-04-08,1610612739,CLE,Cleveland Cavaliers,CLE vs. CHI,W,135,0.51,0.5,0.615,45,35,13,22,22,1,team_game_log
2024-25,22401147,2025-04-08,1610612741,CHI,Chicago Bulls,CHI @ CLE,L,113,0.477,0.349,0.842,45,26,20,-22,-22,0,team_game_log
2024-25,22401148,2025-04-08,1610612754,IND,Indiana Pacers,IND vs. WAS,W,104,0.379,0.257,0.784,49,21,9,6,6,1,team_game_log
2024-25,22401148,2025-04-08,1610612764,WAS,Washington Wizards,WAS @ IND,L,98,0.418,0.282,0.733,50,18,14,-6,-6,0,team_game_log
2024-25,22401149,2025-04-08,1610612737,ATL,Atlanta Hawks,ATL @ ORL,L,112,0.455,0.341,0.818,41,25,18,-7,-7,0,team_game_log
2024-25,22401149,2025-04-08,1610612753,ORL,Orlando Magic,ORL vs. ATL,W,119,0.5,0.412,0.677,43,23,14,7,7,1,team_game_log
2024-25,22401150,2025-04-08,1610612740,NOP,New Orleans Pelicans,NOP @ BKN,L,114,0.476,0.364,0.774,42,26,17,-5,-5,0,team_game_log
2024-25,22401150,2025-04-08,1610612751,BKN,Brooklyn Nets,BKN vs. NOP,W,119,0.494,0.425,0.833,40,30,16,5,5,1,team_game_log
2024-25,22401151,2025-04-08,1610612738,BOS,Boston Celtics,BOS @ NYK,W,119,0.46,0.388,0.8,38,26,15,2,2,1,team_game_log
2024-25,22401151,2025-04-08,1610612752,NYK,New York Knicks,NYK vs. BOS,L,117,0.475,0.289,0.625,52,28,11,-2,-2,0,team_game_log
2024-25,22401152,2025-04-08,1610612749,MIL,Milwaukee Bucks,MIL vs. MIN,W,110,0.476,0.333,0.72,43,27,12,7,7,1,team_game_log
2024-25,22401152,2025-04-08,1610612750,MIN,Minnesota Timberwolves,MIN @ MIL,L,103,0.461,0.325,0.889,42,25,14,-7,-7,0,team_game_log
2024-25,22401153,2025-04-08,1610612747,LAL,Los Angeles Lakers,LAL @ OKC,L,120,0.463,0.45,0.757,45,21,19,-16,-16,0,team_game_log
2024-25,22401153,2025-04-08,1610612760,OKC,Oklahoma City Thunder,OKC vs. LAL,W,136,0.5,0.486,0.7,44,26,7,16,16,1,team_game_log
2024-25,22401154,2025-04-08,1610612744,GSW,Golden State Warriors,GSW @ PHX,W,133,0.484,0.375,0.824,57,31,15,38,38,1,team_game_log
2024-25,22401154,2025-04-08,1610612756,PHX,Phoenix Suns,PHX vs. GSW,L,95,0.398,0.279,0.867,41,22,19,-38,-38,0,team_game_log
2024-25,22401155,2025-04-08,1610612746,LAC,LA Clippers,LAC vs. SAS,W,122,0.516,0.467,0.75,50,30,17,5,5,1,team_game_log
2024-25,22401155,2025-04-08,1610612759,SAS,San Antonio Spurs,SAS @ LAC,L,117,0.529,0.405,0.625,34,29,17,-5,-5,0,team_game_log
2024-25,22401156,2025-04-09,1610612738,BOS,Boston Celtics,BOS @ ORL,L,76,0.39,0.175,0.833,43,20,16,-20,-20,0,team_game_log
2024-25,22401156,2025-04-09,1610612753,ORL,Orlando Magic,ORL vs. BOS,W,96,0.407,0.356,0.75,49,23,10,20,20,1,team_game_log
2024-25,22401157,2025-04-09,1610612755,PHI,Philadelphia 76ers,PHI @ WAS,W,122,0.429,0.32,0.737,55,20,17,19,19,1,team_game_log
2024-25,22401157,2025-04-09,1610612764,WAS,Washington Wizards,WAS vs. PHI,L,103,0.391,0.303,0.833,47,22,17,-19,-19,0,team_game_log
2024-25,22401158,2025-04-09,1610612761,TOR,Toronto Raptors,TOR vs. CHA,W,126,0.471,0.365,0.75,55,37,9,30,30,1,team_game_log
2024-25,22401158,2025-04-09,1610612766,CHA,Charlotte Hornets,CHA @ TOR,L,96,0.439,0.314,0.813,41,23,19,-30,-30,0,team_game_log
2024-25,22401159,2025-04-09,1610612742,DAL,Dallas Mavericks,DAL vs. LAL,L,97,0.5,0.346,0.696,38,30,20,-15,-15,0,team_game_log
2024-25,22401159,2025-04-09,1610612747,LAL,Los Angeles Lakers,LAL @ DAL,W,112,0.467,0.333,0.762,39,22,12,15,15,1,team_game_log
2024-25,22401160,2025-04-09,1610612741,CHI,Chicago Bulls,CHI vs. MIA,W,119,0.517,0.378,1.0,46,33,16,8,8,1,team_game_log
2024-25,22401160,2025-04-09,1610612748,MIA,Miami Heat,MIA @ CHI,L,111,0.478,0.364,0.647,39,28,13,-8,-8,0,team_game_log
2024-25,22401162,2025-04-09,1610612757,POR,Portland Trail Blazers,POR @ UTA,L,126,0.462,0.244,0.679,43,27,17,-7,-7,0,team_game_log
2024-25,22401162,2025-04-09,1610612762,UTA,Utah Jazz,UTA vs. POR,W,133,0.51,0.417,0.818,56,27,24,7,7,1,team_game_log
2024-25,22401163,2025-04-09,1610612744,GSW,Golden State Warriors,GSW vs. SAS,L,111,0.419,0.333,0.821,45,29,12,-3,-3,0,team_game_log
2024-25,22401163,2025-04-09,1610612759,SAS,San Antonio Spurs,SAS @ GSW,W,114,0.481,0.391,0.857,43,23,15,3,3,1,team_game_log
2024-25,22401164,2025-04-09,1610612756,PHX,Phoenix Suns,PHX vs. OKC,L,112,0.483,0.357,0.684,38,31,15,-13,-13,0,team_game_log
2024-25,22401164,2025-04-09,1610612760,OKC,Oklahoma City Thunder,OKC @ PHX,W,125,0.523,0.4,0.852,44,24,12,13,13,1,team_game_log
2024-25,22401165,2025-04-09,1610612743,DEN,Denver Nuggets,DEN @ SAC,W,124,0.5,0.382,0.806,45,30,7,8,8,1,team_game_log
2024-25,22401165,2025-04-09,1610612758,SAC,Sacramento Kings,SAC vs. DEN,L,116,0.467,0.444,0.824,40,25,8,-8,-8,0,team_game_log
2024-25,22401166,2025-04-09,1610612745,HOU,Houston Rockets,HOU @ LAC,L,117,0.511,0.5,0.7,36,24,14,-17,-17,0,team_game_log
2024-25,22401166,2025-04-09,1610612746,LAC,LA Clippers,LAC vs. HOU,W,134,0.533,0.514,1.0,43,33,12,17,17,1,team_game_log
2024-25,22401161,2025-04-10,1610612740,NOP,New Orleans Pelicans,NOP @ MIL,L,111,0.427,0.319,0.737,53,28,16,-25,-25,0,team_game_log
2024-25,22401161,2025-04-10,1610612749,MIL,Milwaukee Bucks,MIL vs. NOP,W,136,0.544,0.4,0.667,43,27,12,25,25,1,team_game_log
2024-25,22401167,2025-04-10,1610612752,NYK,New York Knicks,NYK @ DET,L,106,0.467,0.324,0.786,34,32,17,-9,-9,0,team_game_log
2024-25,22401167,2025-04-10,1610612765,DET,Detroit Pistons,DET vs. NYK,W,115,0.573,0.364,0.722,35,20,15,9,9,1,team_game_log
2024-25,22401168,2025-04-10,1610612739,CLE,Cleveland Cavaliers,CLE @ IND,L,112,0.439,0.459,0.692,50,24,11,-2,-2,0,team_game_log
2024-25,22401168,2025-04-10,1610612754,IND,Indiana Pacers,IND vs. CLE,W,114,0.462,0.341,0.7,46,28,10,2,2,1,team_game_log
2024-25,22401169,2025-04-10,1610612737,ATL,Atlanta Hawks,ATL @ BKN,W,133,0.571,0.417,0.667,51,36,15,24,24,1,team_game_log
2024-25,22401169,2025-04-10,1610612751,BKN,Brooklyn Nets,BKN vs. ATL,L,109,0.4,0.423,0.682,41,31,19,-24,-24,0,team_game_log
2024-25,22401170,2025-04-10,1610612750,MIN,Minnesota Timberwolves,MIN @ MEM,W,141,0.552,0.455,0.893,41,29,16,16,16,1,team_game_log
2024-25,22401170,2025-04-10,1610612763,MEM,Memphis Grizzlies,MEM vs. MIN,L,125,0.517,0.5,0.714,33,26,15,-16,-16,0,team_game_log
2024-25,22401171,2025-04-11,1610612749,MIL,Milwaukee Bucks,MIL @ DET,W,125,0.457,0.436,0.815,44,30,7,6,6,1,team_game_log
2024-25,22401171,2025-04-11,1610612765,DET,Detroit Pistons,DET vs. MIL,L,119,0.495,0.462,0.5,42,30,11,-6,-6,0,team_game_log
2024-25,22401172,2025-04-11,1610612753,ORL,Orlando Magic,ORL @ IND,W,129,0.576,0.406,0.857,35,32,20,14,14,1,team_game_log
2024-25,22401172,2025-04-11,1610612754,IND,Indiana Pacers,IND vs. ORL,L,115,0.449,0.414,0.657,44,24,20,-14,-14,0,team_game_log
2024-25,22401173,2025-04-11,1610612737,ATL,Atlanta Hawks,ATL @ PHI,W,124,0.479,0.381,0.75,53,28,15,14,14,1,team_game_log
2024-25,22401173,2025-04-11,1610612755,PHI,Philadelphia 76ers,PHI vs. ATL,L,110,0.443,0.343,0.8,45,29,15,-14,-14,0,team_game_log
2024-25,22401174,2025-04-11,1610612738,BOS,Boston Celtics,BOS vs. CHA,W,130,0.516,0.451,0.75,52,35,10,36,36,1,team_game_log
2024-25,22401174,2025-04-11,1610612766,CHA,Charlotte Hornets,CHA @ BOS,L,94,0.387,0.375,0.7,48,25,17,-36,-36,0,team_game_log
2024-25,22401175,2025-04-11,1610612739,CLE,Cleveland Cavaliers,CLE @ NYK,W,108,0.494,0.355,0.7,49,23,15,6,6,1,team_game_log
2024-25,22401175,2025-04-11,1610612752,NYK,New York Knicks,NYK vs. CLE,L,102,0.409,0.39,0.7,35,22,11,-6,-6,0,team_game_log
2024-25,22401176,2025-04-11,1610612741,CHI,Chicago Bulls,CHI vs. WAS,W,119,0.462,0.317,0.909,54,32,13,30,30,1,team_game_log
2024-25,22401176,2025-04-11,1610612764,WAS,Washington Wizards,WAS @ CHI,L,89,0.385,0.244,0.75,41,26,18,-30,-30,0,team_game_log
2024-25,22401177,2025-04-11,1610612740,NOP,New Orleans Pelicans,NOP vs. MIA,L,104,0.4,0.378,0.7,42,27,15,-49,-49,0,team_game_log
2024-25,22401177,2025-04-11,1610612748,MIA,Miami Heat,MIA @ NOP,W,153,0.558,0.444,0.773,60,36,9,49,49,1,team_game_log
2024-25,22401178,2025-04-11,1610612742,DAL,Dallas Mavericks,DAL vs. TOR,W,124,0.551,0.441,0.647,56,34,20,22,22,1,team_game_log
2024-25,22401178,2025-04-11,1610612761,TOR,Toronto Raptors,TOR @ DAL,L,102,0.4,0.282,0.611,43,22,11,-22,-22,0,team_game_log
2024-25,22401179,2025-04-11,1610612750,MIN,Minnesota Timberwolves,MIN vs. BKN,W,117,0.545,0.355,0.759,48,27,12,26,26,1,team_game_log
2024-25,22401179,2025-04-11,1610612751,BKN,Brooklyn Nets,BKN @ MIN,L,91,0.367,0.293,0.765,41,24,10,-26,-26,0,team_game_log
2024-25,22401180,2025-04-11,1610612743,DEN,Denver Nuggets,DEN vs. MEM,W,117,0.484,0.208,0.774,52,32,13,8,8,1,team_game_log
2024-25,22401180,2025-04-11,1610612763,MEM,Memphis Grizzlies,MEM @ DEN,L,109,0.451,0.326,0.684,41,26,13,-8,-8,0,team_game_log
2024-25,22401181,2025-04-11,1610612760,OKC,Oklahoma City Thunder,OKC @ UTA,W,145,0.56,0.453,0.692,47,41,10,34,34,1,team_game_log
2024-25,22401181,2025-04-11,1610612762,UTA,Utah Jazz,UTA vs. OKC,L,111,0.379,0.27,0.8,57,23,16,-34,-34,0,team_game_log
2024-25,22401182,2025-04-11,1610612756,PHX,Phoenix Suns,PHX vs. SAS,W,117,0.463,0.404,0.909,52,27,11,19,19,1,team_game_log
2024-25,22401182,2025-04-11,1610612759,SAS,San Antonio Spurs,SAS @ PHX,L,98,0.433,0.382,0.7,40,28,15,-19,-19,0,team_game_log
2024-25,22401183,2025-04-11,1610612744,GSW,Golden State Warriors,GSW @ POR,W,103,0.398,0.318,0.821,45,26,15,17,17,1,team_game_log
2024-25,22401183,2025-04-11,1610612757,POR,Portland Trail Blazers,POR vs. GSW,L,86,0.376,0.2,0.727,52,21,22,-17,-17,0,team_game_log
2024-25,22401184,2025-04-11,1610612746,LAC,LA Clippers,LAC @ SAC,W,101,0.513,0.333,0.778,37,19,12,1,1,1,team_game_log
2024-25,22401184,2025-04-11,1610612758,SAC,Sacramento Kings,SAC vs. LAC,L,100,0.435,0.323,0.941,43,23,11,-1,-1,0,team_game_log
2024-25,22401185,2025-04-11,1610612745,HOU,Houston Rockets,HOU @ LAL,L,109,0.456,0.353,0.75,37,22,19,-31,-31,0,team_game_log
2024-25,22401185,2025-04-11,1610612747,LAL,Los Angeles Lakers,LAL vs. HOU,W,140,0.609,0.514,0.6,42,28,13,31,31,1,team_game_log
2024-25,22401186,2025-04-13,1610612737,ATL,Atlanta Hawks,ATL vs. ORL,W,117,0.534,0.425,0.6,44,32,16,12,12,1,team_game_log
2024-25,22401186,2025-04-13,1610612753,ORL,Orlando Magic,ORL @ ATL,L,105,0.455,0.429,0.667,43,25,15,-12,-12,0,team_game_log
2024-25,22401187,2025-04-13,1610612738,BOS,Boston Celtics,BOS vs. CHA,W,93,0.389,0.311,0.692,49,22,13,7,7,1,team_game_log
2024-25,22401187,2025-04-13,1610612766,CHA,Charlotte Hornets,CHA @ BOS,L,86,0.376,0.282,0.611,51,23,17,-7,-7,0,team_game_log
2024-25,22401188,2025-04-13,1610612751,BKN,Brooklyn Nets,BKN vs. NYK,L,105,0.514,0.343,0.68,42,21,19,-8,-8,0,team_game_log
2024-25,22401188,2025-04-13,1610612752,NYK,New York Knicks,NYK @ BKN,W,113,0.43,0.381,0.885,40,27,12,8,8,1,team_game_log
2024-25,22401189,2025-04-13,1610612739,CLE,Cleveland Cavaliers,CLE vs. IND,L,118,0.383,0.3,0.545,65,21,22,-8,-8,0,team_game_log
2024-25,22401189,2025-04-13,1610612754,IND,Indiana Pacers,IND @ CLE,W,126,0.403,0.238,0.909,61,27,13,8,8,1,team_game_log
2024-25,22401190,2025-04-13,1610612748,MIA,Miami Heat,MIA vs. WAS,L,118,0.5,0.313,0.833,46,28,8,-1,-1,0,team_game_log
2024-25,22401190,2025-04-13,1610612764,WAS,Washington Wizards,WAS @ MIA,W,119,0.511,0.432,0.647,43,33,11,1,1,1,team_game_log
2024-25,22401191,2025-04-13,1610612741,CHI,Chicago Bulls,CHI @ PHI,W,122,0.456,0.325,0.75,59,29,13,20,20,1,team_game_log
2024-25,22401191,2025-04-13,1610612755,PHI,Philadelphia 76ers,PHI vs. CHI,L,102,0.383,0.273,0.857,48,20,15,-20,-20,0,team_game_log
2024-25,22401192,2025-04-13,1610612749,MIL,Milwaukee Bucks,MIL vs. DET,W,140,0.581,0.523,0.773,38,30,21,7,7,1,team_game_log
2024-25,22401192,2025-04-13,1610612765,DET,Detroit Pistons,DET @ MIL,L,133,0.477,0.373,0.643,42,35,13,-7,-7,0,team_game_log
2024-25,22401193,2025-04-13,1610612743,DEN,Denver Nuggets,DEN @ HOU,W,126,0.511,0.345,0.839,47,28,9,15,15,1,team_game_log
2024-25,22401193,2025-04-13,1610612745,HOU,Houston Rockets,HOU vs. DEN,L,111,0.45,0.353,0.643,45,32,10,-15,-15,0,team_game_log
2024-25,22401194,2025-04-13,1610612742,DAL,Dallas Mavericks,DAL @ MEM,L,97,0.437,0.179,0.727,38,20,18,-35,-35,0,team_game_log
2024-25,22401194,2025-04-13,1610612763,MEM,Memphis Grizzlies,MEM vs. DAL,W,132,0.5,0.375,0.867,53,31,12,35,35,1,team_game_log
2024-25,22401195,2025-04-13,1610612750,MIN,Minnesota Timberwolves,MIN vs. UTA,W,116,0.469,0.302,0.688,54,23,13,11,11,1,team_game_log
2024-25,22401195,2025-04-13,1610612762,UTA,Utah Jazz,UTA @ MIN,L,105,0.449,0.381,0.818,40,24,14,-11,-11,0,team_game_log
2024-25,22401196,2025-04-13,1610612740,NOP,New Orleans Pelicans,NOP vs. OKC,L,100,0.385,0.184,0.767,47,22,13,-15,-15,0,team_game_log
2024-25,22401196,2025-04-13,1610612760,OKC,Oklahoma City Thunder,OKC @ NOP,W,115,0.418,0.191,0.889,54,16,10,15,15,1,team_game_log
2024-25,22401197,2025-04-13,1610612759,SAS,San Antonio Spurs,SAS vs. TOR,W,125,0.512,0.344,0.875,50,22,12,7,7,1,team_game_log
2024-25,22401197,2025-04-13,1610612761,TOR,Toronto Raptors,TOR @ SAS,L,118,0.474,0.359,0.75,42,32,13,-7,-7,0,team_game_log
2024-25,22401198,2025-04-13,1610612744,GSW,Golden State Warriors,GSW vs. LAC,L,119,0.544,0.455,0.783,25,31,16,-5,-5,0,team_game_log
2024-25,22401198,2025-04-13,1610612746,LAC,LA Clippers,LAC @ GSW,W,124,0.558,0.467,0.778,42,28,16,5,5,1,team_game_log
2024-25,22401199,2025-04-13,1610612747,LAL,Los Angeles Lakers,LAL @ POR,L,81,0.388,0.321,0.714,42,21,21,-28,-28,0,team_game_log
2024-25,22401199,2025-04-13,1610612757,POR,Portland Trail Blazers,POR vs. LAL,W,109,0.438,0.357,0.476,56,27,16,28,28,1,team_game_log
2024-25,22401200,2025-04-13,1610612756,PHX,Phoenix Suns,PHX @ SAC,L,98,0.476,0.341,0.5,37,28,13,-11,-11,0,team_game_log
2024-25,22401200,2025-04-13,1610612758,SAC,Sacramento Kings,SAC vs. PHX,W,109,0.523,0.412,1.0,43,31,13,11,11,1,team_game_log
2025-26,22500001,2025-10-21,1610612745,HOU,Houston Rockets,HOU @ OKC,L,124,0.443,0.282,0.871,52,23,25,-1,-1,0,team_game_log
2025-26,22500001,2025-10-21,1610612760,OKC,Oklahoma City Thunder,OKC vs. HOU,W,125,0.442,0.25,0.8,38,29,12,1,1,1,team_game_log
2025-26,22500002,2025-10-21,1610612744,GSW,Golden State Warriors,GSW @ LAL,W,119,0.487,0.425,0.897,40,29,19,10,10,1,team_game_log
2025-26,22500002,2025-10-21,1610612747,LAL,Los Angeles Lakers,LAL vs. GSW,L,109,0.545,0.25,0.607,39,23,20,-10,-10,0,team_game_log
2025-26,22500003,2025-10-22,1610612739,CLE,Cleveland Cavaliers,CLE @ NYK,L,111,0.465,0.413,0.667,32,21,15,-8,-8,0,team_game_log
2025-26,22500003,2025-10-22,1610612752,NYK,New York Knicks,NYK vs. CLE,W,119,0.43,0.35,0.861,48,22,14,8,8,1,team_game_log
2025-26,22500004,2025-10-22,1610612742,DAL,Dallas Mavericks,DAL vs. SAS,L,92,0.373,0.429,0.808,37,20,16,-33,-33,0,team_game_log
2025-26,22500004,2025-10-22,1610612759,SAS,San Antonio Spurs,SAS @ DAL,W,125,0.575,0.4,0.607,50,24,15,33,33,1,team_game_log
2025-26,22500080,2025-10-22,1610612751,BKN,Brooklyn Nets,BKN @ CHA,L,117,0.443,0.35,0.735,38,25,17,-19,-19,0,team_game_log
2025-26,22500080,2025-10-22,1610612766,CHA,Charlotte Hornets,CHA vs. BKN,W,136,0.533,0.472,0.697,50,33,17,19,19,1,team_game_log
2025-26,22500081,2025-10-22,1610612748,MIA,Miami Heat,MIA @ ORL,L,121,0.484,0.343,0.778,47,26,19,-4,-4,0,team_game_log
2025-26,22500081,2025-10-22,1610612753,ORL,Orlando Magic,ORL vs. MIA,W,125,0.467,0.4,0.829,46,23,15,4,4,1,team_game_log
2025-26,22500082,2025-10-22,1610612737,ATL,Atlanta Hawks,ATL vs. TOR,L,118,0.422,0.286,0.865,34,25,16,-20,-20,0,team_game_log
2025-26,22500082,2025-10-22,1610612761,TOR,Toronto Raptors,TOR @ ATL,W,138,0.568,0.24,0.828,54,36,19,20,20,1,team_game_log
2025-26,22500083,2025-10-22,1610612738,BOS,Boston Celtics,BOS vs. PHI,L,116,0.451,0.256,0.885,42,16,11,-1,-1,0,team_game_log
2025-26,22500083,2025-10-22,1610612755,PHI,Philadelphia 76ers,PHI @ BOS,W,117,0.459,0.39,0.767,40,23,14,1,1,1,team_game_log
2025-26,22500084,2025-10-22,1610612741,CHI,Chicago Bulls,CHI vs. DET,W,115,0.448,0.367,0.813,50,29,18,4,4,1,team_game_log
2025-26,22500084,2025-10-22,1610612765,DET,Detroit Pistons,DET @ CHI,L,111,0.443,0.292,0.692,46,29,10,-4,-4,0,team_game_log
2025-26,22500085,2025-10-22,1610612740,NOP,New Orleans Pelicans,NOP @ MEM,L,122,0.459,0.37,0.71,47,20,15,-6,-6,0,team_game_log
2025-26,22500085,2025-10-22,1610612763,MEM,Memphis Grizzlies,MEM vs. NOP,W,128,0.513,0.297,0.814,39,20,17,6,6,1,team_game_log
2025-26,22500086,2025-10-22,1610612749,MIL,Milwaukee Bucks,MIL vs. WAS,W,133,0.51,0.409,0.789,46,31,8,13,13,1,team_game_log
2025-26,22500086,2025-10-22,1610612764,WAS,Washington Wizards,WAS @ MIL,L,120,0.469,0.405,0.579,56,23,13,-13,-13,0,team_game_log
2025-26,22500087,2025-10-22,1610612746,LAC,LA Clippers,LAC @ UTA,L,108,0.443,0.311,0.762,38,28,15,-21,-21,0,team_game_log
2025-26,22500087,2025-10-22,1610612762,UTA,Utah Jazz,UTA vs. LAC,W,129,0.552,0.386,0.8,46,38,13,21,21,1,team_game_log
2025-26,22500088,2025-10-22,1610612756,PHX,Phoenix Suns,PHX vs. SAC,W,120,0.474,0.294,0.714,51,23,16,4,4,1,team_game_log
2025-26,22500088,2025-10-22,1610612758,SAC,Sacramento Kings,SAC @ PHX,L,116,0.5,0.375,0.565,37,24,13,-4,-4,0,team_game_log
2025-26,22500089,2025-10-22,1610612750,MIN,Minnesota Timberwolves,MIN @ POR,W,118,0.488,0.5,0.792,45,21,19,4,4,1,team_game_log
2025-26,22500089,2025-10-22,1610612757,POR,Portland Trail Blazers,POR vs. MIN,L,114,0.4,0.31,0.829,39,25,16,-4,-4,0,team_game_log
2025-26,22500005,2025-10-23,1610612754,IND,Indiana Pacers,IND vs. OKC,L,135,0.438,0.302,0.75,55,21,14,-6,-6,0,team_game_log
2025-26,22500005,2025-10-23,1610612760,OKC,Oklahoma City Thunder,OKC @ IND,W,141,0.453,0.286,0.882,60,17,14,6,6,1,team_game_log
2025-26,22500006,2025-10-23,1610612743,DEN,Denver Nuggets,DEN @ GSW,L,131,0.537,0.4,0.929,43,32,13,-6,-6,0,team_game_log
2025-26,22500006,2025-10-23,1610612744,GSW,Golden State Warriors,GSW vs. DEN,W,137,0.505,0.383,0.76,43,33,9,6,6,1,team_game_log
2025-26,22500018,2025-10-24,1610612738,BOS,Boston Celtics,BOS @ NYK,L,95,0.427,0.341,0.667,37,19,16,-10,-10,0,team_game_log
2025-26,22500018,2025-10-24,1610612752,NYK,New York Knicks,NYK vs. BOS,W,105,0.384,0.378,0.88,53,23,20,10,10,1,team_game_log
2025-26,22500019,2025-10-24,1610612747,LAL,Los Angeles Lakers,LAL vs. MIN,W,128,0.592,0.414,0.813,38,26,12,18,18,1,team_game_log
2025-26,22500019,2025-10-24,1610612750,MIN,Minnesota Timberwolves,MIN @ LAL,L,110,0.466,0.342,0.714,40,24,12,-18,-18,0,team_game_log
2025-26,22500090,2025-10-24,1610612737,ATL,Atlanta Hawks,ATL @ ORL,W,111,0.482,0.276,0.75,40,26,16,4,4,1,team_game_log
2025-26,22500090,2025-10-24,1610612753,ORL,Orlando Magic,ORL vs. ATL,L,107,0.474,0.29,0.649,45,21,22,-4,-4,0,team_game_log
2025-26,22500091,2025-10-24,1610612739,CLE,Cleveland Cavaliers,CLE @ BKN,W,131,0.537,0.429,0.714,36,32,17,7,7,1,team_game_log
2025-26,22500091,2025-10-24,1610612751,BKN,Brooklyn Nets,BKN vs. CLE,L,124,0.51,0.422,1.0,38,30,20,-7,-7,0,team_game_log
2025-26,22500092,2025-10-24,1610612749,MIL,Milwaukee Bucks,MIL @ TOR,W,122,0.522,0.35,0.56,51,25,19,6,6,1,team_game_log
2025-26,22500092,2025-10-24,1610612761,TOR,Toronto Raptors,TOR vs. MIL,L,116,0.494,0.407,0.656,41,25,16,-6,-6,0,team_game_log
2025-26,22500093,2025-10-24,1610612745,HOU,Houston Rockets,HOU vs. DET,L,111,0.386,0.455,0.771,45,15,14,-4,-4,0,team_game_log
2025-26,22500093,2025-10-24,1610612765,DET,Detroit Pistons,DET @ HOU,W,115,0.467,0.41,0.652,48,26,18,4,4,1,team_game_log
2025-26,22500094,2025-10-24,1610612748,MIA,Miami Heat,MIA @ MEM,W,146,0.539,0.475,0.773,57,34,20,32,32,1,team_game_log
2025-26,22500094,2025-10-24,1610612763,MEM,Memphis Grizzlies,MEM vs. MIA,L,114,0.4,0.289,0.893,41,29,20,-32,-32,0,team_game_log
2025-26,22500095,2025-10-24,1610612740,NOP,New Orleans Pelicans,NOP vs. SAS,L,116,0.433,0.313,0.759,45,24,15,-4,-4,0,team_game_log
2025-26,22500095,2025-10-24,1610612759,SAS,San Antonio Spurs,SAS @ NOP,W,120,0.459,0.302,0.654,59,25,19,4,4,1,team_game_log
2025-26,22500096,2025-10-24,1610612742,DAL,Dallas Mavericks,DAL vs. WAS,L,107,0.432,0.294,0.778,48,23,21,-10,-10,0,team_game_log
2025-26,22500096,2025-10-24,1610612764,WAS,Washington Wizards,WAS @ DAL,W,117,0.456,0.417,0.69,48,27,17,10,10,1,team_game_log
2025-26,22500097,2025-10-24,1610612744,GSW,Golden State Warriors,GSW @ POR,L,119,0.438,0.421,0.846,41,24,25,-20,-20,0,team_game_log
2025-26,22500097,2025-10-24,1610612757,POR,Portland Trail Blazers,POR vs. GSW,W,139,0.538,0.471,0.92,38,30,19,20,20,1,team_game_log
2025-26,22500098,2025-10-24,1610612758,SAC,Sacramento Kings,SAC vs. UTA,W,105,0.482,0.438,0.733,33,23,13,1,1,1,team_game_log
2025-26,22500098,2025-10-24,1610612762,UTA,Utah Jazz,UTA @ SAC,L,104,0.442,0.317,0.882,50,25,20,-1,-1,0,team_game_log
2025-26,22500099,2025-10-24,1610612746,LAC,LA Clippers,LAC vs. PHX,W,129,0.592,0.552,0.885,45,32,19,27,27,1,team_game_log
2025-26,22500099,2025-10-24,1610612756,PHX,Phoenix Suns,PHX @ LAC,L,102,0.411,0.34,0.8,37,23,18,-27,-27,0,team_game_log
2025-26,22500100,2025-10-25,1610612741,CHI,Chicago Bulls,CHI @ ORL,W,110,0.47,0.37,0.759,46,26,20,12,12,1,team_game_log
2025-26,22500100,2025-10-25,1610612753,ORL,Orlando Magic,ORL vs. CHI,L,98,0.391,0.125,0.818,53,12,20,-12,-12,0,team_game_log
2025-26,22500101,2025-10-25,1610612737,ATL,Atlanta Hawks,ATL vs. OKC,L,100,0.412,0.41,0.667,46,25,17,-17,-17,0,team_game_log
2025-26,22500101,2025-10-25,1610612760,OKC,Oklahoma City Thunder,OKC @ ATL,W,117,0.462,0.378,0.895,50,21,13,17,17,1,team_game_log
2025-26,22500102,2025-10-25,1610612755,PHI,Philadelphia 76ers,PHI vs. CHA,W,125,0.471,0.462,0.781,40,29,15,4,4,1,team_game_log
2025-26,22500102,2025-10-25,1610612766,CHA,Charlotte Hornets,CHA @ PHI,L,121,0.483,0.381,0.679,45,30,17,-4,-4,0,team_game_log
2025-26,22500103,2025-10-25,1610612754,IND,Indiana Pacers,IND @ MEM,L,103,0.404,0.35,0.739,44,25,13,-25,-25,0,team_game_log
2025-26,22500103,2025-10-25,1610612763,MEM,Memphis Grizzlies,MEM vs. IND,W,128,0.454,0.385,0.781,49,31,6,25,25,1,team_game_log
2025-26,22500104,2025-10-25,1610612743,DEN,Denver Nuggets,DEN vs. PHX,W,133,0.512,0.29,0.905,43,31,16,22,22,1,team_game_log
2025-26,22500104,2025-10-25,1610612756,PHX,Phoenix Suns,PHX @ DEN,L,111,0.432,0.34,0.818,38,24,20,-22,-22,0,team_game_log
2025-26,22500105,2025-10-26,1610612751,BKN,Brooklyn Nets,BKN @ SAS,L,107,0.391,0.32,0.958,34,22,12,-11,-11,0,team_game_log
2025-26,22500105,2025-10-26,1610612759,SAS,San Antonio Spurs,SAS vs. BKN,W,118,0.5,0.444,0.778,45,20,15,11,11,1,team_game_log
2025-26,22500106,2025-10-26,1610612738,BOS,Boston Celtics,BOS @ DET,L,113,0.426,0.333,0.75,38,17,12,-6,-6,0,team_game_log
2025-26,22500106,2025-10-26,1610612765,DET,Detroit Pistons,DET vs. BOS,W,119,0.419,0.265,0.889,55,22,16,6,6,1,team_game_log
2025-26,22500107,2025-10-26,1610612739,CLE,Cleveland Cavaliers,CLE vs. MIL,W,118,0.448,0.3,0.8,44,23,17,5,5,1,team_game_log
2025-26,22500107,2025-10-26,1610612749,MIL,Milwaukee Bucks,MIL @ CLE,L,113,0.506,0.394,0.714,37,25,18,-5,-5,0,team_game_log
2025-26,22500108,2025-10-26,1610612748,MIA,Miami Heat,MIA vs. NYK,W,115,0.458,0.351,0.839,50,25,16,8,8,1,team_game_log
2025-26,22500108,2025-10-26,1610612752,NYK,New York Knicks,NYK @ MIA,L,107,0.388,0.278,0.762,52,23,16,-8,-8,0,team_game_log
2025-26,22500109,2025-10-26,1610612764,WAS,Washington Wizards,WAS vs. CHA,L,113,0.451,0.294,0.84,40,25,15,-26,-26,0,team_game_log
2025-26,22500109,2025-10-26,1610612766,CHA,Charlotte Hornets,CHA @ WAS,W,139,0.511,0.395,0.833,52,30,12,26,26,1,team_game_log
2025-26,22500110,2025-10-26,1610612750,MIN,Minnesota Timberwolves,MIN vs. IND,W,114,0.464,0.303,0.703,48,19,14,4,4,1,team_game_log
2025-26,22500110,2025-10-26,1610612754,IND,Indiana Pacers,IND @ MIN,L,110,0.429,0.35,0.667,49,24,17,-4,-4,0,team_game_log
2025-26,22500111,2025-10-26,1610612742,DAL,Dallas Mavericks,DAL vs. TOR,W,139,0.588,0.385,0.744,49,32,20,10,10,1,team_game_log
2025-26,22500111,2025-10-26,1610612761,TOR,Toronto Raptors,TOR @ DAL,L,129,0.49,0.394,0.75,43,33,16,-10,-10,0,team_game_log
2025-26,22500112,2025-10-26,1610612746,LAC,LA Clippers,LAC vs. POR,W,114,0.55,0.387,0.933,46,26,24,7,7,1,team_game_log
2025-26,22500112,2025-10-26,1610612757,POR,Portland Trail Blazers,POR @ LAC,L,107,0.37,0.268,0.824,42,24,16,-7,-7,0,team_game_log
2025-26,22500113,2025-10-26,1610612747,LAL,Los Angeles Lakers,LAL @ SAC,W,127,0.488,0.32,0.891,47,26,17,7,7,1,team_game_log
2025-26,22500113,2025-10-26,1610612758,SAC,Sacramento Kings,SAC vs. LAL,L,120,0.446,0.419,0.667,40,27,16,-7,-7,0,team_game_log
2025-26,22500007,2025-10-27,1610612739,CLE,Cleveland Cavaliers,CLE @ DET,W,116,0.459,0.314,0.771,48,25,20,21,21,1,team_game_log
2025-26,22500007,2025-10-27,1610612765,DET,Detroit Pistons,DET vs. CLE,L,95,0.379,0.324,0.667,48,20,26,-21,-21,0,team_game_log
2025-26,22500008,2025-10-27,1610612743,DEN,Denver Nuggets,DEN @ MIN,W,127,0.523,0.5,0.88,46,24,14,13,13,1,team_game_log
2025-26,22500008,2025-10-27,1610612750,MIN,Minnesota Timberwolves,MIN vs. DEN,L,114,0.471,0.313,0.828,33,19,15,-13,-13,0,team_game_log
2025-26,22500114,2025-10-27,1610612753,ORL,Orlando Magic,ORL @ PHI,L,124,0.549,0.32,0.684,43,27,13,-12,-12,0,team_game_log
2025-26,22500114,2025-10-27,1610612755,PHI,Philadelphia 76ers,PHI vs. ORL,W,136,0.495,0.424,0.813,39,25,7,12,12,1,team_game_log
2025-26,22500115,2025-10-27,1610612737,ATL,Atlanta Hawks,ATL @ CHI,L,123,0.5,0.344,0.7,36,32,6,-5,-5,0,team_game_log
2025-26,22500115,2025-10-27,1610612741,CHI,Chicago Bulls,CHI vs. ATL,W,128,0.522,0.372,0.762,51,33,18,5,5,1,team_game_log
2025-26,22500116,2025-10-27,1610612745,HOU,Houston Rockets,HOU vs. BKN,W,137,0.576,0.5,0.885,39,33,10,28,28,1,team_game_log
2025-26,22500116,2025-10-27,1610612751,BKN,Brooklyn Nets,BKN @ HOU,L,109,0.477,0.375,0.667,37,22,14,-28,-28,0,team_game_log
2025-26,22500117,2025-10-27,1610612738,BOS,Boston Celtics,BOS @ NOP,W,122,0.484,0.34,0.8,54,25,12,32,32,1,team_game_log
2025-26,22500117,2025-10-27,1610612740,NOP,New Orleans Pelicans,NOP vs. BOS,L,90,0.333,0.25,0.893,35,17,14,-32,-32,0,team_game_log
2025-26,22500118,2025-10-27,1610612759,SAS,San Antonio Spurs,SAS vs. TOR,W,121,0.582,0.481,0.833,44,29,21,18,18,1,team_game_log
2025-26,22500118,2025-10-27,1610612761,TOR,Toronto Raptors,TOR @ SAS,L,103,0.468,0.375,0.739,20,29,15,-18,-18,0,team_game_log
2025-26,22500119,2025-10-27,1610612742,DAL,Dallas Mavericks,DAL vs. OKC,L,94,0.379,0.308,0.727,36,20,9,-7,-7,0,team_game_log
2025-26,22500119,2025-10-27,1610612760,OKC,Oklahoma City Thunder,OKC @ DAL,W,101,0.467,0.2,0.846,55,21,13,7,7,1,team_game_log
2025-26,22500120,2025-10-27,1610612756,PHX,Phoenix Suns,PHX @ UTA,L,134,0.425,0.364,0.774,48,37,14,-4,-4,0,team_game_log
2025-26,22500120,2025-10-27,1610612762,UTA,Utah Jazz,UTA vs. PHX,W,138,0.407,0.327,0.944,64,27,19,4,4,1,team_game_log
2025-26,22500121,2025-10-27,1610612744,GSW,Golden State Warriors,GSW vs. MEM,W,131,0.53,0.442,0.8,39,36,16,13,13,1,team_game_log
2025-26,22500121,2025-10-27,1610612763,MEM,Memphis Grizzlies,MEM @ GSW,L,118,0.455,0.308,0.929,39,32,13,-13,-13,0,team_game_log
2025-26,22500122,2025-10-27,1610612747,LAL,Los Angeles Lakers,LAL vs. POR,L,108,0.465,0.259,0.808,42,23,25,-14,-14,0,team_game_log
2025-26,22500122,2025-10-27,1610612757,POR,Portland Trail Blazers,POR @ LAL,W,122,0.456,0.326,0.933,49,24,19,14,14,1,team_game_log
2025-26,22500123,2025-10-28,1610612755,PHI,Philadelphia 76ers,PHI @ WAS,W,139,0.45,0.405,0.865,55,26,14,5,5,1,team_game_log
2025-26,22500123,2025-10-28,1610612764,WAS,Washington Wizards,WAS vs. PHI,L,134,0.477,0.395,0.714,50,33,16,-5,-5,0,team_game_log
2025-26,22500124,2025-10-28,1610612748,MIA,Miami Heat,MIA vs. CHA,W,144,0.542,0.444,0.909,37,34,11,27,27,1,team_game_log
2025-26,22500124,2025-10-28,1610612766,CHA,Charlotte Hornets,CHA @ MIA,L,117,0.444,0.4,0.826,41,26,18,-27,-27,0,team_game_log
2025-26,22500125,2025-10-28,1610612749,MIL,Milwaukee Bucks,MIL vs. NYK,W,121,0.544,0.412,0.875,38,27,13,10,10,1,team_game_log
2025-26,22500125,2025-10-28,1610612752,NYK,New York Knicks,NYK @ MIL,L,111,0.424,0.325,0.87,45,24,13,-10,-10,0,team_game_log
2025-26,22500126,2025-10-28,1610612758,SAC,Sacramento Kings,SAC @ OKC,L,101,0.424,0.345,0.905,46,21,17,-6,-6,0,team_game_log
2025-26,22500126,2025-10-28,1610612760,OKC,Oklahoma City Thunder,OKC vs. SAC,W,107,0.457,0.318,0.9,44,26,15,6,6,1,team_game_log
2025-26,22500127,2025-10-28,1610612744,GSW,Golden State Warriors,GSW vs. LAC,W,98,0.453,0.378,0.75,42,24,13,19,19,1,team_game_log
2025-26,22500127,2025-10-28,1610612746,LAC,LA Clippers,LAC @ GSW,L,79,0.366,0.182,0.813,47,10,16,-19,-19,0,team_game_log
2025-26,22500128,2025-10-29,1610612738,BOS,Boston Celtics,BOS vs. CLE,W,125,0.442,0.368,0.833,53,29,10,20,20,1,team_game_log
2025-26,22500128,2025-10-29,1610612739,CLE,Cleveland Cavaliers,CLE @ BOS,L,105,0.402,0.327,0.75,42,25,14,-20,-20,0,team_game_log
2025-26,22500129,2025-10-29,1610612753,ORL,Orlando Magic,ORL @ DET,L,116,0.458,0.387,0.7,43,22,17,-19,-19,0,team_game_log
2025-26,22500129,2025-10-29,1610612765,DET,Detroit Pistons,DET vs. ORL,W,135,0.495,0.406,0.882,46,29,14,19,19,1,team_game_log
2025-26,22500130,2025-10-29,1610612737,ATL,Atlanta Hawks,ATL @ BKN,W,117,0.473,0.394,0.727,44,33,8,5,5,1,team_game_log
2025-26,22500130,2025-10-29,1610612751,BKN,Brooklyn Nets,BKN vs. ATL,L,112,0.455,0.297,0.778,47,23,16,-5,-5,0,team_game_log
2025-26,22500131,2025-10-29,1610612745,HOU,Houston Rockets,HOU @ TOR,W,139,0.575,0.433,0.765,53,31,17,18,18,1,team_game_log
2025-26,22500131,2025-10-29,1610612761,TOR,Toronto Raptors,TOR vs. HOU,L,121,0.506,0.525,0.737,22,29,10,-18,-18,0,team_game_log
2025-26,22500132,2025-10-29,1610612741,CHI,Chicago Bulls,CHI vs. SAC,W,126,0.538,0.438,0.778,46,34,16,13,13,1,team_game_log
2025-26,22500132,2025-10-29,1610612758,SAC,Sacramento Kings,SAC @ CHI,L,113,0.524,0.25,0.769,31,28,10,-13,-13,0,team_game_log
2025-26,22500133,2025-10-29,1610612742,DAL,Dallas Mavericks,DAL vs. IND,W,107,0.456,0.208,0.811,47,21,19,2,2,1,team_game_log
2025-26,22500133,2025-10-29,1610612754,IND,Indiana Pacers,IND @ DAL,L,105,0.349,0.289,0.643,52,20,14,-2,-2,0,team_game_log
2025-26,22500134,2025-10-29,1610612740,NOP,New Orleans Pelicans,NOP @ DEN,L,88,0.376,0.206,0.586,36,17,14,-34,-34,0,team_game_log
2025-26,22500134,2025-10-29,1610612743,DEN,Denver Nuggets,DEN vs. NOP,W,122,0.533,0.333,0.857,56,40,14,34,34,1,team_game_log
2025-26,22500135,2025-10-29,1610612757,POR,Portland Trail Blazers,POR @ UTA,W,136,0.479,0.382,0.852,39,34,18,2,2,1,team_game_log
2025-26,22500135,2025-10-29,1610612762,UTA,Utah Jazz,UTA vs. POR,L,134,0.488,0.314,0.837,46,30,22,-2,-2,0,team_game_log
2025-26,22500136,2025-10-29,1610612747,LAL,Los Angeles Lakers,LAL @ MIN,W,116,0.542,0.355,0.682,40,34,19,1,1,1,team_game_log
2025-26,22500136,2025-10-29,1610612750,MIN,Minnesota Timberwolves,MIN vs. LAL,L,115,0.5,0.5,0.818,34,30,18,-1,-1,0,team_game_log
2025-26,22500137,2025-10-29,1610612756,PHX,Phoenix Suns,PHX vs. MEM,L,113,0.477,0.4,0.882,40,25,21,-1,-1,0,team_game_log
2025-26,22500137,2025-10-29,1610612763,MEM,Memphis Grizzlies,MEM @ PHX,W,114,0.473,0.395,0.846,41,31,17,1,1,1,team_game_log
2025-26,22500138,2025-10-30,1610612753,ORL,Orlando Magic,ORL @ CHA,W,123,0.517,0.421,0.739,38,29,13,16,16,1,team_game_log
2025-26,22500138,2025-10-30,1610612766,CHA,Charlotte Hornets,CHA vs. ORL,L,107,0.506,0.367,0.8,41,24,21,-16,-16,0,team_game_log
2025-26,22500139,2025-10-30,1610612744,GSW,Golden State Warriors,GSW @ MIL,L,110,0.424,0.342,0.962,44,23,22,-10,-10,0,team_game_log
2025-26,22500139,2025-10-30,1610612749,MIL,Milwaukee Bucks,MIL vs. GSW,W,120,0.479,0.413,0.692,34,25,16,10,10,1,team_game_log
2025-26,22500140,2025-10-30,1610612760,OKC,Oklahoma City Thunder,OKC vs. WAS,W,127,0.449,0.327,0.821,47,29,6,19,19,1,team_game_log
2025-26,22500140,2025-10-30,1610612764,WAS,Washington Wizards,WAS @ OKC,L,108,0.452,0.425,0.882,49,25,23,-19,-19,0,team_game_log
2025-26,22500141,2025-10-30,1610612748,MIA,Miami Heat,MIA @ SAS,L,101,0.433,0.395,0.727,41,29,14,-6,-6,0,team_game_log
2025-26,22500141,2025-10-30,1610612759,SAS,San Antonio Spurs,SAS vs. MIA,W,107,0.442,0.341,0.739,48,26,11,6,6,1,team_game_log
2025-26,22500020,2025-10-31,1610612737,ATL,Atlanta Hawks,ATL @ IND,W,128,0.543,0.333,0.8,55,30,10,20,20,1,team_game_log
2025-26,22500020,2025-10-31,1610612754,IND,Indiana Pacers,IND vs. ATL,L,108,0.354,0.277,0.758,49,23,12,-20,-20,0,team_game_log
2025-26,22500021,2025-10-31,1610612738,BOS,Boston Celtics,BOS @ PHI,W,109,0.436,0.311,0.583,45,26,10,1,1,1,team_game_log
2025-26,22500021,2025-10-31,1610612755,PHI,Philadelphia 76ers,PHI vs. BOS,L,108,0.474,0.382,0.724,40,27,18,-1,-1,0,team_game_log
2025-26,22500022,2025-10-31,1610612739,CLE,Cleveland Cavaliers,CLE vs. TOR,L,101,0.4,0.304,0.652,42,24,14,-11,-11,0,team_game_log
2025-26,22500022,2025-10-31,1610612761,TOR,Toronto Raptors,TOR @ CLE,W,112,0.488,0.433,0.792,48,27,18,11,11,1,team_game_log
2025-26,22500023,2025-10-31,1610612741,CHI,Chicago Bulls,CHI vs. NYK,W,135,0.536,0.459,0.8,41,31,9,10,10,1,team_game_log
2025-26,22500023,2025-10-31,1610612752,NYK,New York Knicks,NYK @ CHI,L,125,0.495,0.4,0.739,39,27,12,-10,-10,0,team_game_log
2025-26,22500024,2025-10-31,1610612747,LAL,Los Angeles Lakers,LAL @ MEM,W,117,0.513,0.342,0.788,40,24,15,5,5,1,team_game_log
2025-26,22500024,2025-10-31,1610612763,MEM,Memphis Grizzlies,MEM vs. LAL,L,112,0.441,0.311,0.842,42,28,11,-5,-5,0,team_game_log
2025-26,22500025,2025-10-31,1610612756,PHX,Phoenix Suns,PHX vs. UTA,W,118,0.473,0.354,0.833,44,30,12,22,22,1,team_game_log
2025-26,22500025,2025-10-31,1610612762,UTA,Utah Jazz,UTA @ PHX,L,96,0.375,0.324,0.75,48,23,21,-22,-22,0,team_game_log
2025-26,22500026,2025-10-31,1610612743,DEN,Denver Nuggets,DEN @ POR,L,107,0.481,0.24,0.806,46,19,19,-2,-2,0,team_game_log
2025-26,22500026,2025-10-31,1610612757,POR,Portland Trail Blazers,POR vs. DEN,W,109,0.418,0.282,0.71,43,26,13,2,2,1,team_game_log
2025-26,22500027,2025-10-31,1610612740,NOP,New Orleans Pelicans,NOP @ LAC,L,124,0.482,0.486,0.897,43,28,15,-2,-2,0,team_game_log
2025-26,22500027,2025-10-31,1610612746,LAC,LA Clippers,LAC vs. NOP,W,126,0.517,0.385,0.905,37,28,12,2,2,1,team_game_log
2025-26,22500142,2025-11-01,1610612749,MIL,Milwaukee Bucks,MIL vs. SAC,L,133,0.598,0.469,0.645,37,30,11,-2,-2,0,team_game_log
2025-26,22500142,2025-11-01,1610612758,SAC,Sacramento Kings,SAC @ MIL,W,135,0.517,0.357,0.875,38,30,10,2,2,1,team_game_log
2025-26,22500143,2025-11-01,1610612750,MIN,Minnesota Timberwolves,MIN @ CHA,W,122,0.54,0.472,0.786,38,31,10,17,17,1,team_game_log
2025-26,22500143,2025-11-01,1610612766,CHA,Charlotte Hornets,CHA vs. MIN,L,105,0.395,0.289,0.889,45,23,14,-17,-17,0,team_game_log
2025-26,22500144,2025-11-01,1610612744,GSW,Golden State Warriors,GSW @ IND,L,109,0.433,0.273,0.864,44,25,16,-5,-5,0,team_game_log
2025-26,22500144,2025-11-01,1610612754,IND,Indiana Pacers,IND vs. GSW,W,114,0.449,0.303,0.857,47,24,12,5,5,1,team_game_log
2025-26,22500145,2025-11-01,1610612753,ORL,Orlando Magic,ORL @ WAS,W,125,0.511,0.333,0.864,53,32,17,31,31,1,team_game_log
2025-26,22500145,2025-11-01,1610612764,WAS,Washington Wizards,WAS vs. ORL,L,94,0.398,0.333,0.467,40,19,17,-31,-31,0,team_game_log
2025-26,22500146,2025-11-01,1610612738,BOS,Boston Celtics,BOS vs. HOU,L,101,0.388,0.318,1.0,36,24,10,-27,-27,0,team_game_log
2025-26,22500146,2025-11-01,1610612745,HOU,Houston Rockets,HOU @ BOS,W,128,0.545,0.655,0.714,53,30,20,27,27,1,team_game_log
2025-26,22500147,2025-11-01,1610612742,DAL,Dallas Mavericks,DAL @ DET,L,110,0.425,0.356,0.839,43,23,15,-12,-12,0,team_game_log
2025-26,22500147,2025-11-01,1610612765,DET,Detroit Pistons,DET @ DAL,W,122,0.495,0.375,0.676,47,29,8,12,12,1,team_game_log
2025-26,22500148,2025-11-02,1610612740,NOP,New Orleans Pelicans,NOP @ OKC,L,106,0.438,0.4,0.625,38,26,17,-31,-31,0,team_game_log
2025-26,22500148,2025-11-02,1610612760,OKC,Oklahoma City Thunder,OKC vs. NOP,W,137,0.56,0.417,0.885,42,33,13,31,31,1,team_game_log
2025-26,22500149,2025-11-02,1610612751,BKN,Brooklyn Nets,BKN vs. PHI,L,105,0.429,0.179,0.769,44,21,19,-24,-24,0,team_game_log
2025-26,22500149,2025-11-02,1610612755,PHI,Philadelphia 76ers,PHI @ BKN,W,129,0.521,0.375,0.824,44,34,15,24,24,1,team_game_log
2025-26,22500150,2025-11-02,1610612762,UTA,Utah Jazz,UTA @ CHA,L,103,0.409,0.219,0.828,38,27,11,-23,-23,0,team_game_log
2025-26,22500150,2025-11-02,1610612766,CHA,Charlotte Hornets,CHA vs. UTA,W,126,0.489,0.419,1.0,46,31,15,23,23,1,team_game_log
2025-26,22500151,2025-11-02,1610612737,ATL,Atlanta Hawks,ATL @ CLE,L,109,0.506,0.261,0.714,46,28,23,-8,-8,0,team_game_log
2025-26,22500151,2025-11-02,1610612739,CLE,Cleveland Cavaliers,CLE vs. ATL,W,117,0.412,0.351,0.944,44,30,18,8,8,1,team_game_log
2025-26,22500152,2025-11-02,1610612761,TOR,Toronto Raptors,TOR vs. MEM,W,117,0.506,0.297,0.8,49,32,16,13,13,1,team_game_log
2025-26,22500152,2025-11-02,1610612763,MEM,Memphis Grizzlies,MEM @ TOR,L,104,0.437,0.314,0.85,41,24,13,-13,-13,0,team_game_log
2025-26,22500153,2025-11-02,1610612741,CHI,Chicago Bulls,CHI @ NYK,L,116,0.484,0.425,0.818,46,28,14,-12,-12,0,team_game_log
2025-26,22500153,2025-11-02,1610612752,NYK,New York Knicks,NYK vs. CHI,W,128,0.453,0.476,1.0,47,31,11,12,12,1,team_game_log
2025-26,22500154,2025-11-02,1610612756,PHX,Phoenix Suns,PHX vs. SAS,W,130,0.582,0.576,0.864,39,34,20,12,12,1,team_game_log
2025-26,22500154,2025-11-02,1610612759,SAS,San Antonio Spurs,SAS @ PHX,L,118,0.459,0.244,0.783,41,21,14,-12,-12,0,team_game_log
2025-26,22500155,2025-11-02,1610612747,LAL,Los Angeles Lakers,LAL vs. MIA,W,130,0.505,0.326,0.826,41,33,12,10,10,1,team_game_log
2025-26,22500155,2025-11-02,1610612748,MIA,Miami Heat,MIA @ LAL,L,120,0.512,0.273,0.694,42,29,15,-10,-10,0,team_game_log
2025-26,22500156,2025-11-03,1610612750,MIN,Minnesota Timberwolves,MIN @ BKN,W,125,0.564,0.4,0.657,53,33,17,16,16,1,team_game_log
2025-26,22500156,2025-11-03,1610612751,BKN,Brooklyn Nets,BKN vs. MIN,L,109,0.404,0.3,0.658,40,25,12,-16,-16,0,team_game_log
2025-26,22500157,2025-11-03,1610612749,MIL,Milwaukee Bucks,MIL @ IND,W,117,0.477,0.426,0.591,43,24,18,2,2,1,team_game_log
2025-26,22500157,2025-11-03,1610612754,IND,Indiana Pacers,IND vs. MIL,L,115,0.433,0.242,0.763,45,24,12,-2,-2,0,team_game_log
2025-26,22500158,2025-11-03,1610612738,BOS,Boston Celtics,BOS vs. UTA,L,103,0.416,0.216,0.818,36,21,10,-2,-2,0,team_game_log
2025-26,22500158,2025-11-03,1610612762,UTA,Utah Jazz,UTA @ BOS,W,105,0.452,0.29,0.8,55,23,19,2,2,1,team_game_log
2025-26,22500159,2025-11-03,1610612752,NYK,New York Knicks,NYK vs. WAS,W,119,0.468,0.366,0.8,49,32,12,17,17,1,team_game_log
2025-26,22500159,2025-11-03,1610612764,WAS,Washington Wizards,WAS @ NYK,L,102,0.469,0.371,0.684,44,30,20,-17,-17,0,team_game_log
2025-26,22500160,2025-11-03,1610612742,DAL,Dallas Mavericks,DAL @ HOU,L,102,0.449,0.25,0.65,40,30,15,-8,-8,0,team_game_log
2025-26,22500160,2025-11-03,1610612745,HOU,Houston Rockets,HOU vs. DAL,W,110,0.461,0.276,0.667,54,23,17,8,8,1,team_game_log
2025-26,22500161,2025-11-03,1610612763,MEM,Memphis Grizzlies,MEM vs. DET,L,106,0.402,0.341,0.88,49,25,20,-8,-8,0,team_game_log
2025-26,22500161,2025-11-03,1610612765,DET,Detroit Pistons,DET @ MEM,W,114,0.506,0.323,0.69,43,23,14,8,8,1,team_game_log
2025-26,22500162,2025-11-03,1610612743,DEN,Denver Nuggets,DEN vs. SAC,W,130,0.515,0.316,0.75,40,33,8,6,6,1,team_game_log
2025-26,22500162,2025-11-03,1610612758,SAC,Sacramento Kings,SAC @ DEN,L,124,0.522,0.333,0.84,47,27,15,-6,-6,0,team_game_log
2025-26,22500163,2025-11-03,1610612747,LAL,Los Angeles Lakers,LAL @ POR,W,123,0.588,0.391,0.875,34,29,17,8,8,1,team_game_log
2025-26,22500163,2025-11-03,1610612757,POR,Portland Trail Blazers,POR vs. LAL,L,115,0.494,0.225,0.733,38,23,18,-8,-8,0,team_game_log
2025-26,22500164,2025-11-03,1610612746,LAC,LA Clippers,LAC vs. MIA,L,119,0.5,0.415,0.737,44,25,21,-1,-1,0,team_game_log
2025-26,22500164,2025-11-03,1610612748,MIA,Miami Heat,MIA @ LAC,W,120,0.542,0.48,0.75,37,33,16,1,1,1,team_game_log
2025-26,22500165,2025-11-04,1610612749,MIL,Milwaukee Bucks,MIL @ TOR,L,100,0.43,0.289,0.714,41,26,15,-28,-28,0,team_game_log
2025-26,22500165,2025-11-04,1610612761,TOR,Toronto Raptors,TOR vs. MIL,W,128,0.484,0.447,0.793,50,33,10,28,28,1,team_game_log
2025-26,22500166,2025-11-04,1610612737,ATL,Atlanta Hawks,ATL vs. ORL,W,127,0.556,0.433,0.81,34,23,20,15,15,1,team_game_log
2025-26,22500166,2025-11-04,1610612753,ORL,Orlando Magic,ORL @ ATL,L,112,0.434,0.324,0.879,41,26,19,-15,-15,0,team_game_log
2025-26,22500167,2025-11-04,1610612741,CHI,Chicago Bulls,CHI vs. PHI,W,113,0.472,0.382,0.8,48,26,18,2,2,1,team_game_log
2025-26,22500167,2025-11-04,1610612755,PHI,Philadelphia 76ers,PHI @ CHI,L,111,0.426,0.367,0.833,40,22,16,-2,-2,0,team_game_log
2025-26,22500168,2025-11-04,1610612740,NOP,New Orleans Pelicans,NOP vs. CHA,W,116,0.478,0.447,0.684,39,27,13,4,4,1,team_game_log
2025-26,22500168,2025-11-04,1610612766,CHA,Charlotte Hornets,CHA @ NOP,L,112,0.476,0.342,0.75,49,20,20,-4,-4,0,team_game_log
2025-26,22500169,2025-11-04,1610612744,GSW,Golden State Warriors,GSW vs. PHX,W,118,0.494,0.452,0.85,39,33,16,11,11,1,team_game_log
2025-26,22500169,2025-11-04,1610612756,PHX,Phoenix Suns,PHX @ GSW,L,107,0.44,0.364,0.938,46,25,17,-11,-11,0,team_game_log
2025-26,22500170,2025-11-04,1610612746,LAC,LA Clippers,LAC vs. OKC,L,107,0.413,0.419,0.852,42,26,19,-19,-19,0,team_game_log
2025-26,22500170,2025-11-04,1610612760,OKC,Oklahoma City Thunder,OKC @ LAC,W,126,0.523,0.474,0.818,40,28,11,19,19,1,team_game_log
2025-26,22500171,2025-11-05,1610612739,CLE,Cleveland Cavaliers,CLE vs. PHI,W,132,0.533,0.409,0.941,34,33,15,11,11,1,team_game_log
2025-26,22500171,2025-11-05,1610612755,PHI,Philadelphia 76ers,PHI @ CLE,L,121,0.489,0.387,0.7,43,26,19,-11,-11,0,team_game_log
2025-26,22500172,2025-11-05,1610612762,UTA,Utah Jazz,UTA @ DET,L,103,0.384,0.308,0.862,44,24,15,-11,-11,0,team_game_log
2025-26,22500172,2025-11-05,1610612765,DET,Detroit Pistons,DET vs. UTA,W,114,0.495,0.367,0.591,52,24,13,11,11,1,team_game_log
2025-26,22500173,2025-11-05,1610612751,BKN,Brooklyn Nets,BKN @ IND,W,112,0.419,0.35,0.743,45,26,14,9,9,1,team_game_log
2025-26,22500173,2025-11-05,1610612754,IND,Indiana Pacers,IND vs. BKN,L,103,0.414,0.361,0.615,56,29,18,-9,-9,0,team_game_log
2025-26,22500174,2025-11-05,1610612738,BOS,Boston Celtics,BOS vs. WAS,W,136,0.547,0.39,0.762,40,31,7,29,29,1,team_game_log
2025-26,22500174,2025-11-05,1610612764,WAS,Washington Wizards,WAS @ BOS,L,107,0.488,0.333,0.741,40,25,19,-29,-29,0,team_game_log
2025-26,22500175,2025-11-05,1610612750,MIN,Minnesota Timberwolves,MIN @ NYK,L,114,0.482,0.475,0.882,31,30,17,-23,-23,0,team_game_log
2025-26,22500175,2025-11-05,1610612752,NYK,New York Knicks,NYK vs. MIN,W,137,0.539,0.452,0.889,50,32,14,23,23,1,team_game_log
2025-26,22500176,2025-11-05,1610612745,HOU,Houston Rockets,HOU @ MEM,W,124,0.475,0.433,0.833,54,29,13,15,15,1,team_game_log
2025-26,22500176,2025-11-05,1610612763,MEM,Memphis Grizzlies,MEM vs. HOU,L,109,0.382,0.333,0.8,47,25,15,-15,-15,0,team_game_log
2025-26,22500177,2025-11-05,1610612740,NOP,New Orleans Pelicans,NOP @ DAL,W,101,0.429,0.323,0.813,56,18,16,2,2,1,team_game_log
2025-26,22500177,2025-11-05,1610612742,DAL,Dallas Mavericks,DAL vs. NOP,L,99,0.416,0.313,0.75,44,18,15,-2,-2,0,team_game_log
2025-26,22500178,2025-11-05,1610612743,DEN,Denver Nuggets,DEN vs. MIA,W,122,0.426,0.275,0.893,61,33,17,10,10,1,team_game_log
2025-26,22500178,2025-11-05,1610612748,MIA,Miami Heat,MIA @ DEN,L,112,0.442,0.341,0.88,38,26,15,-10,-10,0,team_game_log
2025-26,22500179,2025-11-05,1610612747,LAL,Los Angeles Lakers,LAL vs. SAS,W,118,0.446,0.323,0.773,38,23,14,2,2,1,team_game_log
2025-26,22500179,2025-11-05,1610612759,SAS,San Antonio Spurs,SAS @ LAL,L,116,0.486,0.394,0.775,37,22,19,-2,-2,0,team_game_log
2025-26,22500180,2025-11-05,1610612757,POR,Portland Trail Blazers,POR vs. OKC,W,121,0.409,0.442,0.938,49,24,18,2,2,1,team_game_log
2025-26,22500180,2025-11-05,1610612760,OKC,Oklahoma City Thunder,OKC @ POR,L,119,0.418,0.395,0.903,50,24,15,-2,-2,0,team_game_log
2025-26,22500181,2025-11-05,1610612744,GSW,Golden State Warriors,GSW @ SAC,L,116,0.449,0.395,0.826,44,28,19,-5,-5,0,team_game_log
2025-26,22500181,2025-11-05,1610612758,SAC,Sacramento Kings,SAC vs. GSW,W,121,0.494,0.478,0.848,47,27,16,5,5,1,team_game_log
2025-26,22500182,2025-11-06,1610612746,LAC,LA Clippers,LAC @ PHX,L,102,0.443,0.323,0.733,41,24,15,-13,-13,0,team_game_log
2025-26,22500182,2025-11-06,1610612756,PHX,Phoenix Suns,PHX vs. LAC,W,115,0.446,0.388,0.737,44,27,16,13,13,1,team_game_log
2025-26,22500028,2025-11-07,1610612738,BOS,Boston Celtics,BOS @ ORL,L,110,0.453,0.351,0.688,44,26,14,-13,-13,0,team_game_log
2025-26,22500028,2025-11-07,1610612753,ORL,Orlando Magic,ORL vs. BOS,W,123,0.5,0.472,0.774,44,28,15,13,13,1,team_game_log
2025-26,22500029,2025-11-07,1610612739,CLE,Cleveland Cavaliers,CLE @ WAS,W,148,0.473,0.444,0.774,57,34,10,33,33,1,team_game_log
2025-26,22500029,2025-11-07,1610612764,WAS,Washington Wizards,WAS vs. CLE,L,115,0.451,0.366,0.783,44,32,20,-33,-33,0,team_game_log
2025-26,22500030,2025-11-07,1610612737,ATL,Atlanta Hawks,ATL vs. TOR,L,97,0.344,0.237,0.957,54,24,19,-12,-12,0,team_game_log
2025-26,22500030,2025-11-07,1610612761,TOR,Toronto Raptors,TOR @ ATL,W,109,0.407,0.316,0.92,48,23,13,12,12,1,team_game_log
2025-26,22500031,2025-11-07,1610612751,BKN,Brooklyn Nets,BKN vs. DET,L,107,0.425,0.37,0.846,30,26,20,-18,-18,0,team_game_log
2025-26,22500031,2025-11-07,1610612765,DET,Detroit Pistons,DET @ BKN,W,125,0.576,0.231,0.7,46,32,13,18,18,1,team_game_log
2025-26,22500032,2025-11-07,1610612745,HOU,Houston Rockets,HOU @ SAS,L,110,0.459,0.481,0.905,41,25,24,-11,-11,0,team_game_log
2025-26,22500032,2025-11-07,1610612759,SAS,San Antonio Spurs,SAS vs. HOU,W,121,0.46,0.4,0.92,40,30,21,11,11,1,team_game_log
2025-26,22500033,2025-11-07,1610612748,MIA,Miami Heat,MIA vs. CHA,W,126,0.515,0.429,0.857,37,31,8,18,18,1,team_game_log
2025-26,22500033,2025-11-07,1610612766,CHA,Charlotte Hornets,CHA @ MIA,L,108,0.381,0.256,0.889,57,22,18,-18,-18,0,team_game_log
2025-26,22500034,2025-11-07,1610612742,DAL,Dallas Mavericks,DAL @ MEM,L,104,0.488,0.256,0.625,44,25,18,-14,-14,0,team_game_log
2025-26,22500034,2025-11-07,1610612763,MEM,Memphis Grizzlies,MEM vs. DAL,W,118,0.482,0.371,0.821,42,27,15,14,14,1,team_game_log
2025-26,22500035,2025-11-07,1610612741,CHI,Chicago Bulls,CHI @ MIL,L,110,0.489,0.303,0.75,45,34,14,-16,-16,0,team_game_log
2025-26,22500035,2025-11-07,1610612749,MIL,Milwaukee Bucks,MIL vs. CHI,W,126,0.466,0.41,0.778,53,27,11,16,16,1,team_game_log
2025-26,22500036,2025-11-07,1610612750,MIN,Minnesota Timberwolves,MIN vs. UTA,W,137,0.568,0.472,0.741,52,32,21,40,40,1,team_game_log
2025-26,22500036,2025-11-07,1610612762,UTA,Utah Jazz,UTA @ MIN,L,97,0.372,0.231,0.72,40,28,18,-40,-40,0,team_game_log
2025-26,22500037,2025-11-07,1610612743,DEN,Denver Nuggets,DEN vs. GSW,W,129,0.561,0.485,0.84,41,34,9,25,25,1,team_game_log
2025-26,22500037,2025-11-07,1610612744,GSW,Golden State Warriors,GSW @ DEN,L,104,0.421,0.293,0.8,46,28,12,-25,-25,0,team_game_log
2025-26,22500038,2025-11-07,1610612758,SAC,Sacramento Kings,SAC vs. OKC,L,101,0.413,0.375,0.667,38,27,17,-31,-31,0,team_game_log
2025-26,22500038,2025-11-07,1610612760,OKC,Oklahoma City Thunder,OKC @ SAC,W,132,0.538,0.371,0.875,52,27,11,31,31,1,team_game_log
2025-26,22500183,2025-11-08,1610612742,DAL,Dallas Mavericks,DAL @ WAS,W,111,0.452,0.25,0.7,51,26,13,6,6,1,team_game_log
2025-26,22500183,2025-11-08,1610612764,WAS,Washington Wizards,WAS vs. DAL,L,105,0.416,0.314,0.87,44,17,18,-6,-6,0,team_game_log
2025-26,22500184,2025-11-08,1610612755,PHI,Philadelphia 76ers,PHI vs. TOR,W,130,0.51,0.286,0.786,54,31,14,10,10,1,team_game_log
2025-26,22500184,2025-11-08,1610612761,TOR,Toronto Raptors,TOR @ PHI,L,120,0.456,0.421,0.786,38,29,11,-10,-10,0,team_game_log
2025-26,22500185,2025-11-08,1610612737,ATL,Atlanta Hawks,ATL vs. LAL,W,122,0.516,0.41,0.909,37,37,11,20,20,1,team_game_log
2025-26,22500185,2025-11-08,1610612747,LAL,Los Angeles Lakers,LAL @ ATL,L,102,0.457,0.4,0.8,47,23,20,-20,-20,0,team_game_log
2025-26,22500186,2025-11-08,1610612739,CLE,Cleveland Cavaliers,CLE vs. CHI,W,128,0.489,0.37,0.731,39,32,9,6,6,1,team_game_log
2025-26,22500186,2025-11-08,1610612741,CHI,Chicago Bulls,CHI @ CLE,L,122,0.452,0.448,0.917,49,27,14,-6,-6,0,team_game_log
2025-26,22500187,2025-11-08,1610612748,MIA,Miami Heat,MIA vs. POR,W,136,0.51,0.286,0.778,47,37,15,5,5,1,team_game_log
2025-26,22500187,2025-11-08,1610612757,POR,Portland Trail Blazers,POR @ MIA,L,131,0.45,0.275,0.826,57,29,20,-5,-5,0,team_game_log
2025-26,22500188,2025-11-08,1610612740,NOP,New Orleans Pelicans,NOP @ SAS,L,119,0.479,0.395,0.824,40,27,12,-7,-7,0,team_game_log
2025-26,22500188,2025-11-08,1610612759,SAS,San Antonio Spurs,SAS vs. NOP,W,126,0.533,0.35,0.889,43,31,12,7,7,1,team_game_log
2025-26,22500189,2025-11-08,1610612743,DEN,Denver Nuggets,DEN vs. IND,W,117,0.484,0.296,0.826,55,32,18,17,17,1,team_game_log
2025-26,22500189,2025-11-08,1610612754,IND,Indiana Pacers,IND @ DEN,L,100,0.355,0.222,0.765,43,20,11,-17,-17,0,team_game_log
2025-26,22500190,2025-11-08,1610612746,LAC,LA Clippers,LAC vs. PHX,L,103,0.532,0.303,0.611,27,26,11,-11,-11,0,team_game_log
2025-26,22500190,2025-11-08,1610612756,PHX,Phoenix Suns,PHX @ LAC,W,114,0.482,0.421,0.857,42,30,14,11,11,1,team_game_log
2025-26,22500191,2025-11-09,1610612745,HOU,Houston Rockets,HOU @ MIL,W,122,0.533,0.385,0.762,50,24,18,7,7,1,team_game_log
2025-26,22500191,2025-11-09,1610612749,MIL,Milwaukee Bucks,MIL vs. HOU,L,115,0.557,0.448,0.583,27,25,13,-7,-7,0,team_game_log
2025-26,22500192,2025-11-09,1610612751,BKN,Brooklyn Nets,BKN @ NYK,L,98,0.402,0.311,0.75,38,21,19,-36,-36,0,team_game_log
2025-26,22500192,2025-11-09,1610612752,NYK,New York Knicks,NYK vs. BKN,W,134,0.539,0.459,0.808,46,31,14,36,36,1,team_game_log
2025-26,22500193,2025-11-09,1610612738,BOS,Boston Celtics,BOS @ ORL,W,111,0.471,0.394,0.72,41,22,14,4,4,1,team_game_log
2025-26,22500193,2025-11-09,1610612753,ORL,Orlando Magic,ORL vs. BOS,L,107,0.449,0.241,0.938,42,21,17,-4,-4,0,team_game_log
2025-26,22500194,2025-11-09,1610612760,OKC,Oklahoma City Thunder,OKC @ MEM,W,114,0.432,0.233,0.846,51,19,6,14,14,1,team_game_log
2025-26,22500194,2025-11-09,1610612763,MEM,Memphis Grizzlies,MEM vs. OKC,L,100,0.385,0.386,0.722,50,30,14,-14,-14,0,team_game_log
2025-26,22500195,2025-11-09,1610612755,PHI,Philadelphia 76ers,PHI vs. DET,L,108,0.429,0.364,0.857,44,22,20,-3,-3,0,team_game_log
2025-26,22500195,2025-11-09,1610612765,DET,Detroit Pistons,DET @ PHI,W,111,0.476,0.433,0.714,37,23,16,3,3,1,team_game_log
2025-26,22500196,2025-11-09,1610612744,GSW,Golden State Warriors,GSW vs. IND,W,114,0.432,0.273,0.703,50,22,10,31,31,1,team_game_log
2025-26,22500196,2025-11-09,1610612754,IND,Indiana Pacers,IND @ GSW,L,83,0.34,0.282,0.727,53,21,22,-31,-31,0,team_game_log
2025-26,22500197,2025-11-09,1610612750,MIN,Minnesota Timberwolves,MIN @ SAC,W,144,0.536,0.391,0.917,44,28,11,27,27,1,team_game_log
2025-26,22500197,2025-11-09,1610612758,SAC,Sacramento Kings,SAC vs. MIN,L,117,0.444,0.448,0.774,43,25,18,-27,-27,0,team_game_log
2025-26,22500198,2025-11-10,1610612747,LAL,Los Angeles Lakers,LAL @ CHA,W,121,0.5,0.359,0.85,36,25,11,10,10,1,team_game_log
2025-26,22500198,2025-11-10,1610612766,CHA,Charlotte Hornets,CHA vs. LAL,L,111,0.521,0.472,0.909,37,28,23,-10,-10,0,team_game_log
2025-26,22500199,2025-11-10,1610612764,WAS,Washington Wizards,WAS @ DET,L,135,0.526,0.395,0.769,46,26,20,-2,-2,0,team_game_log
2025-26,22500199,2025-11-10,1610612765,DET,Detroit Pistons,DET vs. WAS,W,137,0.412,0.317,0.789,63,27,16,2,2,1,team_game_log
2025-26,22500200,2025-11-10,1610612753,ORL,Orlando Magic,ORL vs. POR,W,115,0.448,0.267,0.853,50,26,13,3,3,1,team_game_log
2025-26,22500200,2025-11-10,1610612757,POR,Portland Trail Blazers,POR @ ORL,L,112,0.444,0.361,0.731,38,22,10,-3,-3,0,team_game_log
2025-26,22500201,2025-11-10,1610612739,CLE,Cleveland Cavaliers,CLE @ MIA,L,138,0.408,0.323,0.704,60,26,10,-2,-2,0,team_game_log
2025-26,22500201,2025-11-10,1610612748,MIA,Miami Heat,MIA vs. CLE,W,140,0.469,0.333,0.878,56,32,14,2,2,1,team_game_log
2025-26,22500202,2025-11-10,1610612741,CHI,Chicago Bulls,CHI vs. SAS,L,117,0.441,0.421,0.826,45,29,13,-4,-4,0,team_game_log
2025-26,22500202,2025-11-10,1610612759,SAS,San Antonio Spurs,SAS @ CHI,W,121,0.512,0.303,0.852,47,30,15,4,4,1,team_game_log
2025-26,22500203,2025-11-10,1610612742,DAL,Dallas Mavericks,DAL vs. MIL,L,114,0.416,0.231,0.756,52,25,15,-2,-2,0,team_game_log
2025-26,22500203,2025-11-10,1610612749,MIL,Milwaukee Bucks,MIL @ DAL,W,116,0.451,0.389,0.8,44,24,13,2,2,1,team_game_log
2025-26,22500204,2025-11-10,1610612740,NOP,New Orleans Pelicans,NOP @ PHX,L,98,0.41,0.313,0.769,40,18,20,-23,-23,0,team_game_log
2025-26,22500204,2025-11-10,1610612756,PHX,Phoenix Suns,PHX vs. NOP,W,121,0.5,0.442,0.774,43,29,18,23,23,1,team_game_log
2025-26,22500205,2025-11-10,1610612750,MIN,Minnesota Timberwolves,MIN @ UTA,W,120,0.472,0.303,0.929,42,25,11,7,7,1,team_game_log
2025-26,22500205,2025-11-10,1610612762,UTA,Utah Jazz,UTA vs. MIN,L,113,0.4,0.327,0.833,50,30,15,-7,-7,0,team_game_log
2025-26,22500206,2025-11-10,1610612737,ATL,Atlanta Hawks,ATL @ LAC,W,105,0.452,0.382,0.8,41,30,12,3,3,1,team_game_log
2025-26,22500206,2025-11-10,1610612746,LAC,LA Clippers,LAC vs. ATL,L,102,0.439,0.316,0.72,42,19,12,-3,-3,0,team_game_log
2025-26,22500207,2025-11-11,1610612751,BKN,Brooklyn Nets,BKN vs. TOR,L,109,0.395,0.341,0.969,36,24,13,-10,-10,0,team_game_log
2025-26,22500207,2025-11-11,1610612761,TOR,Toronto Raptors,TOR @ BKN,W,119,0.495,0.257,0.8,50,31,9,10,10,1,team_game_log
2025-26,22500208,2025-11-11,1610612752,NYK,New York Knicks,NYK vs. MEM,W,133,0.48,0.4,0.85,44,35,15,13,13,1,team_game_log
2025-26,22500208,2025-11-11,1610612763,MEM,Memphis Grizzlies,MEM @ NYK,L,120,0.512,0.368,0.833,44,36,22,-13,-13,0,team_game_log
2025-26,22500209,2025-11-11,1610612738,BOS,Boston Celtics,BOS @ PHI,L,100,0.391,0.342,0.789,53,23,11,-2,-2,0,team_game_log
2025-26,22500209,2025-11-11,1610612755,PHI,Philadelphia 76ers,PHI vs. BOS,W,102,0.429,0.389,0.842,44,24,9,2,2,1,team_game_log
2025-26,22500210,2025-11-11,1610612744,GSW,Golden State Warriors,GSW @ OKC,L,102,0.446,0.371,0.793,32,23,21,-24,-24,0,team_game_log
2025-26,22500210,2025-11-11,1610612760,OKC,Oklahoma City Thunder,OKC vs. GSW,W,126,0.506,0.444,0.839,40,29,20,24,24,1,team_game_log
2025-26,22500211,2025-11-11,1610612754,IND,Indiana Pacers,IND @ UTA,L,128,0.465,0.27,0.897,35,29,8,-24,-24,0,team_game_log
2025-26,22500211,2025-11-11,1610612762,UTA,Utah Jazz,UTA vs. IND,W,152,0.554,0.452,0.886,45,38,15,24,24,1,team_game_log
2025-26,22500212,2025-11-11,1610612743,DEN,Denver Nuggets,DEN @ SAC,W,122,0.512,0.394,0.778,48,24,13,14,14,1,team_game_log
2025-26,22500212,2025-11-11,1610612758,SAC,Sacramento Kings,SAC vs. DEN,L,108,0.482,0.303,0.696,35,31,10,-14,-14,0,team_game_log
2025-26,22500213,2025-11-12,1610612749,MIL,Milwaukee Bucks,MIL @ CHA,L,100,0.455,0.4,0.615,34,29,9,-11,-11,0,team_game_log
2025-26,22500213,2025-11-12,1610612766,CHA,Charlotte Hornets,CHA vs. MIL,W,111,0.442,0.3,0.852,50,27,16,11,11,1,team_game_log
2025-26,22500214,2025-11-12,1610612741,CHI,Chicago Bulls,CHI @ DET,L,113,0.477,0.364,0.679,44,21,21,-11,-11,0,team_game_log
2025-26,22500214,2025-11-12,1610612765,DET,Detroit Pistons,DET vs. CHI,W,124,0.556,0.433,0.688,44,30,19,11,11,1,team_game_log
2025-26,22500215,2025-11-12,1610612752,NYK,New York Knicks,NYK vs. ORL,L,107,0.443,0.306,0.783,37,20,14,-17,-17,0,team_game_log
2025-26,22500215,2025-11-12,1610612753,ORL,Orlando Magic,ORL @ NYK,W,124,0.488,0.364,0.848,49,29,15,17,17,1,team_game_log
2025-26,22500216,2025-11-12,1610612738,BOS,Boston Celtics,BOS vs. MEM,W,131,0.505,0.412,0.833,58,34,11,36,36,1,team_game_log
2025-26,22500216,2025-11-12,1610612763,MEM,Memphis Grizzlies,MEM @ BOS,L,95,0.337,0.233,0.808,41,25,10,-36,-36,0,team_game_log
2025-26,22500217,2025-11-12,1610612739,CLE,Cleveland Cavaliers,CLE @ MIA,W,130,0.433,0.298,0.839,49,32,13,14,14,1,team_game_log
2025-26,22500217,2025-11-12,1610612748,MIA,Miami Heat,MIA vs. CLE,L,116,0.479,0.405,0.846,44,29,21,-14,-14,0,team_game_log
2025-26,22500218,2025-11-12,1610612745,HOU,Houston Rockets,HOU vs. WAS,W,135,0.531,0.486,0.696,53,32,12,23,23,1,team_game_log
2025-26,22500218,2025-11-12,1610612764,WAS,Washington Wizards,WAS @ HOU,L,112,0.457,0.395,0.684,37,25,12,-23,-23,0,team_game_log
2025-26,22500219,2025-11-12,1610612740,NOP,New Orleans Pelicans,NOP vs. POR,L,117,0.473,0.333,0.857,35,28,10,-8,-8,0,team_game_log
2025-26,22500219,2025-11-12,1610612757,POR,Portland Trail Blazers,POR @ NOP,W,125,0.578,0.351,0.941,39,26,13,8,8,1,team_game_log
2025-26,22500220,2025-11-12,1610612744,GSW,Golden State Warriors,GSW @ SAS,W,125,0.424,0.368,0.889,40,30,16,5,5,1,team_game_log
2025-26,22500220,2025-11-12,1610612759,SAS,San Antonio Spurs,SAS vs. GSW,L,120,0.489,0.359,0.875,49,30,20,-5,-5,0,team_game_log
2025-26,22500221,2025-11-12,1610612742,DAL,Dallas Mavericks,DAL vs. PHX,L,114,0.5,0.362,0.647,45,32,21,-9,-9,0,team_game_log
2025-26,22500221,2025-11-12,1610612756,PHX,Phoenix Suns,PHX @ DAL,W,123,0.463,0.4,0.808,46,31,12,9,9,1,team_game_log
2025-26,22500222,2025-11-12,1610612747,LAL,Los Angeles Lakers,LAL @ OKC,L,92,0.403,0.314,0.679,42,19,20,-29,-29,0,team_game_log
2025-26,22500222,2025-11-12,1610612760,OKC,Oklahoma City Thunder,OKC vs. LAL,W,121,0.5,0.308,0.913,42,28,11,29,29,1,team_game_log
2025-26,22500223,2025-11-12,1610612737,ATL,Atlanta Hawks,ATL @ SAC,W,133,0.576,0.425,0.818,45,42,21,33,33,1,team_game_log
2025-26,22500223,2025-11-12,1610612758,SAC,Sacramento Kings,SAC vs. ATL,L,100,0.391,0.359,0.778,35,22,20,-33,-33,0,team_game_log
2025-26,22500224,2025-11-12,1610612743,DEN,Denver Nuggets,DEN @ LAC,W,130,0.524,0.382,0.829,42,22,12,14,14,1,team_game_log
2025-26,22500224,2025-11-12,1610612746,LAC,LA Clippers,LAC vs. DEN,L,116,0.488,0.432,0.947,36,28,15,-14,-14,0,team_game_log
2025-26,22500225,2025-11-13,1610612739,CLE,Cleveland Cavaliers,CLE vs. TOR,L,113,0.451,0.244,0.808,37,26,12,-13,-13,0,team_game_log
2025-26,22500225,2025-11-13,1610612761,TOR,Toronto Raptors,TOR @ CLE,W,126,0.557,0.387,0.941,43,37,14,13,13,1,team_game_log
2025-26,22500226,2025-11-13,1610612754,IND,Indiana Pacers,IND @ PHX,L,98,0.364,0.28,0.931,41,20,12,-35,-35,0,team_game_log
2025-26,22500226,2025-11-13,1610612756,PHX,Phoenix Suns,PHX vs. IND,W,133,0.576,0.371,0.815,43,19,11,35,35,1,team_game_log
2025-26,22500227,2025-11-13,1610612737,ATL,Atlanta Hawks,ATL @ UTA,W,132,0.511,0.511,0.727,43,36,18,10,10,1,team_game_log
2025-26,22500227,2025-11-13,1610612762,UTA,Utah Jazz,UTA vs. ATL,L,122,0.489,0.432,0.619,49,39,24,-10,-10,0,team_game_log
2025-26,22500039,2025-11-14,1610612748,MIA,Miami Heat,MIA @ NYK,L,132,0.463,0.432,0.735,46,30,11,-8,-8,0,team_game_log
2025-26,22500039,2025-11-14,1610612752,NYK,New York Knicks,NYK vs. MIA,W,140,0.462,0.396,0.793,51,32,8,8,8,1,team_game_log
2025-26,22500040,2025-11-14,1610612751,BKN,Brooklyn Nets,BKN @ ORL,L,98,0.427,0.256,0.75,34,23,7,-7,-7,0,team_game_log
2025-26,22500040,2025-11-14,1610612753,ORL,Orlando Magic,ORL vs. BKN,W,105,0.462,0.385,0.857,46,21,19,7,7,1,team_game_log
2025-26,22500041,2025-11-14,1610612755,PHI,Philadelphia 76ers,PHI @ DET,L,105,0.433,0.359,0.867,46,19,15,-9,-9,0,team_game_log
2025-26,22500041,2025-11-14,1610612765,DET,Detroit Pistons,DET vs. PHI,W,114,0.446,0.415,0.833,46,32,14,9,9,1,team_game_log
2025-26,22500042,2025-11-14,1610612745,HOU,Houston Rockets,HOU vs. POR,W,140,0.5,0.378,0.85,49,26,6,24,24,1,team_game_log
2025-26,22500042,2025-11-14,1610612757,POR,Portland Trail Blazers,POR @ HOU,L,116,0.472,0.361,0.704,44,18,20,-24,-24,0,team_game_log
2025-26,22500043,2025-11-14,1610612749,MIL,Milwaukee Bucks,MIL vs. CHA,W,147,0.647,0.588,0.773,39,37,22,13,13,1,team_game_log
2025-26,22500043,2025-11-14,1610612766,CHA,Charlotte Hornets,CHA @ MIL,L,134,0.48,0.378,0.793,39,31,13,-13,-13,0,team_game_log
2025-26,22500044,2025-11-14,1610612750,MIN,Minnesota Timberwolves,MIN vs. SAC,W,124,0.488,0.324,0.7,51,28,18,14,14,1,team_game_log
2025-26,22500044,2025-11-14,1610612758,SAC,Sacramento Kings,SAC @ MIN,L,110,0.441,0.364,0.593,44,32,15,-14,-14,0,team_game_log
2025-26,22500045,2025-11-14,1610612740,NOP,New Orleans Pelicans,NOP vs. LAL,L,104,0.438,0.353,0.778,42,24,20,-14,-14,0,team_game_log
2025-26,22500045,2025-11-14,1610612747,LAL,Los Angeles Lakers,LAL @ NOP,W,118,0.524,0.294,0.769,45,28,18,14,14,1,team_game_log
2025-26,22500046,2025-11-14,1610612742,DAL,Dallas Mavericks,DAL vs. LAC,L,127,0.444,0.278,0.763,50,18,25,-6,-6,0,team_game_log
2025-26,22500046,2025-11-14,1610612746,LAC,LA Clippers,LAC @ DAL,W,133,0.474,0.31,0.833,45,22,23,6,6,1,team_game_log
2025-26,22500047,2025-11-14,1610612744,GSW,Golden State Warriors,GSW @ SAS,W,109,0.422,0.378,0.889,39,18,15,1,1,1,team_game_log
2025-26,22500047,2025-11-14,1610612759,SAS,San Antonio Spurs,SAS vs. GSW,L,108,0.459,0.368,0.842,47,28,21,-1,-1,0,team_game_log
2025-26,22500228,2025-11-15,1610612739,CLE,Cleveland Cavaliers,CLE vs. MEM,W,108,0.458,0.325,0.655,49,24,21,8,8,1,team_game_log
2025-26,22500228,2025-11-15,1610612763,MEM,Memphis Grizzlies,MEM @ CLE,L,100,0.36,0.281,0.725,46,21,15,-8,-8,0,team_game_log
2025-26,22500229,2025-11-15,1610612760,OKC,Oklahoma City Thunder,OKC @ CHA,W,109,0.506,0.478,0.8,50,26,14,13,13,1,team_game_log
2025-26,22500229,2025-11-15,1610612766,CHA,Charlotte Hornets,CHA vs. OKC,L,96,0.385,0.381,0.857,42,23,15,-13,-13,0,team_game_log
2025-26,22500230,2025-11-15,1610612754,IND,Indiana Pacers,IND vs. TOR,L,111,0.425,0.349,0.815,40,22,16,-18,-18,0,team_game_log
2025-26,22500230,2025-11-15,1610612761,TOR,Toronto Raptors,TOR @ IND,W,129,0.552,0.233,0.619,46,29,14,18,18,1,team_game_log
2025-26,22500231,2025-11-15,1610612747,LAL,Los Angeles Lakers,LAL @ MIL,W,119,0.494,0.394,0.909,47,23,17,24,24,1,team_game_log
2025-26,22500231,2025-11-15,1610612749,MIL,Milwaukee Bucks,MIL vs. LAL,L,95,0.4,0.385,0.667,39,20,17,-24,-24,0,team_game_log
2025-26,22500232,2025-11-15,1610612743,DEN,Denver Nuggets,DEN @ MIN,W,123,0.47,0.483,0.816,47,29,13,11,11,1,team_game_log
2025-26,22500232,2025-11-15,1610612750,MIN,Minnesota Timberwolves,MIN vs. DEN,L,112,0.466,0.294,0.87,40,23,13,-11,-11,0,team_game_log
2025-26,22500233,2025-11-16,1610612738,BOS,Boston Celtics,BOS vs. LAC,W,121,0.447,0.41,0.765,49,26,6,3,3,1,team_game_log
2025-26,22500233,2025-11-16,1610612746,LAC,LA Clippers,LAC @ BOS,L,118,0.469,0.4,0.933,44,23,14,-3,-3,0,team_game_log
2025-26,22500234,2025-11-16,1610612758,SAC,Sacramento Kings,SAC @ SAS,L,110,0.471,0.364,0.727,37,25,12,-13,-13,0,team_game_log
2025-26,22500234,2025-11-16,1610612759,SAS,San Antonio Spurs,SAS vs. SAC,W,123,0.54,0.368,0.833,46,38,15,13,13,1,team_game_log
2025-26,22500235,2025-11-16,1610612751,BKN,Brooklyn Nets,BKN @ WAS,W,129,0.532,0.415,0.8,44,32,15,23,23,1,team_game_log
2025-26,22500235,2025-11-16,1610612764,WAS,Washington Wizards,WAS vs. BKN,L,106,0.44,0.353,0.909,33,21,12,-23,-23,0,team_game_log
2025-26,22500236,2025-11-16,1610612745,HOU,Houston Rockets,HOU vs. ORL,W,117,0.42,0.4,0.862,60,19,15,4,4,1,team_game_log
2025-26,22500236,2025-11-16,1610612753,ORL,Orlando Magic,ORL @ HOU,L,113,0.418,0.324,0.735,38,21,8,-4,-4,0,team_game_log
2025-26,22500237,2025-11-16,1610612740,NOP,New Orleans Pelicans,NOP vs. GSW,L,106,0.458,0.276,0.759,45,22,21,-18,-18,0,team_game_log
2025-26,22500237,2025-11-16,1610612744,GSW,Golden State Warriors,GSW @ NOP,W,124,0.457,0.429,0.824,47,34,21,18,18,1,team_game_log
2025-26,22500238,2025-11-16,1610612742,DAL,Dallas Mavericks,DAL vs. POR,W,138,0.505,0.441,0.675,47,33,15,5,5,1,team_game_log
2025-26,22500238,2025-11-16,1610612757,POR,Portland Trail Blazers,POR @ DAL,L,133,0.407,0.298,0.844,53,26,12,-5,-5,0,team_game_log
2025-26,22500239,2025-11-16,1610612737,ATL,Atlanta Hawks,ATL @ PHX,W,124,0.529,0.326,0.833,34,35,17,2,2,1,team_game_log
2025-26,22500239,2025-11-16,1610612756,PHX,Phoenix Suns,PHX vs. ATL,L,122,0.485,0.333,0.947,47,23,17,-2,-2,0,team_game_log
2025-26,22500240,2025-11-16,1610612741,CHI,Chicago Bulls,CHI @ UTA,L,147,0.454,0.38,0.938,60,38,17,-3,-3,0,team_game_log
2025-26,22500240,2025-11-16,1610612762,UTA,Utah Jazz,UTA vs. CHI,W,150,0.441,0.367,0.829,53,29,9,3,3,1,team_game_log
2025-26,22500241,2025-11-17,1610612739,CLE,Cleveland Cavaliers,CLE vs. MIL,W,118,0.557,0.429,0.714,45,25,18,12,12,1,team_game_log
2025-26,22500241,2025-11-17,1610612749,MIL,Milwaukee Bucks,MIL @ CLE,L,106,0.419,0.472,0.733,34,26,15,-12,-12,0,team_game_log
2025-26,22500242,2025-11-17,1610612754,IND,Indiana Pacers,IND @ DET,L,112,0.417,0.29,0.733,43,19,21,-15,-15,0,team_game_log
2025-26,22500242,2025-11-17,1610612765,DET,Detroit Pistons,DET vs. IND,W,127,0.545,0.257,0.733,43,29,17,15,15,1,team_game_log
2025-26,22500243,2025-11-17,1610612746,LAC,LA Clippers,LAC @ PHI,L,108,0.402,0.308,0.963,45,18,10,-2,-2,0,team_game_log
2025-26,22500243,2025-11-17,1610612755,PHI,Philadelphia 76ers,PHI vs. LAC,W,110,0.464,0.333,0.7,46,26,9,2,2,1,team_game_log
2025-26,22500244,2025-11-17,1610612748,MIA,Miami Heat,MIA vs. NYK,W,115,0.446,0.4,0.846,40,29,14,2,2,1,team_game_log
2025-26,22500244,2025-11-17,1610612752,NYK,New York Knicks,NYK @ MIA,L,113,0.457,0.25,0.75,48,23,17,-2,-2,0,team_game_log
2025-26,22500245,2025-11-17,1610612761,TOR,Toronto Raptors,TOR vs. CHA,W,110,0.5,0.4,0.75,43,25,17,2,2,1,team_game_log
2025-26,22500245,2025-11-17,1610612766,CHA,Charlotte Hornets,CHA @ TOR,L,108,0.425,0.25,0.8,48,19,16,-2,-2,0,team_game_log
2025-26,22500246,2025-11-17,1610612742,DAL,Dallas Mavericks,DAL @ MIN,L,96,0.4,0.3,0.613,43,13,20,-24,-24,0,team_game_log
2025-26,22500246,2025-11-17,1610612750,MIN,Minnesota Timberwolves,MIN vs. DAL,W,120,0.454,0.318,0.72,59,27,17,24,24,1,team_game_log
2025-26,22500247,2025-11-17,1610612740,NOP,New Orleans Pelicans,NOP vs. OKC,L,109,0.488,0.429,0.867,35,21,22,-17,-17,0,team_game_log
2025-26,22500247,2025-11-17,1610612760,OKC,Oklahoma City Thunder,OKC @ NOP,W,126,0.494,0.405,0.821,38,30,18,17,17,1,team_game_log
2025-26,22500248,2025-11-17,1610612741,CHI,Chicago Bulls,CHI @ DEN,W,130,0.471,0.358,0.789,53,31,9,3,3,1,team_game_log
2025-26,22500248,2025-11-17,1610612743,DEN,Denver Nuggets,DEN vs. CHI,L,127,0.474,0.389,0.84,53,21,8,-3,-3,0,team_game_log
2025-26,22500249,2025-11-18,1610612744,GSW,Golden State Warriors,GSW @ ORL,L,113,0.5,0.361,0.786,36,26,18,-8,-8,0,team_game_log
2025-26,22500249,2025-11-18,1610612753,ORL,Orlando Magic,ORL vs. GSW,W,121,0.506,0.25,0.931,43,28,14,8,8,1,team_game_log
2025-26,22500250,2025-11-18,1610612738,BOS,Boston Celtics,BOS @ BKN,W,113,0.493,0.452,0.769,49,25,20,14,14,1,team_game_log
2025-26,22500250,2025-11-18,1610612751,BKN,Brooklyn Nets,BKN vs. BOS,L,99,0.402,0.368,0.704,39,25,14,-14,-14,0,team_game_log
2025-26,22500251,2025-11-18,1610612737,ATL,Atlanta Hawks,ATL vs. DET,L,112,0.483,0.341,0.867,35,31,19,-8,-8,0,team_game_log
2025-26,22500251,2025-11-18,1610612765,DET,Detroit Pistons,DET @ ATL,W,120,0.542,0.323,0.833,39,28,15,8,8,1,team_game_log
2025-26,22500252,2025-11-18,1610612759,SAS,San Antonio Spurs,SAS vs. MEM,W,111,0.483,0.381,0.846,38,23,9,10,10,1,team_game_log
2025-26,22500252,2025-11-18,1610612763,MEM,Memphis Grizzlies,MEM @ SAS,L,101,0.404,0.308,0.556,59,30,14,-10,-10,0,team_game_log
2025-26,22500253,2025-11-18,1610612747,LAL,Los Angeles Lakers,LAL vs. UTA,W,140,0.595,0.344,0.725,41,31,17,14,14,1,team_game_log
2025-26,22500253,2025-11-18,1610612762,UTA,Utah Jazz,UTA @ LAL,L,126,0.522,0.289,0.944,33,33,18,-14,-14,0,team_game_log
2025-26,22500254,2025-11-18,1610612756,PHX,Phoenix Suns,PHX @ POR,W,127,0.48,0.35,0.864,46,24,18,17,17,1,team_game_log
2025-26,22500254,2025-11-18,1610612757,POR,Portland Trail Blazers,POR vs. PHX,L,110,0.433,0.244,0.8,43,24,20,-17,-17,0,team_game_log
2025-26,22500255,2025-11-19,1610612739,CLE,Cleveland Cavaliers,CLE vs. HOU,L,104,0.444,0.308,0.625,39,20,12,-10,-10,0,team_game_log
2025-26,22500255,2025-11-19,1610612745,HOU,Houston Rockets,HOU @ CLE,W,114,0.456,0.375,0.852,51,23,13,10,10,1,team_game_log
2025-26,22500256,2025-11-19,1610612754,IND,Indiana Pacers,IND vs. CHA,W,127,0.541,0.421,0.826,43,32,16,9,9,1,team_game_log
2025-26,22500256,2025-11-19,1610612766,CHA,Charlotte Hornets,CHA @ IND,L,118,0.402,0.289,0.864,48,28,13,-9,-9,0,team_game_log
2025-26,22500257,2025-11-19,1610612744,GSW,Golden State Warriors,GSW @ MIA,L,96,0.358,0.265,0.75,62,24,23,-14,-14,0,team_game_log
2025-26,22500257,2025-11-19,1610612748,MIA,Miami Heat,MIA vs. GSW,W,110,0.406,0.371,0.731,52,30,14,14,14,1,team_game_log
2025-26,22500258,2025-11-19,1610612755,PHI,Philadelphia 76ers,PHI vs. TOR,L,112,0.471,0.4,0.889,41,24,21,-9,-9,0,team_game_log
2025-26,22500258,2025-11-19,1610612761,TOR,Toronto Raptors,TOR @ PHI,W,121,0.536,0.379,0.833,31,33,15,9,9,1,team_game_log
2025-26,22500259,2025-11-19,1610612750,MIN,Minnesota Timberwolves,MIN vs. WAS,W,120,0.447,0.342,0.719,50,28,10,11,11,1,team_game_log
2025-26,22500259,2025-11-19,1610612764,WAS,Washington Wizards,WAS @ MIN,L,109,0.489,0.438,0.75,43,25,17,-11,-11,0,team_game_log
2025-26,22500260,2025-11-19,1610612740,NOP,New Orleans Pelicans,NOP vs. DEN,L,118,0.449,0.206,0.742,44,25,12,-7,-7,0,team_game_log
2025-26,22500260,2025-11-19,1610612743,DEN,Denver Nuggets,DEN @ NOP,W,125,0.554,0.355,0.815,41,35,20,7,7,1,team_game_log
2025-26,22500261,2025-11-19,1610612758,SAC,Sacramento Kings,SAC @ OKC,L,99,0.442,0.286,0.652,45,21,18,-14,-14,0,team_game_log
2025-26,22500261,2025-11-19,1610612760,OKC,Oklahoma City Thunder,OKC vs. SAC,W,113,0.466,0.263,0.913,45,22,16,14,14,1,team_game_log
2025-26,22500262,2025-11-19,1610612742,DAL,Dallas Mavericks,DAL vs. NYK,L,111,0.412,0.364,0.833,50,23,18,-2,-2,0,team_game_log
2025-26,22500262,2025-11-19,1610612752,NYK,New York Knicks,NYK @ DAL,W,113,0.441,0.286,0.543,49,27,9,2,2,1,team_game_log
2025-26,22500263,2025-11-19,1610612741,CHI,Chicago Bulls,CHI @ POR,W,122,0.479,0.429,0.643,38,36,16,1,1,1,team_game_log
2025-26,22500263,2025-11-19,1610612757,POR,Portland Trail Blazers,POR vs. CHI,L,121,0.411,0.286,0.656,64,27,16,-1,-1,0,team_game_log
2025-26,22500264,2025-11-20,1610612746,LAC,LA Clippers,LAC @ ORL,L,101,0.404,0.389,0.789,43,20,21,-28,-28,0,team_game_log
2025-26,22500264,2025-11-20,1610612753,ORL,Orlando Magic,ORL vs. LAC,W,129,0.479,0.529,0.875,51,32,11,28,28,1,team_game_log
2025-26,22500265,2025-11-20,1610612758,SAC,Sacramento Kings,SAC @ MEM,L,96,0.463,0.333,0.733,32,24,17,-41,-41,0,team_game_log
2025-26,22500265,2025-11-20,1610612763,MEM,Memphis Grizzlies,MEM vs. SAC,W,137,0.505,0.315,0.769,49,42,8,41,41,1,team_game_log
2025-26,22500266,2025-11-20,1610612749,MIL,Milwaukee Bucks,MIL vs. PHI,L,114,0.489,0.389,0.769,42,30,14,-9,-9,0,team_game_log
2025-26,22500266,2025-11-20,1610612755,PHI,Philadelphia 76ers,PHI @ MIL,W,123,0.433,0.34,0.808,52,30,14,9,9,1,team_game_log
2025-26,22500267,2025-11-20,1610612737,ATL,Atlanta Hawks,ATL @ SAS,L,126,0.563,0.541,0.615,39,30,16,-9,-9,0,team_game_log
2025-26,22500267,2025-11-20,1610612759,SAS,San Antonio Spurs,SAS vs. ATL,W,135,0.527,0.425,0.733,43,34,11,9,9,1,team_game_log
2025-26,22500048,2025-11-21,1610612739,CLE,Cleveland Cavaliers,CLE vs. IND,W,120,0.483,0.371,0.778,52,28,14,11,11,1,team_game_log
2025-26,22500048,2025-11-21,1610612754,IND,Indiana Pacers,IND @ CLE,L,109,0.42,0.297,0.923,43,25,13,-11,-11,0,team_game_log
2025-26,22500049,2025-11-21,1610612738,BOS,Boston Celtics,BOS vs. BKN,L,105,0.467,0.324,0.714,44,24,13,-8,-8,0,team_game_log
2025-26,22500049,2025-11-21,1610612751,BKN,Brooklyn Nets,BKN @ BOS,W,113,0.524,0.394,0.667,41,31,14,8,8,1,team_game_log
2025-26,22500050,2025-11-21,1610612761,TOR,Toronto Raptors,TOR vs. WAS,W,140,0.578,0.5,0.769,48,36,15,30,30,1,team_game_log
2025-26,22500050,2025-11-21,1610612764,WAS,Washington Wizards,WAS @ TOR,L,110,0.453,0.293,0.833,29,26,18,-30,-30,0,team_game_log
2025-26,22500051,2025-11-21,1610612741,CHI,Chicago Bulls,CHI vs. MIA,L,107,0.411,0.279,0.75,39,26,18,-36,-36,0,team_game_log
2025-26,22500051,2025-11-21,1610612748,MIA,Miami Heat,MIA @ CHI,W,143,0.47,0.368,0.795,53,35,10,36,36,1,team_game_log
2025-26,22500052,2025-11-21,1610612740,NOP,New Orleans Pelicans,NOP @ DAL,L,115,0.462,0.259,0.774,42,25,13,-3,-3,0,team_game_log
2025-26,22500052,2025-11-21,1610612742,DAL,Dallas Mavericks,DAL vs. NOP,W,118,0.476,0.372,0.786,47,30,20,3,3,1,team_game_log
2025-26,22500053,2025-11-21,1610612750,MIN,Minnesota Timberwolves,MIN @ PHX,L,113,0.453,0.324,0.697,37,18,22,-1,-1,0,team_game_log
2025-26,22500053,2025-11-21,1610612756,PHX,Phoenix Suns,PHX vs. MIN,W,114,0.481,0.452,0.759,45,25,28,1,1,1,team_game_log
2025-26,22500054,2025-11-21,1610612743,DEN,Denver Nuggets,DEN @ HOU,W,112,0.526,0.379,0.778,38,28,15,3,3,1,team_game_log
2025-26,22500054,2025-11-21,1610612745,HOU,Houston Rockets,HOU vs. DEN,L,109,0.441,0.389,0.65,41,21,16,-3,-3,0,team_game_log
2025-26,22500055,2025-11-21,1610612760,OKC,Oklahoma City Thunder,OKC @ UTA,W,144,0.614,0.622,0.76,26,36,14,32,32,1,team_game_log
2025-26,22500055,2025-11-21,1610612762,UTA,Utah Jazz,UTA vs. OKC,L,112,0.481,0.421,0.833,39,30,28,-32,-32,0,team_game_log
2025-26,22500056,2025-11-21,1610612744,GSW,Golden State Warriors,GSW vs. POR,L,123,0.482,0.395,0.867,32,29,14,-4,-4,0,team_game_log
2025-26,22500056,2025-11-21,1610612757,POR,Portland Trail Blazers,POR @ GSW,W,127,0.477,0.356,0.844,52,31,21,4,4,1,team_game_log
2025-26,22500268,2025-11-22,1610612746,LAC,LA Clippers,LAC @ CHA,W,131,0.511,0.442,0.833,41,30,10,15,15,1,team_game_log
2025-26,22500268,2025-11-22,1610612766,CHA,Charlotte Hornets,CHA vs. LAC,L,116,0.482,0.306,0.885,38,24,11,-15,-15,0,team_game_log
2025-26,22500269,2025-11-22,1610612752,NYK,New York Knicks,NYK @ ORL,L,121,0.544,0.351,0.786,36,28,17,-12,-12,0,team_game_log
2025-26,22500269,2025-11-22,1610612753,ORL,Orlando Magic,ORL vs. NYK,W,133,0.553,0.394,0.867,36,28,14,12,12,1,team_game_log
2025-26,22500270,2025-11-22,1610612737,ATL,Atlanta Hawks,ATL @ NOP,W,115,0.467,0.37,0.737,42,28,7,17,17,1,team_game_log
2025-26,22500270,2025-11-22,1610612740,NOP,New Orleans Pelicans,NOP vs. ATL,L,98,0.417,0.296,0.833,48,21,18,-17,-17,0,team_game_log
2025-26,22500271,2025-11-22,1610612741,CHI,Chicago Bulls,CHI vs. WAS,W,121,0.42,0.273,0.833,54,26,10,1,1,1,team_game_log
2025-26,22500271,2025-11-22,1610612764,WAS,Washington Wizards,WAS @ CHI,L,120,0.458,0.444,0.8,55,33,15,-1,-1,0,team_game_log
2025-26,22500272,2025-11-22,1610612749,MIL,Milwaukee Bucks,MIL vs. DET,L,116,0.512,0.465,0.833,35,29,17,-13,-13,0,team_game_log
2025-26,22500272,2025-11-22,1610612765,DET,Detroit Pistons,DET @ MIL,W,129,0.628,0.533,0.625,32,31,14,13,13,1,team_game_log
2025-26,22500273,2025-11-22,1610612742,DAL,Dallas Mavericks,DAL vs. MEM,L,96,0.385,0.333,0.875,41,19,10,-6,-6,0,team_game_log
2025-26,22500273,2025-11-22,1610612763,MEM,Memphis Grizzlies,MEM @ DAL,W,102,0.402,0.258,0.833,61,26,13,6,6,1,team_game_log
2025-26,22500274,2025-11-22,1610612743,DEN,Denver Nuggets,DEN vs. SAC,L,123,0.489,0.378,0.826,38,28,13,-5,-5,0,team_game_log
2025-26,22500274,2025-11-22,1610612758,SAC,Sacramento Kings,SAC @ DEN,W,128,0.527,0.333,0.957,37,32,7,5,5,1,team_game_log
2025-26,22500275,2025-11-23,1610612748,MIA,Miami Heat,MIA @ PHI,W,127,0.49,0.344,0.667,58,32,13,10,10,1,team_game_log
2025-26,22500275,2025-11-23,1610612755,PHI,Philadelphia 76ers,PHI vs. MIA,L,117,0.449,0.341,0.789,47,28,15,-10,-10,0,team_game_log
2025-26,22500276,2025-11-23,1610612737,ATL,Atlanta Hawks,ATL vs. CHA,W,113,0.495,0.355,0.75,37,32,9,3,3,1,team_game_log
2025-26,22500276,2025-11-23,1610612766,CHA,Charlotte Hornets,CHA @ ATL,L,110,0.453,0.318,0.9,43,26,16,-3,-3,0,team_game_log
2025-26,22500277,2025-11-23,1610612738,BOS,Boston Celtics,BOS vs. ORL,W,138,0.602,0.455,0.773,37,29,5,9,9,1,team_game_log
2025-26,22500277,2025-11-23,1610612753,ORL,Orlando Magic,ORL @ BOS,L,129,0.47,0.421,0.792,44,33,8,-9,-9,0,team_game_log
2025-26,22500278,2025-11-23,1610612739,CLE,Cleveland Cavaliers,CLE vs. LAC,W,120,0.517,0.378,0.65,41,28,14,15,15,1,team_game_log
2025-26,22500278,2025-11-23,1610612746,LAC,LA Clippers,LAC @ CLE,L,105,0.463,0.308,0.885,40,23,16,-15,-15,0,team_game_log
2025-26,22500279,2025-11-23,1610612751,BKN,Brooklyn Nets,BKN @ TOR,L,109,0.467,0.353,0.871,40,23,19,-10,-10,0,team_game_log
2025-26,22500279,2025-11-23,1610612761,TOR,Toronto Raptors,TOR vs. BKN,W,119,0.464,0.5,0.897,32,30,9,10,10,1,team_game_log
2025-26,22500280,2025-11-23,1610612757,POR,Portland Trail Blazers,POR @ OKC,L,95,0.37,0.255,0.714,45,18,17,-27,-27,0,team_game_log
2025-26,22500280,2025-11-23,1610612760,OKC,Oklahoma City Thunder,OKC vs. POR,W,122,0.529,0.417,0.739,49,33,14,27,27,1,team_game_log
2025-26,22500281,2025-11-23,1610612756,PHX,Phoenix Suns,PHX vs. SAS,W,111,0.443,0.368,0.688,43,27,6,9,9,1,team_game_log
2025-26,22500281,2025-11-23,1610612759,SAS,San Antonio Spurs,SAS @ PHX,L,102,0.416,0.294,0.824,50,17,19,-9,-9,0,team_game_log
2025-26,22500282,2025-11-23,1610612747,LAL,Los Angeles Lakers,LAL @ UTA,W,108,0.442,0.263,0.815,45,23,14,2,2,1,team_game_log
2025-26,22500282,2025-11-23,1610612762,UTA,Utah Jazz,UTA vs. LAL,L,106,0.426,0.325,0.722,45,27,14,-2,-2,0,team_game_log
2025-26,22500283,2025-11-24,1610612754,IND,Indiana Pacers,IND vs. DET,L,117,0.476,0.419,0.765,30,22,13,-5,-5,0,team_game_log
2025-26,22500283,2025-11-24,1610612765,DET,Detroit Pistons,DET @ IND,W,122,0.5,0.36,0.784,45,24,17,5,5,1,team_game_log
2025-26,22500284,2025-11-24,1610612739,CLE,Cleveland Cavaliers,CLE @ TOR,L,99,0.414,0.292,1.0,37,27,12,-11,-11,0,team_game_log
2025-26,22500284,2025-11-24,1610612761,TOR,Toronto Raptors,TOR vs. CLE,W,110,0.489,0.278,0.667,51,28,16,11,11,1,team_game_log
2025-26,22500285,2025-11-24,1610612751,BKN,Brooklyn Nets,BKN vs. NYK,L,100,0.379,0.292,0.714,44,19,10,-13,-13,0,team_game_log
2025-26,22500285,2025-11-24,1610612752,NYK,New York Knicks,NYK @ BKN,W,113,0.511,0.343,0.786,43,28,8,13,13,1,team_game_log
2025-26,22500286,2025-11-24,1610612742,DAL,Dallas Mavericks,DAL @ MIA,L,102,0.392,0.3,0.875,50,22,16,-4,-4,0,team_game_log
2025-26,22500286,2025-11-24,1610612748,MIA,Miami Heat,MIA vs. DAL,W,106,0.447,0.185,0.708,53,22,14,4,4,1,team_game_log
2025-26,22500287,2025-11-24,1610612743,DEN,Denver Nuggets,DEN @ MEM,W,125,0.505,0.512,0.786,46,32,14,10,10,1,team_game_log
2025-26,22500287,2025-11-24,1610612763,MEM,Memphis Grizzlies,MEM vs. DEN,L,115,0.462,0.34,0.867,40,33,11,-10,-10,0,team_game_log
2025-26,22500288,2025-11-24,1610612749,MIL,Milwaukee Bucks,MIL vs. POR,L,103,0.442,0.351,0.778,39,22,13,-12,-12,0,team_game_log
2025-26,22500288,2025-11-24,1610612757,POR,Portland Trail Blazers,POR @ MIL,W,115,0.456,0.419,0.758,48,24,16,12,12,1,team_game_log
2025-26,22500289,2025-11-24,1610612740,NOP,New Orleans Pelicans,NOP vs. CHI,W,143,0.51,0.371,0.686,55,28,14,13,13,1,team_game_log
2025-26,22500289,2025-11-24,1610612741,CHI,Chicago Bulls,CHI @ NOP,L,130,0.524,0.4,0.75,33,29,17,-13,-13,0,team_game_log
2025-26,22500290,2025-11-24,1610612745,HOU,Houston Rockets,HOU @ PHX,W,114,0.489,0.419,0.882,41,26,16,22,22,1,team_game_log
2025-26,22500290,2025-11-24,1610612756,PHX,Phoenix Suns,PHX vs. HOU,L,92,0.413,0.351,0.684,39,11,21,-22,-22,0,team_game_log
2025-26,22500291,2025-11-24,1610612744,GSW,Golden State Warriors,GSW vs. UTA,W,134,0.49,0.365,0.722,50,34,10,17,17,1,team_game_log
2025-26,22500291,2025-11-24,1610612762,UTA,Utah Jazz,UTA @ GSW,L,117,0.475,0.306,0.667,47,32,14,-17,-17,0,team_game_log
2025-26,22500292,2025-11-24,1610612750,MIN,Minnesota Timberwolves,MIN @ SAC,L,112,0.412,0.31,0.864,55,21,16,-5,-5,0,team_game_log
2025-26,22500292,2025-11-24,1610612758,SAC,Sacramento Kings,SAC vs. MIN,W,117,0.433,0.269,0.929,49,27,12,5,5,1,team_game_log
2025-26,22500057,2025-11-25,1610612737,ATL,Atlanta Hawks,ATL @ WAS,L,113,0.453,0.349,0.75,44,33,19,-19,-19,0,team_game_log
2025-26,22500057,2025-11-25,1610612764,WAS,Washington Wizards,WAS vs. ATL,W,132,0.571,0.5,0.654,36,30,13,19,19,1,team_game_log
2025-26,22500058,2025-11-25,1610612753,ORL,Orlando Magic,ORL @ PHI,W,144,0.535,0.382,0.821,47,38,12,41,41,1,team_game_log
2025-26,22500058,2025-11-25,1610612755,PHI,Philadelphia 76ers,PHI vs. ORL,L,103,0.451,0.36,0.909,38,22,21,-41,-41,0,team_game_log
2025-26,22500059,2025-11-25,1610612746,LAC,LA Clippers,LAC @ LAL,L,118,0.519,0.371,0.875,29,24,16,-17,-17,0,team_game_log
2025-26,22500059,2025-11-25,1610612747,LAL,Los Angeles Lakers,LAL vs. LAC,W,135,0.575,0.448,0.846,38,29,11,17,17,1,team_game_log
2025-26,22500060,2025-11-26,1610612738,BOS,Boston Celtics,BOS vs. DET,W,117,0.437,0.465,0.875,44,24,13,3,3,1,team_game_log
2025-26,22500060,2025-11-26,1610612765,DET,Detroit Pistons,DET @ BOS,L,114,0.398,0.306,0.806,56,20,13,-3,-3,0,team_game_log
2025-26,22500061,2025-11-26,1610612752,NYK,New York Knicks,NYK @ CHA,W,129,0.568,0.52,0.889,41,26,15,28,28,1,team_game_log
2025-26,22500061,2025-11-26,1610612766,CHA,Charlotte Hornets,CHA vs. NYK,L,101,0.412,0.302,0.75,35,15,17,-28,-28,0,team_game_log
2025-26,22500062,2025-11-26,1610612748,MIA,Miami Heat,MIA vs. MIL,W,106,0.459,0.278,0.9,47,32,14,3,3,1,team_game_log
2025-26,22500062,2025-11-26,1610612749,MIL,Milwaukee Bucks,MIL @ MIA,L,103,0.421,0.333,0.643,47,31,14,-3,-3,0,team_game_log
2025-26,22500063,2025-11-26,1610612754,IND,Indiana Pacers,IND @ TOR,L,95,0.449,0.333,0.609,43,20,18,-2,-2,0,team_game_log
2025-26,22500063,2025-11-26,1610612761,TOR,Toronto Raptors,TOR vs. IND,W,97,0.389,0.192,0.815,48,18,13,2,2,1,team_game_log
2025-26,22500064,2025-11-26,1610612750,MIN,Minnesota Timberwolves,MIN @ OKC,L,105,0.413,0.459,0.595,44,25,16,-8,-8,0,team_game_log
2025-26,22500064,2025-11-26,1610612760,OKC,Oklahoma City Thunder,OKC vs. MIN,W,113,0.475,0.269,0.789,39,19,9,8,8,1,team_game_log
2025-26,22500065,2025-11-26,1610612740,NOP,New Orleans Pelicans,NOP vs. MEM,L,128,0.495,0.422,0.9,40,34,15,-5,-5,0,team_game_log
2025-26,22500065,2025-11-26,1610612763,MEM,Memphis Grizzlies,MEM @ NOP,W,133,0.536,0.459,0.857,49,38,16,5,5,1,team_game_log
2025-26,22500066,2025-11-26,1610612744,GSW,Golden State Warriors,GSW vs. HOU,L,100,0.427,0.279,0.857,47,25,16,-4,-4,0,team_game_log
2025-26,22500066,2025-11-26,1610612745,HOU,Houston Rockets,HOU @ GSW,W,104,0.394,0.282,0.625,53,24,10,4,4,1,team_game_log
2025-26,22500067,2025-11-26,1610612757,POR,Portland Trail Blazers,POR vs. SAS,L,102,0.425,0.25,0.633,48,21,18,-13,-13,0,team_game_log
2025-26,22500067,2025-11-26,1610612759,SAS,San Antonio Spurs,SAS @ POR,W,115,0.406,0.333,0.88,57,17,9,13,13,1,team_game_log
2025-26,22500068,2025-11-26,1610612756,PHX,Phoenix Suns,PHX @ SAC,W,112,0.462,0.333,0.7,47,25,17,12,12,1,team_game_log
2025-26,22500068,2025-11-26,1610612758,SAC,Sacramento Kings,SAC vs. PHX,L,100,0.465,0.353,0.8,41,20,19,-12,-12,0,team_game_log
2025-26,22500069,2025-11-28,1610612737,ATL,Atlanta Hawks,ATL vs. CLE,W,130,0.527,0.372,0.692,38,36,14,7,7,1,team_game_log
2025-26,22500069,2025-11-28,1610612739,CLE,Cleveland Cavaliers,CLE @ ATL,L,123,0.463,0.436,0.9,48,29,17,-7,-7,0,team_game_log
2025-26,22500070,2025-11-28,1610612751,BKN,Brooklyn Nets,BKN vs. PHI,L,103,0.4,0.302,0.846,41,21,18,-12,-12,0,team_game_log
2025-26,22500070,2025-11-28,1610612755,PHI,Philadelphia 76ers,PHI @ BKN,W,115,0.489,0.297,0.9,41,28,12,12,12,1,team_game_log
2025-26,22500071,2025-11-28,1610612741,CHI,Chicago Bulls,CHI @ CHA,L,116,0.474,0.222,0.8,44,31,11,-7,-7,0,team_game_log
2025-26,22500071,2025-11-28,1610612766,CHA,Charlotte Hornets,CHA vs. CHI,W,123,0.454,0.333,0.833,46,28,14,7,7,1,team_game_log
2025-26,22500072,2025-11-28,1610612753,ORL,Orlando Magic,ORL @ DET,W,112,0.412,0.167,0.844,44,14,14,3,3,1,team_game_log
2025-26,22500072,2025-11-28,1610612765,DET,Detroit Pistons,DET vs. ORL,L,109,0.44,0.393,0.774,49,22,24,-3,-3,0,team_game_log
2025-26,22500073,2025-11-28,1610612754,IND,Indiana Pacers,IND vs. WAS,W,119,0.522,0.382,0.769,50,27,16,33,33,1,team_game_log
2025-26,22500073,2025-11-28,1610612764,WAS,Washington Wizards,WAS @ IND,L,86,0.393,0.219,0.65,42,18,17,-33,-33,0,team_game_log
2025-26,22500074,2025-11-28,1610612749,MIL,Milwaukee Bucks,MIL @ NYK,L,109,0.521,0.439,0.68,35,24,15,-9,-9,0,team_game_log
2025-26,22500074,2025-11-28,1610612752,NYK,New York Knicks,NYK vs. MIL,W,118,0.452,0.412,0.848,44,25,13,9,9,1,team_game_log
2025-26,22500075,2025-11-28,1610612756,PHX,Phoenix Suns,PHX @ OKC,L,119,0.457,0.341,0.833,51,20,20,-4,-4,0,team_game_log
2025-26,22500075,2025-11-28,1610612760,OKC,Oklahoma City Thunder,OKC vs. PHX,W,123,0.483,0.469,0.857,37,27,10,4,4,1,team_game_log
2025-26,22500076,2025-11-28,1610612743,DEN,Denver Nuggets,DEN vs. SAS,L,136,0.527,0.41,0.8,44,27,17,-3,-3,0,team_game_log
2025-26,22500076,2025-11-28,1610612759,SAS,San Antonio Spurs,SAS @ DEN,W,139,0.489,0.405,0.938,35,30,9,3,3,1,team_game_log
2025-26,22500077,2025-11-28,1610612758,SAC,Sacramento Kings,SAC @ UTA,L,119,0.448,0.345,0.719,44,27,9,-9,-9,0,team_game_log
2025-26,22500077,2025-11-28,1610612762,UTA,Utah Jazz,UTA vs. SAC,W,128,0.483,0.325,0.775,49,32,13,9,9,1,team_game_log
2025-26,22500078,2025-11-28,1610612742,DAL,Dallas Mavericks,DAL @ LAL,L,119,0.484,0.438,0.85,39,28,11,-10,-10,0,team_game_log
2025-26,22500078,2025-11-28,1610612747,LAL,Los Angeles Lakers,LAL vs. DAL,W,129,0.592,0.514,0.808,34,27,15,10,10,1,team_game_log
2025-26,22500079,2025-11-28,1610612746,LAC,LA Clippers,LAC vs. MEM,L,107,0.427,0.316,0.905,39,19,13,-5,-5,0,team_game_log
2025-26,22500079,2025-11-28,1610612763,MEM,Memphis Grizzlies,MEM @ LAC,W,112,0.443,0.425,0.773,53,24,15,5,5,1,team_game_log
2025-26,22500293,2025-11-29,1610612738,BOS,Boston Celtics,BOS @ MIN,L,115,0.469,0.348,0.6,43,24,11,-4,-4,0,team_game_log
2025-26,22500293,2025-11-29,1610612750,MIN,Minnesota Timberwolves,MIN vs. BOS,W,119,0.494,0.438,0.8,37,31,15,4,4,1,team_game_log
2025-26,22500294,2025-11-29,1610612761,TOR,Toronto Raptors,TOR @ CHA,L,111,0.444,0.31,0.824,52,34,16,-7,-7,0,team_game_log
2025-26,22500294,2025-11-29,1610612766,CHA,Charlotte Hornets,CHA vs. TOR,W,118,0.441,0.256,0.897,39,24,9,7,7,1,team_game_log
2025-26,22500295,2025-11-29,1610612741,CHI,Chicago Bulls,CHI @ IND,L,101,0.448,0.412,0.563,45,24,13,-2,-2,0,team_game_log
2025-26,22500295,2025-11-29,1610612754,IND,Indiana Pacers,IND vs. CHI,W,103,0.461,0.317,0.727,44,24,13,2,2,1,team_game_log
2025-26,22500296,2025-11-29,1610612748,MIA,Miami Heat,MIA vs. DET,L,135,0.5,0.483,0.846,38,27,18,-3,-3,0,team_game_log
2025-26,22500296,2025-11-29,1610612765,DET,Detroit Pistons,DET @ MIA,W,138,0.591,0.423,0.739,43,29,21,3,3,1,team_game_log
2025-26,22500297,2025-11-29,1610612749,MIL,Milwaukee Bucks,MIL vs. BKN,W,116,0.524,0.41,0.706,43,31,14,17,17,1,team_game_log
2025-26,22500297,2025-11-29,1610612751,BKN,Brooklyn Nets,BKN @ MIL,L,99,0.468,0.381,0.647,31,23,20,-17,-17,0,team_game_log
2025-26,22500298,2025-11-29,1610612740,NOP,New Orleans Pelicans,NOP @ GSW,L,96,0.372,0.233,0.735,50,16,13,-8,-8,0,team_game_log
2025-26,22500298,2025-11-29,1610612744,GSW,Golden State Warriors,GSW vs. NOP,W,104,0.409,0.255,0.8,47,28,10,8,8,1,team_game_log
2025-26,22500299,2025-11-29,1610612743,DEN,Denver Nuggets,DEN @ PHX,W,130,0.579,0.579,0.952,40,36,17,18,18,1,team_game_log
2025-26,22500299,2025-11-29,1610612756,PHX,Phoenix Suns,PHX vs. DEN,L,112,0.443,0.333,0.769,32,23,7,-18,-18,0,team_game_log
2025-26,22500300,2025-11-29,1610612742,DAL,Dallas Mavericks,DAL @ LAC,W,114,0.444,0.282,0.821,37,22,9,4,4,1,team_game_log
2025-26,22500300,2025-11-29,1610612746,LAC,LA Clippers,LAC vs. DAL,L,110,0.463,0.28,0.935,46,25,18,-4,-4,0,team_game_log
2025-26,22500301,2025-11-30,1610612745,HOU,Houston Rockets,HOU @ UTA,W,129,0.529,0.355,0.788,50,30,16,28,28,1,team_game_log
2025-26,22500301,2025-11-30,1610612762,UTA,Utah Jazz,UTA vs. HOU,L,101,0.443,0.281,0.933,33,32,17,-28,-28,0,team_game_log
2025-26,22500302,2025-11-30,1610612738,BOS,Boston Celtics,BOS @ CLE,W,117,0.494,0.35,0.793,46,19,19,2,2,1,team_game_log
2025-26,22500302,2025-11-30,1610612739,CLE,Cleveland Cavaliers,CLE vs. BOS,L,115,0.457,0.385,0.692,43,28,14,-2,-2,0,team_game_log
2025-26,22500303,2025-11-30,1610612752,NYK,New York Knicks,NYK vs. TOR,W,116,0.458,0.356,0.75,61,27,18,22,22,1,team_game_log
2025-26,22500303,2025-11-30,1610612761,TOR,Toronto Raptors,TOR @ NYK,L,94,0.42,0.297,0.529,40,27,18,-22,-22,0,team_game_log
2025-26,22500304,2025-11-30,1610612737,ATL,Atlanta Hawks,ATL @ PHI,W,142,0.462,0.333,0.756,58,36,23,8,8,1,team_game_log
2025-26,22500304,2025-11-30,1610612755,PHI,Philadelphia 76ers,PHI vs. ATL,L,134,0.438,0.227,0.842,46,26,18,-8,-8,0,team_game_log
2025-26,22500305,2025-11-30,1610612757,POR,Portland Trail Blazers,POR vs. OKC,L,115,0.393,0.327,0.784,49,22,14,-8,-8,0,team_game_log
2025-26,22500305,2025-11-30,1610612760,OKC,Oklahoma City Thunder,OKC @ POR,W,123,0.489,0.345,0.781,49,27,12,8,8,1,team_game_log
2025-26,22500306,2025-11-30,1610612750,MIN,Minnesota Timberwolves,MIN vs. SAS,W,125,0.563,0.459,0.769,36,35,13,13,13,1,team_game_log
2025-26,22500306,2025-11-30,1610612759,SAS,San Antonio Spurs,SAS @ MIN,L,112,0.524,0.242,0.842,33,17,10,-13,-13,0,team_game_log
2025-26,22500307,2025-11-30,1610612758,SAC,Sacramento Kings,SAC vs. MEM,L,107,0.457,0.296,0.591,34,25,8,-8,-8,0,team_game_log
2025-26,22500307,2025-11-30,1610612763,MEM,Memphis Grizzlies,MEM @ SAC,W,115,0.523,0.375,0.727,52,28,23,8,8,1,team_game_log
2025-26,22500308,2025-11-30,1610612740,NOP,New Orleans Pelicans,NOP @ LAL,L,121,0.505,0.5,0.8,40,23,8,-12,-12,0,team_game_log
2025-26,22500308,2025-11-30,1610612747,LAL,Los Angeles Lakers,LAL vs. NOP,W,133,0.483,0.366,0.872,46,26,9,12,12,1,team_game_log
2025-26,22500309,2025-12-01,1610612737,ATL,Atlanta Hawks,ATL @ DET,L,98,0.427,0.35,0.727,34,27,15,-1,-1,0,team_game_log
2025-26,22500309,2025-12-01,1610612765,DET,Detroit Pistons,DET vs. ATL,W,99,0.442,0.192,0.75,60,18,23,1,1,1,team_game_log
2025-26,22500310,2025-12-01,1610612739,CLE,Cleveland Cavaliers,CLE @ IND,W,135,0.51,0.35,0.724,48,27,9,16,16,1,team_game_log
2025-26,22500310,2025-12-01,1610612754,IND,Indiana Pacers,IND vs. CLE,L,119,0.482,0.333,0.73,36,19,14,-16,-16,0,team_game_log
2025-26,22500311,2025-12-01,1610612749,MIL,Milwaukee Bucks,MIL @ WAS,L,126,0.548,0.553,0.619,35,29,17,-3,-3,0,team_game_log
2025-26,22500311,2025-12-01,1610612764,WAS,Washington Wizards,WAS vs. MIL,W,129,0.52,0.361,0.667,41,29,10,3,3,1,team_game_log
2025-26,22500312,2025-12-01,1610612751,BKN,Brooklyn Nets,BKN vs. CHA,W,116,0.448,0.395,0.765,43,33,11,13,13,1,team_game_log
2025-26,22500312,2025-12-01,1610612766,CHA,Charlotte Hornets,CHA @ BKN,L,103,0.447,0.375,0.833,42,26,18,-13,-13,0,team_game_log
2025-26,22500313,2025-12-01,1610612746,LAC,LA Clippers,LAC @ MIA,L,123,0.448,0.31,0.8,46,23,13,-17,-17,0,team_game_log
2025-26,22500313,2025-12-01,1610612748,MIA,Miami Heat,MIA vs. LAC,W,140,0.53,0.522,0.833,50,34,12,17,17,1,team_game_log
2025-26,22500314,2025-12-01,1610612741,CHI,Chicago Bulls,CHI @ ORL,L,120,0.5,0.432,0.727,43,30,21,-5,-5,0,team_game_log
2025-26,22500314,2025-12-01,1610612753,ORL,Orlando Magic,ORL vs. CHI,W,125,0.511,0.273,0.788,46,25,18,5,5,1,team_game_log
2025-26,22500315,2025-12-01,1610612742,DAL,Dallas Mavericks,DAL @ DEN,W,131,0.558,0.516,0.643,43,35,8,10,10,1,team_game_log
2025-26,22500315,2025-12-01,1610612743,DEN,Denver Nuggets,DEN vs. DAL,L,121,0.475,0.324,0.833,47,37,8,-10,-10,0,team_game_log
2025-26,22500316,2025-12-01,1610612745,HOU,Houston Rockets,HOU @ UTA,L,125,0.441,0.294,0.805,46,27,13,-8,-8,0,team_game_log
2025-26,22500316,2025-12-01,1610612762,UTA,Utah Jazz,UTA vs. HOU,W,133,0.5,0.4,0.763,50,33,13,8,8,1,team_game_log
2025-26,22500317,2025-12-01,1610612747,LAL,Los Angeles Lakers,LAL vs. PHX,L,108,0.513,0.394,0.867,39,18,22,-17,-17,0,team_game_log
2025-26,22500317,2025-12-01,1610612756,PHX,Phoenix Suns,PHX @ LAL,W,125,0.565,0.436,0.5,33,35,11,17,17,1,team_game_log
2025-26,22500318,2025-12-02,1610612755,PHI,Philadelphia 76ers,PHI vs. WAS,W,121,0.451,0.425,0.706,51,26,11,19,19,1,team_game_log
2025-26,22500318,2025-12-02,1610612764,WAS,Washington Wizards,WAS @ PHI,L,102,0.398,0.25,0.719,53,23,15,-19,-19,0,team_game_log
2025-26,22500319,2025-12-02,1610612757,POR,Portland Trail Blazers,POR @ TOR,L,118,0.494,0.375,0.656,39,23,15,-3,-3,0,team_game_log
2025-26,22500319,2025-12-02,1610612761,TOR,Toronto Raptors,TOR vs. POR,W,121,0.533,0.367,0.667,43,33,18,3,3,1,team_game_log
2025-26,22500320,2025-12-02,1610612738,BOS,Boston Celtics,BOS vs. NYK,W,123,0.563,0.325,0.857,38,18,10,6,6,1,team_game_log
2025-26,22500320,2025-12-02,1610612752,NYK,New York Knicks,NYK @ BOS,L,117,0.506,0.432,0.706,33,29,12,-6,-6,0,team_game_log
2025-26,22500321,2025-12-02,1610612740,NOP,New Orleans Pelicans,NOP vs. MIN,L,142,0.549,0.571,0.857,42,26,13,-7,-7,0,team_game_log
2025-26,22500321,2025-12-02,1610612750,MIN,Minnesota Timberwolves,MIN @ NOP,W,149,0.5,0.392,0.862,41,29,9,7,7,1,team_game_log
2025-26,22500322,2025-12-02,1610612759,SAS,San Antonio Spurs,SAS vs. MEM,W,126,0.457,0.462,0.774,40,28,7,7,7,1,team_game_log
2025-26,22500322,2025-12-02,1610612763,MEM,Memphis Grizzlies,MEM @ SAS,L,119,0.5,0.346,0.833,50,28,15,-7,-7,0,team_game_log
2025-26,22500323,2025-12-02,1610612744,GSW,Golden State Warriors,GSW vs. OKC,L,112,0.453,0.429,0.8,43,30,16,-12,-12,0,team_game_log
2025-26,22500323,2025-12-02,1610612760,OKC,Oklahoma City Thunder,OKC @ GSW,W,124,0.582,0.469,0.739,41,24,15,12,12,1,team_game_log
2025-26,22500324,2025-12-03,1610612739,CLE,Cleveland Cavaliers,CLE vs. POR,L,110,0.404,0.25,0.875,45,23,7,-12,-12,0,team_game_log
2025-26,22500324,2025-12-03,1610612757,POR,Portland Trail Blazers,POR @ CLE,W,122,0.435,0.412,0.872,54,27,13,12,12,1,team_game_log
2025-26,22500325,2025-12-03,1610612743,DEN,Denver Nuggets,DEN @ IND,W,135,0.59,0.607,0.769,38,23,11,15,15,1,team_game_log
2025-26,22500325,2025-12-03,1610612754,IND,Indiana Pacers,IND vs. DEN,L,120,0.519,0.464,0.793,38,24,12,-15,-15,0,team_game_log
2025-26,22500326,2025-12-03,1610612753,ORL,Orlando Magic,ORL vs. SAS,L,112,0.455,0.333,0.684,48,27,10,-2,-2,0,team_game_log
2025-26,22500326,2025-12-03,1610612759,SAS,San Antonio Spurs,SAS @ ORL,W,114,0.462,0.342,0.708,52,20,19,2,2,1,team_game_log
2025-26,22500327,2025-12-03,1610612737,ATL,Atlanta Hawks,ATL vs. LAC,L,92,0.4,0.333,0.786,38,20,16,-23,-23,0,team_game_log
2025-26,22500327,2025-12-03,1610612746,LAC,LA Clippers,LAC @ ATL,W,115,0.494,0.313,0.85,54,29,12,23,23,1,team_game_log
2025-26,22500328,2025-12-03,1610612752,NYK,New York Knicks,NYK vs. CHA,W,119,0.477,0.316,0.852,44,28,9,15,15,1,team_game_log
2025-26,22500328,2025-12-03,1610612766,CHA,Charlotte Hornets,CHA @ NYK,L,104,0.4,0.31,0.905,44,19,13,-15,-15,0,team_game_log
2025-26,22500329,2025-12-03,1610612741,CHI,Chicago Bulls,CHI vs. BKN,L,103,0.422,0.233,0.8,42,20,16,-10,-10,0,team_game_log
2025-26,22500329,2025-12-03,1610612751,BKN,Brooklyn Nets,BKN @ CHI,W,113,0.487,0.413,0.818,42,30,21,10,10,1,team_game_log
2025-26,22500330,2025-12-03,1610612745,HOU,Houston Rockets,HOU vs. SAC,W,121,0.527,0.313,0.833,62,24,18,26,26,1,team_game_log
2025-26,22500330,2025-12-03,1610612758,SAC,Sacramento Kings,SAC @ HOU,L,95,0.412,0.294,0.5,32,21,13,-26,-26,0,team_game_log
2025-26,22500331,2025-12-03,1610612749,MIL,Milwaukee Bucks,MIL vs. DET,W,113,0.488,0.295,0.952,40,28,16,4,4,1,team_game_log
2025-26,22500331,2025-12-03,1610612765,DET,Detroit Pistons,DET @ MIL,L,109,0.4,0.326,0.792,44,25,15,-4,-4,0,team_game_log
2025-26,22500332,2025-12-03,1610612742,DAL,Dallas Mavericks,DAL vs. MIA,W,118,0.505,0.5,0.833,50,31,15,10,10,1,team_game_log
2025-26,22500332,2025-12-03,1610612748,MIA,Miami Heat,MIA @ DAL,L,108,0.396,0.297,0.944,41,29,11,-10,-10,0,team_game_log
2025-26,22500333,2025-12-04,1610612744,GSW,Golden State Warriors,GSW @ PHI,L,98,0.416,0.286,0.75,43,27,13,-1,-1,0,team_game_log
2025-26,22500333,2025-12-04,1610612755,PHI,Philadelphia 76ers,PHI vs. GSW,W,99,0.459,0.27,0.786,47,23,19,1,1,1,team_game_log
2025-26,22500334,2025-12-04,1610612738,BOS,Boston Celtics,BOS @ WAS,W,146,0.545,0.426,0.857,46,35,10,45,45,1,team_game_log
2025-26,22500334,2025-12-04,1610612764,WAS,Washington Wizards,WAS vs. BOS,L,101,0.417,0.323,0.84,37,21,18,-45,-45,0,team_game_log
2025-26,22500335,2025-12-04,1610612751,BKN,Brooklyn Nets,BKN vs. UTA,L,110,0.427,0.262,0.763,44,22,18,-13,-13,0,team_game_log
2025-26,22500335,2025-12-04,1610612762,UTA,Utah Jazz,UTA @ BKN,W,123,0.506,0.56,0.926,39,31,13,13,13,1,team_game_log
2025-26,22500336,2025-12-04,1610612747,LAL,Los Angeles Lakers,LAL @ TOR,W,123,0.5,0.419,0.846,38,26,11,3,3,1,team_game_log
2025-26,22500336,2025-12-04,1610612761,TOR,Toronto Raptors,TOR vs. LAL,L,120,0.494,0.405,0.81,41,39,15,-3,-3,0,team_game_log
2025-26,22500337,2025-12-04,1610612740,NOP,New Orleans Pelicans,NOP vs. MIN,L,116,0.453,0.28,0.885,43,29,12,-9,-9,0,team_game_log
2025-26,22500337,2025-12-04,1610612750,MIN,Minnesota Timberwolves,MIN @ NOP,W,125,0.457,0.395,0.897,49,30,20,9,9,1,team_game_log
2025-26,22500338,2025-12-05,1610612738,BOS,Boston Celtics,BOS vs. LAL,W,126,0.548,0.533,0.833,38,31,16,21,21,1,team_game_log
2025-26,22500338,2025-12-05,1610612747,LAL,Los Angeles Lakers,LAL @ BOS,L,105,0.429,0.4,0.862,35,15,14,-21,-21,0,team_game_log
2025-26,22500339,2025-12-05,1610612748,MIA,Miami Heat,MIA @ ORL,L,105,0.5,0.368,0.667,44,23,15,-1,-1,0,team_game_log
2025-26,22500339,2025-12-05,1610612753,ORL,Orlando Magic,ORL vs. MIA,W,106,0.413,0.353,0.75,42,24,10,1,1,1,team_game_log
2025-26,22500340,2025-12-05,1610612737,ATL,Atlanta Hawks,ATL vs. DEN,L,133,0.516,0.435,0.938,45,35,14,-1,-1,0,team_game_log
2025-26,22500340,2025-12-05,1610612743,DEN,Denver Nuggets,DEN @ ATL,W,134,0.528,0.432,0.8,42,28,12,1,1,1,team_game_log
2025-26,22500341,2025-12-05,1610612739,CLE,Cleveland Cavaliers,CLE vs. SAS,W,130,0.581,0.308,0.759,48,32,15,13,13,1,team_game_log
2025-26,22500341,2025-12-05,1610612759,SAS,San Antonio Spurs,SAS @ CLE,L,117,0.452,0.349,0.692,38,28,14,-13,-13,0,team_game_log
2025-26,22500342,2025-12-05,1610612757,POR,Portland Trail Blazers,POR @ DET,L,116,0.424,0.324,0.914,48,22,20,-6,-6,0,team_game_log
2025-26,22500342,2025-12-05,1610612765,DET,Detroit Pistons,DET vs. POR,W,122,0.463,0.417,0.75,37,24,14,6,6,1,team_game_log
2025-26,22500343,2025-12-05,1610612752,NYK,New York Knicks,NYK vs. UTA,W,146,0.56,0.5,0.885,46,30,13,34,34,1,team_game_log
2025-26,22500343,2025-12-05,1610612762,UTA,Utah Jazz,UTA @ NYK,L,112,0.402,0.357,0.771,37,23,12,-34,-34,0,team_game_log
2025-26,22500344,2025-12-05,1610612761,TOR,Toronto Raptors,TOR vs. CHA,L,86,0.37,0.31,0.692,41,19,20,-25,-25,0,team_game_log
2025-26,22500344,2025-12-05,1610612766,CHA,Charlotte Hornets,CHA @ TOR,W,111,0.5,0.361,0.727,47,26,24,25,25,1,team_game_log
2025-26,22500345,2025-12-05,1610612741,CHI,Chicago Bulls,CHI vs. IND,L,105,0.442,0.371,0.828,46,21,19,-15,-15,0,team_game_log
2025-26,22500345,2025-12-05,1610612754,IND,Indiana Pacers,IND @ CHI,W,120,0.536,0.462,0.75,35,24,14,15,15,1,team_game_log
2025-26,22500346,2025-12-05,1610612745,HOU,Houston Rockets,HOU vs. PHX,W,117,0.592,0.556,0.895,40,25,23,19,19,1,team_game_log
2025-26,22500346,2025-12-05,1610612756,PHX,Phoenix Suns,PHX @ HOU,L,98,0.39,0.139,0.789,34,14,13,-19,-19,0,team_game_log
2025-26,22500347,2025-12-05,1610612746,LAC,LA Clippers,LAC @ MEM,L,98,0.438,0.318,0.824,37,22,17,-9,-9,0,team_game_log
2025-26,22500347,2025-12-05,1610612763,MEM,Memphis Grizzlies,MEM vs. LAC,W,107,0.538,0.357,0.722,42,28,16,9,9,1,team_game_log
2025-26,22500348,2025-12-05,1610612749,MIL,Milwaukee Bucks,MIL vs. PHI,L,101,0.461,0.344,0.741,37,26,18,-15,-15,0,team_game_log
2025-26,22500348,2025-12-05,1610612755,PHI,Philadelphia 76ers,PHI @ MIL,W,116,0.453,0.395,0.955,42,25,15,15,15,1,team_game_log
2025-26,22500349,2025-12-05,1610612742,DAL,Dallas Mavericks,DAL @ OKC,L,111,0.477,0.432,0.65,35,28,12,-21,-21,0,team_game_log
2025-26,22500349,2025-12-05,1610612760,OKC,Oklahoma City Thunder,OKC vs. DAL,W,132,0.56,0.4,0.929,43,30,6,21,21,1,team_game_log
2025-26,22500350,2025-12-06,1610612740,NOP,New Orleans Pelicans,NOP @ BKN,L,101,0.451,0.36,0.818,36,30,17,-18,-18,0,team_game_log
2025-26,22500350,2025-12-06,1610612751,BKN,Brooklyn Nets,BKN vs. NOP,W,119,0.528,0.4,0.786,45,36,20,18,18,1,team_game_log
2025-26,22500351,2025-12-06,1610612737,ATL,Atlanta Hawks,ATL @ WAS,W,131,0.531,0.333,1.0,45,36,15,15,15,1,team_game_log
2025-26,22500351,2025-12-06,1610612764,WAS,Washington Wizards,WAS vs. ATL,L,116,0.513,0.447,0.895,26,29,20,-15,-15,0,team_game_log
2025-26,22500352,2025-12-06,1610612739,CLE,Cleveland Cavaliers,CLE vs. GSW,L,94,0.346,0.238,0.833,61,15,12,-5,-5,0,team_game_log
2025-26,22500352,2025-12-06,1610612744,GSW,Golden State Warriors,GSW @ CLE,W,99,0.384,0.371,0.87,46,25,14,5,5,1,team_game_log
2025-26,22500353,2025-12-06,1610612749,MIL,Milwaukee Bucks,MIL @ DET,L,112,0.44,0.421,0.688,36,24,12,-12,-12,0,team_game_log
2025-26,22500353,2025-12-06,1610612765,DET,Detroit Pistons,DET vs. MIL,W,124,0.5,0.375,0.742,53,31,16,12,12,1,team_game_log
2025-26,22500354,2025-12-06,1610612748,MIA,Miami Heat,MIA vs. SAC,L,111,0.482,0.29,0.625,41,23,13,-16,-16,0,team_game_log
2025-26,22500354,2025-12-06,1610612758,SAC,Sacramento Kings,SAC @ MIA,W,127,0.527,0.424,0.714,45,24,11,16,16,1,team_game_log
2025-26,22500355,2025-12-06,1610612746,LAC,LA Clippers,LAC @ MIN,L,106,0.471,0.31,0.68,35,16,11,-3,-3,0,team_game_log
2025-26,22500355,2025-12-06,1610612750,MIN,Minnesota Timberwolves,MIN vs. LAC,W,109,0.5,0.44,0.882,35,23,14,3,3,1,team_game_log
2025-26,22500356,2025-12-06,1610612742,DAL,Dallas Mavericks,DAL vs. HOU,W,122,0.598,0.368,0.85,31,22,13,13,13,1,team_game_log
2025-26,22500356,2025-12-06,1610612745,HOU,Houston Rockets,HOU @ DAL,L,109,0.506,0.345,0.846,37,22,20,-13,-13,0,team_game_log
2025-26,22500357,2025-12-07,1610612752,NYK,New York Knicks,NYK vs. ORL,W,106,0.429,0.314,0.85,52,24,11,6,6,1,team_game_log
2025-26,22500357,2025-12-07,1610612753,ORL,Orlando Magic,ORL @ NYK,L,100,0.383,0.286,0.667,48,23,12,-6,-6,0,team_game_log
2025-26,22500358,2025-12-07,1610612738,BOS,Boston Celtics,BOS @ TOR,W,121,0.478,0.426,0.929,41,24,11,8,8,1,team_game_log
2025-26,22500358,2025-12-07,1610612761,TOR,Toronto Raptors,TOR vs. BOS,L,113,0.489,0.409,0.857,42,22,13,-8,-8,0,team_game_log
2025-26,22500359,2025-12-07,1610612743,DEN,Denver Nuggets,DEN @ CHA,W,115,0.518,0.371,0.727,35,29,10,9,9,1,team_game_log
2025-26,22500359,2025-12-07,1610612766,CHA,Charlotte Hornets,CHA vs. DEN,L,106,0.447,0.304,0.762,47,24,14,-9,-9,0,team_game_log
2025-26,22500360,2025-12-07,1610612757,POR,Portland Trail Blazers,POR @ MEM,L,96,0.398,0.349,0.833,40,21,26,-23,-23,0,team_game_log
2025-26,22500360,2025-12-07,1610612763,MEM,Memphis Grizzlies,MEM vs. POR,W,119,0.449,0.286,0.744,51,28,23,23,23,1,team_game_log
2025-26,22500361,2025-12-07,1610612741,CHI,Chicago Bulls,CHI vs. GSW,L,91,0.36,0.275,0.842,38,24,15,-32,-32,0,team_game_log
2025-26,22500361,2025-12-07,1610612744,GSW,Golden State Warriors,GSW @ CHI,W,123,0.5,0.468,0.684,51,27,17,32,32,1,team_game_log
2025-26,22500362,2025-12-07,1610612747,LAL,Los Angeles Lakers,LAL @ PHI,W,112,0.482,0.361,0.63,52,25,10,4,4,1,team_game_log
2025-26,22500362,2025-12-07,1610612755,PHI,Philadelphia 76ers,PHI vs. LAL,L,108,0.353,0.361,0.885,54,21,6,-4,-4,0,team_game_log
2025-26,22500363,2025-12-07,1610612760,OKC,Oklahoma City Thunder,OKC @ UTA,W,131,0.58,0.5,0.444,44,32,14,30,30,1,team_game_log
2025-26,22500363,2025-12-07,1610612762,UTA,Utah Jazz,UTA vs. OKC,L,101,0.471,0.333,0.75,37,25,17,-30,-30,0,team_game_log
2025-26,22500364,2025-12-08,1610612754,IND,Indiana Pacers,IND vs. SAC,W,116,0.437,0.4,0.929,41,25,14,11,11,1,team_game_log
2025-26,22500364,2025-12-08,1610612758,SAC,Sacramento Kings,SAC @ IND,L,105,0.466,0.318,0.696,51,28,19,-11,-11,0,team_game_log
2025-26,22500365,2025-12-08,1610612750,MIN,Minnesota Timberwolves,MIN vs. PHX,L,105,0.47,0.262,0.696,46,26,15,-3,-3,0,team_game_log
2025-26,22500365,2025-12-08,1610612756,PHX,Phoenix Suns,PHX @ MIN,W,108,0.456,0.364,0.7,43,26,9,3,3,1,team_game_log
2025-26,22500366,2025-12-08,1610612740,NOP,New Orleans Pelicans,NOP vs. SAS,L,132,0.58,0.269,0.885,33,35,9,-3,-3,0,team_game_log
2025-26,22500366,2025-12-08,1610612759,SAS,San Antonio Spurs,SAS @ NOP,W,135,0.5,0.472,0.8,43,29,15,3,3,1,team_game_log
2025-26,22501201,2025-12-09,1610612748,MIA,Miami Heat,MIA @ ORL,L,108,0.452,0.242,0.842,39,25,8,-9,-9,0,team_game_log
2025-26,22501201,2025-12-09,1610612753,ORL,Orlando Magic,ORL vs. MIA,W,117,0.506,0.469,0.875,47,30,17,9,9,1,team_game_log
2025-26,22501202,2025-12-09,1610612752,NYK,New York Knicks,NYK @ TOR,W,117,0.525,0.457,0.607,48,19,14,16,16,1,team_game_log
2025-26,22501202,2025-12-09,1610612761,TOR,Toronto Raptors,TOR vs. NYK,L,101,0.433,0.289,0.667,37,28,14,-16,-16,0,team_game_log
2025-26,22501203,2025-12-10,1610612756,PHX,Phoenix Suns,PHX @ OKC,L,89,0.393,0.323,0.813,37,24,21,-49,-49,0,team_game_log
2025-26,22501203,2025-12-10,1610612760,OKC,Oklahoma City Thunder,OKC vs. PHX,W,138,0.591,0.55,0.923,43,32,15,49,49,1,team_game_log
2025-26,22501204,2025-12-10,1610612747,LAL,Los Angeles Lakers,LAL vs. SAS,L,119,0.494,0.432,0.739,43,27,11,-13,-13,0,team_game_log
2025-26,22501204,2025-12-10,1610612759,SAS,San Antonio Spurs,SAS @ LAL,W,132,0.5,0.447,0.806,50,25,12,13,13,1,team_game_log
2025-26,22501205,2025-12-11,1610612745,HOU,Houston Rockets,HOU vs. LAC,W,115,0.462,0.353,0.81,51,26,19,2,2,1,team_game_log
2025-26,22501205,2025-12-11,1610612746,LAC,LA Clippers,LAC @ HOU,L,113,0.5,0.368,0.808,28,25,15,-2,-2,0,team_game_log
2025-26,22501206,2025-12-11,1610612738,BOS,Boston Celtics,BOS @ MIL,L,101,0.386,0.286,0.76,39,18,14,-15,-15,0,team_game_log
2025-26,22501206,2025-12-11,1610612749,MIL,Milwaukee Bucks,MIL vs. BOS,W,116,0.582,0.448,0.786,40,28,16,15,15,1,team_game_log
2025-26,22501207,2025-12-11,1610612740,NOP,New Orleans Pelicans,NOP vs. POR,W,143,0.518,0.375,0.882,57,36,10,23,23,1,team_game_log
2025-26,22501207,2025-12-11,1610612757,POR,Portland Trail Blazers,POR @ NOP,L,120,0.441,0.292,0.727,41,27,15,-23,-23,0,team_game_log
2025-26,22501208,2025-12-11,1610612743,DEN,Denver Nuggets,DEN @ SAC,W,136,0.591,0.414,0.69,46,35,12,31,31,1,team_game_log
2025-26,22501208,2025-12-11,1610612758,SAC,Sacramento Kings,SAC vs. DEN,L,105,0.448,0.289,0.696,38,21,16,-31,-31,0,team_game_log
2025-26,22501209,2025-12-12,1610612741,CHI,Chicago Bulls,CHI @ CHA,W,129,0.553,0.357,0.789,44,29,12,3,3,1,team_game_log
2025-26,22501209,2025-12-12,1610612766,CHA,Charlotte Hornets,CHA vs. CHI,L,126,0.526,0.432,0.8,32,30,9,-3,-3,0,team_game_log
2025-26,22501210,2025-12-12,1610612737,ATL,Atlanta Hawks,ATL @ DET,L,115,0.459,0.306,0.839,37,28,20,-27,-27,0,team_game_log
2025-26,22501210,2025-12-12,1610612765,DET,Detroit Pistons,DET vs. ATL,W,142,0.582,0.414,0.828,40,34,14,27,27,1,team_game_log
2025-26,22501211,2025-12-12,1610612754,IND,Indiana Pacers,IND @ PHI,L,105,0.396,0.342,0.842,46,26,7,-10,-10,0,team_game_log
2025-26,22501211,2025-12-12,1610612755,PHI,Philadelphia 76ers,PHI vs. IND,W,115,0.443,0.324,0.767,50,22,13,10,10,1,team_game_log
2025-26,22501212,2025-12-12,1610612739,CLE,Cleveland Cavaliers,CLE @ WAS,W,130,0.423,0.283,0.917,48,28,7,4,4,1,team_game_log
2025-26,22501212,2025-12-12,1610612764,WAS,Washington Wizards,WAS vs. CLE,L,126,0.488,0.364,0.813,49,29,16,-4,-4,0,team_game_log
2025-26,22501213,2025-12-12,1610612762,UTA,Utah Jazz,UTA @ MEM,W,130,0.462,0.362,0.68,58,33,13,4,4,1,team_game_log
2025-26,22501213,2025-12-12,1610612763,MEM,Memphis Grizzlies,MEM vs. UTA,L,126,0.465,0.463,0.714,49,32,10,-4,-4,0,team_game_log
2025-26,22501214,2025-12-12,1610612742,DAL,Dallas Mavericks,DAL vs. BKN,W,119,0.489,0.333,0.773,40,33,14,8,8,1,team_game_log
2025-26,22501214,2025-12-12,1610612751,BKN,Brooklyn Nets,BKN @ DAL,L,111,0.453,0.436,0.842,43,26,17,-8,-8,0,team_game_log
2025-26,22501215,2025-12-12,1610612744,GSW,Golden State Warriors,GSW vs. MIN,L,120,0.458,0.326,0.773,42,27,13,-7,-7,0,team_game_log
2025-26,22501215,2025-12-12,1610612750,MIN,Minnesota Timberwolves,MIN @ GSW,W,127,0.539,0.355,0.714,44,30,11,7,7,1,team_game_log
2025-26,22501229,2025-12-13,1610612752,NYK,New York Knicks,NYK @ ORL,W,132,0.607,0.35,0.742,41,28,12,12,12,1,team_game_log
2025-26,22501229,2025-12-13,1610612753,ORL,Orlando Magic,ORL @ NYK,L,120,0.464,0.31,0.68,41,28,14,-12,-12,0,team_game_log
2025-26,22501230,2025-12-13,1610612759,SAS,San Antonio Spurs,SAS @ OKC,W,111,0.411,0.31,0.75,52,21,19,2,2,1,team_game_log
2025-26,22501230,2025-12-13,1610612760,OKC,Oklahoma City Thunder,OKC @ SAS,L,109,0.413,0.243,0.889,51,20,15,-2,-2,0,team_game_log
2025-26,22501216,2025-12-14,1610612754,IND,Indiana Pacers,IND vs. WAS,L,89,0.369,0.256,0.81,41,20,8,-19,-19,0,team_game_log
2025-26,22501216,2025-12-14,1610612764,WAS,Washington Wizards,WAS @ IND,W,108,0.461,0.357,0.615,56,19,11,19,19,1,team_game_log
2025-26,22501217,2025-12-14,1610612737,ATL,Atlanta Hawks,ATL vs. PHI,W,120,0.434,0.515,0.81,57,33,17,3,3,1,team_game_log
2025-26,22501217,2025-12-14,1610612755,PHI,Philadelphia 76ers,PHI @ ATL,L,117,0.376,0.415,0.828,54,25,12,-3,-3,0,team_game_log
2025-26,22501218,2025-12-14,1610612739,CLE,Cleveland Cavaliers,CLE vs. CHA,L,111,0.4,0.316,0.793,46,27,14,-8,-8,0,team_game_log
2025-26,22501218,2025-12-14,1610612766,CHA,Charlotte Hornets,CHA @ CLE,W,119,0.439,0.386,0.762,53,28,18,8,8,1,team_game_log
2025-26,22501219,2025-12-14,1610612749,MIL,Milwaukee Bucks,MIL @ BKN,L,82,0.392,0.229,0.75,37,20,20,-45,-45,0,team_game_log
2025-26,22501219,2025-12-14,1610612751,BKN,Brooklyn Nets,BKN vs. MIL,W,127,0.529,0.442,0.947,43,33,14,45,45,1,team_game_log
2025-26,22501220,2025-12-14,1610612750,MIN,Minnesota Timberwolves,MIN vs. SAC,W,117,0.457,0.324,0.704,48,25,12,14,14,1,team_game_log
2025-26,22501220,2025-12-14,1610612758,SAC,Sacramento Kings,SAC @ MIN,L,103,0.457,0.435,0.76,36,21,15,-14,-14,0,team_game_log
2025-26,22501221,2025-12-14,1610612744,GSW,Golden State Warriors,GSW @ POR,L,131,0.506,0.511,0.826,36,34,18,-5,-5,0,team_game_log
2025-26,22501221,2025-12-14,1610612757,POR,Portland Trail Blazers,POR vs. GSW,W,136,0.506,0.513,0.897,43,30,18,5,5,1,team_game_log
2025-26,22501223,2025-12-14,1610612740,NOP,New Orleans Pelicans,NOP @ CHI,W,114,0.462,0.242,0.8,53,21,15,10,10,1,team_game_log
2025-26,22501223,2025-12-14,1610612741,CHI,Chicago Bulls,CHI vs. NOP,L,104,0.413,0.265,0.882,43,26,13,-10,-10,0,team_game_log
2025-26,22501228,2025-12-14,1610612747,LAL,Los Angeles Lakers,LAL @ PHX,W,116,0.432,0.189,0.767,54,20,22,2,2,1,team_game_log
2025-26,22501228,2025-12-14,1610612756,PHX,Phoenix Suns,PHX vs. LAL,L,114,0.488,0.351,0.84,37,29,20,-2,-2,0,team_game_log
2025-26,22501222,2025-12-15,1610612738,BOS,Boston Celtics,BOS vs. DET,L,105,0.463,0.256,0.704,37,16,13,-7,-7,0,team_game_log
2025-26,22501222,2025-12-15,1610612765,DET,Detroit Pistons,DET @ BOS,W,112,0.461,0.361,0.68,39,21,11,7,7,1,team_game_log
2025-26,22501224,2025-12-15,1610612742,DAL,Dallas Mavericks,DAL @ UTA,L,133,0.49,0.333,0.683,54,24,15,-7,-7,0,team_game_log
2025-26,22501224,2025-12-15,1610612762,UTA,Utah Jazz,UTA vs. DAL,W,140,0.515,0.361,0.818,47,33,13,7,7,1,team_game_log
2025-26,22501225,2025-12-15,1610612743,DEN,Denver Nuggets,DEN vs. HOU,W,128,0.506,0.441,0.818,38,24,11,3,3,1,team_game_log
2025-26,22501225,2025-12-15,1610612745,HOU,Houston Rockets,HOU @ DEN,L,125,0.505,0.48,0.731,46,29,16,-3,-3,0,team_game_log
2025-26,22501226,2025-12-15,1610612746,LAC,LA Clippers,LAC vs. MEM,L,103,0.463,0.361,0.727,39,26,19,-18,-18,0,team_game_log
2025-26,22501226,2025-12-15,1610612763,MEM,Memphis Grizzlies,MEM @ LAC,W,121,0.523,0.41,0.882,32,33,11,18,18,1,team_game_log
2025-26,22501227,2025-12-15,1610612748,MIA,Miami Heat,MIA vs. TOR,L,96,0.422,0.29,0.739,45,20,19,-10,-10,0,team_game_log
2025-26,22501227,2025-12-15,1610612761,TOR,Toronto Raptors,TOR @ MIA,W,106,0.477,0.4,0.667,45,33,21,10,10,1,team_game_log
2025-26,22500367,2025-12-17,1610612739,CLE,Cleveland Cavaliers,CLE @ CHI,L,111,0.483,0.308,0.833,40,26,20,-16,-16,0,team_game_log
2025-26,22500367,2025-12-17,1610612741,CHI,Chicago Bulls,CHI vs. CLE,W,127,0.562,0.389,0.722,43,35,16,16,16,1,team_game_log
2025-26,22500368,2025-12-17,1610612750,MIN,Minnesota Timberwolves,MIN vs. MEM,L,110,0.398,0.295,0.704,52,26,18,-6,-6,0,team_game_log
2025-26,22500368,2025-12-17,1610612763,MEM,Memphis Grizzlies,MEM @ MIN,W,116,0.438,0.324,0.84,54,23,18,6,6,1,team_game_log
2025-26,22500369,2025-12-18,1610612746,LAC,LA Clippers,LAC @ OKC,L,101,0.487,0.313,0.773,49,25,29,-21,-21,0,team_game_log
2025-26,22500369,2025-12-18,1610612760,OKC,Oklahoma City Thunder,OKC vs. LAC,W,122,0.475,0.361,0.813,38,28,9,21,21,1,team_game_log
2025-26,22500370,2025-12-18,1610612759,SAS,San Antonio Spurs,SAS vs. WAS,W,119,0.489,0.357,0.8,53,29,14,25,25,1,team_game_log
2025-26,22500370,2025-12-18,1610612764,WAS,Washington Wizards,WAS @ SAS,L,94,0.404,0.25,0.643,46,29,14,-25,-25,0,team_game_log
2025-26,22500371,2025-12-18,1610612737,ATL,Atlanta Hawks,ATL @ CHA,L,126,0.522,0.297,0.864,35,31,15,-7,-7,0,team_game_log
2025-26,22500371,2025-12-18,1610612766,CHA,Charlotte Hornets,CHA vs. ATL,W,133,0.538,0.49,0.647,37,39,16,7,7,1,team_game_log
2025-26,22500372,2025-12-18,1610612752,NYK,New York Knicks,NYK @ IND,W,114,0.467,0.395,0.579,46,31,16,1,1,1,team_game_log
2025-26,22500372,2025-12-18,1610612754,IND,Indiana Pacers,IND vs. NYK,L,113,0.462,0.324,0.889,52,22,14,-1,-1,0,team_game_log
2025-26,22500373,2025-12-18,1610612748,MIA,Miami Heat,MIA @ BKN,W,106,0.461,0.321,0.789,51,23,14,11,11,1,team_game_log
2025-26,22500373,2025-12-18,1610612751,BKN,Brooklyn Nets,BKN vs. MIA,L,95,0.388,0.224,0.727,49,24,13,-11,-11,0,team_game_log
2025-26,22500374,2025-12-18,1610612749,MIL,Milwaukee Bucks,MIL vs. TOR,L,105,0.452,0.405,0.875,38,25,16,-6,-6,0,team_game_log
2025-26,22500374,2025-12-18,1610612761,TOR,Toronto Raptors,TOR @ MIL,W,111,0.5,0.371,0.667,45,31,17,6,6,1,team_game_log
2025-26,22500375,2025-12-18,1610612740,NOP,New Orleans Pelicans,NOP vs. HOU,W,133,0.505,0.407,0.857,41,27,12,5,5,1,team_game_log
2025-26,22500375,2025-12-18,1610612745,HOU,Houston Rockets,HOU @ NOP,L,128,0.467,0.313,0.667,58,30,20,-5,-5,0,team_game_log
2025-26,22500376,2025-12-18,1610612742,DAL,Dallas Mavericks,DAL vs. DET,W,116,0.449,0.185,0.861,51,22,17,2,2,1,team_game_log
2025-26,22500376,2025-12-18,1610612765,DET,Detroit Pistons,DET @ DAL,L,114,0.385,0.182,0.7,62,26,12,-2,-2,0,team_game_log
2025-26,22500377,2025-12-18,1610612743,DEN,Denver Nuggets,DEN vs. ORL,W,126,0.557,0.444,0.8,40,31,15,11,11,1,team_game_log
2025-26,22500377,2025-12-18,1610612753,ORL,Orlando Magic,ORL @ DEN,L,115,0.473,0.333,0.692,44,30,10,-11,-11,0,team_game_log
2025-26,22500378,2025-12-18,1610612744,GSW,Golden State Warriors,GSW @ PHX,L,98,0.393,0.286,0.889,54,27,20,-1,-1,0,team_game_log
2025-26,22500378,2025-12-18,1610612756,PHX,Phoenix Suns,PHX vs. GSW,W,99,0.409,0.286,0.773,49,19,15,1,1,1,team_game_log
2025-26,22500379,2025-12-18,1610612747,LAL,Los Angeles Lakers,LAL @ UTA,W,143,0.527,0.333,0.821,48,32,7,8,8,1,team_game_log
2025-26,22500379,2025-12-18,1610612762,UTA,Utah Jazz,UTA vs. LAL,L,135,0.518,0.486,0.66,39,31,13,-8,-8,0,team_game_log
2025-26,22500380,2025-12-18,1610612757,POR,Portland Trail Blazers,POR vs. SAC,W,134,0.476,0.333,0.636,44,30,21,1,1,1,team_game_log
2025-26,22500380,2025-12-18,1610612758,SAC,Sacramento Kings,SAC @ POR,L,133,0.511,0.316,0.912,42,29,18,-1,-1,0,team_game_log
2025-26,22500381,2025-12-19,1610612738,BOS,Boston Celtics,BOS vs. MIA,W,129,0.537,0.488,0.833,46,25,16,13,13,1,team_game_log
2025-26,22500381,2025-12-19,1610612748,MIA,Miami Heat,MIA @ BOS,L,116,0.392,0.388,0.708,47,27,13,-13,-13,0,team_game_log
2025-26,22500382,2025-12-19,1610612752,NYK,New York Knicks,NYK vs. PHI,L,107,0.443,0.25,0.84,57,26,18,-9,-9,0,team_game_log
2025-26,22500382,2025-12-19,1610612755,PHI,Philadelphia 76ers,PHI @ NYK,W,116,0.455,0.415,0.905,36,21,11,9,9,1,team_game_log
2025-26,22500383,2025-12-19,1610612737,ATL,Atlanta Hawks,ATL vs. SAS,L,98,0.404,0.25,0.75,43,26,17,-28,-28,0,team_game_log
2025-26,22500383,2025-12-19,1610612759,SAS,San Antonio Spurs,SAS @ ATL,W,126,0.543,0.361,0.688,56,31,15,28,28,1,team_game_log
2025-26,22500384,2025-12-19,1610612739,CLE,Cleveland Cavaliers,CLE vs. CHI,L,125,0.475,0.359,0.789,46,31,15,-11,-11,0,team_game_log
2025-26,22500384,2025-12-19,1610612741,CHI,Chicago Bulls,CHI @ CLE,W,136,0.52,0.383,0.8,48,34,12,11,11,1,team_game_log
2025-26,22500385,2025-12-19,1610612750,MIN,Minnesota Timberwolves,MIN vs. OKC,W,112,0.375,0.351,0.702,57,20,13,5,5,1,team_game_log
2025-26,22500385,2025-12-19,1610612760,OKC,Oklahoma City Thunder,OKC @ MIN,L,107,0.37,0.282,0.933,52,16,12,-5,-5,0,team_game_log
2025-26,22500386,2025-12-20,1610612743,DEN,Denver Nuggets,DEN vs. HOU,L,101,0.402,0.276,0.826,39,21,11,-14,-14,0,team_game_log
2025-26,22500386,2025-12-20,1610612745,HOU,Houston Rockets,HOU @ DEN,W,115,0.506,0.543,0.783,47,24,19,14,14,1,team_game_log
2025-26,22500387,2025-12-20,1610612742,DAL,Dallas Mavericks,DAL @ PHI,L,114,0.542,0.167,0.955,44,24,18,-7,-7,0,team_game_log
2025-26,22500387,2025-12-20,1610612755,PHI,Philadelphia 76ers,PHI vs. DAL,W,121,0.431,0.3,0.75,47,27,10,7,7,1,team_game_log
2025-26,22500388,2025-12-20,1610612738,BOS,Boston Celtics,BOS @ TOR,W,112,0.463,0.308,0.8,55,22,11,16,16,1,team_game_log
2025-26,22500388,2025-12-20,1610612761,TOR,Toronto Raptors,TOR vs. BOS,L,96,0.414,0.34,0.727,37,30,12,-16,-16,0,team_game_log
2025-26,22500389,2025-12-20,1610612740,NOP,New Orleans Pelicans,NOP vs. IND,W,128,0.529,0.333,0.853,49,25,18,19,19,1,team_game_log
2025-26,22500389,2025-12-20,1610612754,IND,Indiana Pacers,IND @ NOP,L,109,0.426,0.19,0.7,42,28,14,-19,-19,0,team_game_log
2025-26,22500390,2025-12-20,1610612765,DET,Detroit Pistons,DET vs. CHA,W,112,0.441,0.214,0.75,61,23,20,26,26,1,team_game_log
2025-26,22500390,2025-12-20,1610612766,CHA,Charlotte Hornets,CHA @ DET,L,86,0.315,0.317,0.85,43,21,24,-26,-26,0,team_game_log
2025-26,22500391,2025-12-20,1610612763,MEM,Memphis Grizzlies,MEM vs. WAS,L,122,0.45,0.364,0.727,48,31,14,-8,-8,0,team_game_log
2025-26,22500391,2025-12-20,1610612764,WAS,Washington Wizards,WAS @ MEM,W,130,0.475,0.386,0.731,54,32,13,8,8,1,team_game_log
2025-26,22500392,2025-12-20,1610612744,GSW,Golden State Warriors,GSW vs. PHX,W,119,0.457,0.347,0.75,49,29,21,3,3,1,team_game_log
2025-26,22500392,2025-12-20,1610612756,PHX,Phoenix Suns,PHX @ GSW,L,116,0.477,0.343,0.833,34,23,14,-3,-3,0,team_game_log
2025-26,22500393,2025-12-20,1610612753,ORL,Orlando Magic,ORL @ UTA,W,128,0.49,0.297,0.697,52,32,13,1,1,1,team_game_log
2025-26,22500393,2025-12-20,1610612762,UTA,Utah Jazz,UTA vs. ORL,L,127,0.419,0.349,0.8,52,34,12,-1,-1,0,team_game_log
2025-26,22500394,2025-12-20,1610612757,POR,Portland Trail Blazers,POR @ SAC,W,98,0.432,0.344,0.68,46,18,20,5,5,1,team_game_log
2025-26,22500394,2025-12-20,1610612758,SAC,Sacramento Kings,SAC vs. POR,L,93,0.379,0.194,0.677,50,18,18,-5,-5,0,team_game_log
2025-26,22500395,2025-12-20,1610612746,LAC,LA Clippers,LAC vs. LAL,W,103,0.425,0.372,0.95,48,22,19,15,15,1,team_game_log
2025-26,22500395,2025-12-20,1610612747,LAL,Los Angeles Lakers,LAL @ LAC,L,88,0.386,0.158,0.609,43,16,11,-15,-15,0,team_game_log
2025-26,22500396,2025-12-21,1610612737,ATL,Atlanta Hawks,ATL vs. CHI,L,150,0.52,0.489,0.781,35,39,10,-2,-2,0,team_game_log
2025-26,22500396,2025-12-21,1610612741,CHI,Chicago Bulls,CHI @ ATL,W,152,0.576,0.476,0.667,40,41,12,2,2,1,team_game_log
2025-26,22500397,2025-12-21,1610612751,BKN,Brooklyn Nets,BKN vs. TOR,W,96,0.467,0.4,0.75,48,29,22,15,15,1,team_game_log
2025-26,22500397,2025-12-21,1610612761,TOR,Toronto Raptors,TOR @ BKN,L,81,0.372,0.278,0.875,39,23,15,-15,-15,0,team_game_log
2025-26,22500398,2025-12-21,1610612748,MIA,Miami Heat,MIA @ NYK,L,125,0.471,0.486,0.743,45,26,11,-7,-7,0,team_game_log
2025-26,22500398,2025-12-21,1610612752,NYK,New York Knicks,NYK vs. MIA,W,132,0.553,0.526,0.857,36,28,13,7,7,1,team_game_log
2025-26,22500399,2025-12-21,1610612759,SAS,San Antonio Spurs,SAS @ WAS,W,124,0.413,0.317,0.781,61,26,10,11,11,1,team_game_log
2025-26,22500399,2025-12-21,1610612764,WAS,Washington Wizards,WAS vs. SAS,L,113,0.442,0.244,0.75,43,20,5,-11,-11,0,team_game_log
2025-26,22500400,2025-12-21,1610612749,MIL,Milwaukee Bucks,MIL @ MIN,L,100,0.402,0.289,0.85,51,27,18,-3,-3,0,team_game_log
2025-26,22500400,2025-12-21,1610612750,MIN,Minnesota Timberwolves,MIN vs. MIL,W,103,0.42,0.304,0.652,46,28,10,3,3,1,team_game_log
2025-26,22500401,2025-12-21,1610612745,HOU,Houston Rockets,HOU @ SAC,L,124,0.479,0.421,0.75,47,31,15,-1,-1,0,team_game_log
2025-26,22500401,2025-12-21,1610612758,SAC,Sacramento Kings,SAC vs. HOU,W,125,0.463,0.375,0.694,55,29,12,1,1,1,team_game_log
2025-26,22500402,2025-12-22,1610612739,CLE,Cleveland Cavaliers,CLE vs. CHA,W,139,0.552,0.545,1.0,30,36,13,7,7,1,team_game_log
2025-26,22500402,2025-12-22,1610612766,CHA,Charlotte Hornets,CHA @ CLE,L,132,0.489,0.5,0.76,44,29,20,-7,-7,0,team_game_log
2025-26,22500403,2025-12-22,1610612738,BOS,Boston Celtics,BOS vs. IND,W,103,0.427,0.297,0.842,49,19,13,8,8,1,team_game_log
2025-26,22500403,2025-12-22,1610612754,IND,Indiana Pacers,IND @ BOS,L,95,0.388,0.325,0.889,36,19,13,-8,-8,0,team_game_log
2025-26,22500404,2025-12-22,1610612740,NOP,New Orleans Pelicans,NOP vs. DAL,W,119,0.454,0.235,0.852,51,28,13,6,6,1,team_game_log
2025-26,22500404,2025-12-22,1610612742,DAL,Dallas Mavericks,DAL @ NOP,L,113,0.442,0.303,0.524,57,29,17,-6,-6,0,team_game_log
2025-26,22500405,2025-12-22,1610612743,DEN,Denver Nuggets,DEN vs. UTA,W,135,0.5,0.511,0.76,51,37,11,23,23,1,team_game_log
2025-26,22500405,2025-12-22,1610612762,UTA,Utah Jazz,UTA @ DEN,L,112,0.427,0.341,0.842,49,30,14,-23,-23,0,team_game_log
2025-26,22500406,2025-12-22,1610612760,OKC,Oklahoma City Thunder,OKC vs. MEM,W,119,0.489,0.385,0.857,46,20,13,16,16,1,team_game_log
2025-26,22500406,2025-12-22,1610612763,MEM,Memphis Grizzlies,MEM @ OKC,L,103,0.41,0.439,0.739,46,26,23,-16,-16,0,team_game_log
2025-26,22500407,2025-12-22,1610612744,GSW,Golden State Warriors,GSW vs. ORL,W,120,0.517,0.297,0.708,47,33,13,23,23,1,team_game_log
2025-26,22500407,2025-12-22,1610612753,ORL,Orlando Magic,ORL @ GSW,L,97,0.414,0.259,0.692,48,21,18,-23,-23,0,team_game_log
2025-26,22500408,2025-12-22,1610612757,POR,Portland Trail Blazers,POR vs. DET,L,102,0.446,0.219,0.674,38,21,19,-8,-8,0,team_game_log
2025-26,22500408,2025-12-22,1610612765,DET,Detroit Pistons,DET @ POR,W,110,0.436,0.233,0.625,48,28,10,8,8,1,team_game_log
2025-26,22500409,2025-12-23,1610612764,WAS,Washington Wizards,WAS @ CHA,L,109,0.412,0.286,0.826,49,22,6,-17,-17,0,team_game_log
2025-26,22500409,2025-12-23,1610612766,CHA,Charlotte Hornets,CHA vs. WAS,W,126,0.452,0.4,0.815,51,35,5,17,17,1,team_game_log
2025-26,22500410,2025-12-23,1610612751,BKN,Brooklyn Nets,BKN @ PHI,W,114,0.427,0.378,0.818,39,24,19,8,8,1,team_game_log
2025-26,22500410,2025-12-23,1610612755,PHI,Philadelphia 76ers,PHI vs. BKN,L,106,0.407,0.259,0.868,43,15,17,-8,-8,0,team_game_log
2025-26,22500411,2025-12-23,1610612737,ATL,Atlanta Hawks,ATL vs. CHI,L,123,0.505,0.333,0.65,38,38,12,-3,-3,0,team_game_log
2025-26,22500411,2025-12-23,1610612741,CHI,Chicago Bulls,CHI @ ATL,W,126,0.505,0.333,0.75,48,35,16,3,3,1,team_game_log
2025-26,22500412,2025-12-23,1610612739,CLE,Cleveland Cavaliers,CLE vs. NOP,W,141,0.533,0.408,0.818,49,40,13,23,23,1,team_game_log
2025-26,22500412,2025-12-23,1610612740,NOP,New Orleans Pelicans,NOP @ CLE,L,118,0.457,0.423,0.84,43,26,16,-23,-23,0,team_game_log
2025-26,22500413,2025-12-23,1610612749,MIL,Milwaukee Bucks,MIL @ IND,W,111,0.512,0.333,0.708,48,20,15,17,17,1,team_game_log
2025-26,22500413,2025-12-23,1610612754,IND,Indiana Pacers,IND vs. MIL,L,94,0.407,0.258,0.606,40,20,12,-17,-17,0,team_game_log
2025-26,22500414,2025-12-23,1610612748,MIA,Miami Heat,MIA vs. TOR,L,91,0.402,0.267,0.85,40,18,18,-21,-21,0,team_game_log
2025-26,22500414,2025-12-23,1610612761,TOR,Toronto Raptors,TOR @ MIA,W,112,0.477,0.368,0.889,50,29,17,21,21,1,team_game_log
2025-26,22500415,2025-12-23,1610612742,DAL,Dallas Mavericks,DAL vs. DEN,W,131,0.57,0.407,0.933,36,34,11,1,1,1,team_game_log
2025-26,22500415,2025-12-23,1610612743,DEN,Denver Nuggets,DEN @ DAL,L,130,0.575,0.488,1.0,34,39,15,-1,-1,0,team_game_log
2025-26,22500416,2025-12-23,1610612750,MIN,Minnesota Timberwolves,MIN vs. NYK,W,115,0.452,0.326,0.696,42,25,11,11,11,1,team_game_log
2025-26,22500416,2025-12-23,1610612752,NYK,New York Knicks,NYK @ MIN,L,104,0.414,0.367,0.733,55,20,19,-11,-11,0,team_game_log
2025-26,22500417,2025-12-23,1610612759,SAS,San Antonio Spurs,SAS vs. OKC,W,130,0.571,0.444,0.75,34,34,9,20,20,1,team_game_log
2025-26,22500417,2025-12-23,1610612760,OKC,Oklahoma City Thunder,OKC @ SAS,L,110,0.541,0.4,0.857,36,23,15,-20,-20,0,team_game_log
2025-26,22500418,2025-12-23,1610612747,LAL,Los Angeles Lakers,LAL @ PHX,L,108,0.481,0.375,0.621,38,22,17,-24,-24,0,team_game_log
2025-26,22500418,2025-12-23,1610612756,PHX,Phoenix Suns,PHX vs. LAL,W,132,0.588,0.412,0.9,38,35,14,24,24,1,team_game_log
2025-26,22500419,2025-12-23,1610612762,UTA,Utah Jazz,UTA vs. MEM,L,128,0.444,0.356,0.889,40,29,13,-9,-9,0,team_game_log
2025-26,22500419,2025-12-23,1610612763,MEM,Memphis Grizzlies,MEM @ UTA,W,137,0.557,0.422,0.69,41,41,15,9,9,1,team_game_log
2025-26,22500420,2025-12-23,1610612753,ORL,Orlando Magic,ORL @ POR,W,110,0.435,0.455,0.913,38,26,15,4,4,1,team_game_log
2025-26,22500420,2025-12-23,1610612757,POR,Portland Trail Blazers,POR vs. ORL,L,106,0.471,0.281,0.789,45,23,17,-4,-4,0,team_game_log
2025-26,22500421,2025-12-23,1610612758,SAC,Sacramento Kings,SAC vs. DET,L,127,0.457,0.333,0.865,42,26,13,-9,-9,0,team_game_log
2025-26,22500421,2025-12-23,1610612765,DET,Detroit Pistons,DET @ SAC,W,136,0.537,0.438,0.714,42,38,15,9,9,1,team_game_log
2025-26,22500422,2025-12-23,1610612745,HOU,Houston Rockets,HOU @ LAC,L,108,0.5,0.3,0.722,42,25,13,-20,-20,0,team_game_log
2025-26,22500422,2025-12-23,1610612746,LAC,LA Clippers,LAC vs. HOU,W,128,0.545,0.541,0.889,34,25,10,20,20,1,team_game_log
2025-26,22500009,2025-12-25,1610612739,CLE,Cleveland Cavaliers,CLE @ NYK,L,124,0.523,0.441,0.826,45,30,14,-2,-2,0,team_game_log
2025-26,22500009,2025-12-25,1610612752,NYK,New York Knicks,NYK vs. CLE,W,126,0.468,0.477,0.773,43,28,13,2,2,1,team_game_log
2025-26,22500010,2025-12-25,1610612759,SAS,San Antonio Spurs,SAS @ OKC,W,117,0.536,0.379,0.762,49,20,13,15,15,1,team_game_log
2025-26,22500010,2025-12-25,1610612760,OKC,Oklahoma City Thunder,OKC vs. SAS,L,102,0.389,0.25,0.68,48,23,7,-15,-15,0,team_game_log
2025-26,22500011,2025-12-25,1610612742,DAL,Dallas Mavericks,DAL @ GSW,L,116,0.551,0.286,0.667,41,18,11,-10,-10,0,team_game_log
2025-26,22500011,2025-12-25,1610612744,GSW,Golden State Warriors,GSW vs. DAL,W,126,0.444,0.28,0.923,49,33,11,10,10,1,team_game_log
2025-26,22500012,2025-12-25,1610612745,HOU,Houston Rockets,HOU @ LAL,W,119,0.533,0.333,0.789,48,24,16,23,23,1,team_game_log
2025-26,22500012,2025-12-25,1610612747,LAL,Los Angeles Lakers,LAL vs. HOU,L,96,0.506,0.367,0.636,25,19,16,-23,-23,0,team_game_log
2025-26,22500013,2025-12-25,1610612743,DEN,Denver Nuggets,DEN vs. MIN,W,142,0.465,0.442,0.906,45,31,17,4,4,1,team_game_log
2025-26,22500013,2025-12-25,1610612750,MIN,Minnesota Timberwolves,MIN @ DEN,L,138,0.49,0.267,0.8,47,31,15,-4,-4,0,team_game_log
2025-26,22500423,2025-12-26,1610612737,ATL,Atlanta Hawks,ATL vs. MIA,L,111,0.471,0.333,0.905,42,26,21,-15,-15,0,team_game_log
2025-26,22500423,2025-12-26,1610612748,MIA,Miami Heat,MIA @ ATL,W,126,0.471,0.306,0.944,52,29,12,15,15,1,team_game_log
2025-26,22500424,2025-12-26,1610612753,ORL,Orlando Magic,ORL vs. CHA,L,105,0.398,0.314,0.87,42,22,9,-15,-15,0,team_game_log
2025-26,22500424,2025-12-26,1610612766,CHA,Charlotte Hornets,CHA @ ORL,W,120,0.471,0.487,0.679,53,23,15,15,15,1,team_game_log
2025-26,22500425,2025-12-26,1610612761,TOR,Toronto Raptors,TOR @ WAS,L,117,0.44,0.333,0.926,33,26,11,-21,-21,0,team_game_log
2025-26,22500425,2025-12-26,1610612764,WAS,Washington Wizards,WAS vs. TOR,W,138,0.593,0.455,0.833,46,26,14,21,21,1,team_game_log
2025-26,22500426,2025-12-26,1610612738,BOS,Boston Celtics,BOS @ IND,W,140,0.566,0.513,0.765,43,26,14,18,18,1,team_game_log
2025-26,22500426,2025-12-26,1610612754,IND,Indiana Pacers,IND vs. BOS,L,122,0.494,0.409,0.8,35,29,14,-18,-18,0,team_game_log
2025-26,22500427,2025-12-26,1610612741,CHI,Chicago Bulls,CHI vs. PHI,W,109,0.442,0.341,0.76,52,31,12,7,7,1,team_game_log
2025-26,22500427,2025-12-26,1610612755,PHI,Philadelphia 76ers,PHI @ CHI,L,102,0.376,0.282,0.875,46,22,9,-7,-7,0,team_game_log
2025-26,22500428,2025-12-26,1610612749,MIL,Milwaukee Bucks,MIL @ MEM,L,104,0.429,0.359,0.75,48,18,22,-21,-21,0,team_game_log
2025-26,22500428,2025-12-26,1610612763,MEM,Memphis Grizzlies,MEM vs. MIL,W,125,0.506,0.382,0.813,42,28,14,21,21,1,team_game_log
2025-26,22500429,2025-12-26,1610612740,NOP,New Orleans Pelicans,NOP vs. PHX,L,108,0.443,0.2,0.595,38,22,12,-7,-7,0,team_game_log
2025-26,22500429,2025-12-26,1610612756,PHX,Phoenix Suns,PHX @ NOP,W,115,0.484,0.2,0.76,52,26,18,7,7,1,team_game_log
2025-26,22500430,2025-12-26,1610612762,UTA,Utah Jazz,UTA vs. DET,W,131,0.489,0.474,0.962,42,35,18,2,2,1,team_game_log
2025-26,22500430,2025-12-26,1610612765,DET,Detroit Pistons,DET @ UTA,L,129,0.522,0.486,0.652,41,38,17,-2,-2,0,team_game_log
2025-26,22500431,2025-12-26,1610612746,LAC,LA Clippers,LAC @ POR,W,119,0.507,0.5,0.935,32,21,13,16,16,1,team_game_log
2025-26,22500431,2025-12-26,1610612757,POR,Portland Trail Blazers,POR vs. LAC,L,103,0.45,0.41,0.682,43,23,15,-16,-16,0,team_game_log
2025-26,22500432,2025-12-27,1610612742,DAL,Dallas Mavericks,DAL @ SAC,L,107,0.46,0.481,0.7,51,23,21,-6,-6,0,team_game_log
2025-26,22500432,2025-12-27,1610612758,SAC,Sacramento Kings,SAC vs. DAL,W,113,0.433,0.447,0.75,50,32,11,6,6,1,team_game_log
2025-26,22500433,2025-12-27,1610612743,DEN,Denver Nuggets,DEN @ ORL,L,126,0.512,0.379,0.9,49,27,16,-1,-1,0,team_game_log
2025-26,22500433,2025-12-27,1610612753,ORL,Orlando Magic,ORL vs. DEN,W,127,0.517,0.345,0.676,35,32,6,1,1,1,team_game_log
2025-26,22500434,2025-12-27,1610612740,NOP,New Orleans Pelicans,NOP vs. PHX,L,114,0.437,0.333,0.879,43,16,13,-9,-9,0,team_game_log
2025-26,22500434,2025-12-27,1610612756,PHX,Phoenix Suns,PHX @ NOP,W,123,0.459,0.455,0.684,55,26,17,9,9,1,team_game_log
2025-26,22500435,2025-12-27,1610612737,ATL,Atlanta Hawks,ATL vs. NYK,L,125,0.483,0.395,0.815,37,33,12,-3,-3,0,team_game_log
2025-26,22500435,2025-12-27,1610612752,NYK,New York Knicks,NYK @ ATL,W,128,0.453,0.349,0.844,55,27,14,3,3,1,team_game_log
2025-26,22500436,2025-12-27,1610612748,MIA,Miami Heat,MIA vs. IND,W,142,0.514,0.387,0.952,49,33,11,26,26,1,team_game_log
2025-26,22500436,2025-12-27,1610612754,IND,Indiana Pacers,IND @ MIA,L,116,0.495,0.316,0.75,45,30,26,-26,-26,0,team_game_log
2025-26,22500437,2025-12-27,1610612741,CHI,Chicago Bulls,CHI vs. MIL,L,103,0.419,0.342,0.75,52,28,15,-9,-9,0,team_game_log
2025-26,22500437,2025-12-27,1610612749,MIL,Milwaukee Bucks,MIL @ CHI,W,112,0.465,0.361,0.792,47,22,12,9,9,1,team_game_log
2025-26,22500438,2025-12-27,1610612739,CLE,Cleveland Cavaliers,CLE @ HOU,L,100,0.427,0.306,0.636,42,23,15,-17,-17,0,team_game_log
2025-26,22500438,2025-12-27,1610612745,HOU,Houston Rockets,HOU vs. CLE,W,117,0.489,0.457,0.714,51,27,17,17,17,1,team_game_log
2025-26,22500439,2025-12-27,1610612750,MIN,Minnesota Timberwolves,MIN vs. BKN,L,107,0.446,0.419,0.714,34,27,11,-16,-16,0,team_game_log
2025-26,22500439,2025-12-27,1610612751,BKN,Brooklyn Nets,BKN @ MIN,W,123,0.548,0.275,0.952,39,32,16,16,16,1,team_game_log
2025-26,22500440,2025-12-27,1610612759,SAS,San Antonio Spurs,SAS vs. UTA,L,114,0.434,0.227,0.857,46,30,12,-13,-13,0,team_game_log
2025-26,22500440,2025-12-27,1610612762,UTA,Utah Jazz,UTA @ SAS,W,127,0.542,0.459,0.769,37,34,16,13,13,1,team_game_log
2025-26,22500441,2025-12-28,1610612744,GSW,Golden State Warriors,GSW @ TOR,L,127,0.448,0.364,0.893,42,25,21,-14,-14,0,team_game_log
2025-26,22500441,2025-12-28,1610612761,TOR,Toronto Raptors,TOR vs. GSW,W,141,0.509,0.31,0.889,55,40,15,14,14,1,team_game_log
2025-26,22500442,2025-12-28,1610612755,PHI,Philadelphia 76ers,PHI @ OKC,L,104,0.422,0.395,0.81,38,21,23,-25,-25,0,team_game_log
2025-26,22500442,2025-12-28,1610612760,OKC,Oklahoma City Thunder,OKC vs. PHI,W,129,0.575,0.357,0.76,35,27,14,25,25,1,team_game_log
2025-26,22500443,2025-12-28,1610612763,MEM,Memphis Grizzlies,MEM @ WAS,L,112,0.417,0.281,0.81,43,27,16,-4,-4,0,team_game_log
2025-26,22500443,2025-12-28,1610612764,WAS,Washington Wizards,WAS vs. MEM,W,116,0.424,0.242,0.96,54,26,19,4,4,1,team_game_log
2025-26,22500444,2025-12-28,1610612738,BOS,Boston Celtics,BOS @ POR,L,108,0.44,0.295,0.789,39,19,19,-6,-6,0,team_game_log
2025-26,22500444,2025-12-28,1610612757,POR,Portland Trail Blazers,POR vs. BOS,W,114,0.472,0.353,0.571,48,26,20,6,6,1,team_game_log
2025-26,22500445,2025-12-28,1610612746,LAC,LA Clippers,LAC vs. DET,W,112,0.467,0.412,0.966,35,18,12,13,13,1,team_game_log
2025-26,22500445,2025-12-28,1610612765,DET,Detroit Pistons,DET @ LAC,L,99,0.415,0.241,0.857,45,18,13,-13,-13,0,team_game_log
2025-26,22500446,2025-12-28,1610612747,LAL,Los Angeles Lakers,LAL vs. SAC,W,125,0.528,0.395,0.889,41,25,16,24,24,1,team_game_log
2025-26,22500446,2025-12-28,1610612758,SAC,Sacramento Kings,SAC @ LAL,L,101,0.482,0.276,0.684,39,24,19,-24,-24,0,team_game_log
2025-26,22500447,2025-12-29,1610612749,MIL,Milwaukee Bucks,MIL @ CHA,W,123,0.524,0.471,0.864,31,29,9,10,10,1,team_game_log
2025-26,22500447,2025-12-29,1610612766,CHA,Charlotte Hornets,CHA vs. MIL,L,113,0.43,0.37,0.8,47,28,13,-10,-10,0,team_game_log
2025-26,22500448,2025-12-29,1610612756,PHX,Phoenix Suns,PHX @ WAS,W,115,0.406,0.425,0.889,51,25,10,14,14,1,team_game_log
2025-26,22500448,2025-12-29,1610612764,WAS,Washington Wizards,WAS vs. PHX,L,101,0.462,0.406,0.762,43,21,16,-14,-14,0,team_game_log
2025-26,22500449,2025-12-29,1610612744,GSW,Golden State Warriors,GSW @ BKN,W,120,0.532,0.303,0.824,40,26,14,13,13,1,team_game_log
2025-26,22500449,2025-12-29,1610612751,BKN,Brooklyn Nets,BKN vs. GSW,L,107,0.45,0.429,0.739,34,22,15,-13,-13,0,team_game_log
2025-26,22500450,2025-12-29,1610612743,DEN,Denver Nuggets,DEN @ MIA,L,123,0.528,0.355,0.818,36,29,10,-24,-24,0,team_game_log
2025-26,22500450,2025-12-29,1610612748,MIA,Miami Heat,MIA vs. DEN,W,147,0.535,0.478,0.826,46,40,10,24,24,1,team_game_log
2025-26,22500451,2025-12-29,1610612753,ORL,Orlando Magic,ORL @ TOR,L,106,0.407,0.281,0.852,52,25,8,-1,-1,0,team_game_log
2025-26,22500451,2025-12-29,1610612761,TOR,Toronto Raptors,TOR vs. ORL,W,107,0.394,0.235,0.724,58,22,6,1,1,1,team_game_log
2025-26,22500452,2025-12-29,1610612741,CHI,Chicago Bulls,CHI vs. MIN,L,101,0.409,0.342,0.857,42,25,17,-35,-35,0,team_game_log
2025-26,22500452,2025-12-29,1610612750,MIN,Minnesota Timberwolves,MIN @ CHI,W,136,0.537,0.405,0.76,46,32,5,35,35,1,team_game_log
2025-26,22500453,2025-12-29,1610612745,HOU,Houston Rockets,HOU vs. IND,W,126,0.59,0.37,0.75,50,21,19,7,7,1,team_game_log
2025-26,22500453,2025-12-29,1610612754,IND,Indiana Pacers,IND @ HOU,L,119,0.5,0.529,0.65,29,30,9,-7,-7,0,team_game_log
2025-26,22500454,2025-12-29,1610612740,NOP,New Orleans Pelicans,NOP vs. NYK,L,125,0.458,0.389,0.852,50,27,12,-5,-5,0,team_game_log
2025-26,22500454,2025-12-29,1610612752,NYK,New York Knicks,NYK @ NOP,W,130,0.484,0.455,0.947,42,35,9,5,5,1,team_game_log
2025-26,22500455,2025-12-29,1610612737,ATL,Atlanta Hawks,ATL @ OKC,L,129,0.474,0.463,0.706,38,32,16,-11,-11,0,team_game_log
2025-26,22500455,2025-12-29,1610612760,OKC,Oklahoma City Thunder,OKC vs. ATL,W,140,0.541,0.375,0.957,49,27,14,11,11,1,team_game_log
2025-26,22500456,2025-12-29,1610612739,CLE,Cleveland Cavaliers,CLE @ SAS,W,113,0.427,0.31,0.9,47,29,14,12,12,1,team_game_log
2025-26,22500456,2025-12-29,1610612759,SAS,San Antonio Spurs,SAS vs. CLE,L,101,0.386,0.226,0.833,52,21,18,-12,-12,0,team_game_log
2025-26,22500457,2025-12-29,1610612742,DAL,Dallas Mavericks,DAL @ POR,L,122,0.505,0.344,0.792,41,33,12,-3,-3,0,team_game_log
2025-26,22500457,2025-12-29,1610612757,POR,Portland Trail Blazers,POR vs. DAL,W,125,0.474,0.39,0.773,48,27,16,3,3,1,team_game_log
2025-26,22500458,2025-12-30,1610612755,PHI,Philadelphia 76ers,PHI @ MEM,W,139,0.459,0.357,0.815,41,33,9,3,3,1,team_game_log
2025-26,22500458,2025-12-30,1610612763,MEM,Memphis Grizzlies,MEM vs. PHI,L,136,0.554,0.379,0.885,51,28,20,-3,-3,0,team_game_log
2025-26,22500459,2025-12-30,1610612738,BOS,Boston Celtics,BOS @ UTA,W,129,0.511,0.295,0.87,44,27,8,10,10,1,team_game_log
2025-26,22500459,2025-12-30,1610612762,UTA,Utah Jazz,UTA vs. BOS,L,119,0.471,0.381,0.84,40,31,13,-10,-10,0,team_game_log
2025-26,22500460,2025-12-30,1610612747,LAL,Los Angeles Lakers,LAL vs. DET,L,106,0.451,0.282,0.677,33,28,21,-22,-22,0,team_game_log
2025-26,22500460,2025-12-30,1610612765,DET,Detroit Pistons,DET @ LAL,W,128,0.632,0.458,0.724,37,30,20,22,22,1,team_game_log
2025-26,22500461,2025-12-30,1610612746,LAC,LA Clippers,LAC vs. SAC,W,131,0.511,0.368,0.781,42,29,4,41,41,1,team_game_log
2025-26,22500461,2025-12-30,1610612758,SAC,Sacramento Kings,SAC @ LAC,L,90,0.41,0.333,0.929,39,18,19,-41,-41,0,team_game_log
2025-26,22500462,2025-12-31,1610612744,GSW,Golden State Warriors,GSW @ CHA,W,132,0.554,0.49,0.941,37,35,19,7,7,1,team_game_log
2025-26,22500462,2025-12-31,1610612766,CHA,Charlotte Hornets,CHA vs. GSW,L,125,0.516,0.4,0.765,37,35,15,-7,-7,0,team_game_log
2025-26,22500463,2025-12-31,1610612737,ATL,Atlanta Hawks,ATL vs. MIN,W,126,0.49,0.381,0.5,49,38,10,24,24,1,team_game_log
2025-26,22500463,2025-12-31,1610612750,MIN,Minnesota Timberwolves,MIN @ ATL,L,102,0.425,0.35,0.778,46,22,16,-24,-24,0,team_game_log
2025-26,22500464,2025-12-31,1610612753,ORL,Orlando Magic,ORL @ IND,W,112,0.478,0.143,0.821,49,28,19,2,2,1,team_game_log
2025-26,22500464,2025-12-31,1610612754,IND,Indiana Pacers,IND vs. ORL,L,110,0.434,0.343,0.813,39,22,16,-2,-2,0,team_game_log
2025-26,22500465,2025-12-31,1610612739,CLE,Cleveland Cavaliers,CLE vs. PHX,W,129,0.5,0.395,0.818,54,31,15,16,16,1,team_game_log
2025-26,22500465,2025-12-31,1610612756,PHX,Phoenix Suns,PHX @ CLE,L,113,0.4,0.417,0.875,52,23,14,-16,-16,0,team_game_log
2025-26,22500466,2025-12-31,1610612740,NOP,New Orleans Pelicans,NOP @ CHI,L,118,0.429,0.316,0.815,46,25,10,-16,-16,0,team_game_log
2025-26,22500466,2025-12-31,1610612741,CHI,Chicago Bulls,CHI vs. NOP,W,134,0.511,0.349,0.735,49,33,9,16,16,1,team_game_log
2025-26,22500467,2025-12-31,1610612752,NYK,New York Knicks,NYK @ SAS,L,132,0.479,0.423,0.9,40,32,10,-2,-2,0,team_game_log
2025-26,22500467,2025-12-31,1610612759,SAS,San Antonio Spurs,SAS vs. NYK,W,134,0.494,0.368,0.8,48,25,11,2,2,1,team_game_log
2025-26,22500468,2025-12-31,1610612743,DEN,Denver Nuggets,DEN @ TOR,W,106,0.425,0.294,0.824,47,17,11,3,3,1,team_game_log
2025-26,22500468,2025-12-31,1610612761,TOR,Toronto Raptors,TOR vs. DEN,L,103,0.37,0.267,0.81,50,27,8,-3,-3,0,team_game_log
2025-26,22500469,2025-12-31,1610612749,MIL,Milwaukee Bucks,MIL vs. WAS,L,113,0.461,0.41,0.682,48,24,15,-1,-1,0,team_game_log
2025-26,22500469,2025-12-31,1610612764,WAS,Washington Wizards,WAS @ MIL,W,114,0.436,0.487,0.65,44,31,10,1,1,1,team_game_log
2025-26,22500470,2025-12-31,1610612757,POR,Portland Trail Blazers,POR @ OKC,L,95,0.391,0.4,0.765,50,20,25,-29,-29,0,team_game_log
2025-26,22500470,2025-12-31,1610612760,OKC,Oklahoma City Thunder,OKC vs. POR,W,124,0.489,0.327,0.769,41,29,15,29,29,1,team_game_log
2025-26,22500471,2026-01-01,1610612745,HOU,Houston Rockets,HOU @ BKN,W,120,0.573,0.414,0.778,45,28,14,24,24,1,team_game_log
2025-26,22500471,2026-01-01,1610612751,BKN,Brooklyn Nets,BKN vs. HOU,L,96,0.447,0.333,0.6,27,18,13,-24,-24,0,team_game_log
2025-26,22500472,2026-01-01,1610612748,MIA,Miami Heat,MIA @ DET,W,118,0.434,0.359,0.9,49,25,20,6,6,1,team_game_log
2025-26,22500472,2026-01-01,1610612765,DET,Detroit Pistons,DET vs. MIA,L,112,0.475,0.346,0.871,40,25,21,-6,-6,0,team_game_log
2025-26,22500473,2026-01-01,1610612742,DAL,Dallas Mavericks,DAL vs. PHI,L,108,0.447,0.214,0.9,39,23,13,-15,-15,0,team_game_log
2025-26,22500473,2026-01-01,1610612755,PHI,Philadelphia 76ers,PHI @ DAL,W,123,0.533,0.361,0.875,43,22,12,15,15,1,team_game_log
2025-26,22500474,2026-01-01,1610612738,BOS,Boston Celtics,BOS @ SAC,W,120,0.506,0.415,0.833,40,25,13,14,14,1,team_game_log
2025-26,22500474,2026-01-01,1610612758,SAC,Sacramento Kings,SAC vs. BOS,L,106,0.471,0.333,0.933,32,29,9,-14,-14,0,team_game_log
2025-26,22500475,2026-01-01,1610612746,LAC,LA Clippers,LAC vs. UTA,W,118,0.449,0.314,0.846,47,20,13,17,17,1,team_game_log
2025-26,22500475,2026-01-01,1610612762,UTA,Utah Jazz,UTA @ LAC,L,101,0.462,0.222,0.767,35,20,18,-17,-17,0,team_game_log
2025-26,22500476,2026-01-02,1610612754,IND,Indiana Pacers,IND vs. SAS,L,113,0.512,0.4,0.867,39,26,14,-10,-10,0,team_game_log
2025-26,22500476,2026-01-02,1610612759,SAS,San Antonio Spurs,SAS @ IND,W,123,0.449,0.283,0.786,49,23,13,10,10,1,team_game_log
2025-26,22500477,2026-01-02,1610612751,BKN,Brooklyn Nets,BKN @ WAS,L,99,0.395,0.207,0.893,33,20,16,-20,-20,0,team_game_log
2025-26,22500477,2026-01-02,1610612764,WAS,Washington Wizards,WAS vs. BKN,W,119,0.511,0.379,0.875,51,24,19,20,20,1,team_game_log
2025-26,22500478,2026-01-02,1610612739,CLE,Cleveland Cavaliers,CLE vs. DEN,W,113,0.5,0.41,0.579,55,32,17,5,5,1,team_game_log
2025-26,22500478,2026-01-02,1610612743,DEN,Denver Nuggets,DEN @ CLE,L,108,0.426,0.362,0.846,32,26,9,-5,-5,0,team_game_log
2025-26,22500479,2026-01-02,1610612737,ATL,Atlanta Hawks,ATL @ NYK,W,111,0.477,0.333,0.6,49,31,13,12,12,1,team_game_log
2025-26,22500479,2026-01-02,1610612752,NYK,New York Knicks,NYK vs. ATL,L,99,0.371,0.214,0.857,52,27,15,-12,-12,0,team_game_log
2025-26,22500480,2026-01-02,1610612741,CHI,Chicago Bulls,CHI vs. ORL,W,121,0.5,0.341,0.895,47,31,13,7,7,1,team_game_log
2025-26,22500480,2026-01-02,1610612753,ORL,Orlando Magic,ORL @ CHI,L,114,0.5,0.438,0.667,36,28,11,-7,-7,0,team_game_log
2025-26,22500481,2026-01-02,1610612749,MIL,Milwaukee Bucks,MIL vs. CHA,W,122,0.517,0.432,0.889,36,31,11,1,1,1,team_game_log
2025-26,22500481,2026-01-02,1610612766,CHA,Charlotte Hornets,CHA @ MIL,L,121,0.488,0.45,0.821,39,27,14,-1,-1,0,team_game_log
2025-26,22500482,2026-01-02,1610612740,NOP,New Orleans Pelicans,NOP vs. POR,L,109,0.449,0.267,0.722,42,22,15,-13,-13,0,team_game_log
2025-26,22500482,2026-01-02,1610612757,POR,Portland Trail Blazers,POR @ NOP,W,122,0.446,0.34,0.8,46,27,9,13,13,1,team_game_log
2025-26,22500483,2026-01-02,1610612756,PHX,Phoenix Suns,PHX vs. SAC,W,129,0.563,0.258,0.821,42,23,12,27,27,1,team_game_log
2025-26,22500483,2026-01-02,1610612758,SAC,Sacramento Kings,SAC @ PHX,L,102,0.412,0.357,0.688,42,20,21,-27,-27,0,team_game_log
2025-26,22500484,2026-01-02,1610612744,GSW,Golden State Warriors,GSW vs. OKC,L,94,0.356,0.295,0.739,43,23,17,-37,-37,0,team_game_log
2025-26,22500484,2026-01-02,1610612760,OKC,Oklahoma City Thunder,OKC @ GSW,W,131,0.522,0.421,1.0,51,34,14,37,37,1,team_game_log
2025-26,22500485,2026-01-02,1610612747,LAL,Los Angeles Lakers,LAL vs. MEM,W,128,0.584,0.344,0.871,42,26,20,7,7,1,team_game_log
2025-26,22500485,2026-01-02,1610612763,MEM,Memphis Grizzlies,MEM @ LAL,L,121,0.479,0.333,0.652,34,32,15,-7,-7,0,team_game_log
2025-26,22500486,2026-01-03,1610612748,MIA,Miami Heat,MIA vs. MIN,L,115,0.471,0.378,0.864,37,27,19,-10,-10,0,team_game_log
2025-26,22500486,2026-01-03,1610612750,MIN,Minnesota Timberwolves,MIN @ MIA,W,125,0.541,0.289,0.88,40,26,14,10,10,1,team_game_log
2025-26,22500487,2026-01-03,1610612752,NYK,New York Knicks,NYK vs. PHI,L,119,0.427,0.4,0.844,44,23,16,-11,-11,0,team_game_log
2025-26,22500487,2026-01-03,1610612755,PHI,Philadelphia 76ers,PHI @ NYK,W,130,0.544,0.472,0.652,47,25,14,11,11,1,team_game_log
2025-26,22500488,2026-01-03,1610612737,ATL,Atlanta Hawks,ATL @ TOR,L,117,0.462,0.436,0.842,36,32,16,-17,-17,0,team_game_log
2025-26,22500488,2026-01-03,1610612761,TOR,Toronto Raptors,TOR vs. ATL,W,134,0.533,0.387,0.923,48,28,14,17,17,1,team_game_log
2025-26,22500489,2026-01-03,1610612741,CHI,Chicago Bulls,CHI vs. CHA,L,99,0.448,0.268,0.714,43,32,11,-13,-13,0,team_game_log
2025-26,22500489,2026-01-03,1610612766,CHA,Charlotte Hornets,CHA @ CHI,W,112,0.429,0.366,0.826,52,23,12,13,13,1,team_game_log
2025-26,22500490,2026-01-03,1610612757,POR,Portland Trail Blazers,POR @ SAS,W,115,0.44,0.422,0.593,51,24,11,5,5,1,team_game_log
2025-26,22500490,2026-01-03,1610612759,SAS,San Antonio Spurs,SAS vs. POR,L,110,0.43,0.323,0.87,48,27,6,-5,-5,0,team_game_log
2025-26,22500491,2026-01-03,1610612742,DAL,Dallas Mavericks,DAL vs. HOU,W,110,0.55,0.381,0.778,47,24,16,6,6,1,team_game_log
2025-26,22500491,2026-01-03,1610612745,HOU,Houston Rockets,HOU @ DAL,L,104,0.387,0.244,0.8,51,24,9,-6,-6,0,team_game_log
2025-26,22500492,2026-01-03,1610612744,GSW,Golden State Warriors,GSW vs. UTA,W,123,0.494,0.422,0.75,45,32,15,9,9,1,team_game_log
2025-26,22500492,2026-01-03,1610612762,UTA,Utah Jazz,UTA @ GSW,L,114,0.523,0.371,0.647,37,32,15,-9,-9,0,team_game_log
2025-26,22500493,2026-01-03,1610612738,BOS,Boston Celtics,BOS @ LAC,W,146,0.552,0.471,0.842,46,30,6,31,31,1,team_game_log
2025-26,22500493,2026-01-03,1610612746,LAC,LA Clippers,LAC vs. BOS,L,115,0.5,0.395,0.941,30,26,10,-31,-31,0,team_game_log
2025-26,22500494,2026-01-04,1610612739,CLE,Cleveland Cavaliers,CLE vs. DET,L,110,0.438,0.333,0.867,44,23,17,-4,-4,0,team_game_log
2025-26,22500494,2026-01-04,1610612765,DET,Detroit Pistons,DET @ CLE,W,114,0.411,0.375,1.0,45,25,17,4,4,1,team_game_log
2025-26,22500495,2026-01-04,1610612753,ORL,Orlando Magic,ORL vs. IND,W,135,0.56,0.469,0.765,36,34,7,8,8,1,team_game_log
2025-26,22500495,2026-01-04,1610612754,IND,Indiana Pacers,IND @ ORL,L,127,0.552,0.441,0.762,41,38,11,-8,-8,0,team_game_log
2025-26,22500496,2026-01-04,1610612743,DEN,Denver Nuggets,DEN @ BKN,L,115,0.482,0.355,0.786,33,29,10,-12,-12,0,team_game_log
2025-26,22500496,2026-01-04,1610612751,BKN,Brooklyn Nets,BKN vs. DEN,W,127,0.506,0.424,0.838,44,29,10,12,12,1,team_game_log
2025-26,22500497,2026-01-04,1610612740,NOP,New Orleans Pelicans,NOP @ MIA,L,106,0.467,0.4,0.75,42,28,26,-19,-19,0,team_game_log
2025-26,22500497,2026-01-04,1610612748,MIA,Miami Heat,MIA vs. NOP,W,125,0.465,0.409,0.722,43,30,16,19,19,1,team_game_log
2025-26,22500498,2026-01-04,1610612750,MIN,Minnesota Timberwolves,MIN @ WAS,W,141,0.561,0.297,0.741,51,29,14,26,26,1,team_game_log
2025-26,22500498,2026-01-04,1610612764,WAS,Washington Wizards,WAS vs. MIN,L,115,0.489,0.333,0.895,35,21,19,-26,-26,0,team_game_log
2025-26,22500499,2026-01-04,1610612756,PHX,Phoenix Suns,PHX vs. OKC,W,108,0.443,0.395,0.724,49,21,16,3,3,1,team_game_log
2025-26,22500499,2026-01-04,1610612760,OKC,Oklahoma City Thunder,OKC @ PHX,L,105,0.476,0.313,0.895,29,20,9,-3,-3,0,team_game_log
2025-26,22500500,2026-01-04,1610612749,MIL,Milwaukee Bucks,MIL @ SAC,W,115,0.448,0.27,0.9,48,23,13,17,17,1,team_game_log
2025-26,22500500,2026-01-04,1610612758,SAC,Sacramento Kings,SAC vs. MIL,L,98,0.425,0.2,0.781,38,17,10,-17,-17,0,team_game_log
2025-26,22500501,2026-01-04,1610612747,LAL,Los Angeles Lakers,LAL vs. MEM,W,120,0.475,0.268,0.805,45,30,11,6,6,1,team_game_log
2025-26,22500501,2026-01-04,1610612763,MEM,Memphis Grizzlies,MEM @ LAL,L,114,0.42,0.244,0.909,47,29,9,-6,-6,0,team_game_log
2025-26,22500502,2026-01-05,1610612752,NYK,New York Knicks,NYK @ DET,L,90,0.421,0.433,0.929,30,15,20,-31,-31,0,team_game_log
2025-26,22500502,2026-01-05,1610612765,DET,Detroit Pistons,DET vs. NYK,W,121,0.547,0.516,0.688,44,25,16,31,31,1,team_game_log
2025-26,22500503,2026-01-05,1610612738,BOS,Boston Celtics,BOS vs. CHI,W,115,0.404,0.385,0.846,54,22,8,14,14,1,team_game_log
2025-26,22500503,2026-01-05,1610612741,CHI,Chicago Bulls,CHI @ BOS,L,101,0.442,0.348,0.9,45,25,13,-14,-14,0,team_game_log
2025-26,22500504,2026-01-05,1610612737,ATL,Atlanta Hawks,ATL @ TOR,L,100,0.393,0.353,0.857,46,28,15,-18,-18,0,team_game_log
2025-26,22500504,2026-01-05,1610612761,TOR,Toronto Raptors,TOR vs. ATL,W,118,0.522,0.324,0.632,46,34,15,18,18,1,team_game_log
2025-26,22500505,2026-01-05,1610612745,HOU,Houston Rockets,HOU vs. PHX,W,100,0.437,0.243,0.714,51,20,16,3,3,1,team_game_log
2025-26,22500505,2026-01-05,1610612756,PHX,Phoenix Suns,PHX @ HOU,L,97,0.42,0.341,0.75,40,23,13,-3,-3,0,team_game_log
2025-26,22500506,2026-01-05,1610612760,OKC,Oklahoma City Thunder,OKC vs. CHA,L,97,0.366,0.282,0.667,33,18,8,-27,-27,0,team_game_log
2025-26,22500506,2026-01-05,1610612766,CHA,Charlotte Hornets,CHA @ OKC,W,124,0.532,0.514,0.92,52,25,21,27,27,1,team_game_log
2025-26,22500507,2026-01-05,1610612743,DEN,Denver Nuggets,DEN @ PHI,W,125,0.531,0.486,0.75,38,26,19,1,1,1,team_game_log
2025-26,22500507,2026-01-05,1610612755,PHI,Philadelphia 76ers,PHI vs. DEN,L,124,0.469,0.378,0.789,42,28,14,-1,-1,0,team_game_log
2025-26,22500508,2026-01-05,1610612744,GSW,Golden State Warriors,GSW @ LAC,L,102,0.38,0.244,0.815,40,27,7,-1,-1,0,team_game_log
2025-26,22500508,2026-01-05,1610612746,LAC,LA Clippers,LAC vs. GSW,W,103,0.481,0.345,0.905,48,25,20,1,1,1,team_game_log
2025-26,22500509,2026-01-05,1610612757,POR,Portland Trail Blazers,POR vs. UTA,W,137,0.527,0.396,0.952,45,32,14,20,20,1,team_game_log
2025-26,22500509,2026-01-05,1610612762,UTA,Utah Jazz,UTA @ POR,L,117,0.489,0.419,0.824,42,32,15,-20,-20,0,team_game_log
2025-26,22500510,2026-01-06,1610612739,CLE,Cleveland Cavaliers,CLE @ IND,W,120,0.557,0.385,0.667,48,33,19,4,4,1,team_game_log
2025-26,22500510,2026-01-06,1610612754,IND,Indiana Pacers,IND vs. CLE,L,116,0.462,0.457,0.737,32,32,14,-4,-4,0,team_game_log
2025-26,22500511,2026-01-06,1610612753,ORL,Orlando Magic,ORL @ WAS,L,112,0.457,0.364,0.667,48,28,19,-8,-8,0,team_game_log
2025-26,22500511,2026-01-06,1610612764,WAS,Washington Wizards,WAS vs. ORL,W,120,0.453,0.324,0.939,45,25,15,8,8,1,team_game_log
2025-26,22500512,2026-01-06,1610612759,SAS,San Antonio Spurs,SAS @ MEM,L,105,0.373,0.304,0.833,50,26,14,-1,-1,0,team_game_log
2025-26,22500512,2026-01-06,1610612763,MEM,Memphis Grizzlies,MEM vs. SAS,W,106,0.398,0.367,0.667,61,28,23,1,1,1,team_game_log
2025-26,22500513,2026-01-06,1610612748,MIA,Miami Heat,MIA @ MIN,L,94,0.357,0.324,0.75,50,28,18,-28,-28,0,team_game_log
2025-26,22500513,2026-01-06,1610612750,MIN,Minnesota Timberwolves,MIN vs. MIA,W,122,0.459,0.359,0.783,63,27,12,28,28,1,team_game_log
2025-26,22500514,2026-01-06,1610612740,NOP,New Orleans Pelicans,NOP vs. LAL,L,103,0.44,0.25,0.722,44,28,16,-8,-8,0,team_game_log
2025-26,22500514,2026-01-06,1610612747,LAL,Los Angeles Lakers,LAL @ NOP,W,111,0.506,0.355,0.667,44,30,15,8,8,1,team_game_log
2025-26,22500515,2026-01-06,1610612742,DAL,Dallas Mavericks,DAL @ SAC,W,100,0.406,0.296,0.667,55,19,17,2,2,1,team_game_log
2025-26,22500515,2026-01-06,1610612758,SAC,Sacramento Kings,SAC vs. DAL,L,98,0.424,0.29,0.647,43,23,13,-2,-2,0,team_game_log
2025-26,22500516,2026-01-07,1610612761,TOR,Toronto Raptors,TOR @ CHA,W,97,0.413,0.206,0.737,42,18,6,1,1,1,team_game_log
2025-26,22500516,2026-01-07,1610612766,CHA,Charlotte Hornets,CHA vs. TOR,L,96,0.39,0.368,0.818,50,19,18,-1,-1,0,team_game_log
2025-26,22500517,2026-01-07,1610612741,CHI,Chicago Bulls,CHI @ DET,L,93,0.425,0.382,0.667,45,27,17,-15,-15,0,team_game_log
2025-26,22500517,2026-01-07,1610612765,DET,Detroit Pistons,DET vs. CHI,W,108,0.489,0.364,0.75,39,35,9,15,15,1,team_game_log
2025-26,22500518,2026-01-07,1610612755,PHI,Philadelphia 76ers,PHI vs. WAS,W,131,0.536,0.378,0.844,34,30,10,21,21,1,team_game_log
2025-26,22500518,2026-01-07,1610612764,WAS,Washington Wizards,WAS @ PHI,L,110,0.494,0.394,1.0,42,29,22,-21,-21,0,team_game_log
2025-26,22500519,2026-01-07,1610612737,ATL,Atlanta Hawks,ATL vs. NOP,W,117,0.463,0.383,0.647,49,30,21,17,17,1,team_game_log
2025-26,22500519,2026-01-07,1610612740,NOP,New Orleans Pelicans,NOP @ ATL,L,100,0.442,0.286,0.64,40,26,19,-17,-17,0,team_game_log
2025-26,22500520,2026-01-07,1610612738,BOS,Boston Celtics,BOS vs. DEN,L,110,0.453,0.395,0.6,53,16,14,-4,-4,0,team_game_log
2025-26,22500520,2026-01-07,1610612743,DEN,Denver Nuggets,DEN @ BOS,W,114,0.448,0.455,0.667,39,27,9,4,4,1,team_game_log
2025-26,22500521,2026-01-07,1610612751,BKN,Brooklyn Nets,BKN vs. ORL,L,103,0.419,0.333,0.636,44,23,21,-1,-1,0,team_game_log
2025-26,22500521,2026-01-07,1610612753,ORL,Orlando Magic,ORL @ BKN,W,104,0.427,0.273,0.722,55,28,18,1,1,1,team_game_log
2025-26,22500522,2026-01-07,1610612746,LAC,LA Clippers,LAC @ NYK,L,111,0.435,0.357,0.842,40,21,10,-12,-12,0,team_game_log
2025-26,22500522,2026-01-07,1610612752,NYK,New York Knicks,NYK vs. LAC,W,123,0.5,0.424,0.882,48,31,12,12,12,1,team_game_log
2025-26,22500523,2026-01-07,1610612747,LAL,Los Angeles Lakers,LAL @ SAS,L,91,0.395,0.231,0.636,45,16,17,-16,-16,0,team_game_log
2025-26,22500523,2026-01-07,1610612759,SAS,San Antonio Spurs,SAS vs. LAL,W,107,0.488,0.16,0.821,50,24,15,16,16,1,team_game_log
2025-26,22500524,2026-01-07,1610612756,PHX,Phoenix Suns,PHX @ MEM,W,117,0.464,0.393,0.625,51,31,18,19,19,1,team_game_log
2025-26,22500524,2026-01-07,1610612763,MEM,Memphis Grizzlies,MEM vs. PHX,L,98,0.424,0.324,0.571,47,23,18,-19,-19,0,team_game_log
2025-26,22500525,2026-01-07,1610612760,OKC,Oklahoma City Thunder,OKC vs. UTA,W,129,0.436,0.184,0.81,51,26,11,4,4,1,team_game_log
2025-26,22500525,2026-01-07,1610612762,UTA,Utah Jazz,UTA @ OKC,L,125,0.441,0.268,0.762,65,33,20,-4,-4,0,team_game_log
2025-26,22500526,2026-01-07,1610612744,GSW,Golden State Warriors,GSW vs. MIL,W,120,0.494,0.383,0.778,41,31,10,7,7,1,team_game_log
2025-26,22500526,2026-01-07,1610612749,MIL,Milwaukee Bucks,MIL @ GSW,L,113,0.541,0.438,0.583,36,29,12,-7,-7,0,team_game_log
2025-26,22500527,2026-01-07,1610612745,HOU,Houston Rockets,HOU @ POR,L,102,0.374,0.222,0.69,57,20,14,-1,-1,0,team_game_log
2025-26,22500527,2026-01-07,1610612757,POR,Portland Trail Blazers,POR vs. HOU,W,103,0.434,0.3,0.76,38,21,14,1,1,1,team_game_log
2025-26,22500528,2026-01-08,1610612754,IND,Indiana Pacers,IND @ CHA,W,114,0.5,0.444,0.952,41,25,20,2,2,1,team_game_log
2025-26,22500528,2026-01-08,1610612766,CHA,Charlotte Hornets,CHA vs. IND,L,112,0.453,0.364,0.75,35,29,17,-2,-2,0,team_game_log
2025-26,22500530,2026-01-08,1610612739,CLE,Cleveland Cavaliers,CLE @ MIN,L,122,0.527,0.333,0.714,38,31,13,-9,-9,0,team_game_log
2025-26,22500530,2026-01-08,1610612750,MIN,Minnesota Timberwolves,MIN vs. CLE,W,131,0.573,0.526,0.529,45,33,17,9,9,1,team_game_log
2025-26,22500531,2026-01-08,1610612742,DAL,Dallas Mavericks,DAL @ UTA,L,114,0.518,0.417,0.846,47,30,21,-2,-2,0,team_game_log
2025-26,22500531,2026-01-08,1610612762,UTA,Utah Jazz,UTA vs. DAL,W,116,0.495,0.317,0.643,42,32,9,2,2,1,team_game_log
2025-26,22500532,2026-01-09,1610612738,BOS,Boston Celtics,BOS vs. TOR,W,125,0.54,0.5,0.895,40,28,10,8,8,1,team_game_log
2025-26,22500532,2026-01-09,1610612761,TOR,Toronto Raptors,TOR @ BOS,L,117,0.489,0.383,0.9,31,39,7,-8,-8,0,team_game_log
2025-26,22500533,2026-01-09,1610612753,ORL,Orlando Magic,ORL vs. PHI,L,91,0.409,0.138,0.833,42,21,19,-12,-12,0,team_game_log
2025-26,22500533,2026-01-09,1610612755,PHI,Philadelphia 76ers,PHI @ ORL,W,103,0.411,0.143,0.875,52,20,13,12,12,1,team_game_log
2025-26,22500534,2026-01-09,1610612740,NOP,New Orleans Pelicans,NOP @ WAS,W,128,0.537,0.324,0.625,51,30,19,21,21,1,team_game_log
2025-26,22500534,2026-01-09,1610612764,WAS,Washington Wizards,WAS vs. NOP,L,107,0.425,0.314,0.667,40,24,19,-21,-21,0,team_game_log
2025-26,22500535,2026-01-09,1610612746,LAC,LA Clippers,LAC @ BKN,W,121,0.592,0.583,0.895,37,28,16,16,16,1,team_game_log
2025-26,22500535,2026-01-09,1610612751,BKN,Brooklyn Nets,BKN vs. LAC,L,105,0.4,0.319,0.909,39,26,12,-16,-16,0,team_game_log
2025-26,22500536,2026-01-09,1610612760,OKC,Oklahoma City Thunder,OKC @ MEM,W,117,0.473,0.243,0.786,36,24,6,1,1,1,team_game_log
2025-26,22500536,2026-01-09,1610612763,MEM,Memphis Grizzlies,MEM vs. OKC,L,116,0.466,0.341,0.833,52,35,17,-1,-1,0,team_game_log
2025-26,22500537,2026-01-09,1610612737,ATL,Atlanta Hawks,ATL @ DEN,W,110,0.489,0.372,0.5,40,31,6,23,23,1,team_game_log
2025-26,22500537,2026-01-09,1610612743,DEN,Denver Nuggets,DEN vs. ATL,L,87,0.417,0.344,0.8,44,22,19,-23,-23,0,team_game_log
2025-26,22500538,2026-01-09,1610612752,NYK,New York Knicks,NYK @ PHX,L,107,0.451,0.39,0.81,50,22,18,-5,-5,0,team_game_log
2025-26,22500538,2026-01-09,1610612756,PHX,Phoenix Suns,PHX vs. NYK,W,112,0.447,0.381,0.87,37,23,10,5,5,1,team_game_log
2025-26,22500539,2026-01-09,1610612744,GSW,Golden State Warriors,GSW vs. SAC,W,137,0.547,0.422,1.0,41,39,11,34,34,1,team_game_log
2025-26,22500539,2026-01-09,1610612758,SAC,Sacramento Kings,SAC @ GSW,L,103,0.5,0.259,0.769,31,23,13,-34,-34,0,team_game_log
2025-26,22500540,2026-01-09,1610612745,HOU,Houston Rockets,HOU @ POR,L,105,0.417,0.227,0.625,56,21,13,-6,-6,0,team_game_log
2025-26,22500540,2026-01-09,1610612757,POR,Portland Trail Blazers,POR vs. HOU,W,111,0.416,0.364,0.913,43,26,13,6,6,1,team_game_log
2025-26,22500541,2026-01-09,1610612747,LAL,Los Angeles Lakers,LAL vs. MIL,L,101,0.429,0.417,0.571,45,28,13,-4,-4,0,team_game_log
2025-26,22500541,2026-01-09,1610612749,MIL,Milwaukee Bucks,MIL @ LAL,W,105,0.481,0.353,0.773,44,23,17,4,4,1,team_game_log
2025-26,22500542,2026-01-10,1610612739,CLE,Cleveland Cavaliers,CLE vs. MIN,W,146,0.598,0.484,0.84,31,38,10,12,12,1,team_game_log
2025-26,22500542,2026-01-10,1610612750,MIN,Minnesota Timberwolves,MIN @ CLE,L,134,0.573,0.5,0.8,40,31,16,-12,-12,0,team_game_log
2025-26,22500543,2026-01-10,1610612748,MIA,Miami Heat,MIA @ IND,L,99,0.391,0.133,0.793,51,17,19,-24,-24,0,team_game_log
2025-26,22500543,2026-01-10,1610612754,IND,Indiana Pacers,IND vs. MIA,W,123,0.449,0.425,0.818,54,37,18,24,24,1,team_game_log
2025-26,22500544,2026-01-10,1610612746,LAC,LA Clippers,LAC @ DET,W,98,0.431,0.355,0.694,37,17,22,6,6,1,team_game_log
2025-26,22500544,2026-01-10,1610612765,DET,Detroit Pistons,DET vs. LAC,L,92,0.398,0.229,0.72,47,21,25,-6,-6,0,team_game_log
2025-26,22500545,2026-01-10,1610612738,BOS,Boston Celtics,BOS vs. SAS,L,95,0.409,0.364,0.75,52,22,10,-5,-5,0,team_game_log
2025-26,22500545,2026-01-10,1610612759,SAS,San Antonio Spurs,SAS @ BOS,W,100,0.4,0.227,0.7,53,22,8,5,5,1,team_game_log
2025-26,22500546,2026-01-10,1610612741,CHI,Chicago Bulls,CHI vs. DAL,W,125,0.515,0.326,0.833,52,31,16,18,18,1,team_game_log
2025-26,22500546,2026-01-10,1610612742,DAL,Dallas Mavericks,DAL @ CHI,L,107,0.429,0.371,0.64,42,25,14,-18,-18,0,team_game_log
2025-26,22500547,2026-01-10,1610612762,UTA,Utah Jazz,UTA vs. CHA,L,95,0.409,0.226,0.762,31,22,15,-55,-55,0,team_game_log
2025-26,22500547,2026-01-10,1610612766,CHA,Charlotte Hornets,CHA @ UTA,W,150,0.525,0.407,0.8,65,35,13,55,55,1,team_game_log
2025-26,22500548,2026-01-11,1610612740,NOP,New Orleans Pelicans,NOP @ ORL,L,118,0.575,0.538,0.8,26,27,16,-10,-10,0,team_game_log
2025-26,22500548,2026-01-11,1610612753,ORL,Orlando Magic,ORL vs. NOP,W,128,0.524,0.458,0.886,39,27,13,10,10,1,team_game_log
2025-26,22500549,2026-01-11,1610612751,BKN,Brooklyn Nets,BKN @ MEM,L,98,0.409,0.375,0.5,43,25,10,-5,-5,0,team_game_log
2025-26,22500549,2026-01-11,1610612763,MEM,Memphis Grizzlies,MEM vs. BKN,W,103,0.42,0.324,1.0,54,27,15,5,5,1,team_game_log
2025-26,22500550,2026-01-11,1610612755,PHI,Philadelphia 76ers,PHI @ TOR,L,115,0.456,0.258,0.806,44,11,22,-1,-1,0,team_game_log
2025-26,22500550,2026-01-11,1610612761,TOR,Toronto Raptors,TOR vs. PHI,W,116,0.398,0.156,0.744,48,29,15,1,1,1,team_game_log
2025-26,22500551,2026-01-11,1610612752,NYK,New York Knicks,NYK @ POR,W,123,0.505,0.37,0.75,45,32,12,9,9,1,team_game_log
2025-26,22500551,2026-01-11,1610612757,POR,Portland Trail Blazers,POR vs. NYK,L,114,0.476,0.308,0.88,39,24,15,-9,-9,0,team_game_log
2025-26,22500552,2026-01-11,1610612750,MIN,Minnesota Timberwolves,MIN vs. SAS,W,104,0.433,0.308,0.56,50,23,9,1,1,1,team_game_log
2025-26,22500552,2026-01-11,1610612759,SAS,San Antonio Spurs,SAS @ MIN,L,103,0.386,0.342,0.88,49,19,14,-1,-1,0,team_game_log
2025-26,22500553,2026-01-11,1610612748,MIA,Miami Heat,MIA @ OKC,L,112,0.537,0.531,0.538,37,35,23,-12,-12,0,team_game_log
2025-26,22500553,2026-01-11,1610612760,OKC,Oklahoma City Thunder,OKC vs. MIA,W,124,0.505,0.294,0.714,46,23,13,12,12,1,team_game_log
2025-26,22500554,2026-01-11,1610612743,DEN,Denver Nuggets,DEN vs. MIL,W,108,0.402,0.4,0.774,45,23,9,4,4,1,team_game_log
2025-26,22500554,2026-01-11,1610612749,MIL,Milwaukee Bucks,MIL @ DEN,L,104,0.447,0.412,0.7,44,29,11,-4,-4,0,team_game_log
2025-26,22500555,2026-01-11,1610612756,PHX,Phoenix Suns,PHX vs. WAS,W,112,0.421,0.327,0.789,51,32,16,19,19,1,team_game_log
2025-26,22500555,2026-01-11,1610612764,WAS,Washington Wizards,WAS @ PHX,L,93,0.395,0.233,1.0,49,22,23,-19,-19,0,team_game_log
2025-26,22500556,2026-01-11,1610612737,ATL,Atlanta Hawks,ATL @ GSW,W,124,0.489,0.385,0.68,46,33,9,13,13,1,team_game_log
2025-26,22500556,2026-01-11,1610612744,GSW,Golden State Warriors,GSW vs. ATL,L,111,0.467,0.238,0.81,48,28,16,-13,-13,0,team_game_log
2025-26,22500557,2026-01-11,1610612745,HOU,Houston Rockets,HOU @ SAC,L,98,0.429,0.233,0.655,44,23,13,-13,-13,0,team_game_log
2025-26,22500557,2026-01-11,1610612758,SAC,Sacramento Kings,SAC vs. HOU,W,111,0.484,0.348,0.75,45,25,10,13,13,1,team_game_log
2025-26,22500558,2026-01-12,1610612739,CLE,Cleveland Cavaliers,CLE vs. UTA,L,112,0.446,0.415,1.0,30,33,14,-11,-11,0,team_game_log
2025-26,22500558,2026-01-12,1610612762,UTA,Utah Jazz,UTA @ CLE,W,123,0.482,0.439,0.893,50,32,19,11,11,1,team_game_log
2025-26,22500559,2026-01-12,1610612738,BOS,Boston Celtics,BOS @ IND,L,96,0.455,0.257,0.778,46,22,12,-2,-2,0,team_game_log
2025-26,22500559,2026-01-12,1610612754,IND,Indiana Pacers,IND vs. BOS,W,98,0.464,0.432,0.667,40,29,12,2,2,1,team_game_log
2025-26,22500560,2026-01-12,1610612755,PHI,Philadelphia 76ers,PHI @ TOR,W,115,0.527,0.444,0.913,36,22,16,13,13,1,team_game_log
2025-26,22500560,2026-01-12,1610612761,TOR,Toronto Raptors,TOR vs. PHI,L,102,0.402,0.162,0.88,38,29,9,-13,-13,0,team_game_log
2025-26,22500561,2026-01-12,1610612742,DAL,Dallas Mavericks,DAL vs. BKN,W,113,0.506,0.441,0.75,37,28,14,8,8,1,team_game_log
2025-26,22500561,2026-01-12,1610612751,BKN,Brooklyn Nets,BKN @ DAL,L,105,0.453,0.243,0.9,43,23,17,-8,-8,0,team_game_log
2025-26,22500562,2026-01-12,1610612747,LAL,Los Angeles Lakers,LAL @ SAC,L,112,0.488,0.222,0.786,39,21,10,-12,-12,0,team_game_log
2025-26,22500562,2026-01-12,1610612758,SAC,Sacramento Kings,SAC vs. LAL,W,124,0.585,0.654,0.786,32,23,15,12,12,1,team_game_log
2025-26,22500563,2026-01-12,1610612746,LAC,LA Clippers,LAC vs. CHA,W,117,0.446,0.367,0.81,37,22,5,8,8,1,team_game_log
2025-26,22500563,2026-01-12,1610612766,CHA,Charlotte Hornets,CHA @ LAC,L,109,0.489,0.303,0.765,49,24,10,-8,-8,0,team_game_log
2025-26,22500564,2026-01-13,1610612748,MIA,Miami Heat,MIA vs. PHX,W,127,0.522,0.342,0.818,41,28,12,6,6,1,team_game_log
2025-26,22500564,2026-01-13,1610612756,PHX,Phoenix Suns,PHX @ MIA,L,121,0.431,0.292,0.95,48,22,13,-6,-6,0,team_game_log
2025-26,22500565,2026-01-13,1610612741,CHI,Chicago Bulls,CHI @ HOU,L,113,0.436,0.324,0.826,40,24,7,-6,-6,0,team_game_log
2025-26,22500565,2026-01-13,1610612745,HOU,Houston Rockets,HOU vs. CHI,W,119,0.511,0.292,0.759,50,24,9,6,6,1,team_game_log
2025-26,22500566,2026-01-13,1610612749,MIL,Milwaukee Bucks,MIL vs. MIN,L,106,0.482,0.361,0.579,32,29,20,-33,-33,0,team_game_log
2025-26,22500566,2026-01-13,1610612750,MIN,Minnesota Timberwolves,MIN @ MIL,W,139,0.598,0.524,0.583,44,37,16,33,33,1,team_game_log
2025-26,22500567,2026-01-13,1610612740,NOP,New Orleans Pelicans,NOP vs. DEN,L,116,0.453,0.379,0.871,51,21,15,-6,-6,0,team_game_log
2025-26,22500567,2026-01-13,1610612743,DEN,Denver Nuggets,DEN @ NOP,W,122,0.488,0.4,0.813,32,24,7,6,6,1,team_game_log
2025-26,22500568,2026-01-13,1610612759,SAS,San Antonio Spurs,SAS @ OKC,L,98,0.4,0.351,0.708,42,21,12,-21,-21,0,team_game_log
2025-26,22500568,2026-01-13,1610612760,OKC,Oklahoma City Thunder,OKC vs. SAS,W,119,0.519,0.367,0.889,43,26,11,21,21,1,team_game_log
2025-26,22500569,2026-01-13,1610612737,ATL,Atlanta Hawks,ATL @ LAL,L,116,0.45,0.283,0.722,32,30,6,-25,-25,0,team_game_log
2025-26,22500569,2026-01-13,1610612747,LAL,Los Angeles Lakers,LAL vs. ATL,W,141,0.578,0.559,0.867,47,36,16,25,25,1,team_game_log
2025-26,22500570,2026-01-13,1610612744,GSW,Golden State Warriors,GSW vs. POR,W,119,0.472,0.404,0.923,34,34,14,22,22,1,team_game_log
2025-26,22500570,2026-01-13,1610612757,POR,Portland Trail Blazers,POR @ GSW,L,97,0.434,0.298,0.647,45,20,22,-22,-22,0,team_game_log
2025-26,22500571,2026-01-14,1610612754,IND,Indiana Pacers,IND vs. TOR,L,101,0.384,0.286,0.742,46,26,11,-14,-14,0,team_game_log
2025-26,22500571,2026-01-14,1610612761,TOR,Toronto Raptors,TOR @ IND,W,115,0.494,0.357,0.654,49,30,12,14,14,1,team_game_log
2025-26,22500572,2026-01-14,1610612739,CLE,Cleveland Cavaliers,CLE @ PHI,W,133,0.526,0.435,0.722,52,41,16,26,26,1,team_game_log
2025-26,22500572,2026-01-14,1610612755,PHI,Philadelphia 76ers,PHI vs. CLE,L,107,0.404,0.279,0.885,42,22,12,-26,-26,0,team_game_log
2025-26,22500573,2026-01-14,1610612741,CHI,Chicago Bulls,CHI vs. UTA,W,128,0.511,0.395,0.81,43,36,13,2,2,1,team_game_log
2025-26,22500573,2026-01-14,1610612762,UTA,Utah Jazz,UTA @ CHI,L,126,0.547,0.286,0.889,36,30,13,-2,-2,0,team_game_log
2025-26,22500574,2026-01-14,1610612740,NOP,New Orleans Pelicans,NOP vs. BKN,W,116,0.443,0.333,0.76,53,24,9,3,3,1,team_game_log
2025-26,22500574,2026-01-14,1610612751,BKN,Brooklyn Nets,BKN @ NOP,L,113,0.474,0.372,0.583,43,24,11,-3,-3,0,team_game_log
2025-26,22500575,2026-01-14,1610612742,DAL,Dallas Mavericks,DAL vs. DEN,L,109,0.441,0.147,0.667,47,16,6,-9,-9,0,team_game_log
2025-26,22500575,2026-01-14,1610612743,DEN,Denver Nuggets,DEN @ DAL,W,118,0.494,0.421,0.818,39,21,9,9,9,1,team_game_log
2025-26,22500576,2026-01-14,1610612752,NYK,New York Knicks,NYK @ SAC,L,101,0.39,0.195,0.652,45,23,9,-11,-11,0,team_game_log
2025-26,22500576,2026-01-14,1610612758,SAC,Sacramento Kings,SAC vs. NYK,W,112,0.473,0.37,0.842,48,23,17,11,11,1,team_game_log
2025-26,22500577,2026-01-14,1610612746,LAC,LA Clippers,LAC vs. WAS,W,119,0.47,0.378,1.0,40,25,10,14,14,1,team_game_log
2025-26,22500577,2026-01-14,1610612764,WAS,Washington Wizards,WAS @ LAC,L,105,0.456,0.263,0.765,41,25,11,-14,-14,0,team_game_log
2025-26,22500578,2026-01-15,1610612753,ORL,Orlando Magic,ORL @ MEM,W,118,0.432,0.375,0.913,54,28,16,7,7,1,team_game_log
2025-26,22500578,2026-01-15,1610612763,MEM,Memphis Grizzlies,MEM @ ORL,L,111,0.458,0.472,0.857,37,27,16,-7,-7,0,team_game_log
2025-26,22500579,2026-01-15,1610612756,PHX,Phoenix Suns,PHX @ DET,L,105,0.414,0.37,0.64,41,21,14,-3,-3,0,team_game_log
2025-26,22500579,2026-01-15,1610612765,DET,Detroit Pistons,DET vs. PHX,W,108,0.469,0.281,0.622,54,25,17,3,3,1,team_game_log
2025-26,22500580,2026-01-15,1610612738,BOS,Boston Celtics,BOS @ MIA,W,119,0.451,0.333,0.96,51,22,13,5,5,1,team_game_log
2025-26,22500580,2026-01-15,1610612748,MIA,Miami Heat,MIA vs. BOS,L,114,0.448,0.357,0.778,40,25,10,-5,-5,0,team_game_log
2025-26,22500581,2026-01-15,1610612745,HOU,Houston Rockets,HOU vs. OKC,L,91,0.337,0.292,0.824,60,17,16,-20,-20,0,team_game_log
2025-26,22500581,2026-01-15,1610612760,OKC,Oklahoma City Thunder,OKC @ HOU,W,111,0.461,0.39,0.867,44,25,12,20,20,1,team_game_log
2025-26,22500582,2026-01-15,1610612749,MIL,Milwaukee Bucks,MIL @ SAS,L,101,0.391,0.354,0.727,37,24,13,-18,-18,0,team_game_log
2025-26,22500582,2026-01-15,1610612759,SAS,San Antonio Spurs,SAS vs. MIL,W,119,0.506,0.432,0.852,50,28,17,18,18,1,team_game_log
2025-26,22500583,2026-01-15,1610612742,DAL,Dallas Mavericks,DAL vs. UTA,W,144,0.567,0.413,0.789,46,37,13,22,22,1,team_game_log
2025-26,22500583,2026-01-15,1610612762,UTA,Utah Jazz,UTA @ DAL,L,122,0.49,0.278,0.783,39,33,17,-22,-22,0,team_game_log
2025-26,22500584,2026-01-15,1610612744,GSW,Golden State Warriors,GSW vs. NYK,W,126,0.539,0.444,0.769,38,26,12,13,13,1,team_game_log
2025-26,22500584,2026-01-15,1610612752,NYK,New York Knicks,NYK @ GSW,L,113,0.462,0.368,0.789,41,28,12,-13,-13,0,team_game_log
2025-26,22500585,2026-01-15,1610612737,ATL,Atlanta Hawks,ATL @ POR,L,101,0.432,0.318,0.773,40,23,20,-16,-16,0,team_game_log
2025-26,22500585,2026-01-15,1610612757,POR,Portland Trail Blazers,POR vs. ATL,W,117,0.453,0.304,0.708,54,23,15,16,16,1,team_game_log
2025-26,22500586,2026-01-15,1610612747,LAL,Los Angeles Lakers,LAL vs. CHA,L,117,0.462,0.368,0.739,35,18,9,-18,-18,0,team_game_log
2025-26,22500586,2026-01-15,1610612766,CHA,Charlotte Hornets,CHA @ LAL,W,135,0.543,0.465,0.938,50,34,13,18,18,1,team_game_log
2025-26,22500587,2026-01-16,1610612741,CHI,Chicago Bulls,CHI @ BKN,L,109,0.477,0.314,0.8,41,28,8,-3,-3,0,team_game_log
2025-26,22500587,2026-01-16,1610612751,BKN,Brooklyn Nets,BKN vs. CHI,W,112,0.429,0.475,0.882,47,30,14,3,3,1,team_game_log
2025-26,22500588,2026-01-16,1610612740,NOP,New Orleans Pelicans,NOP @ IND,L,119,0.5,0.419,0.8,42,22,9,-8,-8,0,team_game_log
2025-26,22500588,2026-01-16,1610612754,IND,Indiana Pacers,IND vs. NOP,W,127,0.515,0.349,0.667,43,37,7,8,8,1,team_game_log
2025-26,22500589,2026-01-16,1610612739,CLE,Cleveland Cavaliers,CLE @ PHI,W,117,0.518,0.5,0.706,42,38,18,2,2,1,team_game_log
2025-26,22500589,2026-01-16,1610612755,PHI,Philadelphia 76ers,PHI vs. CLE,L,115,0.473,0.375,0.895,37,28,11,-2,-2,0,team_game_log
2025-26,22500590,2026-01-16,1610612746,LAC,LA Clippers,LAC @ TOR,W,121,0.519,0.361,0.867,36,25,16,4,4,1,team_game_log
2025-26,22500590,2026-01-16,1610612761,TOR,Toronto Raptors,TOR vs. LAC,L,117,0.483,0.333,0.846,36,30,18,-4,-4,0,team_game_log
2025-26,22500591,2026-01-16,1610612745,HOU,Houston Rockets,HOU vs. MIN,W,110,0.464,0.429,0.588,42,19,14,5,5,1,team_game_log
2025-26,22500591,2026-01-16,1610612750,MIN,Minnesota Timberwolves,MIN @ HOU,L,105,0.463,0.367,0.571,45,21,16,-5,-5,0,team_game_log
2025-26,22500592,2026-01-16,1610612758,SAC,Sacramento Kings,SAC vs. WAS,W,128,0.58,0.484,0.633,45,36,19,13,13,1,team_game_log
2025-26,22500592,2026-01-16,1610612764,WAS,Washington Wizards,WAS @ SAC,L,115,0.489,0.324,0.762,34,23,11,-13,-13,0,team_game_log
2025-26,22500593,2026-01-17,1610612742,DAL,Dallas Mavericks,DAL vs. UTA,W,138,0.538,0.439,0.611,44,36,11,18,18,1,team_game_log
2025-26,22500593,2026-01-17,1610612762,UTA,Utah Jazz,UTA @ DAL,L,120,0.539,0.323,0.7,41,30,15,-18,-18,0,team_game_log
2025-26,22500594,2026-01-17,1610612737,ATL,Atlanta Hawks,ATL vs. BOS,L,106,0.373,0.326,0.882,47,29,12,-26,-26,0,team_game_log
2025-26,22500594,2026-01-17,1610612738,BOS,Boston Celtics,BOS @ ATL,W,132,0.505,0.423,0.818,55,27,17,26,26,1,team_game_log
2025-26,22500595,2026-01-17,1610612754,IND,Indiana Pacers,IND @ DET,L,78,0.354,0.229,0.519,42,18,25,-43,-43,0,team_game_log
2025-26,22500595,2026-01-17,1610612765,DET,Detroit Pistons,DET vs. IND,W,121,0.495,0.471,0.684,51,32,19,43,43,1,team_game_log
2025-26,22500596,2026-01-17,1610612752,NYK,New York Knicks,NYK vs. PHX,L,99,0.402,0.318,0.76,47,20,17,-7,-7,0,team_game_log
2025-26,22500596,2026-01-17,1610612756,PHX,Phoenix Suns,PHX @ NYK,W,106,0.415,0.357,0.852,37,22,12,7,7,1,team_game_log
2025-26,22500597,2026-01-17,1610612748,MIA,Miami Heat,MIA vs. OKC,W,122,0.369,0.4,0.714,51,30,4,2,2,1,team_game_log
2025-26,22500597,2026-01-17,1610612760,OKC,Oklahoma City Thunder,OKC @ MIA,L,120,0.545,0.448,0.821,46,23,15,-2,-2,0,team_game_log
2025-26,22500598,2026-01-17,1610612750,MIN,Minnesota Timberwolves,MIN @ SAS,L,123,0.467,0.412,0.893,41,22,11,-3,-3,0,team_game_log
2025-26,22500598,2026-01-17,1610612759,SAS,San Antonio Spurs,SAS vs. MIN,W,126,0.5,0.395,0.607,43,35,11,3,3,1,team_game_log
2025-26,22500599,2026-01-17,1610612744,GSW,Golden State Warriors,GSW vs. CHA,W,136,0.548,0.442,0.846,41,34,12,20,20,1,team_game_log
2025-26,22500599,2026-01-17,1610612766,CHA,Charlotte Hornets,CHA @ GSW,L,116,0.457,0.364,0.824,44,27,17,-20,-20,0,team_game_log
2025-26,22500600,2026-01-17,1610612743,DEN,Denver Nuggets,DEN vs. WAS,W,121,0.529,0.4,0.739,38,31,13,6,6,1,team_game_log
2025-26,22500600,2026-01-17,1610612764,WAS,Washington Wizards,WAS @ DEN,L,115,0.458,0.367,0.552,48,20,11,-6,-6,0,team_game_log
2025-26,22500601,2026-01-17,1610612747,LAL,Los Angeles Lakers,LAL @ POR,L,116,0.494,0.419,0.905,27,25,15,-16,-16,0,team_game_log
2025-26,22500601,2026-01-17,1610612757,POR,Portland Trail Blazers,POR vs. LAL,W,132,0.523,0.381,0.765,42,24,15,16,16,1,team_game_log
2025-26,22500602,2026-01-18,1610612753,ORL,Orlando Magic,ORL @ MEM,L,109,0.442,0.303,0.938,42,30,17,-17,-17,0,team_game_log
2025-26,22500602,2026-01-18,1610612763,MEM,Memphis Grizzlies,MEM @ ORL,W,126,0.527,0.371,0.68,42,31,12,17,17,1,team_game_log
2025-26,22500603,2026-01-18,1610612741,CHI,Chicago Bulls,CHI vs. BKN,W,124,0.521,0.435,0.667,44,41,9,22,22,1,team_game_log
2025-26,22500603,2026-01-18,1610612751,BKN,Brooklyn Nets,BKN @ CHI,L,102,0.458,0.432,0.667,38,33,11,-22,-22,0,team_game_log
2025-26,22500604,2026-01-18,1610612740,NOP,New Orleans Pelicans,NOP @ HOU,L,110,0.5,0.385,0.8,39,27,14,-9,-9,0,team_game_log
2025-26,22500604,2026-01-18,1610612745,HOU,Houston Rockets,HOU vs. NOP,W,119,0.5,0.361,0.727,47,22,15,9,9,1,team_game_log
2025-26,22500605,2026-01-18,1610612743,DEN,Denver Nuggets,DEN vs. CHA,L,87,0.405,0.211,0.833,29,21,8,-23,-23,0,team_game_log
2025-26,22500605,2026-01-18,1610612766,CHA,Charlotte Hornets,CHA @ DEN,W,110,0.494,0.324,0.846,52,30,13,23,23,1,team_game_log
2025-26,22500606,2026-01-18,1610612757,POR,Portland Trail Blazers,POR @ SAC,W,117,0.482,0.25,0.879,43,18,15,7,7,1,team_game_log
2025-26,22500606,2026-01-18,1610612758,SAC,Sacramento Kings,SAC vs. POR,L,110,0.488,0.355,0.833,40,29,16,-7,-7,0,team_game_log
2025-26,22500607,2026-01-18,1610612747,LAL,Los Angeles Lakers,LAL vs. TOR,W,110,0.482,0.389,0.824,48,25,15,17,17,1,team_game_log
2025-26,22500607,2026-01-18,1610612761,TOR,Toronto Raptors,TOR @ LAL,L,93,0.418,0.219,0.667,43,30,10,-17,-17,0,team_game_log
2025-26,22500014,2026-01-19,1610612737,ATL,Atlanta Hawks,ATL vs. MIL,L,110,0.406,0.286,0.833,51,33,10,-2,-2,0,team_game_log
2025-26,22500014,2026-01-19,1610612749,MIL,Milwaukee Bucks,MIL @ ATL,W,112,0.494,0.444,0.72,47,24,13,2,2,1,team_game_log
2025-26,22500015,2026-01-19,1610612739,CLE,Cleveland Cavaliers,CLE vs. OKC,L,104,0.374,0.229,0.8,54,20,21,-32,-32,0,team_game_log
2025-26,22500015,2026-01-19,1610612760,OKC,Oklahoma City Thunder,OKC @ CLE,W,136,0.556,0.489,0.65,38,32,13,32,32,1,team_game_log
2025-26,22500016,2026-01-19,1610612742,DAL,Dallas Mavericks,DAL @ NYK,W,114,0.488,0.469,0.679,49,25,17,17,17,1,team_game_log
2025-26,22500016,2026-01-19,1610612752,NYK,New York Knicks,NYK vs. DAL,L,97,0.4,0.29,0.6,53,22,17,-17,-17,0,team_game_log
2025-26,22500017,2026-01-19,1610612738,BOS,Boston Celtics,BOS @ DET,L,103,0.398,0.317,0.8,45,13,14,-1,-1,0,team_game_log
2025-26,22500017,2026-01-19,1610612765,DET,Detroit Pistons,DET vs. BOS,W,104,0.432,0.314,0.739,41,24,8,1,1,1,team_game_log
2025-26,22500608,2026-01-19,1610612746,LAC,LA Clippers,LAC @ WAS,W,110,0.462,0.179,0.868,43,20,16,4,4,1,team_game_log
2025-26,22500608,2026-01-19,1610612764,WAS,Washington Wizards,WAS vs. LAC,L,106,0.43,0.371,0.864,45,27,20,-4,-4,0,team_game_log
2025-26,22500609,2026-01-19,1610612754,IND,Indiana Pacers,IND @ PHI,L,104,0.476,0.382,0.786,46,24,24,-9,-9,0,team_game_log
2025-26,22500609,2026-01-19,1610612755,PHI,Philadelphia 76ers,PHI vs. IND,W,113,0.477,0.294,0.667,40,22,9,9,9,1,team_game_log
2025-26,22500610,2026-01-19,1610612751,BKN,Brooklyn Nets,BKN vs. PHX,L,117,0.506,0.395,0.952,28,28,8,-9,-9,0,team_game_log
2025-26,22500610,2026-01-19,1610612756,PHX,Phoenix Suns,PHX @ BKN,W,126,0.571,0.513,0.783,35,29,13,9,9,1,team_game_log
2025-26,22500611,2026-01-19,1610612759,SAS,San Antonio Spurs,SAS vs. UTA,W,123,0.557,0.421,0.76,38,32,14,13,13,1,team_game_log
2025-26,22500611,2026-01-19,1610612762,UTA,Utah Jazz,UTA @ SAS,L,110,0.402,0.351,0.852,42,31,14,-13,-13,0,team_game_log
2025-26,22500612,2026-01-19,1610612744,GSW,Golden State Warriors,GSW vs. MIA,W,135,0.516,0.471,0.765,46,38,14,23,23,1,team_game_log
2025-26,22500612,2026-01-19,1610612748,MIA,Miami Heat,MIA @ GSW,L,112,0.394,0.289,0.875,54,30,19,-23,-23,0,team_game_log
2025-26,22500613,2026-01-20,1610612755,PHI,Philadelphia 76ers,PHI vs. PHX,L,110,0.419,0.324,0.778,49,20,19,-6,-6,0,team_game_log
2025-26,22500613,2026-01-20,1610612756,PHX,Phoenix Suns,PHX @ PHI,W,116,0.435,0.41,1.0,42,25,22,6,6,1,team_game_log
2025-26,22500614,2026-01-20,1610612741,CHI,Chicago Bulls,CHI vs. LAC,W,138,0.565,0.532,0.75,42,40,12,28,28,1,team_game_log
2025-26,22500614,2026-01-20,1610612746,LAC,LA Clippers,LAC @ CHI,L,110,0.467,0.333,0.824,41,24,16,-28,-28,0,team_game_log
2025-26,22500615,2026-01-20,1610612745,HOU,Houston Rockets,HOU vs. SAS,W,111,0.518,0.37,0.682,43,29,14,5,5,1,team_game_log
2025-26,22500615,2026-01-20,1610612759,SAS,San Antonio Spurs,SAS @ HOU,L,106,0.39,0.28,1.0,45,24,9,-5,-5,0,team_game_log
2025-26,22500616,2026-01-20,1610612750,MIN,Minnesota Timberwolves,MIN @ UTA,L,122,0.44,0.298,0.741,46,28,11,-5,-5,0,team_game_log
2025-26,22500616,2026-01-20,1610612762,UTA,Utah Jazz,UTA vs. MIN,W,127,0.552,0.414,0.731,45,31,17,5,5,1,team_game_log
2025-26,22500617,2026-01-20,1610612743,DEN,Denver Nuggets,DEN vs. LAL,L,107,0.448,0.405,0.737,31,27,5,-8,-8,0,team_game_log
2025-26,22500617,2026-01-20,1610612747,LAL,Los Angeles Lakers,LAL @ DEN,W,115,0.506,0.4,0.656,51,24,13,8,8,1,team_game_log
2025-26,22500618,2026-01-20,1610612744,GSW,Golden State Warriors,GSW vs. TOR,L,127,0.516,0.372,0.654,36,28,19,-18,-18,0,team_game_log
2025-26,22500618,2026-01-20,1610612761,TOR,Toronto Raptors,TOR @ GSW,W,145,0.593,0.618,1.0,37,42,17,18,18,1,team_game_log
2025-26,22500619,2026-01-20,1610612748,MIA,Miami Heat,MIA @ SAC,W,130,0.48,0.5,0.625,46,33,10,13,13,1,team_game_log
2025-26,22500619,2026-01-20,1610612758,SAC,Sacramento Kings,SAC vs. MIA,L,117,0.506,0.367,0.857,49,27,16,-13,-13,0,team_game_log
2025-26,22500620,2026-01-21,1610612739,CLE,Cleveland Cavaliers,CLE @ CHA,W,94,0.391,0.2,0.75,60,20,21,7,7,1,team_game_log
2025-26,22500620,2026-01-21,1610612766,CHA,Charlotte Hornets,CHA vs. CLE,L,87,0.337,0.17,0.722,47,20,13,-7,-7,0,team_game_log
2025-26,22500621,2026-01-21,1610612738,BOS,Boston Celtics,BOS vs. IND,W,119,0.477,0.387,0.92,54,24,16,15,15,1,team_game_log
2025-26,22500621,2026-01-21,1610612754,IND,Indiana Pacers,IND @ BOS,L,104,0.394,0.267,0.783,42,31,14,-15,-15,0,team_game_log
2025-26,22500622,2026-01-21,1610612751,BKN,Brooklyn Nets,BKN @ NYK,L,66,0.291,0.275,0.692,27,15,14,-54,-54,0,team_game_log
2025-26,22500622,2026-01-21,1610612752,NYK,New York Knicks,NYK vs. BKN,W,120,0.575,0.5,0.706,56,28,12,54,54,1,team_game_log
2025-26,22500623,2026-01-21,1610612737,ATL,Atlanta Hawks,ATL @ MEM,W,124,0.467,0.444,0.75,42,34,17,2,2,1,team_game_log
2025-26,22500623,2026-01-21,1610612763,MEM,Memphis Grizzlies,MEM vs. ATL,L,122,0.462,0.343,0.889,43,26,18,-2,-2,0,team_game_log
2025-26,22500624,2026-01-21,1610612740,NOP,New Orleans Pelicans,NOP vs. DET,L,104,0.419,0.219,0.833,46,19,19,-8,-8,0,team_game_log
2025-26,22500624,2026-01-21,1610612765,DET,Detroit Pistons,DET @ NOP,W,112,0.443,0.385,0.792,47,26,20,8,8,1,team_game_log
2025-26,22500625,2026-01-21,1610612749,MIL,Milwaukee Bucks,MIL vs. OKC,L,102,0.494,0.39,0.667,39,30,16,-20,-20,0,team_game_log
2025-26,22500625,2026-01-21,1610612760,OKC,Oklahoma City Thunder,OKC @ MIL,W,122,0.544,0.389,0.667,42,24,8,20,20,1,team_game_log
2025-26,22500626,2026-01-21,1610612758,SAC,Sacramento Kings,SAC vs. TOR,L,109,0.466,0.273,0.818,45,25,16,-13,-13,0,team_game_log
2025-26,22500626,2026-01-21,1610612761,TOR,Toronto Raptors,TOR @ SAC,W,122,0.457,0.394,0.92,47,30,11,13,13,1,team_game_log
2025-26,22500627,2026-01-22,1610612753,ORL,Orlando Magic,ORL vs. CHA,L,97,0.418,0.378,0.773,31,25,12,-27,-27,0,team_game_log
2025-26,22500627,2026-01-22,1610612766,CHA,Charlotte Hornets,CHA @ ORL,W,124,0.544,0.472,0.84,47,26,15,27,27,1,team_game_log
2025-26,22500628,2026-01-22,1610612745,HOU,Houston Rockets,HOU @ PHI,L,122,0.465,0.45,0.5,46,33,17,-6,-6,0,team_game_log
2025-26,22500628,2026-01-22,1610612755,PHI,Philadelphia 76ers,PHI vs. HOU,W,128,0.551,0.344,0.864,46,41,15,6,6,1,team_game_log
2025-26,22500629,2026-01-22,1610612743,DEN,Denver Nuggets,DEN @ WAS,W,107,0.446,0.346,0.923,46,22,14,10,10,1,team_game_log
2025-26,22500629,2026-01-22,1610612764,WAS,Washington Wizards,WAS vs. DEN,L,97,0.381,0.302,0.833,42,20,14,-10,-10,0,team_game_log
2025-26,22500630,2026-01-22,1610612742,DAL,Dallas Mavericks,DAL vs. GSW,W,123,0.5,0.371,0.8,54,25,22,8,8,1,team_game_log
2025-26,22500630,2026-01-22,1610612744,GSW,Golden State Warriors,GSW @ DAL,L,115,0.448,0.326,0.778,35,29,10,-8,-8,0,team_game_log
2025-26,22500631,2026-01-22,1610612741,CHI,Chicago Bulls,CHI @ MIN,W,120,0.442,0.436,0.818,43,28,12,5,5,1,team_game_log
2025-26,22500631,2026-01-22,1610612750,MIN,Minnesota Timberwolves,MIN vs. CHI,L,115,0.462,0.366,0.933,45,29,14,-5,-5,0,team_game_log
2025-26,22500632,2026-01-22,1610612759,SAS,San Antonio Spurs,SAS @ UTA,W,126,0.506,0.419,0.833,41,30,11,17,17,1,team_game_log
2025-26,22500632,2026-01-22,1610612762,UTA,Utah Jazz,UTA vs. SAS,L,109,0.478,0.4,0.846,44,31,17,-17,-17,0,team_game_log
2025-26,22500633,2026-01-22,1610612746,LAC,LA Clippers,LAC vs. LAL,W,112,0.476,0.387,0.952,49,23,20,8,8,1,team_game_log
2025-26,22500633,2026-01-22,1610612747,LAL,Los Angeles Lakers,LAL @ LAC,L,104,0.455,0.333,0.722,34,24,10,-8,-8,0,team_game_log
2025-26,22500634,2026-01-22,1610612748,MIA,Miami Heat,MIA @ POR,L,110,0.457,0.2,0.789,40,27,15,-17,-17,0,team_game_log
2025-26,22500634,2026-01-22,1610612757,POR,Portland Trail Blazers,POR vs. MIA,W,127,0.5,0.4,0.846,50,26,20,17,17,1,team_game_log
2025-26,22500635,2026-01-23,1610612745,HOU,Houston Rockets,HOU @ DET,W,111,0.494,0.346,0.8,43,21,17,7,7,1,team_game_log
2025-26,22500635,2026-01-23,1610612765,DET,Detroit Pistons,DET vs. HOU,L,104,0.476,0.219,0.708,35,22,17,-7,-7,0,team_game_log
2025-26,22500636,2026-01-23,1610612737,ATL,Atlanta Hawks,ATL vs. PHX,W,110,0.531,0.5,0.688,48,28,21,7,7,1,team_game_log
2025-26,22500636,2026-01-23,1610612756,PHX,Phoenix Suns,PHX @ ATL,L,103,0.442,0.324,0.889,42,24,13,-7,-7,0,team_game_log
2025-26,22500637,2026-01-23,1610612738,BOS,Boston Celtics,BOS @ BKN,W,130,0.45,0.431,0.625,41,35,9,4,4,1,team_game_log
2025-26,22500637,2026-01-23,1610612751,BKN,Brooklyn Nets,BKN vs. BOS,L,126,0.442,0.295,0.853,58,22,18,-4,-4,0,team_game_log
2025-26,22500638,2026-01-23,1610612739,CLE,Cleveland Cavaliers,CLE vs. SAC,W,123,0.458,0.361,0.815,48,23,7,5,5,1,team_game_log
2025-26,22500638,2026-01-23,1610612758,SAC,Sacramento Kings,SAC @ CLE,L,118,0.472,0.394,0.955,43,26,11,-5,-5,0,team_game_log
2025-26,22500639,2026-01-23,1610612740,NOP,New Orleans Pelicans,NOP @ MEM,W,133,0.465,0.361,0.848,49,29,10,6,6,1,team_game_log
2025-26,22500639,2026-01-23,1610612763,MEM,Memphis Grizzlies,MEM vs. NOP,L,127,0.489,0.383,0.864,47,34,19,-6,-6,0,team_game_log
2025-26,22500640,2026-01-23,1610612743,DEN,Denver Nuggets,DEN @ MIL,W,102,0.402,0.293,0.87,47,27,8,2,2,1,team_game_log
2025-26,22500640,2026-01-23,1610612749,MIL,Milwaukee Bucks,MIL vs. DEN,L,100,0.4,0.308,0.741,51,24,11,-2,-2,0,team_game_log
2025-26,22500641,2026-01-23,1610612754,IND,Indiana Pacers,IND @ OKC,W,117,0.469,0.421,0.55,51,34,11,3,3,1,team_game_log
2025-26,22500641,2026-01-23,1610612760,OKC,Oklahoma City Thunder,OKC vs. IND,L,114,0.488,0.269,0.9,41,18,9,-3,-3,0,team_game_log
2025-26,22500642,2026-01-23,1610612757,POR,Portland Trail Blazers,POR vs. TOR,L,98,0.398,0.289,0.7,45,22,15,-12,-12,0,team_game_log
2025-26,22500642,2026-01-23,1610612761,TOR,Toronto Raptors,TOR @ POR,W,110,0.529,0.31,0.647,46,28,16,12,12,1,team_game_log
2025-26,22500643,2026-01-24,1610612752,NYK,New York Knicks,NYK @ PHI,W,112,0.441,0.341,0.556,53,27,11,3,3,1,team_game_log
2025-26,22500643,2026-01-24,1610612755,PHI,Philadelphia 76ers,PHI vs. NYK,L,109,0.506,0.31,0.759,37,24,14,-3,-3,0,team_game_log
2025-26,22500645,2026-01-24,1610612764,WAS,Washington Wizards,WAS @ CHA,L,115,0.458,0.358,0.889,34,35,13,-4,-4,0,team_game_log
2025-26,22500645,2026-01-24,1610612766,CHA,Charlotte Hornets,CHA vs. WAS,W,119,0.519,0.389,0.767,46,30,21,4,4,1,team_game_log
2025-26,22500646,2026-01-24,1610612739,CLE,Cleveland Cavaliers,CLE @ ORL,W,119,0.531,0.441,0.818,38,27,17,14,14,1,team_game_log
2025-26,22500646,2026-01-24,1610612753,ORL,Orlando Magic,ORL vs. CLE,L,105,0.407,0.275,0.875,37,21,16,-14,-14,0,team_game_log
2025-26,22500647,2026-01-24,1610612738,BOS,Boston Celtics,BOS @ CHI,L,111,0.444,0.319,0.889,38,28,6,-3,-3,0,team_game_log
2025-26,22500647,2026-01-24,1610612741,CHI,Chicago Bulls,CHI vs. BOS,W,114,0.506,0.467,0.875,44,32,15,3,3,1,team_game_log
2025-26,22500648,2026-01-24,1610612742,DAL,Dallas Mavericks,DAL vs. LAL,L,110,0.415,0.345,0.759,43,22,11,-6,-6,0,team_game_log
2025-26,22500648,2026-01-24,1610612747,LAL,Los Angeles Lakers,LAL @ DAL,W,116,0.444,0.412,0.759,57,26,16,6,6,1,team_game_log
2025-26,22500649,2026-01-24,1610612748,MIA,Miami Heat,MIA @ UTA,W,147,0.435,0.404,0.81,64,35,14,31,31,1,team_game_log
2025-26,22500649,2026-01-24,1610612762,UTA,Utah Jazz,UTA vs. MIA,L,116,0.478,0.28,0.75,34,36,14,-31,-31,0,team_game_log
2025-26,22500644,2026-01-25,1610612744,GSW,Golden State Warriors,GSW @ MIN,W,111,0.421,0.314,0.938,45,31,12,26,26,1,team_game_log
2025-26,22500644,2026-01-25,1610612750,MIN,Minnesota Timberwolves,MIN vs. GSW,L,85,0.38,0.342,0.6,50,16,26,-26,-26,0,team_game_log
2025-26,22500650,2026-01-25,1610612758,SAC,Sacramento Kings,SAC @ DET,L,116,0.524,0.44,0.607,33,32,19,-23,-23,0,team_game_log
2025-26,22500650,2026-01-25,1610612765,DET,Detroit Pistons,DET vs. SAC,W,139,0.549,0.516,0.821,43,31,19,23,23,1,team_game_log
2025-26,22500653,2026-01-25,1610612760,OKC,Oklahoma City Thunder,OKC vs. TOR,L,101,0.44,0.256,0.774,37,21,11,-2,-2,0,team_game_log
2025-26,22500653,2026-01-25,1610612761,TOR,Toronto Raptors,TOR @ OKC,W,103,0.43,0.353,0.654,51,28,11,2,2,1,team_game_log
2025-26,22500654,2026-01-25,1610612740,NOP,New Orleans Pelicans,NOP @ SAS,W,104,0.402,0.265,0.765,58,23,10,9,9,1,team_game_log
2025-26,22500654,2026-01-25,1610612759,SAS,San Antonio Spurs,SAS vs. NOP,L,95,0.395,0.273,0.594,46,22,12,-9,-9,0,team_game_log
2025-26,22500655,2026-01-25,1610612748,MIA,Miami Heat,MIA @ PHX,W,111,0.419,0.257,0.828,59,21,12,9,9,1,team_game_log
2025-26,22500655,2026-01-25,1610612756,PHX,Phoenix Suns,PHX vs. MIA,L,102,0.37,0.2,0.808,56,14,11,-9,-9,0,team_game_log
2025-26,22500656,2026-01-25,1610612746,LAC,LA Clippers,LAC vs. BKN,W,126,0.564,0.48,0.897,51,20,19,37,37,1,team_game_log
2025-26,22500656,2026-01-25,1610612751,BKN,Brooklyn Nets,BKN @ LAC,L,89,0.341,0.209,0.88,36,23,17,-37,-37,0,team_game_log
2025-26,22500657,2026-01-26,1610612755,PHI,Philadelphia 76ers,PHI @ CHA,L,93,0.393,0.3,0.737,33,20,17,-37,-37,0,team_game_log
2025-26,22500657,2026-01-26,1610612766,CHA,Charlotte Hornets,CHA vs. PHI,W,130,0.566,0.415,0.704,53,34,25,37,37,1,team_game_log
2025-26,22500658,2026-01-26,1610612739,CLE,Cleveland Cavaliers,CLE vs. ORL,W,114,0.532,0.44,0.704,45,23,16,16,16,1,team_game_log
2025-26,22500658,2026-01-26,1610612753,ORL,Orlando Magic,ORL @ CLE,L,98,0.404,0.282,0.733,42,21,12,-16,-16,0,team_game_log
2025-26,22500659,2026-01-26,1610612737,ATL,Atlanta Hawks,ATL vs. IND,W,132,0.5,0.419,0.941,46,35,14,16,16,1,team_game_log
2025-26,22500659,2026-01-26,1610612754,IND,Indiana Pacers,IND @ ATL,L,116,0.462,0.286,0.8,42,31,17,-16,-16,0,team_game_log
2025-26,22500660,2026-01-26,1610612738,BOS,Boston Celtics,BOS vs. POR,W,102,0.433,0.382,0.611,41,24,17,8,8,1,team_game_log
2025-26,22500660,2026-01-26,1610612757,POR,Portland Trail Blazers,POR @ BOS,L,94,0.41,0.25,0.667,46,17,18,-8,-8,0,team_game_log
2025-26,22500661,2026-01-26,1610612741,CHI,Chicago Bulls,CHI vs. LAL,L,118,0.524,0.367,0.778,40,31,15,-11,-11,0,team_game_log
2025-26,22500661,2026-01-26,1610612747,LAL,Los Angeles Lakers,LAL @ CHI,W,129,0.561,0.485,0.724,35,26,8,11,11,1,team_game_log
2025-26,22500662,2026-01-26,1610612745,HOU,Houston Rockets,HOU vs. MEM,W,108,0.446,0.297,0.75,57,29,16,9,9,1,team_game_log
2025-26,22500662,2026-01-26,1610612763,MEM,Memphis Grizzlies,MEM @ HOU,L,99,0.371,0.189,0.824,52,26,13,-9,-9,0,team_game_log
2025-26,22500663,2026-01-26,1610612744,GSW,Golden State Warriors,GSW @ MIN,L,83,0.347,0.231,0.615,45,21,19,-25,-25,0,team_game_log
2025-26,22500663,2026-01-26,1610612750,MIN,Minnesota Timberwolves,MIN vs. GSW,W,108,0.457,0.4,0.769,56,29,22,25,25,1,team_game_log
2025-26,22500664,2026-01-27,1610612757,POR,Portland Trail Blazers,POR @ WAS,L,111,0.385,0.368,0.565,69,19,20,-4,-4,0,team_game_log
2025-26,22500664,2026-01-27,1610612764,WAS,Washington Wizards,WAS vs. POR,W,115,0.408,0.436,0.857,46,27,14,4,4,1,team_game_log
2025-26,22500665,2026-01-27,1610612752,NYK,New York Knicks,NYK vs. SAC,W,103,0.474,0.406,0.889,44,24,21,16,16,1,team_game_log
2025-26,22500665,2026-01-27,1610612758,SAC,Sacramento Kings,SAC @ NYK,L,87,0.402,0.167,0.857,44,18,17,-16,-16,0,team_game_log
2025-26,22500666,2026-01-27,1610612749,MIL,Milwaukee Bucks,MIL @ PHI,L,122,0.512,0.441,0.704,38,29,12,-17,-17,0,team_game_log
2025-26,22500666,2026-01-27,1610612755,PHI,Philadelphia 76ers,PHI vs. MIL,W,139,0.525,0.524,0.733,46,35,7,17,17,1,team_game_log
2025-26,22500667,2026-01-27,1610612740,NOP,New Orleans Pelicans,NOP @ OKC,L,95,0.343,0.25,0.773,54,25,9,-9,-9,0,team_game_log
2025-26,22500667,2026-01-27,1610612760,OKC,Oklahoma City Thunder,OKC vs. NOP,W,104,0.402,0.342,0.913,53,25,16,9,9,1,team_game_log
2025-26,22500668,2026-01-27,1610612743,DEN,Denver Nuggets,DEN vs. DET,L,107,0.476,0.345,0.739,49,22,15,-2,-2,0,team_game_log
2025-26,22500668,2026-01-27,1610612765,DET,Detroit Pistons,DET @ DEN,W,109,0.468,0.194,0.833,41,24,7,2,2,1,team_game_log
2025-26,22500669,2026-01-27,1610612751,BKN,Brooklyn Nets,BKN @ PHX,L,102,0.507,0.406,0.684,35,28,22,-4,-4,0,team_game_log
2025-26,22500669,2026-01-27,1610612756,PHX,Phoenix Suns,PHX vs. BKN,W,106,0.558,0.25,0.75,32,22,15,4,4,1,team_game_log
2025-26,22500670,2026-01-27,1610612746,LAC,LA Clippers,LAC @ UTA,W,115,0.466,0.391,0.714,39,27,11,12,12,1,team_game_log
2025-26,22500670,2026-01-27,1610612762,UTA,Utah Jazz,UTA vs. LAC,L,103,0.451,0.364,0.81,40,28,17,-12,-12,0,team_game_log
2025-26,22500671,2026-01-28,1610612739,CLE,Cleveland Cavaliers,CLE vs. LAL,W,129,0.526,0.386,0.769,46,32,10,30,30,1,team_game_log
2025-26,22500671,2026-01-28,1610612747,LAL,Los Angeles Lakers,LAL @ CLE,L,99,0.481,0.281,0.667,36,21,16,-30,-30,0,team_game_log
2025-26,22500672,2026-01-28,1610612741,CHI,Chicago Bulls,CHI @ IND,L,110,0.477,0.4,0.778,47,27,11,-3,-3,0,team_game_log
2025-26,22500672,2026-01-28,1610612754,IND,Indiana Pacers,IND vs. CHI,W,113,0.447,0.417,0.88,43,30,6,3,3,1,team_game_log
2025-26,22500673,2026-01-28,1610612737,ATL,Atlanta Hawks,ATL @ BOS,W,117,0.484,0.429,0.692,38,29,9,11,11,1,team_game_log
2025-26,22500673,2026-01-28,1610612738,BOS,Boston Celtics,BOS vs. ATL,L,106,0.472,0.265,0.813,51,21,16,-11,-11,0,team_game_log
2025-26,22500674,2026-01-28,1610612748,MIA,Miami Heat,MIA vs. ORL,L,124,0.5,0.441,0.913,48,27,18,-9,-9,0,team_game_log
2025-26,22500674,2026-01-28,1610612753,ORL,Orlando Magic,ORL @ MIA,W,133,0.5,0.421,0.765,42,36,7,9,9,1,team_game_log
2025-26,22500675,2026-01-28,1610612752,NYK,New York Knicks,NYK @ TOR,W,119,0.5,0.368,0.833,48,32,18,27,27,1,team_game_log
2025-26,22500675,2026-01-28,1610612761,TOR,Toronto Raptors,TOR vs. NYK,L,92,0.38,0.269,0.862,43,20,20,-27,-27,0,team_game_log
2025-26,22500676,2026-01-28,1610612763,MEM,Memphis Grizzlies,MEM vs. CHA,L,97,0.457,0.35,0.75,29,27,13,-15,-15,0,team_game_log
2025-26,22500676,2026-01-28,1610612766,CHA,Charlotte Hornets,CHA @ MEM,W,112,0.489,0.405,0.875,43,25,20,15,15,1,team_game_log
2025-26,22500677,2026-01-28,1610612742,DAL,Dallas Mavericks,DAL vs. MIN,L,105,0.452,0.167,0.667,50,22,19,-13,-13,0,team_game_log
2025-26,22500677,2026-01-28,1610612750,MIN,Minnesota Timberwolves,MIN @ DAL,W,118,0.457,0.353,0.741,42,26,12,13,13,1,team_game_log
2025-26,22500678,2026-01-28,1610612744,GSW,Golden State Warriors,GSW @ UTA,W,140,0.535,0.426,0.833,42,39,20,16,16,1,team_game_log
2025-26,22500678,2026-01-28,1610612762,UTA,Utah Jazz,UTA vs. GSW,L,124,0.489,0.395,0.875,37,38,19,-16,-16,0,team_game_log
2025-26,22500679,2026-01-28,1610612745,HOU,Houston Rockets,HOU vs. SAS,L,99,0.394,0.348,0.722,46,23,14,-12,-12,0,team_game_log
2025-26,22500679,2026-01-28,1610612759,SAS,San Antonio Spurs,SAS @ HOU,W,111,0.537,0.231,0.708,46,28,15,12,12,1,team_game_log
2025-26,22500529,2026-01-29,1610612741,CHI,Chicago Bulls,CHI vs. MIA,L,113,0.394,0.395,0.828,52,25,16,-3,-3,0,team_game_log
2025-26,22500529,2026-01-29,1610612748,MIA,Miami Heat,MIA @ CHI,W,116,0.452,0.333,0.833,49,29,14,3,3,1,team_game_log
2025-26,22500680,2026-01-29,1610612755,PHI,Philadelphia 76ers,PHI vs. SAC,W,113,0.542,0.32,0.871,24,25,9,2,2,1,team_game_log
2025-26,22500680,2026-01-29,1610612758,SAC,Sacramento Kings,SAC @ PHI,L,111,0.5,0.385,0.826,46,21,17,-2,-2,0,team_game_log
2025-26,22500681,2026-01-29,1610612749,MIL,Milwaukee Bucks,MIL @ WAS,L,99,0.418,0.263,0.778,43,25,9,-10,-10,0,team_game_log
2025-26,22500681,2026-01-29,1610612764,WAS,Washington Wizards,WAS vs. MIL,W,109,0.396,0.229,0.893,61,21,13,10,10,1,team_game_log
2025-26,22500682,2026-01-29,1610612737,ATL,Atlanta Hawks,ATL vs. HOU,L,86,0.366,0.308,0.857,46,19,12,-18,-18,0,team_game_log
2025-26,22500682,2026-01-29,1610612745,HOU,Houston Rockets,HOU @ ATL,W,104,0.424,0.387,0.7,59,23,12,18,18,1,team_game_log
2025-26,22500683,2026-01-29,1610612742,DAL,Dallas Mavericks,DAL vs. CHA,L,121,0.466,0.333,0.875,50,26,8,-2,-2,0,team_game_log
2025-26,22500683,2026-01-29,1610612766,CHA,Charlotte Hornets,CHA @ DAL,W,123,0.473,0.488,0.944,45,28,10,2,2,1,team_game_log
2025-26,22500684,2026-01-29,1610612743,DEN,Denver Nuggets,DEN vs. BKN,W,107,0.475,0.5,0.72,41,24,7,4,4,1,team_game_log
2025-26,22500684,2026-01-29,1610612751,BKN,Brooklyn Nets,BKN @ DEN,L,103,0.435,0.378,0.833,49,24,9,-4,-4,0,team_game_log
2025-26,22500685,2026-01-29,1610612756,PHX,Phoenix Suns,PHX vs. DET,W,114,0.468,0.381,0.828,47,22,17,18,18,1,team_game_log
2025-26,22500685,2026-01-29,1610612765,DET,Detroit Pistons,DET @ PHX,L,96,0.425,0.207,0.762,37,26,9,-18,-18,0,team_game_log
2025-26,22500686,2026-01-29,1610612750,MIN,Minnesota Timberwolves,MIN vs. OKC,W,123,0.506,0.468,0.611,46,26,20,12,12,1,team_game_log
2025-26,22500686,2026-01-29,1610612760,OKC,Oklahoma City Thunder,OKC @ MIN,L,111,0.477,0.355,0.9,36,27,16,-12,-12,0,team_game_log
2025-26,22500687,2026-01-30,1610612753,ORL,Orlando Magic,ORL vs. TOR,W,130,0.513,0.5,0.892,35,28,12,10,10,1,team_game_log
2025-26,22500687,2026-01-30,1610612761,TOR,Toronto Raptors,TOR @ ORL,L,120,0.524,0.25,0.781,38,33,14,-10,-10,0,team_game_log
2025-26,22500688,2026-01-30,1610612747,LAL,Los Angeles Lakers,LAL @ WAS,W,142,0.612,0.424,0.75,46,38,17,31,31,1,team_game_log
2025-26,22500688,2026-01-30,1610612764,WAS,Washington Wizards,WAS vs. LAL,L,111,0.444,0.333,0.7,39,28,19,-31,-31,0,team_game_log
2025-26,22500689,2026-01-30,1610612738,BOS,Boston Celtics,BOS vs. SAC,W,112,0.452,0.375,0.625,44,25,7,19,19,1,team_game_log
2025-26,22500689,2026-01-30,1610612758,SAC,Sacramento Kings,SAC @ BOS,L,93,0.373,0.323,0.913,47,19,16,-19,-19,0,team_game_log
2025-26,22500690,2026-01-30,1610612752,NYK,New York Knicks,NYK vs. POR,W,127,0.485,0.422,0.857,52,29,14,30,30,1,team_game_log
2025-26,22500690,2026-01-30,1610612757,POR,Portland Trail Blazers,POR @ NYK,L,97,0.432,0.302,0.737,37,23,20,-30,-30,0,team_game_log
2025-26,22500691,2026-01-30,1610612740,NOP,New Orleans Pelicans,NOP vs. MEM,W,114,0.489,0.242,0.769,42,24,16,8,8,1,team_game_log
2025-26,22500691,2026-01-30,1610612763,MEM,Memphis Grizzlies,MEM @ NOP,L,106,0.43,0.293,0.933,46,26,20,-8,-8,0,team_game_log
2025-26,22500693,2026-01-30,1610612739,CLE,Cleveland Cavaliers,CLE @ PHX,L,113,0.464,0.313,0.727,43,34,22,-13,-13,0,team_game_log
2025-26,22500693,2026-01-30,1610612756,PHX,Phoenix Suns,PHX vs. CLE,W,126,0.529,0.479,0.722,43,31,22,13,13,1,team_game_log
2025-26,22500694,2026-01-30,1610612751,BKN,Brooklyn Nets,BKN @ UTA,W,109,0.476,0.35,0.607,47,27,12,10,10,1,team_game_log
2025-26,22500694,2026-01-30,1610612762,UTA,Utah Jazz,UTA vs. BKN,L,99,0.5,0.345,0.579,33,26,11,-10,-10,0,team_game_log
2025-26,22500695,2026-01-30,1610612743,DEN,Denver Nuggets,DEN vs. LAC,W,122,0.548,0.571,0.813,43,30,13,13,13,1,team_game_log
2025-26,22500695,2026-01-30,1610612746,LAC,LA Clippers,LAC @ DEN,L,109,0.465,0.35,0.714,34,29,9,-13,-13,0,team_game_log
2025-26,22500696,2026-01-30,1610612744,GSW,Golden State Warriors,GSW vs. DET,L,124,0.444,0.346,0.743,42,31,18,-7,-7,0,team_game_log
2025-26,22500696,2026-01-30,1610612765,DET,Detroit Pistons,DET @ GSW,W,131,0.484,0.385,0.806,53,31,16,7,7,1,team_game_log
2025-26,22500692,2026-01-31,1610612741,CHI,Chicago Bulls,CHI @ MIA,W,125,0.523,0.5,0.722,43,34,24,7,7,1,team_game_log
2025-26,22500692,2026-01-31,1610612748,MIA,Miami Heat,MIA vs. CHI,L,118,0.432,0.277,0.742,47,26,19,-7,-7,0,team_game_log
2025-26,22500697,2026-01-31,1610612759,SAS,San Antonio Spurs,SAS @ CHA,L,106,0.475,0.382,0.895,36,26,11,-5,-5,0,team_game_log
2025-26,22500697,2026-01-31,1610612766,CHA,Charlotte Hornets,CHA vs. SAS,W,111,0.443,0.371,0.909,51,30,12,5,5,1,team_game_log
2025-26,22500698,2026-01-31,1610612737,ATL,Atlanta Hawks,ATL @ IND,L,124,0.474,0.393,0.75,39,25,10,-5,-5,0,team_game_log
2025-26,22500698,2026-01-31,1610612754,IND,Indiana Pacers,IND vs. ATL,W,129,0.539,0.469,0.857,51,29,23,5,5,1,team_game_log
2025-26,22500699,2026-01-31,1610612740,NOP,New Orleans Pelicans,NOP @ PHI,L,114,0.435,0.417,0.864,46,23,10,-10,-10,0,team_game_log
2025-26,22500699,2026-01-31,1610612755,PHI,Philadelphia 76ers,PHI vs. NOP,W,124,0.479,0.472,0.739,52,28,10,10,10,1,team_game_log
2025-26,22500700,2026-01-31,1610612750,MIN,Minnesota Timberwolves,MIN @ MEM,W,131,0.528,0.486,0.792,45,28,15,17,17,1,team_game_log
2025-26,22500700,2026-01-31,1610612763,MEM,Memphis Grizzlies,MEM vs. MIN,L,114,0.489,0.27,0.667,43,29,15,-17,-17,0,team_game_log
2025-26,22500701,2026-01-31,1610612742,DAL,Dallas Mavericks,DAL @ HOU,L,107,0.446,0.435,0.577,48,19,11,-4,-4,0,team_game_log
2025-26,22500701,2026-01-31,1610612745,HOU,Houston Rockets,HOU vs. DAL,W,111,0.417,0.385,0.733,53,33,6,4,4,1,team_game_log
2025-26,22500702,2026-02-01,1610612738,BOS,Boston Celtics,BOS vs. MIL,W,107,0.446,0.357,0.769,52,24,10,28,28,1,team_game_log
2025-26,22500702,2026-02-01,1610612749,MIL,Milwaukee Bucks,MIL @ BOS,L,79,0.354,0.294,0.733,40,17,11,-28,-28,0,team_game_log
2025-26,22500703,2026-02-01,1610612753,ORL,Orlando Magic,ORL @ SAS,L,103,0.44,0.333,0.867,34,24,15,-9,-9,0,team_game_log
2025-26,22500703,2026-02-01,1610612759,SAS,San Antonio Spurs,SAS vs. ORL,W,112,0.5,0.276,0.688,48,27,17,9,9,1,team_game_log
2025-26,22500704,2026-02-01,1610612751,BKN,Brooklyn Nets,BKN @ DET,L,77,0.329,0.226,0.815,43,17,25,-53,-53,0,team_game_log
2025-26,22500704,2026-02-01,1610612765,DET,Detroit Pistons,DET vs. BKN,W,130,0.565,0.375,0.759,43,33,8,53,53,1,team_game_log
2025-26,22500705,2026-02-01,1610612741,CHI,Chicago Bulls,CHI @ MIA,L,91,0.322,0.146,0.853,47,18,19,-43,-43,0,team_game_log
2025-26,22500705,2026-02-01,1610612748,MIA,Miami Heat,MIA vs. CHI,W,134,0.505,0.368,0.706,54,44,9,43,43,1,team_game_log
2025-26,22500706,2026-02-01,1610612761,TOR,Toronto Raptors,TOR vs. UTA,W,107,0.417,0.343,0.833,42,22,19,7,7,1,team_game_log
2025-26,22500706,2026-02-01,1610612762,UTA,Utah Jazz,UTA @ TOR,L,100,0.356,0.222,0.824,56,20,24,-7,-7,0,team_game_log
2025-26,22500707,2026-02-01,1610612758,SAC,Sacramento Kings,SAC @ WAS,L,112,0.464,0.381,0.897,37,21,14,-4,-4,0,team_game_log
2025-26,22500707,2026-02-01,1610612764,WAS,Washington Wizards,WAS vs. SAC,W,116,0.523,0.419,0.733,42,31,17,4,4,1,team_game_log
2025-26,22500708,2026-02-01,1610612747,LAL,Los Angeles Lakers,LAL @ NYK,L,100,0.452,0.286,0.632,36,21,11,-12,-12,0,team_game_log
2025-26,22500708,2026-02-01,1610612752,NYK,New York Knicks,NYK vs. LAL,W,112,0.473,0.429,0.727,46,30,10,12,12,1,team_game_log
2025-26,22500709,2026-02-01,1610612746,LAC,LA Clippers,LAC @ PHX,W,117,0.518,0.375,0.647,63,25,18,24,24,1,team_game_log
2025-26,22500709,2026-02-01,1610612756,PHX,Phoenix Suns,PHX vs. LAC,L,93,0.333,0.413,0.667,35,21,5,-24,-24,0,team_game_log
2025-26,22500710,2026-02-01,1610612739,CLE,Cleveland Cavaliers,CLE @ POR,W,130,0.549,0.471,0.737,39,41,14,19,19,1,team_game_log
2025-26,22500710,2026-02-01,1610612757,POR,Portland Trail Blazers,POR vs. CLE,L,111,0.449,0.318,0.75,47,24,23,-19,-19,0,team_game_log
2025-26,22500711,2026-02-01,1610612743,DEN,Denver Nuggets,DEN vs. OKC,L,111,0.494,0.457,0.708,39,29,18,-10,-10,0,team_game_log
2025-26,22500711,2026-02-01,1610612760,OKC,Oklahoma City Thunder,OKC @ DEN,W,121,0.471,0.396,0.815,39,23,13,10,10,1,team_game_log
2025-26,22500712,2026-02-02,1610612740,NOP,New Orleans Pelicans,NOP @ CHA,L,95,0.393,0.324,0.72,34,23,8,-7,-7,0,team_game_log
2025-26,22500712,2026-02-02,1610612766,CHA,Charlotte Hornets,CHA vs. NOP,W,102,0.4,0.24,0.815,59,16,17,7,7,1,team_game_log
2025-26,22500713,2026-02-02,1610612745,HOU,Houston Rockets,HOU @ IND,W,118,0.46,0.318,0.838,56,21,16,4,4,1,team_game_log
2025-26,22500713,2026-02-02,1610612754,IND,Indiana Pacers,IND vs. HOU,L,114,0.494,0.462,0.762,33,33,10,-4,-4,0,team_game_log
2025-26,22500714,2026-02-02,1610612750,MIN,Minnesota Timberwolves,MIN @ MEM,L,128,0.489,0.39,0.774,40,24,9,-9,-9,0,team_game_log
2025-26,22500714,2026-02-02,1610612763,MEM,Memphis Grizzlies,MEM vs. MIN,W,137,0.5,0.463,0.857,45,31,10,9,9,1,team_game_log
2025-26,22500715,2026-02-02,1610612746,LAC,LA Clippers,LAC vs. PHI,L,113,0.59,0.346,0.6,36,24,14,-15,-15,0,team_game_log
2025-26,22500715,2026-02-02,1610612755,PHI,Philadelphia 76ers,PHI @ LAC,W,128,0.479,0.436,0.955,41,31,6,15,15,1,team_game_log
2025-26,22500716,2026-02-03,1610612743,DEN,Denver Nuggets,DEN @ DET,L,121,0.446,0.333,0.86,43,20,10,-3,-3,0,team_game_log
2025-26,22500716,2026-02-03,1610612765,DET,Detroit Pistons,DET vs. DEN,W,124,0.457,0.414,0.867,43,27,9,3,3,1,team_game_log
2025-26,22500717,2026-02-03,1610612754,IND,Indiana Pacers,IND vs. UTA,L,122,0.536,0.359,0.667,38,33,15,-9,-9,0,team_game_log
2025-26,22500717,2026-02-03,1610612762,UTA,Utah Jazz,UTA @ IND,W,131,0.568,0.448,0.692,38,38,10,9,9,1,team_game_log
2025-26,22500718,2026-02-03,1610612752,NYK,New York Knicks,NYK @ WAS,W,132,0.522,0.459,0.778,50,34,9,31,31,1,team_game_log
2025-26,22500718,2026-02-03,1610612764,WAS,Washington Wizards,WAS vs. NYK,L,101,0.407,0.355,0.625,42,19,13,-31,-31,0,team_game_log
2025-26,22500719,2026-02-03,1610612747,LAL,Los Angeles Lakers,LAL @ BKN,W,125,0.541,0.226,0.667,41,25,12,16,16,1,team_game_log
2025-26,22500719,2026-02-03,1610612751,BKN,Brooklyn Nets,BKN vs. LAL,L,109,0.479,0.244,0.643,48,28,20,-16,-16,0,team_game_log
2025-26,22500720,2026-02-03,1610612737,ATL,Atlanta Hawks,ATL @ MIA,W,127,0.485,0.42,0.615,47,34,9,12,12,1,team_game_log
2025-26,22500720,2026-02-03,1610612748,MIA,Miami Heat,MIA vs. ATL,L,115,0.438,0.25,0.885,53,25,13,-12,-12,0,team_game_log
2025-26,22500721,2026-02-03,1610612738,BOS,Boston Celtics,BOS @ DAL,W,110,0.49,0.333,0.6,47,27,10,10,10,1,team_game_log
2025-26,22500721,2026-02-03,1610612742,DAL,Dallas Mavericks,DAL vs. BOS,L,100,0.416,0.281,0.773,49,21,9,-10,-10,0,team_game_log
2025-26,22500722,2026-02-03,1610612741,CHI,Chicago Bulls,CHI @ MIL,L,115,0.44,0.373,0.696,43,26,10,-16,-16,0,team_game_log
2025-26,22500722,2026-02-03,1610612749,MIL,Milwaukee Bucks,MIL vs. CHI,W,131,0.515,0.605,0.533,51,33,14,16,16,1,team_game_log
2025-26,22500723,2026-02-03,1610612753,ORL,Orlando Magic,ORL @ OKC,L,92,0.382,0.317,1.0,38,21,16,-36,-36,0,team_game_log
2025-26,22500723,2026-02-03,1610612760,OKC,Oklahoma City Thunder,OKC vs. ORL,W,128,0.516,0.343,0.769,52,33,11,36,36,1,team_game_log
2025-26,22500724,2026-02-03,1610612744,GSW,Golden State Warriors,GSW vs. PHI,L,94,0.474,0.396,0.5,33,27,20,-19,-19,0,team_game_log
2025-26,22500724,2026-02-03,1610612755,PHI,Philadelphia 76ers,PHI @ GSW,W,113,0.452,0.342,0.762,56,23,13,19,19,1,team_game_log
2025-26,22500725,2026-02-03,1610612756,PHX,Phoenix Suns,PHX @ POR,W,130,0.515,0.488,0.667,45,26,11,5,5,1,team_game_log
2025-26,22500725,2026-02-03,1610612757,POR,Portland Trail Blazers,POR vs. PHX,L,125,0.495,0.346,0.722,47,31,17,-5,-5,0,team_game_log
2025-26,22500726,2026-02-04,1610612743,DEN,Denver Nuggets,DEN @ NYK,L,127,0.438,0.26,0.815,51,29,16,-7,-7,0,team_game_log
2025-26,22500726,2026-02-04,1610612752,NYK,New York Knicks,NYK vs. DEN,W,134,0.5,0.36,0.842,45,28,12,7,7,1,team_game_log
2025-26,22500727,2026-02-04,1610612750,MIN,Minnesota Timberwolves,MIN @ TOR,W,128,0.505,0.41,0.56,46,26,10,2,2,1,team_game_log
2025-26,22500727,2026-02-04,1610612761,TOR,Toronto Raptors,TOR vs. MIN,L,126,0.528,0.484,0.708,41,31,13,-2,-2,0,team_game_log
2025-26,22500728,2026-02-04,1610612738,BOS,Boston Celtics,BOS @ HOU,W,114,0.433,0.373,0.85,57,26,15,21,21,1,team_game_log
2025-26,22500728,2026-02-04,1610612745,HOU,Houston Rockets,HOU vs. BOS,L,93,0.415,0.367,0.636,38,16,10,-21,-21,0,team_game_log
2025-26,22500729,2026-02-04,1610612740,NOP,New Orleans Pelicans,NOP @ MIL,L,137,0.479,0.522,0.793,38,32,8,-4,-4,0,team_game_log
2025-26,22500729,2026-02-04,1610612749,MIL,Milwaukee Bucks,MIL vs. NOP,W,141,0.609,0.447,0.8,43,36,15,4,4,1,team_game_log
2025-26,22500730,2026-02-04,1610612759,SAS,San Antonio Spurs,SAS vs. OKC,W,116,0.446,0.333,0.6,63,26,14,10,10,1,team_game_log
2025-26,22500730,2026-02-04,1610612760,OKC,Oklahoma City Thunder,OKC @ SAS,L,106,0.398,0.404,0.929,46,26,14,-10,-10,0,team_game_log
2025-26,22500731,2026-02-04,1610612758,SAC,Sacramento Kings,SAC vs. MEM,L,125,0.45,0.306,0.857,46,29,13,-4,-4,0,team_game_log
2025-26,22500731,2026-02-04,1610612763,MEM,Memphis Grizzlies,MEM @ SAC,W,129,0.5,0.439,0.75,44,30,13,4,4,1,team_game_log
2025-26,22500732,2026-02-04,1610612739,CLE,Cleveland Cavaliers,CLE @ LAC,W,124,0.51,0.39,0.615,44,30,9,33,33,1,team_game_log
2025-26,22500732,2026-02-04,1610612746,LAC,LA Clippers,LAC vs. CLE,L,91,0.463,0.214,0.917,37,20,24,-33,-33,0,team_game_log
2025-26,22500733,2026-02-05,1610612764,WAS,Washington Wizards,WAS @ DET,W,126,0.538,0.439,0.556,39,30,17,9,9,1,team_game_log
2025-26,22500733,2026-02-05,1610612765,DET,Detroit Pistons,DET vs. WAS,L,117,0.466,0.273,0.788,47,22,15,-9,-9,0,team_game_log
2025-26,22500734,2026-02-05,1610612751,BKN,Brooklyn Nets,BKN @ ORL,L,98,0.415,0.308,0.621,36,22,19,-20,-20,0,team_game_log
2025-26,22500734,2026-02-05,1610612753,ORL,Orlando Magic,ORL vs. BKN,W,118,0.537,0.281,0.778,42,32,17,20,20,1,team_game_log
2025-26,22500735,2026-02-05,1610612737,ATL,Atlanta Hawks,ATL vs. UTA,W,121,0.49,0.229,0.739,50,34,10,2,2,1,team_game_log
2025-26,22500735,2026-02-05,1610612762,UTA,Utah Jazz,UTA @ ATL,L,119,0.465,0.4,0.65,49,19,11,-2,-2,0,team_game_log
2025-26,22500736,2026-02-05,1610612741,CHI,Chicago Bulls,CHI @ TOR,L,107,0.451,0.367,0.875,38,28,17,-16,-16,0,team_game_log
2025-26,22500736,2026-02-05,1610612761,TOR,Toronto Raptors,TOR vs. CHI,W,123,0.563,0.412,0.846,35,35,12,16,16,1,team_game_log
2025-26,22500737,2026-02-05,1610612745,HOU,Houston Rockets,HOU vs. CHA,L,99,0.458,0.348,0.75,40,24,18,-10,-10,0,team_game_log
2025-26,22500737,2026-02-05,1610612766,CHA,Charlotte Hornets,CHA @ HOU,W,109,0.414,0.395,0.909,46,21,22,10,10,1,team_game_log
2025-26,22500738,2026-02-05,1610612742,DAL,Dallas Mavericks,DAL vs. SAS,L,123,0.485,0.387,0.85,41,23,9,-12,-12,0,team_game_log
2025-26,22500738,2026-02-05,1610612759,SAS,San Antonio Spurs,SAS @ DAL,W,135,0.505,0.415,0.88,50,34,14,12,12,1,team_game_log
2025-26,22500739,2026-02-05,1610612744,GSW,Golden State Warriors,GSW @ PHX,W,101,0.434,0.364,0.75,45,23,15,4,4,1,team_game_log
2025-26,22500739,2026-02-05,1610612756,PHX,Phoenix Suns,PHX vs. GSW,L,97,0.463,0.372,0.833,37,22,12,-4,-4,0,team_game_log
2025-26,22500740,2026-02-05,1610612747,LAL,Los Angeles Lakers,LAL vs. PHI,W,119,0.557,0.36,0.815,42,27,22,4,4,1,team_game_log
2025-26,22500740,2026-02-05,1610612755,PHI,Philadelphia 76ers,PHI @ LAL,L,115,0.536,0.208,0.87,28,29,15,-4,-4,0,team_game_log
2025-26,22500741,2026-02-06,1610612738,BOS,Boston Celtics,BOS vs. MIA,W,98,0.417,0.278,0.783,50,17,16,2,2,1,team_game_log
2025-26,22500741,2026-02-06,1610612748,MIA,Miami Heat,MIA @ BOS,L,96,0.417,0.325,0.722,42,23,12,-2,-2,0,team_game_log
2025-26,22500742,2026-02-06,1610612752,NYK,New York Knicks,NYK @ DET,L,80,0.354,0.242,0.824,35,22,15,-38,-38,0,team_game_log
2025-26,22500742,2026-02-06,1610612765,DET,Detroit Pistons,DET vs. NYK,W,118,0.53,0.425,0.867,44,31,13,38,38,1,team_game_log
2025-26,22500743,2026-02-06,1610612749,MIL,Milwaukee Bucks,MIL vs. IND,W,105,0.463,0.302,0.667,48,26,12,6,6,1,team_game_log
2025-26,22500743,2026-02-06,1610612754,IND,Indiana Pacers,IND @ MIL,L,99,0.443,0.279,0.81,37,26,9,-6,-6,0,team_game_log
2025-26,22500744,2026-02-06,1610612740,NOP,New Orleans Pelicans,NOP @ MIN,W,119,0.538,0.441,0.818,39,29,16,4,4,1,team_game_log
2025-26,22500744,2026-02-06,1610612750,MIN,Minnesota Timberwolves,MIN vs. NOP,L,115,0.421,0.325,0.846,47,22,10,-4,-4,0,team_game_log
2025-26,22500745,2026-02-06,1610612757,POR,Portland Trail Blazers,POR vs. MEM,W,135,0.544,0.405,0.952,46,31,18,20,20,1,team_game_log
2025-26,22500745,2026-02-06,1610612763,MEM,Memphis Grizzlies,MEM @ POR,L,115,0.477,0.366,0.762,37,28,16,-20,-20,0,team_game_log
2025-26,22500746,2026-02-06,1610612746,LAC,LA Clippers,LAC @ SAC,W,114,0.521,0.429,0.861,40,22,16,3,3,1,team_game_log
2025-26,22500746,2026-02-06,1610612758,SAC,Sacramento Kings,SAC vs. LAC,L,111,0.446,0.27,0.864,42,22,11,-3,-3,0,team_game_log
2025-26,22500747,2026-02-07,1610612751,BKN,Brooklyn Nets,BKN vs. WAS,W,127,0.549,0.342,0.737,45,36,13,14,14,1,team_game_log
2025-26,22500747,2026-02-07,1610612764,WAS,Washington Wizards,WAS @ BKN,L,113,0.468,0.367,0.933,30,18,16,-14,-14,0,team_game_log
2025-26,22500748,2026-02-07,1610612745,HOU,Houston Rockets,HOU @ OKC,W,112,0.458,0.349,0.75,41,25,15,6,6,1,team_game_log
2025-26,22500748,2026-02-07,1610612760,OKC,Oklahoma City Thunder,OKC vs. HOU,L,106,0.451,0.389,0.643,42,25,17,-6,-6,0,team_game_log
2025-26,22500749,2026-02-07,1610612742,DAL,Dallas Mavericks,DAL @ SAS,L,125,0.438,0.405,0.75,41,35,7,-13,-13,0,team_game_log
2025-26,22500749,2026-02-07,1610612759,SAS,San Antonio Spurs,SAS vs. DAL,W,138,0.556,0.4,0.7,52,34,18,13,13,1,team_game_log
2025-26,22500750,2026-02-07,1610612753,ORL,Orlando Magic,ORL vs. UTA,W,120,0.429,0.317,0.814,38,26,14,3,3,1,team_game_log
2025-26,22500750,2026-02-07,1610612762,UTA,Utah Jazz,UTA @ ORL,L,117,0.478,0.323,0.826,54,30,24,-3,-3,0,team_game_log
2025-26,22500751,2026-02-07,1610612737,ATL,Atlanta Hawks,ATL vs. CHA,L,119,0.489,0.486,0.882,30,30,10,-7,-7,0,team_game_log
2025-26,22500751,2026-02-07,1610612766,CHA,Charlotte Hornets,CHA @ ATL,W,126,0.484,0.462,1.0,49,31,16,7,7,1,team_game_log
2025-26,22500752,2026-02-07,1610612741,CHI,Chicago Bulls,CHI vs. DEN,L,120,0.446,0.392,0.9,37,25,17,-16,-16,0,team_game_log
2025-26,22500752,2026-02-07,1610612743,DEN,Denver Nuggets,DEN @ CHI,W,136,0.576,0.485,0.667,41,37,14,16,16,1,team_game_log
2025-26,22500753,2026-02-07,1610612744,GSW,Golden State Warriors,GSW @ LAL,L,99,0.424,0.275,0.636,37,25,13,-6,-6,0,team_game_log
2025-26,22500753,2026-02-07,1610612747,LAL,Los Angeles Lakers,LAL vs. GSW,W,105,0.507,0.407,0.8,41,29,23,6,6,1,team_game_log
2025-26,22500754,2026-02-07,1610612755,PHI,Philadelphia 76ers,PHI @ PHX,W,109,0.473,0.379,0.824,50,18,18,6,6,1,team_game_log
2025-26,22500754,2026-02-07,1610612756,PHX,Phoenix Suns,PHX vs. PHI,L,103,0.398,0.239,0.839,40,22,14,-6,-6,0,team_game_log
2025-26,22500755,2026-02-07,1610612757,POR,Portland Trail Blazers,POR vs. MEM,W,122,0.484,0.412,0.643,48,30,17,7,7,1,team_game_log
2025-26,22500755,2026-02-07,1610612763,MEM,Memphis Grizzlies,MEM @ POR,L,115,0.5,0.421,0.714,36,19,15,-7,-7,0,team_game_log
2025-26,22500756,2026-02-07,1610612739,CLE,Cleveland Cavaliers,CLE @ SAC,W,132,0.523,0.314,0.906,38,30,12,6,6,1,team_game_log
2025-26,22500756,2026-02-07,1610612758,SAC,Sacramento Kings,SAC vs. CLE,L,126,0.511,0.432,0.7,42,30,15,-6,-6,0,team_game_log
2025-26,22500757,2026-02-08,1610612738,BOS,Boston Celtics,BOS vs. NYK,L,89,0.37,0.171,0.933,44,22,10,-22,-22,0,team_game_log
2025-26,22500757,2026-02-08,1610612752,NYK,New York Knicks,NYK @ BOS,W,111,0.482,0.4,0.708,46,23,8,22,22,1,team_game_log
2025-26,22500758,2026-02-08,1610612748,MIA,Miami Heat,MIA @ WAS,W,132,0.471,0.447,0.867,60,34,16,31,31,1,team_game_log
2025-26,22500758,2026-02-08,1610612764,WAS,Washington Wizards,WAS vs. MIA,L,101,0.419,0.333,0.688,42,23,19,-31,-31,0,team_game_log
2025-26,22500759,2026-02-08,1610612754,IND,Indiana Pacers,IND @ TOR,L,104,0.449,0.364,0.857,40,26,19,-18,-18,0,team_game_log
2025-26,22500759,2026-02-08,1610612761,TOR,Toronto Raptors,TOR vs. IND,W,122,0.474,0.367,0.7,54,29,13,18,18,1,team_game_log
2025-26,22500760,2026-02-08,1610612746,LAC,LA Clippers,LAC @ MIN,W,115,0.513,0.519,0.821,37,25,15,19,19,1,team_game_log
2025-26,22500760,2026-02-08,1610612750,MIN,Minnesota Timberwolves,MIN vs. LAC,L,96,0.446,0.242,0.636,41,17,21,-19,-19,0,team_game_log
2025-26,22500761,2026-02-09,1610612765,DET,Detroit Pistons,DET @ CHA,W,110,0.471,0.2,0.821,41,20,10,6,6,1,team_game_log
2025-26,22500761,2026-02-09,1610612766,CHA,Charlotte Hornets,CHA vs. DET,L,104,0.415,0.404,1.0,39,22,21,-6,-6,0,team_game_log
2025-26,22500762,2026-02-09,1610612741,CHI,Chicago Bulls,CHI @ BKN,L,115,0.44,0.278,0.781,39,20,18,-8,-8,0,team_game_log
2025-26,22500762,2026-02-09,1610612751,BKN,Brooklyn Nets,BKN vs. CHI,W,123,0.511,0.48,0.677,47,28,20,8,8,1,team_game_log
2025-26,22500763,2026-02-09,1610612748,MIA,Miami Heat,MIA vs. UTA,L,111,0.418,0.333,0.682,43,24,14,-4,-4,0,team_game_log
2025-26,22500763,2026-02-09,1610612762,UTA,Utah Jazz,UTA @ MIA,W,115,0.424,0.278,0.871,58,29,12,4,4,1,team_game_log
2025-26,22500764,2026-02-09,1610612749,MIL,Milwaukee Bucks,MIL @ ORL,L,99,0.468,0.364,0.714,37,17,20,-19,-19,0,team_game_log
2025-26,22500764,2026-02-09,1610612753,ORL,Orlando Magic,ORL vs. MIL,W,118,0.465,0.333,0.889,44,27,11,19,19,1,team_game_log
2025-26,22500765,2026-02-09,1610612737,ATL,Atlanta Hawks,ATL @ MIN,L,116,0.404,0.311,0.786,47,20,19,-22,-22,0,team_game_log
2025-26,22500765,2026-02-09,1610612750,MIN,Minnesota Timberwolves,MIN vs. ATL,W,138,0.598,0.381,0.571,41,36,15,22,22,1,team_game_log
2025-26,22500766,2026-02-09,1610612740,NOP,New Orleans Pelicans,NOP vs. SAC,W,120,0.54,0.41,0.625,39,30,13,26,26,1,team_game_log
2025-26,22500766,2026-02-09,1610612758,SAC,Sacramento Kings,SAC @ NOP,L,94,0.404,0.129,0.667,50,19,17,-26,-26,0,team_game_log
2025-26,22500767,2026-02-09,1610612739,CLE,Cleveland Cavaliers,CLE @ DEN,W,119,0.467,0.333,0.818,39,25,12,2,2,1,team_game_log
2025-26,22500767,2026-02-09,1610612743,DEN,Denver Nuggets,DEN vs. CLE,L,117,0.447,0.325,0.8,46,25,14,-2,-2,0,team_game_log
2025-26,22500768,2026-02-09,1610612744,GSW,Golden State Warriors,GSW vs. MEM,W,114,0.53,0.333,0.789,40,31,23,1,1,1,team_game_log
2025-26,22500768,2026-02-09,1610612763,MEM,Memphis Grizzlies,MEM @ GSW,L,113,0.506,0.313,0.792,37,26,18,-1,-1,0,team_game_log
2025-26,22500769,2026-02-09,1610612747,LAL,Los Angeles Lakers,LAL vs. OKC,L,110,0.5,0.323,0.696,37,25,15,-9,-9,0,team_game_log
2025-26,22500769,2026-02-09,1610612760,OKC,Oklahoma City Thunder,OKC @ LAL,W,119,0.483,0.424,0.724,45,23,16,9,9,1,team_game_log
2025-26,22500770,2026-02-09,1610612755,PHI,Philadelphia 76ers,PHI @ POR,L,118,0.469,0.367,0.861,33,23,14,-17,-17,0,team_game_log
2025-26,22500770,2026-02-09,1610612757,POR,Portland Trail Blazers,POR vs. PHI,W,135,0.485,0.407,0.76,51,36,18,17,17,1,team_game_log
2025-26,22500771,2026-02-10,1610612752,NYK,New York Knicks,NYK vs. IND,L,134,0.5,0.304,0.741,46,33,12,-3,-3,0,team_game_log
2025-26,22500771,2026-02-10,1610612754,IND,Indiana Pacers,IND @ NYK,W,137,0.515,0.4,0.731,43,30,11,3,3,1,team_game_log
2025-26,22500772,2026-02-10,1610612745,HOU,Houston Rockets,HOU vs. LAC,W,102,0.456,0.5,0.889,44,19,18,7,7,1,team_game_log
2025-26,22500772,2026-02-10,1610612746,LAC,LA Clippers,LAC @ HOU,L,95,0.409,0.267,0.652,45,24,12,-7,-7,0,team_game_log
2025-26,22500773,2026-02-10,1610612742,DAL,Dallas Mavericks,DAL @ PHX,L,111,0.481,0.227,0.727,42,18,16,-9,-9,0,team_game_log
2025-26,22500773,2026-02-10,1610612756,PHX,Phoenix Suns,PHX vs. DAL,W,120,0.48,0.32,0.667,49,32,14,9,9,1,team_game_log
2025-26,22500774,2026-02-10,1610612747,LAL,Los Angeles Lakers,LAL vs. SAS,L,108,0.482,0.44,0.75,34,23,18,-28,-28,0,team_game_log
2025-26,22500774,2026-02-10,1610612759,SAS,San Antonio Spurs,SAS @ LAL,W,136,0.565,0.394,0.76,45,34,13,28,28,1,team_game_log
2025-26,22500775,2026-02-11,1610612737,ATL,Atlanta Hawks,ATL @ CHA,L,107,0.44,0.278,0.767,41,28,13,-3,-3,0,team_game_log
2025-26,22500775,2026-02-11,1610612766,CHA,Charlotte Hornets,CHA vs. ATL,W,110,0.375,0.373,0.862,50,21,16,3,3,1,team_game_log
2025-26,22500776,2026-02-11,1610612739,CLE,Cleveland Cavaliers,CLE vs. WAS,W,138,0.542,0.421,0.865,51,30,21,25,25,1,team_game_log
2025-26,22500776,2026-02-11,1610612764,WAS,Washington Wizards,WAS @ CLE,L,113,0.404,0.304,0.833,40,26,15,-25,-25,0,team_game_log
2025-26,22500777,2026-02-11,1610612749,MIL,Milwaukee Bucks,MIL @ ORL,W,116,0.481,0.389,1.0,47,22,16,8,8,1,team_game_log
2025-26,22500777,2026-02-11,1610612753,ORL,Orlando Magic,ORL vs. MIL,L,108,0.427,0.426,0.857,30,31,9,-8,-8,0,team_game_log
2025-26,22500778,2026-02-11,1610612738,BOS,Boston Celtics,BOS vs. CHI,W,124,0.516,0.4,0.615,48,29,14,19,19,1,team_game_log
2025-26,22500778,2026-02-11,1610612741,CHI,Chicago Bulls,CHI @ BOS,L,105,0.461,0.333,0.846,34,25,13,-19,-19,0,team_game_log
2025-26,22500779,2026-02-11,1610612751,BKN,Brooklyn Nets,BKN vs. IND,L,110,0.447,0.424,0.769,47,25,17,-5,-5,0,team_game_log
2025-26,22500779,2026-02-11,1610612754,IND,Indiana Pacers,IND @ BKN,W,115,0.489,0.357,0.714,42,29,12,5,5,1,team_game_log
2025-26,22500780,2026-02-11,1610612752,NYK,New York Knicks,NYK @ PHI,W,138,0.527,0.455,0.815,51,41,15,49,49,1,team_game_log
2025-26,22500780,2026-02-11,1610612755,PHI,Philadelphia 76ers,PHI vs. NYK,L,89,0.375,0.188,0.81,38,16,18,-49,-49,0,team_game_log
2025-26,22500781,2026-02-11,1610612761,TOR,Toronto Raptors,TOR vs. DET,L,95,0.427,0.313,0.913,35,22,17,-18,-18,0,team_game_log
2025-26,22500781,2026-02-11,1610612765,DET,Detroit Pistons,DET @ TOR,W,113,0.461,0.412,0.68,47,24,16,18,18,1,team_game_log
2025-26,22500782,2026-02-11,1610612745,HOU,Houston Rockets,HOU vs. LAC,L,102,0.463,0.333,0.778,45,25,21,-3,-3,0,team_game_log
2025-26,22500782,2026-02-11,1610612746,LAC,LA Clippers,LAC @ HOU,W,105,0.468,0.393,0.846,32,21,11,3,3,1,team_game_log
2025-26,22500783,2026-02-11,1610612750,MIN,Minnesota Timberwolves,MIN vs. POR,W,133,0.517,0.412,0.829,43,26,15,24,24,1,team_game_log
2025-26,22500783,2026-02-11,1610612757,POR,Portland Trail Blazers,POR @ MIN,L,109,0.426,0.356,0.813,50,23,26,-24,-24,0,team_game_log
2025-26,22500784,2026-02-11,1610612740,NOP,New Orleans Pelicans,NOP vs. MIA,L,111,0.457,0.355,0.842,46,27,13,-12,-12,0,team_game_log
2025-26,22500784,2026-02-11,1610612748,MIA,Miami Heat,MIA @ NOP,W,123,0.412,0.298,0.758,56,25,8,12,12,1,team_game_log
2025-26,22500785,2026-02-11,1610612756,PHX,Phoenix Suns,PHX vs. OKC,L,109,0.467,0.357,0.615,43,26,12,-27,-27,0,team_game_log
2025-26,22500785,2026-02-11,1610612760,OKC,Oklahoma City Thunder,OKC @ PHX,W,136,0.584,0.417,0.895,37,28,8,27,27,1,team_game_log
2025-26,22500786,2026-02-11,1610612758,SAC,Sacramento Kings,SAC @ UTA,L,93,0.344,0.212,0.828,42,24,13,-28,-28,0,team_game_log
2025-26,22500786,2026-02-11,1610612762,UTA,Utah Jazz,UTA vs. SAC,W,121,0.547,0.405,0.923,52,34,18,28,28,1,team_game_log
2025-26,22500787,2026-02-11,1610612743,DEN,Denver Nuggets,DEN vs. MEM,W,122,0.531,0.455,0.813,46,29,15,6,6,1,team_game_log
2025-26,22500787,2026-02-11,1610612763,MEM,Memphis Grizzlies,MEM @ DEN,L,116,0.462,0.385,0.81,29,28,6,-6,-6,0,team_game_log
2025-26,22500788,2026-02-11,1610612744,GSW,Golden State Warriors,GSW vs. SAS,L,113,0.462,0.34,0.765,40,37,12,-13,-13,0,team_game_log
2025-26,22500788,2026-02-11,1610612759,SAS,San Antonio Spurs,SAS @ GSW,W,126,0.495,0.256,0.857,44,35,10,13,13,1,team_game_log
2025-26,22500789,2026-02-12,1610612749,MIL,Milwaukee Bucks,MIL @ OKC,W,110,0.463,0.405,0.714,49,25,11,17,17,1,team_game_log
2025-26,22500789,2026-02-12,1610612760,OKC,Oklahoma City Thunder,OKC vs. MIL,L,93,0.373,0.333,0.8,47,22,16,-17,-17,0,team_game_log
2025-26,22500790,2026-02-12,1610612757,POR,Portland Trail Blazers,POR @ UTA,W,135,0.511,0.391,0.758,52,26,21,16,16,1,team_game_log
2025-26,22500790,2026-02-12,1610612762,UTA,Utah Jazz,UTA vs. POR,L,119,0.483,0.368,0.724,38,28,19,-16,-16,0,team_game_log
2025-26,22500791,2026-02-12,1610612742,DAL,Dallas Mavericks,DAL @ LAL,L,104,0.494,0.269,0.76,28,22,15,-20,-20,0,team_game_log
2025-26,22500791,2026-02-12,1610612747,LAL,Los Angeles Lakers,LAL vs. DAL,W,124,0.558,0.323,0.857,44,35,13,20,20,1,team_game_log
2025-26,22500792,2026-02-19,1610612745,HOU,Houston Rockets,HOU @ CHA,W,105,0.494,0.281,0.923,39,19,11,4,4,1,team_game_log
2025-26,22500792,2026-02-19,1610612766,CHA,Charlotte Hornets,CHA vs. HOU,L,101,0.429,0.333,0.833,46,25,16,-4,-4,0,team_game_log
2025-26,22500793,2026-02-19,1610612739,CLE,Cleveland Cavaliers,CLE vs. BKN,W,112,0.512,0.343,0.6,56,27,14,28,28,1,team_game_log
2025-26,22500793,2026-02-19,1610612751,BKN,Brooklyn Nets,BKN @ CLE,L,84,0.345,0.286,0.625,36,25,12,-28,-28,0,team_game_log
2025-26,22500794,2026-02-19,1610612737,ATL,Atlanta Hawks,ATL @ PHI,W,117,0.427,0.313,0.775,51,24,14,10,10,1,team_game_log
2025-26,22500794,2026-02-19,1610612755,PHI,Philadelphia 76ers,PHI vs. ATL,L,107,0.384,0.333,0.811,46,17,16,-10,-10,0,team_game_log
2025-26,22500795,2026-02-19,1610612754,IND,Indiana Pacers,IND @ WAS,L,105,0.41,0.357,0.815,50,22,23,-7,-7,0,team_game_log
2025-26,22500795,2026-02-19,1610612764,WAS,Washington Wizards,WAS vs. IND,W,112,0.439,0.297,0.75,46,30,10,7,7,1,team_game_log
2025-26,22500796,2026-02-19,1610612752,NYK,New York Knicks,NYK vs. DET,L,111,0.471,0.229,0.75,38,24,12,-15,-15,0,team_game_log
2025-26,22500796,2026-02-19,1610612765,DET,Detroit Pistons,DET @ NYK,W,126,0.516,0.433,0.85,44,30,15,15,15,1,team_game_log
2025-26,22500797,2026-02-19,1610612741,CHI,Chicago Bulls,CHI vs. TOR,L,101,0.419,0.3,0.81,46,22,23,-9,-9,0,team_game_log
2025-26,22500797,2026-02-19,1610612761,TOR,Toronto Raptors,TOR @ CHI,W,110,0.422,0.304,0.871,46,23,14,9,9,1,team_game_log
2025-26,22500798,2026-02-19,1610612756,PHX,Phoenix Suns,PHX @ SAS,L,94,0.371,0.286,0.667,46,22,13,-27,-27,0,team_game_log
2025-26,22500798,2026-02-19,1610612759,SAS,San Antonio Spurs,SAS vs. PHX,W,121,0.517,0.351,0.9,50,30,12,27,27,1,team_game_log
2025-26,22500799,2026-02-19,1610612738,BOS,Boston Celtics,BOS @ GSW,W,121,0.516,0.425,0.857,54,36,13,11,11,1,team_game_log
2025-26,22500799,2026-02-19,1610612744,GSW,Golden State Warriors,GSW vs. BOS,L,110,0.448,0.364,0.5,40,30,9,-11,-11,0,team_game_log
2025-26,22500800,2026-02-19,1610612753,ORL,Orlando Magic,ORL @ SAC,W,131,0.5,0.54,0.824,41,28,10,37,37,1,team_game_log
2025-26,22500800,2026-02-19,1610612758,SAC,Sacramento Kings,SAC vs. ORL,L,94,0.407,0.296,0.8,48,22,19,-37,-37,0,team_game_log
2025-26,22500801,2026-02-19,1610612743,DEN,Denver Nuggets,DEN @ LAC,L,114,0.453,0.325,0.742,45,29,17,-1,-1,0,team_game_log
2025-26,22500801,2026-02-19,1610612746,LAC,LA Clippers,LAC vs. DEN,W,115,0.471,0.242,0.833,45,27,14,1,1,1,team_game_log
2025-26,22500802,2026-02-20,1610612739,CLE,Cleveland Cavaliers,CLE @ CHA,W,118,0.532,0.476,0.929,39,24,12,5,5,1,team_game_log
2025-26,22500802,2026-02-20,1610612766,CHA,Charlotte Hornets,CHA vs. CLE,L,113,0.391,0.357,0.955,45,26,14,-5,-5,0,team_game_log
2025-26,22500803,2026-02-20,1610612754,IND,Indiana Pacers,IND @ WAS,L,118,0.478,0.367,0.667,40,32,21,-13,-13,0,team_game_log
2025-26,22500803,2026-02-20,1610612764,WAS,Washington Wizards,WAS vs. IND,W,131,0.579,0.207,0.789,48,36,18,13,13,1,team_game_log
2025-26,22500804,2026-02-20,1610612762,UTA,Utah Jazz,UTA @ MEM,L,114,0.495,0.382,0.563,49,28,24,-9,-9,0,team_game_log
2025-26,22500804,2026-02-20,1610612763,MEM,Memphis Grizzlies,MEM vs. UTA,W,123,0.489,0.364,0.636,45,29,17,9,9,1,team_game_log
2025-26,22500805,2026-02-20,1610612737,ATL,Atlanta Hawks,ATL vs. MIA,L,97,0.379,0.421,0.6,46,26,13,-31,-31,0,team_game_log
2025-26,22500805,2026-02-20,1610612748,MIA,Miami Heat,MIA @ ATL,W,128,0.52,0.371,0.786,58,31,9,31,31,1,team_game_log
2025-26,22500806,2026-02-20,1610612742,DAL,Dallas Mavericks,DAL @ MIN,L,111,0.423,0.32,0.724,45,21,12,-11,-11,0,team_game_log
2025-26,22500806,2026-02-20,1610612750,MIN,Minnesota Timberwolves,MIN vs. DAL,W,122,0.475,0.381,0.632,54,28,19,11,11,1,team_game_log
2025-26,22500807,2026-02-20,1610612740,NOP,New Orleans Pelicans,NOP vs. MIL,L,118,0.54,0.16,0.714,37,22,14,-21,-21,0,team_game_log
2025-26,22500807,2026-02-20,1610612749,MIL,Milwaukee Bucks,MIL @ NOP,W,139,0.598,0.417,0.778,37,28,15,21,21,1,team_game_log
2025-26,22500808,2026-02-20,1610612751,BKN,Brooklyn Nets,BKN @ OKC,L,86,0.367,0.171,0.808,40,19,21,-19,-19,0,team_game_log
2025-26,22500808,2026-02-20,1610612760,OKC,Oklahoma City Thunder,OKC vs. BKN,W,105,0.422,0.371,0.88,47,22,19,19,19,1,team_game_log
2025-26,22500809,2026-02-20,1610612746,LAC,LA Clippers,LAC @ LAL,L,122,0.549,0.381,0.828,42,25,16,-3,-3,0,team_game_log
2025-26,22500809,2026-02-20,1610612747,LAL,Los Angeles Lakers,LAL vs. LAC,W,125,0.518,0.548,0.8,32,31,12,3,3,1,team_game_log
2025-26,22500810,2026-02-20,1610612743,DEN,Denver Nuggets,DEN @ POR,W,157,0.573,0.512,0.813,60,41,16,54,54,1,team_game_log
2025-26,22500810,2026-02-20,1610612757,POR,Portland Trail Blazers,POR vs. DEN,L,103,0.407,0.319,0.621,36,25,18,-54,-54,0,team_game_log
2025-26,22500811,2026-02-21,1610612753,ORL,Orlando Magic,ORL @ PHX,L,110,0.429,0.256,0.842,53,24,16,-3,-3,0,team_game_log
2025-26,22500811,2026-02-21,1610612756,PHX,Phoenix Suns,PHX vs. ORL,W,113,0.342,0.291,0.708,65,20,9,3,3,1,team_game_log
2025-26,22500812,2026-02-21,1610612740,NOP,New Orleans Pelicans,NOP vs. PHI,W,126,0.494,0.5,0.763,49,25,15,15,15,1,team_game_log
2025-26,22500812,2026-02-21,1610612755,PHI,Philadelphia 76ers,PHI @ NOP,L,111,0.383,0.261,0.818,47,19,11,-15,-15,0,team_game_log
2025-26,22500813,2026-02-21,1610612748,MIA,Miami Heat,MIA vs. MEM,W,136,0.516,0.361,0.758,57,36,18,16,16,1,team_game_log
2025-26,22500813,2026-02-21,1610612763,MEM,Memphis Grizzlies,MEM @ MIA,L,120,0.474,0.349,0.682,35,31,13,-16,-16,0,team_game_log
2025-26,22500814,2026-02-21,1610612741,CHI,Chicago Bulls,CHI vs. DET,L,110,0.452,0.425,0.708,44,29,23,-16,-16,0,team_game_log
2025-26,22500814,2026-02-21,1610612765,DET,Detroit Pistons,DET @ CHI,W,126,0.486,0.448,0.733,50,34,14,16,16,1,team_game_log
2025-26,22500815,2026-02-21,1610612758,SAC,Sacramento Kings,SAC @ SAS,L,122,0.469,0.281,0.92,35,33,12,-17,-17,0,team_game_log
2025-26,22500815,2026-02-21,1610612759,SAS,San Antonio Spurs,SAS vs. SAC,W,139,0.553,0.382,0.786,48,32,18,17,17,1,team_game_log
2025-26,22500816,2026-02-21,1610612745,HOU,Houston Rockets,HOU @ NYK,L,106,0.475,0.387,0.783,44,24,20,-2,-2,0,team_game_log
2025-26,22500816,2026-02-21,1610612752,NYK,New York Knicks,NYK vs. HOU,W,108,0.494,0.385,0.875,29,26,12,2,2,1,team_game_log
2025-26,22500817,2026-02-22,1610612739,CLE,Cleveland Cavaliers,CLE @ OKC,L,113,0.483,0.333,0.737,44,28,17,-8,-8,0,team_game_log
2025-26,22500817,2026-02-22,1610612760,OKC,Oklahoma City Thunder,OKC vs. CLE,W,121,0.488,0.512,0.64,44,32,16,8,8,1,team_game_log
2025-26,22500818,2026-02-22,1610612737,ATL,Atlanta Hawks,ATL vs. BKN,W,115,0.483,0.394,0.857,52,28,17,11,11,1,team_game_log
2025-26,22500818,2026-02-22,1610612751,BKN,Brooklyn Nets,BKN @ ATL,L,104,0.447,0.353,0.727,34,29,13,-11,-11,0,team_game_log
2025-26,22500819,2026-02-22,1610612749,MIL,Milwaukee Bucks,MIL vs. TOR,L,94,0.412,0.281,0.789,46,18,19,-28,-28,0,team_game_log
2025-26,22500819,2026-02-22,1610612761,TOR,Toronto Raptors,TOR @ MIL,W,122,0.468,0.348,0.783,45,34,8,28,28,1,team_game_log
2025-26,22500820,2026-02-22,1610612743,DEN,Denver Nuggets,DEN @ GSW,L,117,0.462,0.258,0.862,44,25,17,-11,-11,0,team_game_log
2025-26,22500820,2026-02-22,1610612744,GSW,Golden State Warriors,GSW vs. DEN,W,128,0.511,0.404,0.917,44,42,18,11,11,1,team_game_log
2025-26,22500821,2026-02-22,1610612742,DAL,Dallas Mavericks,DAL @ IND,W,134,0.543,0.393,0.656,45,29,11,4,4,1,team_game_log
2025-26,22500821,2026-02-22,1610612754,IND,Indiana Pacers,IND vs. DAL,L,130,0.5,0.476,0.8,39,37,16,-4,-4,0,team_game_log
2025-26,22500822,2026-02-22,1610612764,WAS,Washington Wizards,WAS vs. CHA,L,112,0.488,0.429,0.706,37,24,11,-17,-17,0,team_game_log
2025-26,22500822,2026-02-22,1610612766,CHA,Charlotte Hornets,CHA @ WAS,W,129,0.494,0.543,0.72,53,27,12,17,17,1,team_game_log
2025-26,22500823,2026-02-22,1610612738,BOS,Boston Celtics,BOS @ LAL,W,111,0.482,0.389,0.81,50,29,14,22,22,1,team_game_log
2025-26,22500823,2026-02-22,1610612747,LAL,Los Angeles Lakers,LAL vs. BOS,L,89,0.391,0.3,0.667,39,18,8,-22,-22,0,team_game_log
2025-26,22500824,2026-02-22,1610612750,MIN,Minnesota Timberwolves,MIN vs. PHI,L,108,0.479,0.303,0.833,39,22,21,-27,-27,0,team_game_log
2025-26,22500824,2026-02-22,1610612755,PHI,Philadelphia 76ers,PHI @ MIN,W,135,0.515,0.568,0.667,39,31,11,27,27,1,team_game_log
2025-26,22500825,2026-02-22,1610612741,CHI,Chicago Bulls,CHI vs. NYK,L,99,0.395,0.348,0.714,50,24,17,-6,-6,0,team_game_log
2025-26,22500825,2026-02-22,1610612752,NYK,New York Knicks,NYK @ CHI,W,105,0.452,0.357,0.667,50,27,13,6,6,1,team_game_log
2025-26,22500826,2026-02-22,1610612756,PHX,Phoenix Suns,PHX vs. POR,L,77,0.365,0.257,1.0,41,16,23,-15,-15,0,team_game_log
2025-26,22500826,2026-02-22,1610612757,POR,Portland Trail Blazers,POR @ PHX,W,92,0.469,0.27,0.545,47,23,21,15,15,1,team_game_log
2025-26,22500827,2026-02-22,1610612746,LAC,LA Clippers,LAC vs. ORL,L,109,0.482,0.217,0.857,43,18,10,-2,-2,0,team_game_log
2025-26,22500827,2026-02-22,1610612753,ORL,Orlando Magic,ORL @ LAC,W,111,0.482,0.348,0.742,43,25,12,2,2,1,team_game_log
2025-26,22500828,2026-02-23,1610612759,SAS,San Antonio Spurs,SAS @ DET,W,114,0.416,0.45,0.632,50,32,16,11,11,1,team_game_log
2025-26,22500828,2026-02-23,1610612765,DET,Detroit Pistons,DET vs. SAS,L,103,0.377,0.194,0.842,55,21,16,-11,-11,0,team_game_log
2025-26,22500829,2026-02-23,1610612758,SAC,Sacramento Kings,SAC @ MEM,W,123,0.5,0.345,0.76,45,30,15,9,9,1,team_game_log
2025-26,22500829,2026-02-23,1610612763,MEM,Memphis Grizzlies,MEM vs. SAC,L,114,0.483,0.353,0.9,37,33,18,-9,-9,0,team_game_log
2025-26,22500830,2026-02-23,1610612745,HOU,Houston Rockets,HOU vs. UTA,W,125,0.57,0.45,0.818,53,34,27,20,20,1,team_game_log
2025-26,22500830,2026-02-23,1610612762,UTA,Utah Jazz,UTA @ HOU,L,105,0.367,0.182,0.833,36,23,12,-20,-20,0,team_game_log
2025-26,22500831,2026-02-24,1610612754,IND,Indiana Pacers,IND vs. PHI,L,114,0.432,0.302,0.864,41,27,18,-21,-21,0,team_game_log
2025-26,22500831,2026-02-24,1610612755,PHI,Philadelphia 76ers,PHI @ IND,W,135,0.576,0.276,0.84,44,29,13,21,21,1,team_game_log
2025-26,22500832,2026-02-24,1610612737,ATL,Atlanta Hawks,ATL vs. WAS,W,119,0.393,0.24,0.885,61,33,11,21,21,1,team_game_log
2025-26,22500832,2026-02-24,1610612764,WAS,Washington Wizards,WAS @ ATL,L,98,0.44,0.323,0.824,41,23,20,-21,-21,0,team_game_log
2025-26,22500833,2026-02-24,1610612742,DAL,Dallas Mavericks,DAL @ BKN,W,123,0.585,0.348,0.792,44,26,16,9,9,1,team_game_log
2025-26,22500833,2026-02-24,1610612751,BKN,Brooklyn Nets,BKN vs. DAL,L,114,0.513,0.406,0.704,28,29,11,-9,-9,0,team_game_log
2025-26,22500834,2026-02-24,1610612760,OKC,Oklahoma City Thunder,OKC @ TOR,W,116,0.474,0.4,0.833,49,26,19,9,9,1,team_game_log
2025-26,22500834,2026-02-24,1610612761,TOR,Toronto Raptors,TOR vs. OKC,L,107,0.466,0.474,0.583,34,30,16,-9,-9,0,team_game_log
2025-26,22500835,2026-02-24,1610612739,CLE,Cleveland Cavaliers,CLE vs. NYK,W,109,0.425,0.371,0.733,45,23,11,15,15,1,team_game_log
2025-26,22500835,2026-02-24,1610612752,NYK,New York Knicks,NYK @ CLE,L,94,0.407,0.27,0.667,44,23,17,-15,-15,0,team_game_log
2025-26,22500836,2026-02-24,1610612741,CHI,Chicago Bulls,CHI vs. CHA,L,99,0.427,0.4,0.867,33,18,21,-32,-32,0,team_game_log
2025-26,22500836,2026-02-24,1610612766,CHA,Charlotte Hornets,CHA @ CHI,W,131,0.516,0.439,0.889,46,31,17,32,32,1,team_game_log
2025-26,22500837,2026-02-24,1610612748,MIA,Miami Heat,MIA @ MIL,L,117,0.426,0.333,0.778,51,32,16,-11,-11,0,team_game_log
2025-26,22500837,2026-02-24,1610612749,MIL,Milwaukee Bucks,MIL vs. MIA,W,128,0.495,0.41,0.842,46,25,11,11,11,1,team_game_log
2025-26,22500838,2026-02-24,1610612740,NOP,New Orleans Pelicans,NOP vs. GSW,W,113,0.426,0.25,0.739,53,20,17,4,4,1,team_game_log
2025-26,22500838,2026-02-24,1610612744,GSW,Golden State Warriors,GSW @ NOP,L,109,0.412,0.244,0.783,59,26,21,-4,-4,0,team_game_log
2025-26,22500839,2026-02-24,1610612738,BOS,Boston Celtics,BOS @ PHX,W,97,0.4,0.277,0.889,61,24,11,16,16,1,team_game_log
2025-26,22500839,2026-02-24,1610612756,PHX,Phoenix Suns,PHX vs. BOS,L,81,0.367,0.333,0.846,34,18,8,-16,-16,0,team_game_log
2025-26,22500840,2026-02-24,1610612747,LAL,Los Angeles Lakers,LAL vs. ORL,L,109,0.482,0.31,0.714,39,24,12,-1,-1,0,team_game_log
2025-26,22500840,2026-02-24,1610612753,ORL,Orlando Magic,ORL @ LAL,W,110,0.457,0.241,0.739,47,26,11,1,1,1,team_game_log
2025-26,22500841,2026-02-24,1610612750,MIN,Minnesota Timberwolves,MIN @ POR,W,124,0.534,0.486,0.684,41,26,16,3,3,1,team_game_log
2025-26,22500841,2026-02-24,1610612757,POR,Portland Trail Blazers,POR vs. MIN,L,121,0.472,0.4,0.767,44,27,16,-3,-3,0,team_game_log
2025-26,22500842,2026-02-25,1610612760,OKC,Oklahoma City Thunder,OKC @ DET,L,116,0.406,0.367,0.952,37,28,14,-8,-8,0,team_game_log
2025-26,22500842,2026-02-25,1610612765,DET,Detroit Pistons,DET vs. OKC,W,124,0.539,0.333,0.731,52,29,17,8,8,1,team_game_log
2025-26,22500843,2026-02-25,1610612759,SAS,San Antonio Spurs,SAS @ TOR,W,110,0.465,0.436,0.565,40,28,13,3,3,1,team_game_log
2025-26,22500843,2026-02-25,1610612761,TOR,Toronto Raptors,TOR vs. SAS,L,107,0.422,0.348,0.852,50,17,13,-3,-3,0,team_game_log
2025-26,22500844,2026-02-25,1610612744,GSW,Golden State Warriors,GSW @ MEM,W,133,0.533,0.413,0.842,48,37,16,21,21,1,team_game_log
2025-26,22500844,2026-02-25,1610612763,MEM,Memphis Grizzlies,MEM vs. GSW,L,112,0.488,0.415,0.722,34,30,16,-21,-21,0,team_game_log
2025-26,22500845,2026-02-25,1610612745,HOU,Houston Rockets,HOU vs. SAC,W,128,0.547,0.436,0.895,44,29,13,31,31,1,team_game_log
2025-26,22500845,2026-02-25,1610612758,SAC,Sacramento Kings,SAC @ HOU,L,97,0.398,0.219,0.8,43,22,12,-31,-31,0,team_game_log
2025-26,22500846,2026-02-25,1610612739,CLE,Cleveland Cavaliers,CLE @ MIL,L,116,0.483,0.3,0.741,44,28,11,-2,-2,0,team_game_log
2025-26,22500846,2026-02-25,1610612749,MIL,Milwaukee Bucks,MIL vs. CLE,W,118,0.545,0.422,0.6,36,28,13,2,2,1,team_game_log
2025-26,22500847,2026-02-25,1610612738,BOS,Boston Celtics,BOS @ DEN,L,84,0.349,0.279,0.778,48,18,14,-19,-19,0,team_game_log
2025-26,22500847,2026-02-25,1610612743,DEN,Denver Nuggets,DEN vs. BOS,W,103,0.419,0.349,0.556,54,28,9,19,19,1,team_game_log
2025-26,22500848,2026-02-26,1610612754,IND,Indiana Pacers,IND vs. CHA,L,109,0.471,0.314,0.8,37,28,12,-24,-24,0,team_game_log
2025-26,22500848,2026-02-26,1610612766,CHA,Charlotte Hornets,CHA @ IND,W,133,0.558,0.478,0.789,46,35,17,24,24,1,team_game_log
2025-26,22500849,2026-02-26,1610612748,MIA,Miami Heat,MIA @ PHI,L,117,0.46,0.425,0.769,45,25,14,-7,-7,0,team_game_log
2025-26,22500849,2026-02-26,1610612755,PHI,Philadelphia 76ers,PHI vs. MIA,W,124,0.479,0.395,0.944,49,26,14,7,7,1,team_game_log
2025-26,22500850,2026-02-26,1610612737,ATL,Atlanta Hawks,ATL vs. WAS,W,126,0.462,0.333,0.784,56,30,14,30,30,1,team_game_log
2025-26,22500850,2026-02-26,1610612764,WAS,Washington Wizards,WAS @ ATL,L,96,0.383,0.273,0.938,44,17,14,-30,-30,0,team_game_log
2025-26,22500851,2026-02-26,1610612751,BKN,Brooklyn Nets,BKN vs. SAS,L,110,0.461,0.382,0.882,50,26,15,-16,-16,0,team_game_log
2025-26,22500851,2026-02-26,1610612759,SAS,San Antonio Spurs,SAS @ BKN,W,126,0.494,0.405,0.852,39,36,9,16,16,1,team_game_log
2025-26,22500852,2026-02-26,1610612745,HOU,Houston Rockets,HOU @ ORL,W,113,0.524,0.379,0.8,41,24,13,5,5,1,team_game_log
2025-26,22500852,2026-02-26,1610612753,ORL,Orlando Magic,ORL vs. HOU,L,108,0.455,0.405,0.619,40,25,12,-5,-5,0,team_game_log
2025-26,22500853,2026-02-26,1610612741,CHI,Chicago Bulls,CHI vs. POR,L,112,0.5,0.3,0.767,41,29,22,-9,-9,0,team_game_log
2025-26,22500853,2026-02-26,1610612757,POR,Portland Trail Blazers,POR @ CHI,W,121,0.442,0.217,0.871,45,27,12,9,9,1,team_game_log
2025-26,22500854,2026-02-26,1610612742,DAL,Dallas Mavericks,DAL vs. SAC,L,121,0.556,0.435,0.618,42,23,18,-9,-9,0,team_game_log
2025-26,22500854,2026-02-26,1610612758,SAC,Sacramento Kings,SAC @ DAL,W,130,0.505,0.308,0.8,46,29,5,9,9,1,team_game_log
2025-26,22500855,2026-02-26,1610612747,LAL,Los Angeles Lakers,LAL @ PHX,L,110,0.507,0.379,0.885,39,20,13,-3,-3,0,team_game_log
2025-26,22500855,2026-02-26,1610612756,PHX,Phoenix Suns,PHX vs. LAL,W,113,0.46,0.44,0.786,41,22,12,3,3,1,team_game_log
2025-26,22500856,2026-02-26,1610612740,NOP,New Orleans Pelicans,NOP @ UTA,W,129,0.523,0.382,0.889,40,37,18,11,11,1,team_game_log
2025-26,22500856,2026-02-26,1610612762,UTA,Utah Jazz,UTA vs. NOP,L,118,0.5,0.324,0.64,37,28,18,-11,-11,0,team_game_log
2025-26,22500857,2026-02-26,1610612746,LAC,LA Clippers,LAC vs. MIN,L,88,0.405,0.227,0.793,40,21,19,-6,-6,0,team_game_log
2025-26,22500857,2026-02-26,1610612750,MIN,Minnesota Timberwolves,MIN @ LAC,W,94,0.434,0.308,0.737,41,23,13,6,6,1,team_game_log
2025-26,22500858,2026-02-27,1610612739,CLE,Cleveland Cavaliers,CLE @ DET,L,119,0.457,0.371,0.741,41,32,18,-3,-3,0,team_game_log
2025-26,22500858,2026-02-27,1610612765,DET,Detroit Pistons,DET vs. CLE,W,122,0.46,0.222,0.727,56,26,16,3,3,1,team_game_log
2025-26,22500859,2026-02-27,1610612738,BOS,Boston Celtics,BOS vs. BKN,W,148,0.667,0.647,0.815,39,38,12,37,37,1,team_game_log
2025-26,22500859,2026-02-27,1610612751,BKN,Brooklyn Nets,BKN @ BOS,L,111,0.489,0.412,0.688,25,29,12,-37,-37,0,team_game_log
2025-26,22500860,2026-02-27,1610612749,MIL,Milwaukee Bucks,MIL vs. NYK,L,98,0.429,0.381,0.727,34,24,16,-29,-29,0,team_game_log
2025-26,22500860,2026-02-27,1610612752,NYK,New York Knicks,NYK @ MIL,W,127,0.523,0.5,0.875,44,33,11,29,29,1,team_game_log
2025-26,22500861,2026-02-27,1610612742,DAL,Dallas Mavericks,DAL vs. MEM,L,105,0.42,0.281,0.667,46,24,21,-19,-19,0,team_game_log
2025-26,22500861,2026-02-27,1610612763,MEM,Memphis Grizzlies,MEM @ DAL,W,124,0.505,0.375,0.857,43,29,11,19,19,1,team_game_log
2025-26,22500862,2026-02-27,1610612743,DEN,Denver Nuggets,DEN @ OKC,L,121,0.417,0.375,0.773,51,27,18,-6,-6,0,team_game_log
2025-26,22500862,2026-02-27,1610612760,OKC,Oklahoma City Thunder,OKC vs. DEN,W,127,0.465,0.343,0.852,56,29,12,6,6,1,team_game_log
2025-26,22500863,2026-02-28,1610612757,POR,Portland Trail Blazers,POR @ CHA,L,93,0.407,0.234,0.632,39,22,17,-16,-16,0,team_game_log
2025-26,22500863,2026-02-28,1610612766,CHA,Charlotte Hornets,CHA vs. POR,W,109,0.418,0.381,0.68,55,24,16,16,16,1,team_game_log
2025-26,22500864,2026-02-28,1610612745,HOU,Houston Rockets,HOU @ MIA,L,105,0.432,0.25,0.667,47,26,11,-10,-10,0,team_game_log
2025-26,22500864,2026-02-28,1610612748,MIA,Miami Heat,MIA vs. HOU,W,115,0.5,0.355,0.7,47,22,14,10,10,1,team_game_log
2025-26,22500865,2026-02-28,1610612761,TOR,Toronto Raptors,TOR @ WAS,W,134,0.6,0.409,0.852,35,31,10,9,9,1,team_game_log
2025-26,22500865,2026-02-28,1610612764,WAS,Washington Wizards,WAS vs. TOR,L,125,0.534,0.471,0.714,35,23,14,-9,-9,0,team_game_log
2025-26,22500866,2026-02-28,1610612744,GSW,Golden State Warriors,GSW vs. LAL,L,101,0.451,0.273,0.778,40,32,11,-28,-28,0,team_game_log
2025-26,22500866,2026-02-28,1610612747,LAL,Los Angeles Lakers,LAL @ GSW,W,129,0.533,0.463,0.7,47,29,10,28,28,1,team_game_log
2025-26,22500867,2026-02-28,1610612740,NOP,New Orleans Pelicans,NOP @ UTA,W,115,0.459,0.341,0.759,58,32,19,10,10,1,team_game_log
2025-26,22500867,2026-02-28,1610612762,UTA,Utah Jazz,UTA vs. NOP,L,105,0.344,0.279,0.818,40,24,7,-10,-10,0,team_game_log
2025-26,22500868,2026-03-01,1610612752,NYK,New York Knicks,NYK vs. SAS,W,114,0.443,0.354,0.579,54,27,14,25,25,1,team_game_log
2025-26,22500868,2026-03-01,1610612759,SAS,San Antonio Spurs,SAS @ NYK,L,89,0.416,0.265,0.727,41,25,22,-25,-25,0,team_game_log
2025-26,22500869,2026-03-01,1610612739,CLE,Cleveland Cavaliers,CLE @ BKN,W,106,0.486,0.481,0.676,38,25,17,4,4,1,team_game_log
2025-26,22500869,2026-03-01,1610612751,BKN,Brooklyn Nets,BKN vs. CLE,L,102,0.507,0.344,0.75,32,27,17,-4,-4,0,team_game_log
2025-26,22500870,2026-03-01,1610612741,CHI,Chicago Bulls,CHI vs. MIL,W,120,0.512,0.367,0.696,50,34,18,23,23,1,team_game_log
2025-26,22500870,2026-03-01,1610612749,MIL,Milwaukee Bucks,MIL @ CHI,L,97,0.368,0.283,0.824,45,26,19,-23,-23,0,team_game_log
2025-26,22500871,2026-03-01,1610612743,DEN,Denver Nuggets,DEN vs. MIN,L,108,0.482,0.273,0.741,44,21,14,-9,-9,0,team_game_log
2025-26,22500871,2026-03-01,1610612750,MIN,Minnesota Timberwolves,MIN @ DEN,W,117,0.541,0.389,0.579,41,33,14,9,9,1,team_game_log
2025-26,22500872,2026-03-01,1610612754,IND,Indiana Pacers,IND vs. MEM,L,106,0.488,0.385,0.684,31,29,19,-19,-19,0,team_game_log
2025-26,22500872,2026-03-01,1610612763,MEM,Memphis Grizzlies,MEM @ IND,W,125,0.511,0.429,1.0,40,34,13,19,19,1,team_game_log
2025-26,22500873,2026-03-01,1610612737,ATL,Atlanta Hawks,ATL vs. POR,W,135,0.554,0.375,0.783,54,36,15,34,34,1,team_game_log
2025-26,22500873,2026-03-01,1610612757,POR,Portland Trail Blazers,POR @ ATL,L,101,0.402,0.351,0.692,38,23,17,-34,-34,0,team_game_log
2025-26,22500874,2026-03-01,1610612738,BOS,Boston Celtics,BOS vs. PHI,W,114,0.44,0.327,0.857,59,27,15,16,16,1,team_game_log
2025-26,22500874,2026-03-01,1610612755,PHI,Philadelphia 76ers,PHI @ BOS,L,98,0.398,0.387,0.727,37,21,6,-16,-16,0,team_game_log
2025-26,22500875,2026-03-01,1610612753,ORL,Orlando Magic,ORL vs. DET,L,92,0.377,0.278,0.8,41,20,19,-14,-14,0,team_game_log
2025-26,22500875,2026-03-01,1610612765,DET,Detroit Pistons,DET @ ORL,W,106,0.452,0.133,0.75,56,24,14,14,14,1,team_game_log
2025-26,22500876,2026-03-01,1610612742,DAL,Dallas Mavericks,DAL vs. OKC,L,87,0.388,0.29,0.75,49,20,17,-13,-13,0,team_game_log
2025-26,22500876,2026-03-01,1610612760,OKC,Oklahoma City Thunder,OKC @ DAL,W,100,0.446,0.205,0.667,46,22,9,13,13,1,team_game_log
2025-26,22500877,2026-03-01,1610612740,NOP,New Orleans Pelicans,NOP @ LAC,L,117,0.449,0.364,0.833,41,22,17,-20,-20,0,team_game_log
2025-26,22500877,2026-03-01,1610612746,LAC,LA Clippers,LAC vs. NOP,W,137,0.539,0.472,0.828,38,29,9,20,20,1,team_game_log
2025-26,22500878,2026-03-01,1610612747,LAL,Los Angeles Lakers,LAL vs. SAC,W,128,0.5,0.462,0.727,37,34,10,24,24,1,team_game_log
2025-26,22500878,2026-03-01,1610612758,SAC,Sacramento Kings,SAC @ LAL,L,104,0.467,0.231,0.933,52,30,20,-24,-24,0,team_game_log
2025-26,22500879,2026-03-02,1610612745,HOU,Houston Rockets,HOU @ WAS,W,123,0.489,0.36,0.857,59,21,21,5,5,1,team_game_log
2025-26,22500879,2026-03-02,1610612764,WAS,Washington Wizards,WAS vs. HOU,L,118,0.484,0.543,0.786,27,20,13,-5,-5,0,team_game_log
2025-26,22500880,2026-03-02,1610612738,BOS,Boston Celtics,BOS @ MIL,W,108,0.432,0.4,0.667,54,31,11,27,27,1,team_game_log
2025-26,22500880,2026-03-02,1610612749,MIL,Milwaukee Bucks,MIL vs. BOS,L,81,0.365,0.361,0.737,41,18,16,-27,-27,0,team_game_log
2025-26,22500881,2026-03-02,1610612743,DEN,Denver Nuggets,DEN @ UTA,W,128,0.541,0.41,0.914,38,25,15,3,3,1,team_game_log
2025-26,22500881,2026-03-02,1610612762,UTA,Utah Jazz,UTA vs. DEN,L,125,0.512,0.385,0.846,33,24,9,-3,-3,0,team_game_log
2025-26,22500882,2026-03-02,1610612744,GSW,Golden State Warriors,GSW vs. LAC,L,101,0.387,0.354,0.706,40,26,14,-13,-13,0,team_game_log
2025-26,22500882,2026-03-02,1610612746,LAC,LA Clippers,LAC @ GSW,W,114,0.494,0.29,0.913,52,18,14,13,13,1,team_game_log
2025-26,22500883,2026-03-03,1610612742,DAL,Dallas Mavericks,DAL @ CHA,L,90,0.378,0.136,0.738,42,19,15,-27,-27,0,team_game_log
2025-26,22500883,2026-03-03,1610612766,CHA,Charlotte Hornets,CHA vs. DAL,W,117,0.477,0.392,0.684,49,32,15,27,27,1,team_game_log
2025-26,22500884,2026-03-03,1610612739,CLE,Cleveland Cavaliers,CLE vs. DET,W,113,0.442,0.37,0.769,38,27,10,4,4,1,team_game_log
2025-26,22500884,2026-03-03,1610612765,DET,Detroit Pistons,DET @ CLE,L,109,0.506,0.375,0.759,44,29,14,-4,-4,0,team_game_log
2025-26,22500885,2026-03-03,1610612753,ORL,Orlando Magic,ORL vs. WAS,W,126,0.553,0.4,0.865,38,33,9,17,17,1,team_game_log
2025-26,22500885,2026-03-03,1610612764,WAS,Washington Wizards,WAS @ ORL,L,109,0.467,0.219,0.64,42,23,14,-17,-17,0,team_game_log
2025-26,22500886,2026-03-03,1610612748,MIA,Miami Heat,MIA vs. BKN,W,124,0.495,0.361,0.875,46,28,12,26,26,1,team_game_log
2025-26,22500886,2026-03-03,1610612751,BKN,Brooklyn Nets,BKN @ MIA,L,98,0.384,0.188,0.867,38,24,19,-26,-26,0,team_game_log
2025-26,22500887,2026-03-03,1610612752,NYK,New York Knicks,NYK @ TOR,W,111,0.568,0.345,0.75,43,32,18,16,16,1,team_game_log
2025-26,22500887,2026-03-03,1610612761,TOR,Toronto Raptors,TOR vs. NYK,L,95,0.455,0.286,0.895,28,24,15,-16,-16,0,team_game_log
2025-26,22500888,2026-03-03,1610612755,PHI,Philadelphia 76ers,PHI vs. SAS,L,91,0.347,0.238,0.789,40,20,14,-40,-40,0,team_game_log
2025-26,22500888,2026-03-03,1610612759,SAS,San Antonio Spurs,SAS @ PHI,W,131,0.551,0.4,0.833,56,36,17,40,40,1,team_game_log
2025-26,22500889,2026-03-03,1610612741,CHI,Chicago Bulls,CHI vs. OKC,L,108,0.433,0.347,0.684,53,27,19,-8,-8,0,team_game_log
2025-26,22500889,2026-03-03,1610612760,OKC,Oklahoma City Thunder,OKC @ CHI,W,116,0.434,0.238,0.833,51,23,9,8,8,1,team_game_log
2025-26,22500890,2026-03-03,1610612750,MIN,Minnesota Timberwolves,MIN vs. MEM,W,117,0.476,0.294,0.794,52,19,18,7,7,1,team_game_log
2025-26,22500890,2026-03-03,1610612763,MEM,Memphis Grizzlies,MEM @ MIN,L,110,0.456,0.395,0.793,33,27,17,-7,-7,0,team_game_log
2025-26,22500891,2026-03-03,1610612740,NOP,New Orleans Pelicans,NOP @ LAL,L,101,0.422,0.276,0.895,41,29,19,-9,-9,0,team_game_log
2025-26,22500891,2026-03-03,1610612747,LAL,Los Angeles Lakers,LAL vs. NOP,W,110,0.47,0.297,0.808,48,29,22,9,9,1,team_game_log
2025-26,22500892,2026-03-03,1610612756,PHX,Phoenix Suns,PHX @ SAC,W,114,0.457,0.388,0.647,53,31,19,11,11,1,team_game_log
2025-26,22500892,2026-03-03,1610612758,SAC,Sacramento Kings,SAC vs. PHX,L,103,0.456,0.259,0.778,40,25,14,-11,-11,0,team_game_log
2025-26,22500893,2026-03-04,1610612752,NYK,New York Knicks,NYK vs. OKC,L,100,0.42,0.286,0.727,48,23,14,-3,-3,0,team_game_log
2025-26,22500893,2026-03-04,1610612760,OKC,Oklahoma City Thunder,OKC @ NYK,W,103,0.452,0.381,0.84,38,21,16,3,3,1,team_game_log
2025-26,22500894,2026-03-04,1610612738,BOS,Boston Celtics,BOS vs. CHA,L,89,0.38,0.278,0.95,45,18,16,-29,-29,0,team_game_log
2025-26,22500894,2026-03-04,1610612766,CHA,Charlotte Hornets,CHA @ BOS,W,118,0.461,0.388,0.81,43,26,5,29,29,1,team_game_log
2025-26,22500895,2026-03-04,1610612755,PHI,Philadelphia 76ers,PHI vs. UTA,W,106,0.455,0.257,0.81,43,24,15,4,4,1,team_game_log
2025-26,22500895,2026-03-04,1610612762,UTA,Utah Jazz,UTA @ PHI,L,102,0.409,0.308,0.947,42,22,15,-4,-4,0,team_game_log
2025-26,22500896,2026-03-04,1610612757,POR,Portland Trail Blazers,POR @ MEM,W,122,0.505,0.349,0.611,53,29,17,8,8,1,team_game_log
2025-26,22500896,2026-03-04,1610612763,MEM,Memphis Grizzlies,MEM vs. POR,L,114,0.448,0.438,0.667,38,25,17,-8,-8,0,team_game_log
2025-26,22500897,2026-03-04,1610612737,ATL,Atlanta Hawks,ATL @ MIL,W,131,0.543,0.444,0.688,40,33,11,18,18,1,team_game_log
2025-26,22500897,2026-03-04,1610612749,MIL,Milwaukee Bucks,MIL vs. ATL,L,113,0.5,0.333,0.7,41,27,15,-18,-18,0,team_game_log
2025-26,22500898,2026-03-04,1610612746,LAC,LA Clippers,LAC vs. IND,W,130,0.551,0.375,0.8,47,28,11,23,23,1,team_game_log
2025-26,22500898,2026-03-04,1610612754,IND,Indiana Pacers,IND @ LAC,L,107,0.429,0.278,0.806,38,26,13,-23,-23,0,team_game_log
2025-26,22500899,2026-03-05,1610612742,DAL,Dallas Mavericks,DAL @ ORL,L,114,0.453,0.438,0.786,44,28,13,-1,-1,0,team_game_log
2025-26,22500899,2026-03-05,1610612753,ORL,Orlando Magic,ORL vs. DAL,W,115,0.454,0.333,0.875,47,31,12,1,1,1,team_game_log
2025-26,22500900,2026-03-05,1610612762,UTA,Utah Jazz,UTA @ WAS,W,122,0.511,0.429,0.722,45,31,12,10,10,1,team_game_log
2025-26,22500900,2026-03-05,1610612764,WAS,Washington Wizards,WAS vs. UTA,L,112,0.468,0.429,0.688,43,22,19,-10,-10,0,team_game_log
2025-26,22500901,2026-03-05,1610612748,MIA,Miami Heat,MIA vs. BKN,W,126,0.527,0.333,0.875,45,29,14,16,16,1,team_game_log
2025-26,22500901,2026-03-05,1610612751,BKN,Brooklyn Nets,BKN @ MIA,L,110,0.432,0.39,0.667,49,30,20,-16,-16,0,team_game_log
2025-26,22500902,2026-03-05,1610612744,GSW,Golden State Warriors,GSW @ HOU,W,115,0.479,0.368,0.733,47,29,19,2,2,1,team_game_log
2025-26,22500902,2026-03-05,1610612745,HOU,Houston Rockets,HOU vs. GSW,L,113,0.458,0.412,0.733,49,26,18,-2,-2,0,team_game_log
2025-26,22500903,2026-03-05,1610612750,MIN,Minnesota Timberwolves,MIN vs. TOR,W,115,0.519,0.419,0.783,41,24,13,8,8,1,team_game_log
2025-26,22500903,2026-03-05,1610612761,TOR,Toronto Raptors,TOR @ MIN,L,107,0.494,0.429,0.667,40,22,14,-8,-8,0,team_game_log
2025-26,22500904,2026-03-05,1610612759,SAS,San Antonio Spurs,SAS vs. DET,W,121,0.5,0.351,0.8,46,24,9,15,15,1,team_game_log
2025-26,22500904,2026-03-05,1610612765,DET,Detroit Pistons,DET @ SAS,L,106,0.402,0.429,0.8,44,20,10,-15,-15,0,team_game_log
2025-26,22500905,2026-03-05,1610612741,CHI,Chicago Bulls,CHI @ PHX,W,105,0.477,0.25,0.64,46,23,13,2,2,1,team_game_log
2025-26,22500905,2026-03-05,1610612756,PHX,Phoenix Suns,PHX vs. CHI,L,103,0.391,0.283,0.667,48,24,15,-2,-2,0,team_game_log
2025-26,22500906,2026-03-05,1610612743,DEN,Denver Nuggets,DEN vs. LAL,W,120,0.52,0.452,0.903,41,27,18,7,7,1,team_game_log
2025-26,22500906,2026-03-05,1610612747,LAL,Los Angeles Lakers,LAL @ DEN,L,113,0.517,0.419,0.667,32,30,10,-7,-7,0,team_game_log
2025-26,22500907,2026-03-05,1610612740,NOP,New Orleans Pelicans,NOP @ SAC,W,133,0.5,0.353,0.852,52,27,12,10,10,1,team_game_log
2025-26,22500907,2026-03-05,1610612758,SAC,Sacramento Kings,SAC vs. NOP,L,123,0.505,0.258,0.652,42,29,7,-10,-10,0,team_game_log
2025-26,22500908,2026-03-06,1610612738,BOS,Boston Celtics,BOS vs. DAL,W,120,0.475,0.333,0.667,58,29,10,20,20,1,team_game_log
2025-26,22500908,2026-03-06,1610612742,DAL,Dallas Mavericks,DAL @ BOS,L,100,0.409,0.4,0.833,45,23,10,-20,-20,0,team_game_log
2025-26,22500909,2026-03-06,1610612748,MIA,Miami Heat,MIA @ CHA,W,128,0.464,0.474,0.8,44,31,6,8,8,1,team_game_log
2025-26,22500909,2026-03-06,1610612766,CHA,Charlotte Hornets,CHA vs. MIA,L,120,0.427,0.365,0.95,48,24,13,-8,-8,0,team_game_log
2025-26,22500910,2026-03-06,1610612745,HOU,Houston Rockets,HOU vs. POR,W,106,0.539,0.263,0.731,44,23,22,7,7,1,team_game_log
2025-26,22500910,2026-03-06,1610612757,POR,Portland Trail Blazers,POR @ HOU,L,99,0.398,0.308,0.568,43,20,16,-7,-7,0,team_game_log
2025-26,22500911,2026-03-06,1610612743,DEN,Denver Nuggets,DEN vs. NYK,L,103,0.446,0.2,0.7,31,30,15,-39,-39,0,team_game_log
2025-26,22500911,2026-03-06,1610612752,NYK,New York Knicks,NYK @ DEN,W,142,0.579,0.471,0.762,50,44,11,39,39,1,team_game_log
2025-26,22500912,2026-03-06,1610612740,NOP,New Orleans Pelicans,NOP @ PHX,L,116,0.446,0.357,0.865,42,18,15,-2,-2,0,team_game_log
2025-26,22500912,2026-03-06,1610612756,PHX,Phoenix Suns,PHX vs. NOP,W,118,0.444,0.345,0.692,41,27,15,2,2,1,team_game_log
2025-26,22500913,2026-03-06,1610612746,LAC,LA Clippers,LAC @ SAS,L,112,0.488,0.364,0.8,41,22,10,-4,-4,0,team_game_log
2025-26,22500913,2026-03-06,1610612759,SAS,San Antonio Spurs,SAS vs. LAC,W,116,0.484,0.415,0.5,52,29,13,4,4,1,team_game_log
2025-26,22500914,2026-03-06,1610612747,LAL,Los Angeles Lakers,LAL vs. IND,W,128,0.529,0.459,0.913,43,25,13,11,11,1,team_game_log
2025-26,22500914,2026-03-06,1610612754,IND,Indiana Pacers,IND @ LAL,L,117,0.469,0.229,0.708,40,33,7,-11,-11,0,team_game_log
2025-26,22500915,2026-03-07,1610612750,MIN,Minnesota Timberwolves,MIN vs. ORL,L,92,0.357,0.225,0.742,37,17,12,-27,-27,0,team_game_log
2025-26,22500915,2026-03-07,1610612753,ORL,Orlando Magic,ORL @ MIN,W,119,0.462,0.265,0.839,58,28,15,27,27,1,team_game_log
2025-26,22500916,2026-03-07,1610612751,BKN,Brooklyn Nets,BKN @ DET,W,107,0.438,0.333,0.964,45,20,20,2,2,1,team_game_log
2025-26,22500916,2026-03-07,1610612765,DET,Detroit Pistons,DET vs. BKN,L,105,0.424,0.385,0.742,37,21,14,-2,-2,0,team_game_log
2025-26,22500917,2026-03-07,1610612737,ATL,Atlanta Hawks,ATL vs. PHI,W,125,0.554,0.406,0.8,39,32,21,9,9,1,team_game_log
2025-26,22500917,2026-03-07,1610612755,PHI,Philadelphia 76ers,PHI @ ATL,L,116,0.547,0.385,0.667,36,27,21,-9,-9,0,team_game_log
2025-26,22500918,2026-03-07,1610612746,LAC,LA Clippers,LAC @ MEM,W,123,0.5,0.235,0.822,44,15,16,3,3,1,team_game_log
2025-26,22500918,2026-03-07,1610612763,MEM,Memphis Grizzlies,MEM vs. LAC,L,120,0.483,0.372,0.833,34,29,15,-3,-3,0,team_game_log
2025-26,22500919,2026-03-07,1610612749,MIL,Milwaukee Bucks,MIL vs. UTA,W,113,0.482,0.341,0.571,48,33,11,14,14,1,team_game_log
2025-26,22500919,2026-03-07,1610612762,UTA,Utah Jazz,UTA @ MIL,L,99,0.344,0.245,0.862,53,23,12,-14,-14,0,team_game_log
2025-26,22500920,2026-03-07,1610612744,GSW,Golden State Warriors,GSW @ OKC,L,97,0.409,0.311,0.611,47,28,13,-7,-7,0,team_game_log
2025-26,22500920,2026-03-07,1610612760,OKC,Oklahoma City Thunder,OKC vs. GSW,W,104,0.423,0.357,0.958,42,24,14,7,7,1,team_game_log
2025-26,22500921,2026-03-08,1610612738,BOS,Boston Celtics,BOS @ CLE,W,109,0.44,0.395,0.909,49,25,12,11,11,1,team_game_log
2025-26,22500921,2026-03-08,1610612739,CLE,Cleveland Cavaliers,CLE vs. BOS,L,98,0.407,0.289,0.714,42,23,9,-11,-11,0,team_game_log
2025-26,22500922,2026-03-08,1610612747,LAL,Los Angeles Lakers,LAL vs. NYK,W,110,0.432,0.341,0.833,42,20,14,13,13,1,team_game_log
2025-26,22500922,2026-03-08,1610612752,NYK,New York Knicks,NYK @ LAL,L,97,0.427,0.235,0.905,47,23,19,-13,-13,0,team_game_log
2025-26,22500923,2026-03-08,1610612748,MIA,Miami Heat,MIA vs. DET,W,121,0.462,0.364,0.92,49,31,12,11,11,1,team_game_log
2025-26,22500923,2026-03-08,1610612765,DET,Detroit Pistons,DET @ MIA,L,110,0.444,0.297,0.792,39,26,12,-11,-11,0,team_game_log
2025-26,22500924,2026-03-08,1610612742,DAL,Dallas Mavericks,DAL @ TOR,L,92,0.398,0.167,0.85,47,22,19,-30,-30,0,team_game_log
2025-26,22500924,2026-03-08,1610612761,TOR,Toronto Raptors,TOR vs. DAL,W,122,0.505,0.278,0.727,42,39,8,30,30,1,team_game_log
2025-26,22500925,2026-03-08,1610612740,NOP,New Orleans Pelicans,NOP vs. WAS,W,138,0.528,0.304,0.787,44,25,8,20,20,1,team_game_log
2025-26,22500925,2026-03-08,1610612764,WAS,Washington Wizards,WAS @ NOP,L,118,0.451,0.333,0.815,41,27,17,-20,-20,0,team_game_log
2025-26,22500926,2026-03-08,1610612749,MIL,Milwaukee Bucks,MIL vs. ORL,L,91,0.429,0.295,0.462,36,22,17,-39,-39,0,team_game_log
2025-26,22500926,2026-03-08,1610612753,ORL,Orlando Magic,ORL @ MIL,W,130,0.563,0.424,0.743,49,31,15,39,39,1,team_game_log
2025-26,22500927,2026-03-08,1610612745,HOU,Houston Rockets,HOU @ SAS,L,120,0.483,0.286,0.875,37,25,12,-25,-25,0,team_game_log
2025-26,22500927,2026-03-08,1610612759,SAS,San Antonio Spurs,SAS vs. HOU,W,145,0.58,0.525,0.815,32,38,8,25,25,1,team_game_log
2025-26,22500928,2026-03-08,1610612756,PHX,Phoenix Suns,PHX vs. CHA,W,111,0.456,0.39,0.885,40,24,8,12,12,1,team_game_log
2025-26,22500928,2026-03-08,1610612766,CHA,Charlotte Hornets,CHA @ PHX,L,99,0.42,0.333,0.667,41,24,13,-12,-12,0,team_game_log
2025-26,22500929,2026-03-08,1610612754,IND,Indiana Pacers,IND @ POR,L,111,0.432,0.333,0.625,38,27,12,-20,-20,0,team_game_log
2025-26,22500929,2026-03-08,1610612757,POR,Portland Trail Blazers,POR vs. IND,W,131,0.505,0.366,0.815,53,29,14,20,20,1,team_game_log
2025-26,22500930,2026-03-08,1610612741,CHI,Chicago Bulls,CHI @ SAC,L,110,0.417,0.378,0.676,49,27,14,-16,-16,0,team_game_log
2025-26,22500930,2026-03-08,1610612758,SAC,Sacramento Kings,SAC vs. CHI,W,126,0.448,0.379,0.913,55,33,4,16,16,1,team_game_log
2025-26,22500931,2026-03-09,1610612739,CLE,Cleveland Cavaliers,CLE vs. PHI,W,115,0.452,0.364,0.92,41,28,10,14,14,1,team_game_log
2025-26,22500931,2026-03-09,1610612755,PHI,Philadelphia 76ers,PHI @ CLE,L,101,0.459,0.289,0.667,42,20,17,-14,-14,0,team_game_log
2025-26,22500932,2026-03-09,1610612751,BKN,Brooklyn Nets,BKN vs. MEM,W,126,0.553,0.515,0.789,43,35,20,11,11,1,team_game_log
2025-26,22500932,2026-03-09,1610612763,MEM,Memphis Grizzlies,MEM @ BKN,L,115,0.435,0.4,0.84,36,25,15,-11,-11,0,team_game_log
2025-26,22500933,2026-03-09,1610612743,DEN,Denver Nuggets,DEN @ OKC,L,126,0.459,0.405,0.724,56,29,8,-3,-3,0,team_game_log
2025-26,22500933,2026-03-09,1610612760,OKC,Oklahoma City Thunder,OKC vs. DEN,W,129,0.505,0.404,0.762,37,27,3,3,3,1,team_game_log
2025-26,22500934,2026-03-09,1610612744,GSW,Golden State Warriors,GSW @ UTA,L,116,0.434,0.308,0.667,46,33,10,-3,-3,0,team_game_log
2025-26,22500934,2026-03-09,1610612762,UTA,Utah Jazz,UTA vs. GSW,W,119,0.482,0.353,0.931,50,29,17,3,3,1,team_game_log
2025-26,22500935,2026-03-09,1610612746,LAC,LA Clippers,LAC vs. NYK,W,126,0.462,0.462,0.846,36,25,8,8,8,1,team_game_log
2025-26,22500935,2026-03-09,1610612752,NYK,New York Knicks,NYK @ LAC,L,118,0.511,0.35,0.75,51,32,20,-8,-8,0,team_game_log
2025-26,22500936,2026-03-10,1610612755,PHI,Philadelphia 76ers,PHI vs. MEM,W,139,0.523,0.355,0.826,40,27,11,10,10,1,team_game_log
2025-26,22500936,2026-03-10,1610612763,MEM,Memphis Grizzlies,MEM @ PHI,L,129,0.495,0.395,0.762,44,26,20,-10,-10,0,team_game_log
2025-26,22500937,2026-03-10,1610612751,BKN,Brooklyn Nets,BKN vs. DET,L,100,0.42,0.342,0.853,31,23,19,-38,-38,0,team_game_log
2025-26,22500937,2026-03-10,1610612765,DET,Detroit Pistons,DET @ BKN,W,138,0.565,0.516,0.765,40,36,9,38,38,1,team_game_log
2025-26,22500938,2026-03-10,1610612748,MIA,Miami Heat,MIA vs. WAS,W,150,0.5,0.302,0.797,48,31,17,21,21,1,team_game_log
2025-26,22500938,2026-03-10,1610612764,WAS,Washington Wizards,WAS @ MIA,L,129,0.517,0.417,0.759,35,25,24,-21,-21,0,team_game_log
2025-26,22500939,2026-03-10,1610612737,ATL,Atlanta Hawks,ATL vs. DAL,W,124,0.516,0.389,0.667,45,29,10,12,12,1,team_game_log
2025-26,22500939,2026-03-10,1610612742,DAL,Dallas Mavericks,DAL @ ATL,L,112,0.477,0.406,0.773,43,28,14,-12,-12,0,team_game_log
2025-26,22500940,2026-03-10,1610612745,HOU,Houston Rockets,HOU vs. TOR,W,113,0.5,0.417,0.778,52,21,18,14,14,1,team_game_log
2025-26,22500940,2026-03-10,1610612761,TOR,Toronto Raptors,TOR @ HOU,L,99,0.436,0.25,0.786,30,21,13,-14,-14,0,team_game_log
2025-26,22500941,2026-03-10,1610612749,MIL,Milwaukee Bucks,MIL vs. PHX,L,114,0.512,0.421,0.7,39,26,17,-15,-15,0,team_game_log
2025-26,22500941,2026-03-10,1610612756,PHX,Phoenix Suns,PHX @ MIL,W,129,0.539,0.471,0.818,39,33,12,15,15,1,team_game_log
2025-26,22500942,2026-03-10,1610612738,BOS,Boston Celtics,BOS @ SAS,L,116,0.472,0.373,0.765,37,27,8,-9,-9,0,team_game_log
2025-26,22500942,2026-03-10,1610612759,SAS,San Antonio Spurs,SAS vs. BOS,W,125,0.518,0.426,0.68,44,27,12,9,9,1,team_game_log
2025-26,22500943,2026-03-10,1610612741,CHI,Chicago Bulls,CHI @ GSW,W,130,0.446,0.319,0.833,64,34,14,6,6,1,team_game_log
2025-26,22500943,2026-03-10,1610612744,GSW,Golden State Warriors,GSW vs. CHI,L,124,0.419,0.37,0.889,49,30,12,-6,-6,0,team_game_log
2025-26,22500944,2026-03-10,1610612757,POR,Portland Trail Blazers,POR vs. CHA,L,101,0.422,0.381,0.833,42,23,18,-2,-2,0,team_game_log
2025-26,22500944,2026-03-10,1610612766,CHA,Charlotte Hornets,CHA @ POR,W,103,0.386,0.368,0.84,52,21,17,2,2,1,team_game_log
2025-26,22500945,2026-03-10,1610612754,IND,Indiana Pacers,IND @ SAC,L,109,0.409,0.302,0.909,48,29,15,-5,-5,0,team_game_log
2025-26,22500945,2026-03-10,1610612758,SAC,Sacramento Kings,SAC vs. IND,W,114,0.456,0.35,0.833,52,22,11,5,5,1,team_game_log
2025-26,22500946,2026-03-10,1610612747,LAL,Los Angeles Lakers,LAL vs. MIN,W,120,0.484,0.289,0.731,47,31,7,14,14,1,team_game_log
2025-26,22500946,2026-03-10,1610612750,MIN,Minnesota Timberwolves,MIN @ LAL,L,106,0.463,0.25,0.786,43,22,11,-14,-14,0,team_game_log
2025-26,22500947,2026-03-11,1610612739,CLE,Cleveland Cavaliers,CLE @ ORL,L,122,0.494,0.386,0.654,42,24,10,-6,-6,0,team_game_log
2025-26,22500947,2026-03-11,1610612753,ORL,Orlando Magic,ORL vs. CLE,W,128,0.518,0.343,0.757,42,29,6,6,6,1,team_game_log
2025-26,22500948,2026-03-11,1610612740,NOP,New Orleans Pelicans,NOP vs. TOR,W,122,0.511,0.483,0.75,49,27,16,11,11,1,team_game_log
2025-26,22500948,2026-03-11,1610612761,TOR,Toronto Raptors,TOR @ NOP,L,111,0.415,0.318,0.76,43,20,11,-11,-11,0,team_game_log
2025-26,22500949,2026-03-11,1610612752,NYK,New York Knicks,NYK @ UTA,W,134,0.522,0.425,0.955,45,37,12,17,17,1,team_game_log
2025-26,22500949,2026-03-11,1610612762,UTA,Utah Jazz,UTA vs. NYK,L,117,0.483,0.5,0.789,38,30,15,-17,-17,0,team_game_log
2025-26,22500950,2026-03-11,1610612743,DEN,Denver Nuggets,DEN vs. HOU,W,129,0.552,0.531,0.727,42,36,10,36,36,1,team_game_log
2025-26,22500950,2026-03-11,1610612745,HOU,Houston Rockets,HOU @ DEN,L,93,0.433,0.121,0.357,44,25,16,-36,-36,0,team_game_log
2025-26,22500951,2026-03-11,1610612758,SAC,Sacramento Kings,SAC vs. CHA,L,109,0.542,0.32,0.786,35,24,14,-8,-8,0,team_game_log
2025-26,22500951,2026-03-11,1610612766,CHA,Charlotte Hornets,CHA @ SAC,W,117,0.456,0.475,0.941,41,29,16,8,8,1,team_game_log
2025-26,22500952,2026-03-11,1610612746,LAC,LA Clippers,LAC vs. MIN,W,153,0.634,0.514,0.833,29,36,10,25,25,1,team_game_log
2025-26,22500952,2026-03-11,1610612750,MIN,Minnesota Timberwolves,MIN @ LAC,L,128,0.597,0.44,0.862,28,32,21,-25,-25,0,team_game_log
2025-26,22500953,2026-03-12,1610612755,PHI,Philadelphia 76ers,PHI @ DET,L,109,0.467,0.229,0.708,35,20,16,-22,-22,0,team_game_log
2025-26,22500953,2026-03-12,1610612765,DET,Detroit Pistons,DET vs. PHI,W,131,0.539,0.4,0.955,40,37,17,22,22,1,team_game_log
2025-26,22500954,2026-03-12,1610612754,IND,Indiana Pacers,IND vs. PHX,L,108,0.451,0.3,0.88,36,24,16,-15,-15,0,team_game_log
2025-26,22500954,2026-03-12,1610612756,PHX,Phoenix Suns,PHX @ IND,W,123,0.523,0.406,0.818,40,21,14,15,15,1,team_game_log
2025-26,22500955,2026-03-12,1610612753,ORL,Orlando Magic,ORL vs. WAS,W,136,0.47,0.441,0.794,52,30,13,5,5,1,team_game_log
2025-26,22500955,2026-03-12,1610612764,WAS,Washington Wizards,WAS @ ORL,L,131,0.457,0.304,0.875,49,26,15,-5,-5,0,team_game_log
2025-26,22500956,2026-03-12,1610612737,ATL,Atlanta Hawks,ATL vs. BKN,W,108,0.393,0.3,0.743,51,22,12,11,11,1,team_game_log
2025-26,22500956,2026-03-12,1610612751,BKN,Brooklyn Nets,BKN @ ATL,L,97,0.472,0.343,0.773,39,19,20,-11,-11,0,team_game_log
2025-26,22500957,2026-03-12,1610612748,MIA,Miami Heat,MIA vs. MIL,W,112,0.413,0.341,0.815,53,26,12,7,7,1,team_game_log
2025-26,22500957,2026-03-12,1610612749,MIL,Milwaukee Bucks,MIL @ MIA,L,105,0.494,0.346,0.737,36,26,14,-7,-7,0,team_game_log
2025-26,22500958,2026-03-12,1610612743,DEN,Denver Nuggets,DEN @ SAS,W,136,0.5,0.333,0.947,47,27,10,5,5,1,team_game_log
2025-26,22500958,2026-03-12,1610612759,SAS,San Antonio Spurs,SAS vs. DEN,L,131,0.453,0.404,0.813,49,34,10,-5,-5,0,team_game_log
2025-26,22500959,2026-03-12,1610612738,BOS,Boston Celtics,BOS @ OKC,L,102,0.402,0.31,0.95,44,20,13,-2,-2,0,team_game_log
2025-26,22500959,2026-03-12,1610612760,OKC,Oklahoma City Thunder,OKC vs. BOS,W,104,0.476,0.25,0.765,39,22,12,2,2,1,team_game_log
2025-26,22500960,2026-03-12,1610612741,CHI,Chicago Bulls,CHI @ LAL,L,130,0.537,0.417,0.813,41,34,16,-12,-12,0,team_game_log
2025-26,22500960,2026-03-12,1610612747,LAL,Los Angeles Lakers,LAL vs. CHI,W,142,0.556,0.472,0.714,41,31,10,12,12,1,team_game_log
2025-26,22501111,2026-03-12,1610612742,DAL,Dallas Mavericks,DAL @ MEM,W,120,0.484,0.344,0.792,60,25,20,8,8,1,team_game_log
2025-26,22501111,2026-03-12,1610612763,MEM,Memphis Grizzlies,MEM vs. DAL,L,112,0.418,0.292,0.727,38,26,10,-8,-8,0,team_game_log
2025-26,22500961,2026-03-13,1610612763,MEM,Memphis Grizzlies,MEM @ DET,L,110,0.427,0.366,0.792,33,20,17,-16,-16,0,team_game_log
2025-26,22500961,2026-03-13,1610612765,DET,Detroit Pistons,DET vs. MEM,W,126,0.543,0.343,0.778,52,36,19,16,16,1,team_game_log
2025-26,22500962,2026-03-13,1610612752,NYK,New York Knicks,NYK @ IND,W,101,0.42,0.286,0.76,53,20,12,9,9,1,team_game_log
2025-26,22500962,2026-03-13,1610612754,IND,Indiana Pacers,IND vs. NYK,L,92,0.393,0.263,0.8,46,21,11,-9,-9,0,team_game_log
2025-26,22500963,2026-03-13,1610612756,PHX,Phoenix Suns,PHX @ TOR,L,115,0.475,0.429,0.7,34,20,12,-7,-7,0,team_game_log
2025-26,22500963,2026-03-13,1610612761,TOR,Toronto Raptors,TOR vs. PHX,W,122,0.535,0.519,0.8,44,25,12,7,7,1,team_game_log
2025-26,22500964,2026-03-13,1610612740,NOP,New Orleans Pelicans,NOP @ HOU,L,105,0.44,0.406,0.692,48,19,13,-2,-2,0,team_game_log
2025-26,22500964,2026-03-13,1610612745,HOU,Houston Rockets,HOU vs. NOP,W,107,0.426,0.341,0.765,52,25,12,2,2,1,team_game_log
2025-26,22500965,2026-03-13,1610612739,CLE,Cleveland Cavaliers,CLE @ DAL,W,138,0.615,0.474,0.615,45,32,14,33,33,1,team_game_log
2025-26,22500965,2026-03-13,1610612742,DAL,Dallas Mavericks,DAL vs. CLE,L,105,0.437,0.273,0.833,40,27,19,-33,-33,0,team_game_log
2025-26,22500966,2026-03-13,1610612744,GSW,Golden State Warriors,GSW vs. MIN,L,117,0.402,0.313,0.96,38,23,9,-10,-10,0,team_game_log
2025-26,22500966,2026-03-13,1610612750,MIN,Minnesota Timberwolves,MIN @ GSW,W,127,0.561,0.4,0.885,45,25,17,10,10,1,team_game_log
2025-26,22500967,2026-03-13,1610612757,POR,Portland Trail Blazers,POR vs. UTA,W,124,0.517,0.37,0.938,49,34,24,10,10,1,team_game_log
2025-26,22500967,2026-03-13,1610612762,UTA,Utah Jazz,UTA @ POR,L,114,0.457,0.433,0.773,36,28,18,-10,-10,0,team_game_log
2025-26,22500968,2026-03-13,1610612741,CHI,Chicago Bulls,CHI @ LAC,L,108,0.442,0.293,0.923,48,23,15,-11,-11,0,team_game_log
2025-26,22500968,2026-03-13,1610612746,LAC,LA Clippers,LAC vs. CHI,W,119,0.479,0.281,0.75,46,28,6,11,11,1,team_game_log
2025-26,22500969,2026-03-14,1610612751,BKN,Brooklyn Nets,BKN @ PHI,L,97,0.36,0.349,0.857,42,20,17,-7,-7,0,team_game_log
2025-26,22500969,2026-03-14,1610612755,PHI,Philadelphia 76ers,PHI vs. BKN,W,104,0.463,0.12,0.806,47,22,14,7,7,1,team_game_log
2025-26,22500970,2026-03-14,1610612737,ATL,Atlanta Hawks,ATL vs. MIL,W,122,0.495,0.368,0.778,47,29,13,23,23,1,team_game_log
2025-26,22500970,2026-03-14,1610612749,MIL,Milwaukee Bucks,MIL @ ATL,L,99,0.487,0.324,0.722,37,24,23,-23,-23,0,team_game_log
2025-26,22500971,2026-03-14,1610612738,BOS,Boston Celtics,BOS vs. WAS,W,111,0.441,0.261,0.895,55,29,15,11,11,1,team_game_log
2025-26,22500971,2026-03-14,1610612764,WAS,Washington Wizards,WAS @ BOS,L,100,0.44,0.385,0.647,38,28,15,-11,-11,0,team_game_log
2025-26,22500972,2026-03-14,1610612748,MIA,Miami Heat,MIA vs. ORL,L,117,0.466,0.316,0.821,32,25,11,-4,-4,0,team_game_log
2025-26,22500972,2026-03-14,1610612753,ORL,Orlando Magic,ORL @ MIA,W,121,0.494,0.313,0.92,49,26,20,4,4,1,team_game_log
2025-26,22500973,2026-03-14,1610612759,SAS,San Antonio Spurs,SAS vs. CHA,W,115,0.467,0.333,0.857,54,29,13,13,13,1,team_game_log
2025-26,22500973,2026-03-14,1610612766,CHA,Charlotte Hornets,CHA @ SAS,L,102,0.376,0.333,0.824,39,18,12,-13,-13,0,team_game_log
2025-26,22500974,2026-03-14,1610612743,DEN,Denver Nuggets,DEN @ LAL,L,125,0.463,0.388,0.818,41,33,16,-2,-2,0,team_game_log
2025-26,22500974,2026-03-14,1610612747,LAL,Los Angeles Lakers,LAL vs. DEN,W,127,0.516,0.333,0.654,46,31,17,2,2,1,team_game_log
2025-26,22500975,2026-03-14,1610612746,LAC,LA Clippers,LAC vs. SAC,L,109,0.464,0.333,0.759,35,19,13,-9,-9,0,team_game_log
2025-26,22500975,2026-03-14,1610612758,SAC,Sacramento Kings,SAC @ LAC,W,118,0.585,0.444,0.625,48,29,21,9,9,1,team_game_log
2025-26,22500976,2026-03-15,1610612750,MIN,Minnesota Timberwolves,MIN @ OKC,L,103,0.468,0.455,0.727,46,18,25,-13,-13,0,team_game_log
2025-26,22500976,2026-03-15,1610612760,OKC,Oklahoma City Thunder,OKC vs. MIN,W,116,0.416,0.375,0.895,44,28,7,13,13,1,team_game_log
2025-26,22500977,2026-03-15,1610612739,CLE,Cleveland Cavaliers,CLE vs. DAL,L,120,0.511,0.39,0.667,38,32,16,-10,-10,0,team_game_log
2025-26,22500977,2026-03-15,1610612742,DAL,Dallas Mavericks,DAL @ CLE,W,130,0.529,0.5,0.852,44,35,13,10,10,1,team_game_log
2025-26,22500978,2026-03-15,1610612761,TOR,Toronto Raptors,TOR vs. DET,W,119,0.484,0.286,0.767,48,25,13,11,11,1,team_game_log
2025-26,22500978,2026-03-15,1610612765,DET,Detroit Pistons,DET @ TOR,L,108,0.482,0.385,0.667,39,23,13,-11,-11,0,team_game_log
2025-26,22500979,2026-03-15,1610612749,MIL,Milwaukee Bucks,MIL vs. IND,W,134,0.544,0.523,0.684,40,31,9,11,11,1,team_game_log
2025-26,22500979,2026-03-15,1610612754,IND,Indiana Pacers,IND @ MIL,L,123,0.519,0.5,0.783,40,34,19,-11,-11,0,team_game_log
2025-26,22500980,2026-03-15,1610612755,PHI,Philadelphia 76ers,PHI vs. POR,W,109,0.454,0.28,0.933,51,17,14,6,6,1,team_game_log
2025-26,22500980,2026-03-15,1610612757,POR,Portland Trail Blazers,POR @ PHI,L,103,0.391,0.321,0.667,49,26,19,-6,-6,0,team_game_log
2025-26,22500981,2026-03-15,1610612744,GSW,Golden State Warriors,GSW @ NYK,L,107,0.488,0.368,0.867,35,27,18,-3,-3,0,team_game_log
2025-26,22500981,2026-03-15,1610612752,NYK,New York Knicks,NYK vs. GSW,W,110,0.464,0.313,0.957,44,23,15,3,3,1,team_game_log
2025-26,22500982,2026-03-15,1610612758,SAC,Sacramento Kings,SAC vs. UTA,W,116,0.482,0.306,0.821,50,28,18,5,5,1,team_game_log
2025-26,22500982,2026-03-15,1610612762,UTA,Utah Jazz,UTA @ SAC,L,111,0.477,0.333,0.68,40,22,15,-5,-5,0,team_game_log
2025-26,22500983,2026-03-16,1610612737,ATL,Atlanta Hawks,ATL vs. ORL,W,124,0.462,0.4,0.759,54,33,14,12,12,1,team_game_log
2025-26,22500983,2026-03-16,1610612753,ORL,Orlando Magic,ORL @ ATL,L,112,0.421,0.326,0.783,40,20,11,-12,-12,0,team_game_log
2025-26,22500984,2026-03-16,1610612744,GSW,Golden State Warriors,GSW @ WAS,W,125,0.505,0.281,0.857,41,32,17,8,8,1,team_game_log
2025-26,22500984,2026-03-16,1610612764,WAS,Washington Wizards,WAS vs. GSW,L,117,0.513,0.382,0.828,36,24,21,-8,-8,0,team_game_log
2025-26,22500985,2026-03-16,1610612751,BKN,Brooklyn Nets,BKN vs. POR,L,95,0.384,0.265,0.69,44,19,17,-19,-19,0,team_game_log
2025-26,22500985,2026-03-16,1610612757,POR,Portland Trail Blazers,POR @ BKN,W,114,0.513,0.423,0.724,44,30,19,19,19,1,team_game_log
2025-26,22500986,2026-03-16,1610612738,BOS,Boston Celtics,BOS vs. PHX,W,120,0.488,0.425,0.926,38,31,14,8,8,1,team_game_log
2025-26,22500986,2026-03-16,1610612756,PHX,Phoenix Suns,PHX @ BOS,L,112,0.446,0.325,0.862,35,26,10,-8,-8,0,team_game_log
2025-26,22500987,2026-03-16,1610612741,CHI,Chicago Bulls,CHI vs. MEM,W,132,0.516,0.375,0.857,47,30,17,25,25,1,team_game_log
2025-26,22500987,2026-03-16,1610612763,MEM,Memphis Grizzlies,MEM @ CHI,L,107,0.453,0.359,0.789,37,30,18,-25,-25,0,team_game_log
2025-26,22500988,2026-03-16,1610612740,NOP,New Orleans Pelicans,NOP vs. DAL,W,129,0.505,0.314,0.647,57,31,14,18,18,1,team_game_log
2025-26,22500988,2026-03-16,1610612742,DAL,Dallas Mavericks,DAL @ NOP,L,111,0.423,0.359,0.643,51,27,12,-18,-18,0,team_game_log
2025-26,22500989,2026-03-16,1610612745,HOU,Houston Rockets,HOU vs. LAL,L,92,0.481,0.192,0.733,44,21,24,-8,-8,0,team_game_log
2025-26,22500989,2026-03-16,1610612747,LAL,Los Angeles Lakers,LAL @ HOU,W,100,0.44,0.235,0.818,32,17,12,8,8,1,team_game_log
2025-26,22500990,2026-03-16,1610612746,LAC,LA Clippers,LAC vs. SAS,L,115,0.483,0.379,0.75,37,25,14,-4,-4,0,team_game_log
2025-26,22500990,2026-03-16,1610612759,SAS,San Antonio Spurs,SAS @ LAC,W,119,0.462,0.278,0.793,52,25,15,4,4,1,team_game_log
2025-26,22500991,2026-03-17,1610612748,MIA,Miami Heat,MIA @ CHA,L,106,0.404,0.194,0.794,43,26,15,-30,-30,0,team_game_log
2025-26,22500991,2026-03-17,1610612766,CHA,Charlotte Hornets,CHA vs. MIA,W,136,0.531,0.405,0.81,48,32,14,30,30,1,team_game_log
2025-26,22500992,2026-03-17,1610612753,ORL,Orlando Magic,ORL vs. OKC,L,108,0.398,0.34,0.85,41,21,12,-5,-5,0,team_game_log
2025-26,22500992,2026-03-17,1610612760,OKC,Oklahoma City Thunder,OKC @ ORL,W,113,0.444,0.31,0.889,53,19,12,5,5,1,team_game_log
2025-26,22500993,2026-03-17,1610612764,WAS,Washington Wizards,WAS vs. DET,L,117,0.494,0.432,0.789,35,20,14,-13,-13,0,team_game_log
2025-26,22500993,2026-03-17,1610612765,DET,Detroit Pistons,DET @ WAS,W,130,0.511,0.407,0.844,50,31,13,13,13,1,team_game_log
2025-26,22500994,2026-03-17,1610612752,NYK,New York Knicks,NYK vs. IND,W,136,0.54,0.439,0.769,49,38,9,26,26,1,team_game_log
2025-26,22500994,2026-03-17,1610612754,IND,Indiana Pacers,IND @ NYK,L,110,0.518,0.447,0.714,36,31,18,-26,-26,0,team_game_log
2025-26,22500995,2026-03-17,1610612739,CLE,Cleveland Cavaliers,CLE @ MIL,W,123,0.488,0.333,0.794,46,27,7,7,7,1,team_game_log
2025-26,22500995,2026-03-17,1610612749,MIL,Milwaukee Bucks,MIL vs. CLE,L,116,0.477,0.444,0.706,39,24,8,-7,-7,0,team_game_log
2025-26,22500996,2026-03-17,1610612750,MIN,Minnesota Timberwolves,MIN vs. PHX,W,116,0.512,0.321,0.724,49,28,18,12,12,1,team_game_log
2025-26,22500996,2026-03-17,1610612756,PHX,Phoenix Suns,PHX @ MIN,L,104,0.381,0.351,0.739,40,25,14,-12,-12,0,team_game_log
2025-26,22500997,2026-03-17,1610612743,DEN,Denver Nuggets,DEN vs. PHI,W,124,0.5,0.485,0.71,53,35,14,28,28,1,team_game_log
2025-26,22500997,2026-03-17,1610612755,PHI,Philadelphia 76ers,PHI @ DEN,L,96,0.394,0.22,0.867,42,30,13,-28,-28,0,team_game_log
2025-26,22500998,2026-03-17,1610612758,SAC,Sacramento Kings,SAC vs. SAS,L,104,0.441,0.389,0.615,41,32,8,-28,-28,0,team_game_log
2025-26,22500998,2026-03-17,1610612759,SAS,San Antonio Spurs,SAS @ SAC,W,132,0.516,0.51,0.846,50,41,6,28,28,1,team_game_log
2025-26,22500651,2026-03-18,1610612743,DEN,Denver Nuggets,DEN @ MEM,L,118,0.489,0.361,0.773,46,34,19,-7,-7,0,team_game_log
2025-26,22500651,2026-03-18,1610612763,MEM,Memphis Grizzlies,MEM vs. DEN,W,125,0.429,0.327,0.781,48,22,10,7,7,1,team_game_log
2025-26,22500999,2026-03-18,1610612738,BOS,Boston Celtics,BOS vs. GSW,W,120,0.478,0.359,0.947,49,22,16,21,21,1,team_game_log
2025-26,22500999,2026-03-18,1610612744,GSW,Golden State Warriors,GSW @ BOS,L,99,0.4,0.233,0.708,39,26,14,-21,-21,0,team_game_log
2025-26,22501000,2026-03-18,1610612751,BKN,Brooklyn Nets,BKN vs. OKC,L,92,0.367,0.314,0.742,41,17,23,-29,-29,0,team_game_log
2025-26,22501000,2026-03-18,1610612760,OKC,Oklahoma City Thunder,OKC @ BKN,W,121,0.529,0.4,0.773,45,26,19,29,29,1,team_game_log
2025-26,22501001,2026-03-18,1610612754,IND,Indiana Pacers,IND vs. POR,L,119,0.505,0.444,0.882,39,32,12,-8,-8,0,team_game_log
2025-26,22501001,2026-03-18,1610612757,POR,Portland Trail Blazers,POR @ IND,W,127,0.446,0.348,0.808,52,32,13,8,8,1,team_game_log
2025-26,22501002,2026-03-18,1610612741,CHI,Chicago Bulls,CHI vs. TOR,L,109,0.471,0.29,0.714,36,24,19,-30,-30,0,team_game_log
2025-26,22501002,2026-03-18,1610612761,TOR,Toronto Raptors,TOR @ CHI,W,139,0.571,0.424,0.879,43,33,18,30,30,1,team_game_log
2025-26,22501004,2026-03-18,1610612750,MIN,Minnesota Timberwolves,MIN vs. UTA,W,147,0.542,0.462,0.833,46,39,17,36,36,1,team_game_log
2025-26,22501004,2026-03-18,1610612762,UTA,Utah Jazz,UTA @ MIN,L,111,0.43,0.333,0.692,46,26,24,-36,-36,0,team_game_log
2025-26,22501005,2026-03-18,1610612740,NOP,New Orleans Pelicans,NOP vs. LAC,W,124,0.53,0.432,0.952,40,32,19,15,15,1,team_game_log
2025-26,22501005,2026-03-18,1610612746,LAC,LA Clippers,LAC @ NOP,L,109,0.511,0.29,0.769,36,24,16,-15,-15,0,team_game_log
2025-26,22501006,2026-03-18,1610612737,ATL,Atlanta Hawks,ATL @ DAL,W,135,0.539,0.4,0.786,42,36,11,15,15,1,team_game_log
2025-26,22501006,2026-03-18,1610612742,DAL,Dallas Mavericks,DAL vs. ATL,L,120,0.488,0.393,0.862,43,26,19,-15,-15,0,team_game_log
2025-26,22501007,2026-03-18,1610612745,HOU,Houston Rockets,HOU vs. LAL,L,116,0.495,0.344,0.882,38,26,12,-8,-8,0,team_game_log
2025-26,22501007,2026-03-18,1610612747,LAL,Los Angeles Lakers,LAL @ HOU,W,124,0.605,0.469,0.63,34,30,14,8,8,1,team_game_log
2025-26,22501008,2026-03-19,1610612753,ORL,Orlando Magic,ORL @ CHA,L,111,0.419,0.333,0.905,31,24,14,-19,-19,0,team_game_log
2025-26,22501008,2026-03-19,1610612766,CHA,Charlotte Hornets,CHA vs. ORL,W,130,0.525,0.478,0.889,41,28,22,19,19,1,team_game_log
2025-26,22501009,2026-03-19,1610612764,WAS,Washington Wizards,WAS vs. DET,L,95,0.439,0.395,0.667,35,20,19,-22,-22,0,team_game_log
2025-26,22501009,2026-03-19,1610612765,DET,Detroit Pistons,DET @ WAS,W,117,0.454,0.3,0.769,56,32,10,22,22,1,team_game_log
2025-26,22501010,2026-03-19,1610612747,LAL,Los Angeles Lakers,LAL @ MIA,W,134,0.531,0.438,0.756,47,23,13,8,8,1,team_game_log
2025-26,22501010,2026-03-19,1610612748,MIA,Miami Heat,MIA vs. LAL,L,126,0.511,0.316,0.818,41,31,11,-8,-8,0,team_game_log
2025-26,22501011,2026-03-19,1610612739,CLE,Cleveland Cavaliers,CLE @ CHI,W,115,0.44,0.341,0.677,54,26,16,5,5,1,team_game_log
2025-26,22501011,2026-03-19,1610612741,CHI,Chicago Bulls,CHI vs. CLE,L,110,0.447,0.341,0.647,47,27,16,-5,-5,0,team_game_log
2025-26,22501012,2026-03-19,1610612740,NOP,New Orleans Pelicans,NOP vs. LAC,W,105,0.474,0.382,0.818,40,21,16,6,6,1,team_game_log
2025-26,22501012,2026-03-19,1610612746,LAC,LA Clippers,LAC @ NOP,L,99,0.461,0.313,0.594,39,20,16,-6,-6,0,team_game_log
2025-26,22501013,2026-03-19,1610612756,PHX,Phoenix Suns,PHX @ SAS,L,100,0.418,0.306,0.765,47,27,11,-1,-1,0,team_game_log
2025-26,22501013,2026-03-19,1610612759,SAS,San Antonio Spurs,SAS vs. PHX,W,101,0.422,0.294,0.913,42,23,14,1,1,1,team_game_log
2025-26,22501014,2026-03-19,1610612749,MIL,Milwaukee Bucks,MIL @ UTA,L,96,0.41,0.341,0.739,35,20,20,-32,-32,0,team_game_log
2025-26,22501014,2026-03-19,1610612762,UTA,Utah Jazz,UTA vs. MIL,W,128,0.539,0.375,0.7,47,34,17,32,32,1,team_game_log
2025-26,22501015,2026-03-19,1610612755,PHI,Philadelphia 76ers,PHI @ SAC,W,139,0.5,0.472,0.833,49,32,9,21,21,1,team_game_log
2025-26,22501015,2026-03-19,1610612758,SAC,Sacramento Kings,SAC vs. PHI,L,118,0.483,0.375,0.69,41,26,14,-21,-21,0,team_game_log
2025-26,22501016,2026-03-20,1610612751,BKN,Brooklyn Nets,BKN vs. NYK,L,92,0.395,0.368,1.0,40,28,15,-1,-1,0,team_game_log
2025-26,22501016,2026-03-20,1610612752,NYK,New York Knicks,NYK @ BKN,W,93,0.408,0.276,0.719,52,22,22,1,1,1,team_game_log
2025-26,22501017,2026-03-20,1610612744,GSW,Golden State Warriors,GSW @ DET,L,101,0.461,0.364,0.731,38,23,26,-14,-14,0,team_game_log
2025-26,22501017,2026-03-20,1610612765,DET,Detroit Pistons,DET vs. GSW,W,115,0.523,0.238,0.69,35,29,15,14,14,1,team_game_log
2025-26,22501018,2026-03-20,1610612737,ATL,Atlanta Hawks,ATL @ HOU,L,95,0.424,0.257,0.824,37,22,18,-22,-22,0,team_game_log
2025-26,22501018,2026-03-20,1610612745,HOU,Houston Rockets,HOU vs. ATL,W,117,0.506,0.467,0.679,51,33,20,22,22,1,team_game_log
2025-26,22501019,2026-03-20,1610612738,BOS,Boston Celtics,BOS @ MEM,W,117,0.449,0.262,0.867,57,19,13,5,5,1,team_game_log
2025-26,22501019,2026-03-20,1610612763,MEM,Memphis Grizzlies,MEM vs. BOS,L,112,0.467,0.326,0.824,35,24,9,-5,-5,0,team_game_log
2025-26,22501020,2026-03-20,1610612750,MIN,Minnesota Timberwolves,MIN vs. POR,L,104,0.396,0.321,0.793,43,21,13,-4,-4,0,team_game_log
2025-26,22501020,2026-03-20,1610612757,POR,Portland Trail Blazers,POR @ MIN,W,108,0.424,0.243,0.875,51,25,17,4,4,1,team_game_log
2025-26,22501021,2026-03-20,1610612743,DEN,Denver Nuggets,DEN vs. TOR,W,121,0.543,0.467,0.76,38,26,10,6,6,1,team_game_log
2025-26,22501021,2026-03-20,1610612761,TOR,Toronto Raptors,TOR @ DEN,L,115,0.512,0.323,0.739,40,32,10,-6,-6,0,team_game_log
2025-26,22501022,2026-03-21,1610612760,OKC,Oklahoma City Thunder,OKC @ WAS,W,132,0.538,0.367,0.7,55,31,13,21,21,1,team_game_log
2025-26,22501022,2026-03-21,1610612764,WAS,Washington Wizards,WAS vs. OKC,L,111,0.451,0.41,0.722,34,28,15,-21,-21,0,team_game_log
2025-26,22501023,2026-03-21,1610612763,MEM,Memphis Grizzlies,MEM @ CHA,L,101,0.407,0.348,0.789,34,20,13,-23,-23,0,team_game_log
2025-26,22501023,2026-03-21,1610612766,CHA,Charlotte Hornets,CHA vs. MEM,W,124,0.529,0.419,0.667,49,25,18,23,23,1,team_game_log
2025-26,22501024,2026-03-21,1610612747,LAL,Los Angeles Lakers,LAL @ ORL,W,105,0.448,0.25,0.655,43,19,12,1,1,1,team_game_log
2025-26,22501024,2026-03-21,1610612753,ORL,Orlando Magic,ORL vs. LAL,L,104,0.434,0.297,0.913,42,27,18,-1,-1,0,team_game_log
2025-26,22501025,2026-03-21,1610612739,CLE,Cleveland Cavaliers,CLE @ NOP,W,111,0.477,0.308,0.682,55,26,14,5,5,1,team_game_log
2025-26,22501025,2026-03-21,1610612740,NOP,New Orleans Pelicans,NOP vs. CLE,L,106,0.433,0.3,0.8,40,30,9,-5,-5,0,team_game_log
2025-26,22501026,2026-03-21,1610612737,ATL,Atlanta Hawks,ATL vs. GSW,W,126,0.539,0.325,0.85,41,28,18,16,16,1,team_game_log
2025-26,22501026,2026-03-21,1610612744,GSW,Golden State Warriors,GSW @ ATL,L,110,0.5,0.357,0.765,29,23,21,-16,-16,0,team_game_log
2025-26,22501027,2026-03-21,1610612745,HOU,Houston Rockets,HOU vs. MIA,W,123,0.523,0.457,0.81,44,33,13,1,1,1,team_game_log
2025-26,22501027,2026-03-21,1610612748,MIA,Miami Heat,MIA @ HOU,L,122,0.511,0.39,0.75,41,31,9,-1,-1,0,team_game_log
2025-26,22501028,2026-03-21,1610612754,IND,Indiana Pacers,IND @ SAS,L,119,0.518,0.457,0.789,26,38,10,-15,-15,0,team_game_log
2025-26,22501028,2026-03-21,1610612759,SAS,San Antonio Spurs,SAS vs. IND,W,134,0.546,0.382,0.882,49,33,12,15,15,1,team_game_log
2025-26,22501029,2026-03-21,1610612742,DAL,Dallas Mavericks,DAL vs. LAC,L,131,0.471,0.382,0.759,47,25,11,-7,-7,0,team_game_log
2025-26,22501029,2026-03-21,1610612746,LAC,LA Clippers,LAC @ DAL,W,138,0.567,0.5,0.833,40,33,12,7,7,1,team_game_log
2025-26,22501030,2026-03-21,1610612755,PHI,Philadelphia 76ers,PHI @ UTA,W,126,0.5,0.222,0.875,56,27,16,10,10,1,team_game_log
2025-26,22501030,2026-03-21,1610612762,UTA,Utah Jazz,UTA vs. PHI,L,116,0.406,0.225,0.935,39,29,8,-10,-10,0,team_game_log
2025-26,22501031,2026-03-21,1610612749,MIL,Milwaukee Bucks,MIL @ PHX,W,108,0.5,0.41,0.667,42,20,17,3,3,1,team_game_log
2025-26,22501031,2026-03-21,1610612756,PHX,Phoenix Suns,PHX vs. MIL,L,105,0.449,0.385,0.556,38,27,10,-3,-3,0,team_game_log
