dataset_name,season,game_id,game_date,home_team_id,away_team_id,home_team_tri,away_team_tri,home_team_name,away_team_name,home_matchup,away_matchup,y_home_win,feature_engineering_version,current_weight,last_weight,shrink_games,home_blend_fg_pct,away_blend_fg_pct,BLEND_FG_PCT_DIFF,home_blend_fg3_pct,away_blend_fg3_pct,BLEND_FG3_PCT_DIFF,home_blend_ft_pct,away_blend_ft_pct,BLEND_FT_PCT_DIFF,home_blend_pts,away_blend_pts,BLEND_PTS_DIFF,home_blend_reb,away_blend_reb,BLEND_REB_DIFF,home_blend_ast,away_blend_ast,BLEND_AST_DIFF,home_blend_tov,away_blend_tov,BLEND_TOV_DIFF,home_blend_plus_minus,away_blend_plus_minus,BLEND_PLUS_MINUS_DIFF,home_blend_net_margin,away_blend_net_margin,BLEND_NET_MARGIN_DIFF,home_recent_win_pct,away_recent_win_pct,RECENT_WIN_PCT_DIFF,home_elo_pre,away_elo_pre,ELO_PRE_DIFF
statline_pregame_svm,2025-26,22500018,2025-10-24,1610612752,1610612738,NYK,BOS,New York Knicks,Boston Celtics,NYK vs. BOS,BOS @ NYK,1,last_avg_15pct_current_momentum_85pct_plus_elo,0.85,0.15,20,0.4842622256097561,0.4626067682926829,0.021655457317073246,0.36554185975609754,0.36426756097560975,0.0012742987804877925,0.803830243902439,0.8042780792682926,-0.0004478353658536882,115.91731707317072,116.25689024390243,-0.3395731707317111,42.87387195121951,45.17609756097561,-2.3022256097561,27.25457317073171,25.71512195121951,1.5394512195122019,13.299390243902437,11.82905487804878,1.470335365853657,4.263414634146342,8.680091463414634,-4.416676829268292,4.263414634146342,8.680091463414634,-4.416676829268292,1.0,0.0,1.0,1578.8247710100861,1650.3199491353012,-71.49517812521503
statline_pregame_svm,2025-26,22500019,2025-10-24,1610612747,1610612750,LAL,MIN,Los Angeles Lakers,Minnesota Timberwolves,LAL vs. MIN,MIN @ LAL,1,last_avg_15pct_current_momentum_85pct_plus_elo,0.85,0.15,20,0.48244722560975606,0.4706832621951219,0.011763963414634149,0.3599023170731707,0.38228588414634146,-0.02238356707317074,0.7805527134146341,0.7897580487804876,-0.00920533536585355,113.20365853658535,114.45024390243903,-1.2465853658536759,42.28118902439025,44.34609756097561,-2.0649085365853566,25.860823170731706,25.904268292682925,-0.04344512195121908,14.219969512195119,14.65621951219512,-0.43625000000000114,0.7426829268292683,4.9575000000000005,-4.214817073170732,0.7426829268292683,4.9575000000000005,-4.214817073170732,0.0,1.0,-1.0,1572.8764163166743,1601.0615791270804,-28.185162810406155
statline_pregame_svm,2025-26,22500090,2025-10-24,1610612753,1610612737,ORL,ATL,Orlando Magic,Atlanta Hawks,ORL vs. ATL,ATL @ ORL,0,last_avg_15pct_current_momentum_85pct_plus_elo,0.85,0.15,20,0.44672902439024387,0.4714280182926829,-0.024698993902439015,0.32015384146341463,0.3540408841463414,-0.03388704268292675,0.7794318597560974,0.7776923475609757,0.0017395121951216952,106.25868902439022,118.17515243902437,-11.916463414634151,42.01820121951219,44.05375,-2.035548780487808,23.01167682926829,29.39048780487805,-6.37881097560976,14.241006097560975,15.544603658536584,-1.303597560975609,0.053231707317073176,-1.9359451219512194,1.9891768292682925,0.053231707317073176,-1.9359451219512194,1.9891768292682925,1.0,0.0,1.0,1510.4302394462484,1475.656724103248,34.77351534300033
statline_pregame_svm,2025-26,22500091,2025-10-24,1610612751,1610612739,BKN,CLE,Brooklyn Nets,Cleveland Cavaliers,BKN vs. CLE,CLE @ BKN,0,last_avg_15pct_current_momentum_85pct_plus_elo,0.85,0.15,20,0.4384226829268292,0.4903270426829268,-0.05190435975609764,0.34267862804878046,0.38581634146341465,-0.04313771341463418,0.7830267987804876,0.7672806097560974,0.01574618902439029,105.61509146341461,121.47411585365853,-15.859024390243917,41.16442073170731,44.83283536585366,-3.6684146341463517,25.151798780487805,27.795914634146342,-2.644115853658537,15.248475609756095,13.271829268292683,1.9766463414634128,-7.615091463414633,8.791280487804878,-16.406371951219512,-7.615091463414633,8.791280487804878,-16.406371951219512,0.0,0.0,0.0,1346.3120605842573,1643.1162120984684,-296.80415151421107
statline_pregame_svm,2025-26,22500092,2025-10-24,1610612761,1610612749,TOR,MIL,Toronto Raptors,Milwaukee Bucks,TOR vs. MIL,MIL @ TOR,0,last_avg_15pct_current_momentum_85pct_plus_elo,0.85,0.15,20,0.46429807926829264,0.4895188414634147,-0.025220762195122037,0.34511481707317065,0.38868231707317075,-0.04356750000000009,0.7476400609756098,0.748026006097561,-0.00038594512195122554,112.01905487804878,116.25542682926829,-4.23637195121951,45.49926829268293,43.47780487804878,2.021463414634148,28.853780487804876,25.722073170731708,3.131707317073168,15.485274390243902,13.149481707317072,2.3357926829268294,-3.2602439024390244,2.9228963414634146,-6.183140243902439,-3.2602439024390244,2.9228963414634146,-6.183140243902439,1.0,1.0,0.0,1427.8351348385768,1587.3846917230023,-159.54955688442556
statline_pregame_svm,2025-26,22500093,2025-10-24,1610612745,1610612765,HOU,DET,Houston Rockets,Detroit Pistons,HOU vs. DET,DET @ HOU,0,last_avg_15pct_current_momentum_85pct_plus_elo,0.85,0.15,20,0.45460676829268293,0.47568344512195115,-0.021076676829268226,0.3495387804878049,0.3594336890243902,-0.009894908536585312,0.7458710975609755,0.7660310975609755,-0.020160000000000067,114.70524390243902,115.30874999999999,-0.6035060975609667,48.61371951219512,44.808963414634135,3.8047560975609827,23.32695121951219,26.512835365853658,-3.1858841463414684,14.362408536585365,14.659054878048778,-0.29664634146341307,4.277926829268292,1.6515853658536583,2.626341463414634,4.277926829268292,1.6515853658536583,2.626341463414634,0.0,0.0,0.0,1575.9108776374655,1517.3972798696782,58.51359776778736
statline_pregame_svm,2025-26,22500094,2025-10-24,1610612763,1610612748,MEM,MIA,Memphis Grizzlies,Miami Heat,MEM vs. MIA,MIA @ MEM,0,last_avg_15pct_current_momentum_85pct_plus_elo,0.85,0.15,20,0.48115728658536583,0.466648231707317,0.014509054878048822,0.3629974390243902,0.3691794512195122,-0.006182012195121989,0.7899574085365851,0.7955152439024391,-0.005557835365853969,121.97475609756096,111.03966463414633,10.935091463414622,46.90521341463414,43.54365853658536,3.3615548780487785,28.05701219512195,26.39701219512195,1.6600000000000001,15.727225609756093,13.815487804878048,1.9117378048780456,4.902378048780488,0.36713414634146346,4.535243902439024,4.902378048780488,0.36713414634146346,4.535243902439024,1.0,0.0,1.0,1534.0412334634555,1434.9136434597808,99.12759000367464
statline_pregame_svm,2025-26,22500095,2025-10-24,1610612740,1610612759,NOP,SAS,New Orleans Pelicans,San Antonio Spurs,NOP vs. SAS,SAS @ NOP,0,last_avg_15pct_current_momentum_85pct_plus_elo,0.85,0.15,20,0.45274121951219515,0.47074926829268293,-0.018008048780487784,0.34592237804878045,0.3592245121951219,-0.01330213414634146,0.7499114024390243,0.7683153963414634,-0.018403993902439075,110.34652439024389,114.39743902439022,-4.050914634146338,43.75384146341463,43.939725609756096,-0.18588414634146488,25.593201219512192,28.437195121951213,-2.8439939024390206,14.661371951219513,13.925731707317073,0.7356402439024397,-9.281189024390244,-1.236463414634146,-8.044725609756098,-9.281189024390244,-1.236463414634146,-8.044725609756098,0.0,1.0,-1.0,1335.6724200861236,1442.8174952516388,-107.14507516551521
statline_pregame_svm,2025-26,22500096,2025-10-24,1610612742,1610612764,DAL,WAS,Dallas Mavericks,Washington Wizards,DAL vs. WAS,WAS @ DAL,0,last_avg_15pct_current_momentum_85pct_plus_elo,0.85,0.15,20,0.4752773475609756,0.44038009146341467,0.03489725609756095,0.3652795426829268,0.33603664634146335,0.02924289634146343,0.7692095731707317,0.7630968902439024,0.006112682926829316,113.25182926829265,108.50999999999999,4.741829268292662,42.79170731707316,44.218079268292676,-1.4263719512195152,25.021036585365852,25.008414634146337,0.012621951219514926,14.120030487804877,15.452134146341463,-1.3321036585365853,-2.5468292682926825,-12.462865853658535,9.916036585365852,-2.5468292682926825,-12.462865853658535,9.916036585365852,0.0,0.0,0.0,1439.6872282427298,1313.6420744568525,126.04515378587735
statline_pregame_svm,2025-26,22500097,2025-10-24,1610612757,1610612744,POR,GSW,Portland Trail Blazers,Golden State Warriors,POR vs. GSW,GSW @ POR,1,last_avg_15pct_current_momentum_85pct_plus_elo,0.85,0.15,20,0.44948640243902444,0.4553606097560976,-0.005874207317073166,0.34131725609756103,0.3665296341463415,-0.02521237804878046,0.7624771036585365,0.763657743902439,-0.0011806402439025199,111.02240853658537,115.00030487804878,-3.9778963414634063,44.52314024390243,45.04841463414633,-0.5252743902439008,23.855670731707317,29.259268292682926,-5.403597560975609,15.964969512195122,14.044634146341464,1.9203353658536582,-3.0191463414634145,3.703963414634146,-6.723109756097561,-3.0191463414634145,3.703963414634146,-6.723109756097561,0.0,1.0,-1.0,1483.903930709663,1598.8140463329055,-114.91011562324252
statline_pregame_svm,2025-26,22500098,2025-10-24,1610612758,1610612762,SAC,UTA,Sacramento Kings,Utah Jazz,SAC vs. UTA,UTA @ SAC,1,last_avg_15pct_current_momentum_85pct_plus_elo,0.85,0.15,20,0.47995088414634146,0.46022012195121953,0.01973076219512193,0.35674911585365854,0.35429740853658537,0.0024517073170731707,0.7969018292682926,0.7757121951219512,0.02118963414634134,115.74310975609755,112.61740853658536,3.1257012195121945,43.889329268292684,45.43951219512194,-1.5501829268292582,26.34704268292683,26.054603658536582,0.29243902439024794,13.303597560975609,17.040182926829264,-3.7365853658536547,0.2853963414634146,-8.051951219512196,8.33734756097561,0.2853963414634146,-8.051951219512196,8.33734756097561,0.0,1.0,-1.0,1479.9009389450407,1311.696198705881,168.20474023915972
statline_pregame_svm,2025-26,22500099,2025-10-24,1610612746,1610612756,LAC,PHX,Los Angeles Clippers,Phoenix Suns,LAC vs. PHX,PHX @ LAC,1,last_avg_15pct_current_momentum_85pct_plus_elo,0.85,0.15,20,0.4813934146341463,0.4785072560975609,0.0028861585365854148,0.37445189024390246,0.3736359756097561,0.0008159146341463752,0.7944032012195121,0.8048690853658536,-0.01046588414634142,112.67073170731706,113.89301829268292,-1.2222865853658647,43.54649390243902,42.8495731707317,0.6969207317073156,25.290975609756096,27.565640243902436,-2.2746646341463403,14.883231707317075,14.143384146341463,0.7398475609756119,3.5680487804878043,-2.7024999999999997,6.270548780487804,3.5680487804878043,-2.7024999999999997,6.270548780487804,0.0,1.0,-1.0,1602.64671305025,1454.7604825771675,147.88623047308238
statline_pregame_svm,2025-26,22500100,2025-10-25,1610612753,1610612741,ORL,CHI,Orlando Magic,Chicago Bulls,ORL vs. CHI,CHI @ ORL,0,last_avg_15pct_current_momentum_85pct_plus_elo,0.85,0.15,20,0.4479262804878049,0.46962548780487806,-0.021699207317073144,0.31902292682926825,0.3683895426829268,-0.049366615853658535,0.773982012195122,0.8094502439024389,-0.035468231707316944,106.3255487804878,117.68567073170732,-11.360121951219526,42.15243902439024,46.02987804878048,-3.8774390243902417,22.926158536585366,29.058384146341464,-6.132225609756098,14.57219512195122,14.812225609756094,-0.24003048780487468,-0.11158536585365854,-1.3246341463414635,1.213048780487805,-0.11158536585365854,-1.3246341463414635,1.213048780487805,0.5,1.0,-0.5,1499.4327058466893,1529.1392047417228,-29.70649889503352
statline_pregame_svm,2025-26,22500101,2025-10-25,1610612737,1610612760,ATL,OKC,Atlanta Hawks,Oklahoma City Thunder,ATL vs. OKC,OKC @ ATL,0,last_avg_15pct_current_momentum_85pct_plus_elo,0.85,0.15,20,0.4717840853658537,0.47913445121951226,-0.007350365853658558,0.35059579268292684,0.3646664024390244,-0.01407060975609753,0.7766801219512196,0.8209146341463416,-0.04423451219512198,117.86987804878049,121.5625,-3.6926219512195075,43.862500000000004,45.139146341463416,-1.2766463414634117,29.23810975609756,26.52609756097561,2.7120121951219502,15.56481707317073,11.828353658536585,3.7364634146341444,-1.7177439024390244,12.069756097560974,-13.787499999999998,-1.7177439024390244,12.069756097560974,-13.787499999999998,0.5,1.0,-0.5,1486.6542577028072,1748.1977308332175,-261.54347313041035
statline_pregame_svm,2025-26,22500102,2025-10-25,1610612755,1610612766,PHI,CHA,Philadelphia 76ers,Charlotte Hornets,PHI vs. CHA,CHA @ PHI,1,last_avg_15pct_current_momentum_85pct_plus_elo,0.85,0.15,20,0.45505323170731704,0.4352882926829268,0.01976493902439025,0.34287231707317073,0.342936006097561,-6.368902439024549e-05,0.7819113109756097,0.775795243902439,0.0061160670731706945,109.92384146341462,106.41091463414632,3.512926829268295,39.80149390243902,45.39932926829268,-5.597835365853662,23.175152439024387,24.686097560975607,-1.5109451219512202,13.638018292682924,15.563749999999999,-1.925731707317075,-5.9243597560975605,-7.915091463414633,1.9907317073170727,-5.9243597560975605,-7.915091463414633,1.9907317073170727,1.0,1.0,0.0,1330.527169531608,1304.3838935083543,26.143276023253748
statline_pregame_svm,2025-26,22500103,2025-10-25,1610612763,1610612754,MEM,IND,Memphis Grizzlies,Indiana Pacers,MEM vs. IND,IND @ MEM,1,last_avg_15pct_current_momentum_85pct_plus_elo,0.85,0.15,20,0.4777681707317073,0.48627201219512195,-0.008503841463414652,0.3597280487804878,0.3640623475609756,-0.0043342987804878,0.7943820731707316,0.7884517987804879,0.005930274390243739,121.6471951219512,118.11530487804876,3.5318902439024384,46.63932926829268,42.3890243902439,4.25030487804878,28.08189024390244,28.89353658536585,-0.8116463414634119,15.911219512195121,13.22932926829268,2.6818902439024406,3.3360975609756096,1.881859756097561,1.4542378048780487,3.3360975609756096,1.881859756097561,1.4542378048780487,0.5,0.0,0.5,1521.263089234076,1601.41349711078,-80.1504078767041
statline_pregame_svm,2025-26,22500104,2025-10-25,1610612743,1610612756,DEN,PHX,Denver Nuggets,Phoenix Suns,DEN vs. PHX,PHX @ DEN,1,last_avg_15pct_current_momentum_85pct_plus_elo,0.85,0.15,20,0.508555243902439,0.47562969512195125,0.03292554878048776,0.3775921646341463,0.37205621951219514,0.005535945121951158,0.778076981707317,0.804490731707317,-0.026413750000000014,121.19146341463413,113.39908536585367,7.7923780487804635,45.627286585365844,42.61634146341463,3.0109451219512167,31.042499999999997,27.36298780487805,3.679512195121948,14.202713414634147,14.310792682926829,-0.10807926829268233,3.4699085365853657,-3.7225,7.192408536585366,3.4699085365853657,-3.7225,7.192408536585366,0.0,0.5,-0.5,1566.7161631027418,1448.777284699256,117.93887840348589
statline_pregame_svm,2025-26,22500105,2025-10-26,1610612759,1610612751,SAS,BKN,San Antonio Spurs,Brooklyn Nets,SAS vs. BKN,BKN @ SAS,1,last_avg_15pct_current_momentum_85pct_plus_elo,0.85,0.15,20,0.4704465853658537,0.44147335365853657,0.028973231707317137,0.3568693902439024,0.3460635975609756,0.010805792682926807,0.7631526829268293,0.7921575609756097,-0.02900487804878049,114.6555487804878,106.41792682926828,8.237621951219523,44.591219512195124,41.02396341463414,3.5672560975609855,28.282743902439023,25.357560975609758,2.9251829268292653,14.143414634146342,15.45371951219512,-1.3103048780487772,-0.9493292682926828,-7.610426829268292,6.661097560975609,-0.9493292682926828,-7.610426829268292,6.661097560975609,1.0,0.0,1.0,1449.8277934642413,1343.2450022663327,106.58279119790859
statline_pregame_svm,2025-26,22500106,2025-10-26,1610612765,1610612738,DET,BOS,Detroit Pistons,Boston Celtics,DET vs. BOS,BOS @ DET,1,last_avg_15pct_current_momentum_85pct_plus_elo,0.85,0.15,20,0.475252743902439,0.4610715853658536,0.014181158536585414,0.3614555487804878,0.3630744512195122,-0.0016189024390244056,0.7610451219512195,0.7985960365853658,-0.03755091463414628,115.2875,115.35298780487804,-0.06548780487804606,44.94682926829268,44.82262195121952,0.12420731707316435,26.495731707317074,25.41140243902439,1.0843292682926844,14.792256097560976,12.004756097560975,2.7875000000000014,1.7407317073170732,7.867926829268293,-6.127195121951219,1.7407317073170732,7.867926829268293,-6.127195121951219,0.5,0.0,0.5,1529.0656921493019,1638.290714784292,-109.22502263499018
statline_pregame_svm,2025-26,22500107,2025-10-26,1610612739,1610612749,CLE,MIL,Cleveland Cavaliers,Milwaukee Bucks,CLE vs. MIL,MIL @ CLE,1,last_avg_15pct_current_momentum_85pct_plus_elo,0.85,0.15,20,0.4922628658536585,0.49093792682926835,0.0013249390243901815,0.38770292682926827,0.38707664634146344,0.0006262804878048311,0.7648270121951218,0.7401121951219513,0.02471481707317058,121.85920731707316,116.53115853658537,5.328048780487791,44.43323170731708,43.80225609756098,0.6309756097560992,27.961768292682926,25.701341463414636,2.2604268292682903,13.433536585365854,13.38841463414634,0.04512195121951379,8.683475609756098,3.072682926829268,5.61079268292683,8.683475609756098,3.072682926829268,5.61079268292683,0.5,1.0,-0.5,1646.183270416393,1593.0902045593728,53.09306585702029
statline_pregame_svm,2025-26,22500108,2025-10-26,1610612748,1610612752,MIA,NYK,Miami Heat,New York Knicks,MIA vs. NYK,NYK @ MIA,1,last_avg_15pct_current_momentum_85pct_plus_elo,0.85,0.15,20,0.46975591463414634,0.47989871951219515,-0.010142804878048806,0.3736274390243902,0.36604201219512195,0.007585426829268271,0.7945253048780488,0.8071753048780488,-0.012649999999999939,112.54426829268291,115.45914634146342,-2.9148780487805084,44.12207317073171,43.313902439024396,0.8081707317073139,26.71939024390244,27.063841463414633,-0.3444512195121945,14.088109756097563,13.585487804878047,0.5026219512195151,1.7032926829268296,4.514268292682926,-2.8109756097560967,1.7032926829268296,4.514268292682926,-2.8109756097560967,0.5,1.0,-0.5,1447.6917876891603,1590.8540053610952,-143.16221767193497
statline_pregame_svm,2025-26,22500109,2025-10-26,1610612764,1610612766,WAS,CHA,Washington Wizards,Charlotte Hornets,WAS vs. CHA,CHA @ WAS,0,last_avg_15pct_current_momentum_85pct_plus_elo,0.85,0.15,20,0.4410979268292683,0.4375003658536585,0.003597560975609815,0.33960768292682925,0.3447971951219513,-0.005189512195122037,0.759642987804878,0.7715328048780489,-0.011889817073170827,108.89250000000001,107.08676829268292,1.8057317073170935,44.40103658536586,45.39103658536586,-0.990000000000002,25.089268292682927,24.927621951219514,0.16164634146341328,15.513292682926828,15.627500000000001,-0.11420731707317344,-11.509207317073171,-7.697926829268293,-3.8112804878048783,-11.509207317073171,-7.697926829268293,-3.8112804878048783,0.5,0.5,0.0,1327.1187408076223,1295.1349405326257,31.98380027499661
statline_pregame_svm,2025-26,22500110,2025-10-26,1610612750,1610612754,MIN,IND,Minnesota Timberwolves,Indiana Pacers,MIN vs. IND,IND @ MIN,1,last_avg_15pct_current_momentum_85pct_plus_elo,0.85,0.15,20,0.47051689024390253,0.4826843902439024,-0.012167499999999887,0.38079579268292685,0.36334762195121956,0.01744817073170729,0.7865425609756096,0.7862775609756099,0.00026499999999973767,114.26780487804879,117.50475609756097,-3.2369512195121786,44.16262195121951,42.48128048780488,1.6813414634146326,25.814085365853657,28.71317073170732,-2.8990853658536615,14.551524390243904,13.221036585365853,1.3304878048780502,3.98,0.7245121951219513,3.2554878048780487,3.98,0.7245121951219513,3.2554878048780487,0.5,0.0,0.5,1590.252119838226,1589.1466536717978,1.1054661664281866
statline_pregame_svm,2025-26,22500111,2025-10-26,1610612742,1610612761,DAL,TOR,Dallas Mavericks,Toronto Raptors,DAL vs. TOR,TOR @ DAL,1,last_avg_15pct_current_momentum_85pct_plus_elo,0.85,0.15,20,0.4732451219512195,0.46575603658536585,0.007489085365853632,0.36237036585365856,0.34754664634146337,0.014823719512195188,0.7696563414634147,0.7438969512195122,0.025759390243902502,112.94603658536585,112.23725609756097,0.7087804878048729,43.00213414634146,45.32408536585366,-2.3219512195122007,24.925670731707314,28.703475609756097,-3.7778048780487836,14.415975609756098,15.513780487804878,-1.0978048780487804,-2.9210365853658535,-3.3328048780487807,0.41176829268292714,-2.9210365853658535,-3.3328048780487807,0.41176829268292714,0.0,0.5,-0.5,1426.21056189196,1422.1296220022064,4.080939889753608
statline_pregame_svm,2025-26,22500112,2025-10-26,1610612746,1610612757,LAC,POR,Los Angeles Clippers,Portland Trail Blazers,LAC vs. POR,POR @ LAC,1,last_avg_15pct_current_momentum_85pct_plus_elo,0.85,0.15,20,0.48602176829268295,0.4531548780487806,0.03286689024390238,0.381877987804878,0.3467696951219512,0.03510829268292681,0.7981924390243903,0.7692973170731707,0.02889512195121957,113.35591463414633,112.21707317073171,1.1388414634146216,43.59780487804878,44.23548780487805,-0.637682926829271,25.581219512195126,24.118963414634145,1.4622560975609815,15.058414634146342,16.094024390243902,-1.0356097560975606,4.517560975609756,-2.0426829268292686,6.560243902439025,4.517560975609756,-2.0426829268292686,6.560243902439025,0.5,0.5,0.0,1608.6299109281615,1497.095767271237,111.53414365692447
statline_pregame_svm,2025-26,22500113,2025-10-26,1610612758,1610612747,SAC,LAL,Sacramento Kings,Los Angeles Lakers,SAC vs. LAL,LAL @ SAC,0,last_avg_15pct_current_momentum_85pct_plus_elo,0.85,0.15,20,0.4800757926829268,0.48722121951219516,-0.007145426829268331,0.3602367073170732,0.36199414634146343,-0.0017574390243902394,0.7937485365853657,0.7816043292682926,0.012144207317073108,115.28701219512195,113.8245731707317,1.4624390243902496,43.41353658536585,42.09304878048781,1.3204878048780344,26.20036585365854,25.861341463414636,0.3390243902439032,13.290121951219513,14.1365243902439,-0.8464024390243878,0.30768292682926823,1.4558536585365853,-1.148170731707317,0.30768292682926823,1.4558536585365853,-1.148170731707317,0.5,0.5,0.0,1485.4054708544663,1583.6858756055287,-98.2804047510624
statline_pregame_svm,2025-26,22500007,2025-10-27,1610612765,1610612739,DET,CLE,Detroit Pistons,Cleveland Cavaliers,DET vs. CLE,CLE @ DET,0,last_avg_15pct_current_momentum_85pct_plus_elo,0.85,0.15,20,0.4727820426829268,0.4904161890243902,-0.01763414634146343,0.3573149085365854,0.38410701219512194,-0.02679210365853657,0.7661316463414634,0.7660284146341462,0.00010323170731718623,115.43625,121.6917987804878,-6.2555487804878,45.38219512195122,44.37362804878049,1.008567073170731,26.308628048780488,27.745121951219513,-1.4364939024390253,14.84045731707317,13.595243902439021,1.245213414634149,1.9148780487804877,8.490670731707315,-6.575792682926827,1.9148780487804877,8.490670731707315,-6.575792682926827,0.6666666666666666,0.6666666666666666,0.0,1542.1098106058632,1654.6669142031194,-112.55710359725617
statline_pregame_svm,2025-26,22500008,2025-10-27,1610612750,1610612743,MIN,DEN,Minnesota Timberwolves,Denver Nuggets,MIN vs. DEN,DEN @ MIN,0,last_avg_15pct_current_momentum_85pct_plus_elo,0.85,0.15,20,0.470265518292683,0.5087553048780488,-0.03848978658536578,0.37764820121951215,0.3739117682926829,0.0037364329268292362,0.7828595731707315,0.7837559146341464,-0.0008963414634148847,114.25536585365853,121.71182926829268,-7.456463414634143,44.319146341463416,45.510670731707314,-1.1915243902438988,25.511402439024387,31.0425,-5.5310975609756134,14.531829268292682,14.276829268292683,0.254999999999999,3.9375,4.239573170731707,-0.30207317073170703,3.9375,4.239573170731707,-0.30207317073170703,0.6666666666666666,0.5,0.16666666666666663,1600.2203020716524,1573.446252170998,26.774049900654518
statline_pregame_svm,2025-26,22500114,2025-10-27,1610612755,1610612753,PHI,ORL,Philadelphia 76ers,Orlando Magic,PHI vs. ORL,ORL @ PHI,1,last_avg_15pct_current_momentum_85pct_plus_elo,0.85,0.15,20,0.4557384146341463,0.44559603658536584,0.010142378048780487,0.3480241463414634,0.3108795121951219,0.037144634146341504,0.7818444512195122,0.7757146646341462,0.006129786585366004,110.57792682926829,106.00990853658536,4.568018292682936,39.810304878048775,42.62667682926829,-2.816371951219516,23.42237804878049,22.458140243902438,0.9642378048780529,13.69658536585366,14.818384146341463,-1.1217987804878042,-5.489512195121951,-0.6164024390243902,-4.873109756097561,-5.489512195121951,-0.6164024390243902,-4.873109756097561,1.0,0.3333333333333333,0.6666666666666667,1339.7761225073366,1490.2856501102392,-150.5095276029026
statline_pregame_svm,2025-26,22500115,2025-10-27,1610612741,1610612737,CHI,ATL,Chicago Bulls,Atlanta Hawks,CHI vs. ATL,ATL @ CHI,1,last_avg_15pct_current_momentum_85pct_plus_elo,0.85,0.15,20,0.4696006097560976,0.46916515243902435,0.000435457317073229,0.3684553658536585,0.35284570121951214,0.01560966463414637,0.8073128048780487,0.7721403963414635,0.03517240853658521,117.35396341463415,117.09710365853658,0.25685975609756895,46.0360975609756,43.926249999999996,2.109847560975602,28.92829268292683,29.043231707317073,-0.1149390243902424,15.038719512195122,15.627530487804876,-0.5888109756097535,-0.7482926829268293,-2.392042682926829,1.6437499999999996,-0.7482926829268293,-2.392042682926829,1.6437499999999996,1.0,0.3333333333333333,0.6666666666666667,1538.2862604781728,1483.022318659581,55.263941818591775
statline_pregame_svm,2025-26,22500116,2025-10-27,1610612745,1610612751,HOU,BKN,Houston Rockets,Brooklyn Nets,HOU vs. BKN,BKN @ HOU,1,last_avg_15pct_current_momentum_85pct_plus_elo,0.85,0.15,20,0.45166908536585365,0.4394665243902438,0.012202560975609844,0.3538934756097561,0.34511356707317076,0.008779908536585335,0.7471751219512195,0.7995033231707316,-0.052328201219512094,114.56530487804878,106.49826219512195,8.067042682926825,48.4665243902439,40.71350609756097,7.753018292682924,22.97243902439024,25.22332317073171,-2.2508841463414697,14.36707317073171,15.318963414634144,-0.9518902439024348,3.9161585365853653,-7.775762195121951,11.691920731707317,3.9161585365853653,-7.775762195121951,11.691920731707317,0.0,0.0,0.0,1564.2424653578419,1336.2199596613368,228.02250569650505
statline_pregame_svm,2025-26,22500117,2025-10-27,1610612740,1610612738,NOP,BOS,New Orleans Pelicans,Boston Celtics,NOP vs. BOS,BOS @ NOP,0,last_avg_15pct_current_momentum_85pct_plus_elo,0.85,0.15,20,0.451914024390244,0.4594939024390243,-0.007579878048780353,0.34456859756097563,0.3615413414634146,-0.01697274390243897,0.7502223780487806,0.796441493902439,-0.046219115853658455,110.60878048780488,115.21408536585366,-4.605304878048784,43.81292682926829,44.51164634146342,-0.698719512195126,25.51493902439024,25.022682926829265,0.49225609756097555,14.67640243902439,12.01045731707317,2.6659451219512196,-9.050548780487805,7.225762195121951,-16.276310975609757,-9.050548780487805,7.225762195121951,-16.276310975609757,0.0,0.0,0.0,1328.662121873521,1625.2465963277307,-296.5844744542096
statline_pregame_svm,2025-26,22500118,2025-10-27,1610612759,1610612761,SAS,TOR,San Antonio Spurs,Toronto Raptors,SAS vs. TOR,TOR @ SAS,1,last_avg_15pct_current_momentum_85pct_plus_elo,0.85,0.15,20,0.4718864024390244,0.46704399390243906,0.004842408536585352,0.36054926829268286,0.349425975609756,0.011123292682926833,0.7632599695121951,0.7441488414634146,0.019111128048780457,114.82865853658535,113.00795731707315,1.8207012195122019,44.64771341463414,45.233902439024384,-0.5861890243902437,27.915792682926828,28.893170731707315,-0.9773780487804871,14.19109756097561,15.54228658536585,-1.3511890243902407,-0.3646951219512193,-3.5753658536585364,3.2106707317073173,-0.3646951219512193,-3.5753658536585364,3.2106707317073173,1.0,0.3333333333333333,0.6666666666666667,1456.8528360692371,1412.2470754926744,44.605760576562716
statline_pregame_svm,2025-26,22500119,2025-10-27,1610612742,1610612760,DAL,OKC,Dallas Mavericks,Oklahoma City Thunder,DAL vs. OKC,OKC @ DAL,0,last_avg_15pct_current_momentum_85pct_plus_elo,0.85,0.15,20,0.4778428963414634,0.4782813414634146,-0.0004384451219512364,0.36332868902439025,0.36485143292682926,-0.0015227439024390055,0.7686581097560976,0.8241425609756098,-0.055484451219512176,114.00024390243902,121.41375,-7.413506097560969,43.25506097560975,45.360975609756096,-2.1059146341463446,25.21280487804878,26.277317073170735,-1.0645121951219565,14.669420731707318,11.8827743902439,2.786646341463417,-2.4452439024390245,12.24545731707317,-14.690701219512194,-2.4452439024390245,12.24545731707317,-14.690701219512194,0.3333333333333333,1.0,-0.6666666666666667,1436.093108401492,1751.8296698764436,-315.7365614749517
statline_pregame_svm,2025-26,22500120,2025-10-27,1610612762,1610612756,UTA,PHX,Utah Jazz,Phoenix Suns,UTA vs. PHX,PHX @ UTA,1,last_avg_15pct_current_momentum_85pct_plus_elo,0.85,0.15,20,0.45961890243902437,0.47364463414634145,-0.01402573170731708,0.3527720731707318,0.37047646341463414,-0.017704390243902357,0.780275243902439,0.8048773780487805,-0.024602134146341492,112.2820731707317,113.28765243902438,-1.0055792682926779,45.63439024390244,42.42560975609756,3.20878048780488,26.032317073170734,27.202835365853655,-1.170518292682921,17.158353658536587,14.563201219512194,2.5951524390243925,-7.697439024390245,-4.53,-3.1674390243902444,-7.697439024390245,-4.53,-3.1674390243902444,0.5,0.3333333333333333,0.16666666666666669,1306.1916667964551,1442.0471956309998,-135.85552883454466
statline_pregame_svm,2025-26,22500121,2025-10-27,1610612744,1610612763,GSW,MEM,Golden State Warriors,Memphis Grizzlies,GSW vs. MEM,MEM @ GSW,1,last_avg_15pct_current_momentum_85pct_plus_elo,0.85,0.15,20,0.45478323170731705,0.4766740548780487,-0.021890823170731655,0.36899256097560973,0.36053865853658534,0.008453902439024386,0.7674132926829267,0.7940467378048779,-0.026633445121951205,115.22161585365853,121.91463414634144,-6.693018292682908,44.86234756097561,46.713445121951224,-1.8510975609756173,29.04262195121951,28.191768292682926,0.8508536585365825,14.510060975609756,15.500213414634146,-0.9901524390243903,2.713506097560975,4.192317073170731,-1.4788109756097558,2.713506097560975,4.192317073170731,-1.4788109756097558,0.6666666666666666,0.6666666666666666,0.0,1585.6222097713314,1533.5299326730583,52.092277098273144
statline_pregame_svm,2025-26,22500122,2025-10-27,1610612747,1610612757,LAL,POR,Los Angeles Lakers,Portland Trail Blazers,LAL vs. POR,POR @ LAL,0,last_avg_15pct_current_momentum_85pct_plus_elo,0.85,0.15,20,0.4875752134146341,0.4496833536585366,0.03789185975609749,0.3600909756097561,0.3435946341463415,0.01649634146341461,0.7859709451219511,0.7720375304878049,0.013933414634146213,114.40298780487805,112.05173780487803,2.3512500000000216,42.28740853658537,44.11783536585365,-1.8304268292682835,25.861859756097562,24.127256097560974,1.7346036585365887,14.26557926829268,16.09557926829268,-1.8300000000000018,1.7015243902439023,-2.2137195121951216,3.915243902439024,1.7015243902439023,-2.2137195121951216,3.915243902439024,0.6666666666666666,0.3333333333333333,0.3333333333333333,1590.9302485626117,1490.2000661402226,100.73018242238913
statline_pregame_svm,2025-26,22500123,2025-10-28,1610612764,1610612755,WAS,PHI,Washington Wizards,Philadelphia 76ers,WAS vs. PHI,PHI @ WAS,0,last_avg_15pct_current_momentum_85pct_plus_elo,0.85,0.15,20,0.4416032621951219,0.4574435975609756,-0.015840335365853664,0.3379512195121951,0.3515609756097561,-0.013609756097560988,0.7625640853658535,0.7831375914634147,-0.020573506097561145,109.105,111.69951219512194,-2.5945121951219363,44.24399390243902,39.77661585365853,4.467378048780496,25.085121951219513,23.499603658536586,1.5855182926829272,15.489451219512194,13.41515243902439,2.074298780487805,-12.085548780487803,-4.714664634146342,-7.370884146341462,-12.085548780487803,-4.714664634146342,-7.370884146341462,0.3333333333333333,1.0,-0.6666666666666667,1316.2007646864722,1353.8560540933736,-37.655289406901375
statline_pregame_svm,2025-26,22500124,2025-10-28,1610612748,1610612766,MIA,CHA,Miami Heat,Charlotte Hornets,MIA vs. CHA,CHA @ MIA,1,last_avg_15pct_current_momentum_85pct_plus_elo,0.85,0.15,20,0.46942109756097555,0.4409024390243902,0.028518658536585362,0.37280542682926826,0.3472533841463415,0.025552042682926768,0.7963403658536586,0.7738153658536586,0.022525000000000017,112.7313719512195,108.5276219512195,4.203749999999999,44.40298780487805,45.680243902439024,-1.2772560975609721,26.659268292682924,25.169146341463414,1.4901219512195105,14.190731707317072,15.478749999999998,-1.288018292682926,2.019451219512195,-6.205762195121951,8.225213414634146,2.019451219512195,-6.205762195121951,8.225213414634146,0.6666666666666666,0.6666666666666666,0.0,1461.5939407254336,1306.0529166537758,155.54102407165783
statline_pregame_svm,2025-26,22500125,2025-10-28,1610612749,1610612752,MIL,NYK,Milwaukee Bucks,New York Knicks,MIL vs. NYK,NYK @ MIL,1,last_avg_15pct_current_momentum_85pct_plus_elo,0.85,0.15,20,0.491677012195122,0.4757052134146342,0.015971798780487823,0.38734097560975606,0.3622921646341463,0.025048810975609737,0.7387433841463414,0.8055053658536585,-0.06676198170731706,116.42439024390245,115.08597560975608,1.3384146341463747,43.53170731707317,43.71143292682927,-0.17972560975609753,25.68060975609756,26.873109756097556,-1.1924999999999955,13.58484756097561,13.701585365853658,-0.11673780487804741,2.754969512195122,4.000121951219512,-1.2451524390243902,2.754969512195122,4.000121951219512,-1.2451524390243902,0.6666666666666666,0.6666666666666666,0.0,1584.6065607726464,1576.9518523248219,7.654708447824532
statline_pregame_svm,2025-26,22500126,2025-10-28,1610612760,1610612758,OKC,SAC,Oklahoma City Thunder,Sacramento Kings,OKC vs. SAC,SAC @ OKC,1,last_avg_15pct_current_momentum_85pct_plus_elo,0.85,0.15,20,0.47764073170731713,0.47867070121951216,-0.001029969512195028,0.3574714634146342,0.3629167987804878,-0.005445335365853621,0.8252879878048781,0.7877902439024389,0.03749774390243921,120.58500000000001,115.46841463414634,5.116585365853666,45.79530487804878,43.235243902439024,2.5600609756097583,26.028536585365853,26.223689024390243,-0.1951524390243904,11.937195121951218,13.404146341463413,-1.466951219512195,11.996158536585366,-0.010030487804878072,12.006189024390244,11.996158536585366,-0.010030487804878072,12.006189024390244,1.0,0.3333333333333333,0.6666666666666667,1754.6242904435692,1478.1610978973833,276.46319254618584
statline_pregame_svm,2025-26,22500127,2025-10-28,1610612744,1610612746,GSW,LAC,Golden State Warriors,Los Angeles Clippers,GSW vs. LAC,LAC @ GSW,1,last_avg_15pct_current_momentum_85pct_plus_elo,0.85,0.15,20,0.4581158536585367,0.4888651219512195,-0.03074926829268282,0.37234798780487804,0.3822915853658536,-0.00994359756097557,0.7692138414634146,0.8040216768292683,-0.034807835365853634,115.9529268292683,113.40359756097558,2.5493292682927233,44.59128048780487,43.69161585365853,0.8996646341463403,29.3359756097561,25.616463414634147,3.719512195121954,14.592987804878051,15.44609756097561,-0.8531097560975596,3.125548780487805,4.617073170731707,-1.4915243902439026,3.125548780487805,4.617073170731707,-1.4915243902439026,0.75,0.6666666666666666,0.08333333333333337,1594.134008469692,1615.525612059176,-21.39160358948402
statline_pregame_svm,2025-26,22500128,2025-10-29,1610612738,1610612739,BOS,CLE,Boston Celtics,Cleveland Cavaliers,BOS vs. CLE,CLE @ BOS,1,last_avg_15pct_current_momentum_85pct_plus_elo,0.85,0.15,20,0.4603812195121951,0.48903701219512197,-0.028655792682926895,0.3603057317073171,0.38110609756097563,-0.02080036585365852,0.7964119512195122,0.7659973170731706,0.0304146341463416,115.45768292682926,121.43939024390244,-5.981707317073173,44.88067073170732,44.48402439024391,0.39664634146340916,24.97396341463415,27.6134756097561,-2.6395121951219522,12.016158536585365,13.884451219512195,-1.86829268292683,8.19859756097561,8.977865853658535,-0.7792682926829251,8.19859756097561,8.977865853658535,-0.7792682926829251,0.25,0.75,-0.5,1628.3169397957424,1661.5360338926168,-33.219094096874414
statline_pregame_svm,2025-26,22500129,2025-10-29,1610612765,1610612753,DET,ORL,Detroit Pistons,Orlando Magic,DET vs. ORL,ORL @ DET,1,last_avg_15pct_current_momentum_85pct_plus_elo,0.85,0.15,20,0.46861134146341465,0.4499807926829269,0.018630548780487755,0.35568176829268294,0.31102359756097564,0.0446581707317073,0.7617831707317073,0.7717523170731706,-0.009969146341463286,114.56500000000001,106.79926829268292,7.765731707317087,45.52006097560975,42.675914634146345,2.844146341463407,26.036524390243905,22.627621951219513,3.4089024390243914,15.313658536585365,14.767073170731708,0.546585365853657,0.9415243902439023,-1.121219512195122,2.062743902439024,0.9415243902439023,-1.121219512195122,2.062743902439024,0.5,0.25,0.25,1535.2406909163658,1476.2057185242022,59.03497239216358
statline_pregame_svm,2025-26,22500130,2025-10-29,1610612751,1610612737,BKN,ATL,Brooklyn Nets,Atlanta Hawks,BKN vs. ATL,ATL @ BKN,0,last_avg_15pct_current_momentum_85pct_plus_elo,0.85,0.15,20,0.4411146951219512,0.4702862195121952,-0.029171524390244008,0.3465010365853659,0.3522906097560976,-0.005789573170731699,0.7944815853658537,0.7690031707317074,0.02547841463414624,106.6635975609756,117.30182926829269,-10.63823170731709,40.530548780487806,43.565,-3.034451219512192,25.08908536585366,29.145853658536588,-4.0567682926829285,15.269207317073171,15.222743902439024,0.046463414634146716,-8.66359756097561,-2.556341463414634,-6.107256097560976,-8.66359756097561,-2.556341463414634,-6.107256097560976,0.0,0.25,-0.25,1331.978927968814,1474.5996624382392,-142.6207344694251
statline_pregame_svm,2025-26,22500131,2025-10-29,1610612761,1610612745,TOR,HOU,Toronto Raptors,Houston Rockets,TOR vs. HOU,HOU @ TOR,0,last_avg_15pct_current_momentum_85pct_plus_elo,0.85,0.15,20,0.46739695121951225,0.4568064024390244,0.010590548780487874,0.35049780487804877,0.3601606707317073,-0.009662865853658553,0.7439332317073171,0.7533241463414634,-0.009390914634146319,112.67365853658535,115.53036585365854,-2.8567073170731874,44.16621951219512,48.064329268292674,-3.898109756097554,28.912865853658534,23.382926829268293,5.5299390243902415,15.52829268292683,14.201737804878048,1.326554878048782,-4.157926829268293,4.914390243902438,-9.07231707317073,-4.157926829268293,4.914390243902438,-9.07231707317073,0.25,0.3333333333333333,-0.08333333333333331,1403.5239247936768,1568.4834970503646,-164.9595722566878
statline_pregame_svm,2025-26,22500132,2025-10-29,1610612741,1610612758,CHI,SAC,Chicago Bulls,Sacramento Kings,CHI vs. SAC,SAC @ CHI,1,last_avg_15pct_current_momentum_85pct_plus_elo,0.85,0.15,20,0.4717857317073171,0.4763306097560976,-0.00454487804878051,0.36860618902439024,0.36245189024390245,0.006154298780487788,0.8053028658536585,0.7919469512195122,0.013355914634146315,117.78725609756097,114.84231707317073,2.944939024390237,46.25481707317073,43.311951219512196,2.9428658536585317,29.095701219512193,25.992012195121955,3.1036890243902384,15.180213414634146,13.560670731707319,1.6195426829268271,-0.46945121951219515,-0.2852439024390244,-0.18420731707317073,-0.46945121951219515,-0.2852439024390244,-0.18420731707317073,1.0,0.25,0.75,1546.7089166995147,1474.7774982818862,71.93141841762849
statline_pregame_svm,2025-26,22500133,2025-10-29,1610612742,1610612754,DAL,IND,Dallas Mavericks,Indiana Pacers,DAL vs. IND,IND @ DAL,1,last_avg_15pct_current_momentum_85pct_plus_elo,0.85,0.15,20,0.47355817073170736,0.4801592682926829,-0.006601097560975544,0.3610145121951219,0.3626328963414634,-0.0016183841463415227,0.7669373780487805,0.7810433231707318,-0.014105945121951291,113.1419512195122,117.19170731707317,-4.049756097560973,42.95548780487805,42.78603658536585,0.16945121951219733,24.989939024390242,28.49030487804878,-3.5003658536585363,14.455365853658538,13.382743902439023,1.0726219512195154,-2.691951219512195,0.4596646341463417,-3.151615853658537,-2.691951219512195,0.4596646341463417,-3.151615853658537,0.25,0.0,0.25,1433.2984878343664,1579.1784714383714,-145.87998360400502
statline_pregame_svm,2025-26,22500134,2025-10-29,1610612743,1610612740,DEN,NOP,Denver Nuggets,New Orleans Pelicans,DEN vs. NOP,NOP @ DEN,1,last_avg_15pct_current_momentum_85pct_plus_elo,0.85,0.15,20,0.5094228658536585,0.4468368292682927,0.06258603658536577,0.3791563719512195,0.3405373170731707,0.038619054878048786,0.7883723475609754,0.7562283536585366,0.03214399390243883,121.97719512195121,109.76603658536584,12.211158536585373,45.52155487804878,43.44701219512195,2.0745426829268325,30.744999999999994,25.13917682926829,5.605823170731703,14.26594512195122,14.648932926829268,-0.3829878048780486,4.626737804878049,-10.009908536585366,14.636646341463415,4.626737804878049,-10.009908536585366,14.636646341463415,0.6666666666666666,0.0,0.6666666666666666,1584.2153494378647,1325.5917784055093,258.62357103235536
statline_pregame_svm,2025-26,22500135,2025-10-29,1610612762,1610612757,UTA,POR,Utah Jazz,Portland Trail Blazers,UTA vs. POR,POR @ UTA,0,last_avg_15pct_current_momentum_85pct_plus_elo,0.85,0.15,20,0.45753018292682923,0.44986682926829274,0.007663353658536487,0.3516717378048781,0.34288457317073173,0.00878716463414636,0.7874732926829268,0.7794102439024391,0.008063048780487692,113.39173780487805,112.5239024390244,0.8678353658536508,46.424268292682925,44.29768292682927,2.126585365853657,26.095030487804877,24.135548780487806,1.959481707317071,17.2340243902439,16.224634146341465,1.009390243902434,-7.130426829268293,-1.4922560975609753,-5.6381707317073175,-7.130426829268293,-1.4922560975609753,-5.6381707317073175,0.6666666666666666,0.5,0.16666666666666663,1319.9140904706933,1503.0207218406397,-183.1066313699464
statline_pregame_svm,2025-26,22500136,2025-10-29,1610612750,1610612747,MIN,LAL,Minnesota Timberwolves,Los Angeles Lakers,MIN vs. LAL,LAL @ MIN,0,last_avg_15pct_current_momentum_85pct_plus_elo,0.85,0.15,20,0.47031164634146344,0.48695170731707316,-0.016640060975609716,0.3749256097560976,0.35559530487804875,0.019330304878048876,0.7844890853658536,0.7868100609756098,-0.002320975609756193,114.24292682926828,114.17390243902437,0.06902439024391072,43.83817073170733,42.26926829268294,1.5689024390243915,25.20871951219512,25.73487804878049,-0.5261585365853705,14.554634146341463,14.734634146341463,-0.17999999999999972,3.1724999999999994,1.0546951219512195,2.11780487804878,3.1724999999999994,1.0546951219512195,2.11780487804878,0.5,0.5,0.0,1589.4512048047857,1578.1095928621946,11.341611942591044
statline_pregame_svm,2025-26,22500137,2025-10-29,1610612756,1610612763,PHX,MEM,Phoenix Suns,Memphis Grizzlies,PHX vs. MEM,MEM @ PHX,0,last_avg_15pct_current_momentum_85pct_plus_elo,0.85,0.15,20,0.4713620731707317,0.4756224390243903,-0.0042603658536585765,0.36991670731707316,0.3580767682926829,0.011839939024390234,0.8033940243902439,0.8000014024390243,0.0033926219512195877,114.15371951219512,121.75707317073172,-7.603353658536591,42.65987804878049,46.36256097560975,-3.7026829268292616,27.59518292682927,28.344146341463418,-0.7489634146341473,14.560609756097563,15.38670731707317,-0.826097560975608,-4.572500000000001,3.4335365853658533,-8.006036585365853,-4.572500000000001,3.4335365853658533,-8.006036585365853,0.25,0.5,-0.25,1428.3247719567617,1525.0181339746978,-96.69336201793612
statline_pregame_svm,2025-26,22500138,2025-10-30,1610612766,1610612753,CHA,ORL,Charlotte Hornets,Orlando Magic,CHA vs. ORL,ORL @ CHA,0,last_avg_15pct_current_momentum_85pct_plus_elo,0.85,0.15,20,0.441457012195122,0.4504980487804878,-0.009041036585365814,0.34992207317073176,0.3140151829268293,0.03590689024390248,0.7758004268292684,0.768469969512195,0.00733045731707338,109.0334756097561,107.24862804878047,1.7848475609756207,45.50195121951219,42.72515243902439,2.776798780487802,25.240670731707315,22.584603658536587,2.6560670731707283,15.585,14.88576219512195,0.6992378048780505,-6.9660975609756095,-1.9235365853658535,-5.0425609756097565,-6.9660975609756095,-1.9235365853658535,-5.0425609756097565,0.5,0.2,0.3,1300.252842782286,1467.8887157920476,-167.63587300976155
statline_pregame_svm,2025-26,22500139,2025-10-30,1610612749,1610612744,MIL,GSW,Milwaukee Bucks,Golden State Warriors,MIL vs. GSW,GSW @ MIL,1,last_avg_15pct_current_momentum_85pct_plus_elo,0.85,0.15,20,0.4940310975609757,0.4581759756097561,0.03585512195121959,0.3883703048780488,0.37298341463414636,0.01538689024390244,0.7442170731707317,0.7688893902439025,-0.024672317073170746,116.65762195121953,115.28173780487805,1.3758841463414768,43.303658536585374,44.447713414634144,-1.1440548780487703,25.74487804878049,29.11932926829268,-3.374451219512192,13.56878048780488,14.548414634146342,-0.9796341463414624,3.074756097560976,3.7925914634146336,-0.7178353658536576,3.074756097560976,3.7925914634146336,-0.7178353658536576,0.75,0.8,-0.050000000000000044,1594.3862761947316,1604.7489314806237,-10.36265528589206
statline_pregame_svm,2025-26,22500140,2025-10-30,1610612760,1610612764,OKC,WAS,Oklahoma City Thunder,Washington Wizards,OKC vs. WAS,WAS @ OKC,1,last_avg_15pct_current_momentum_85pct_plus_elo,0.85,0.15,20,0.47657512195121954,0.4432135975609756,0.033361524390243924,0.35510649390243904,0.34058725609756096,0.014519237804878071,0.8287284146341464,0.7601301829268292,0.06859823170731716,120.01125,110.21000000000001,9.801249999999996,45.76213414634147,44.5119512195122,1.2501829268292681,25.992256097560976,25.4209756097561,0.5712804878048772,12.076615853658536,15.50810975609756,-3.4314939024390245,11.70435975609756,-11.76939024390244,23.47375,11.70435975609756,-11.76939024390244,23.47375,1.0,0.25,0.75,1758.0078900590663,1307.2803472876656,450.72754277140075
statline_pregame_svm,2025-26,22500141,2025-10-30,1610612759,1610612748,SAS,MIA,San Antonio Spurs,Miami Heat,SAS vs. MIA,MIA @ SAS,1,last_avg_15pct_current_momentum_85pct_plus_elo,0.85,0.15,20,0.47681121951219513,0.4726562804878049,0.004154939024390236,0.36580164634146345,0.37593591463414633,-0.01013426829268288,0.7657047560975611,0.8011304268292684,-0.035425670731707326,115.12926829268292,114.1509756097561,0.9782926829268206,44.661707317073166,44.13140243902439,0.5303048780487742,27.931341463414633,26.981646341463414,0.9496951219512191,14.493780487804878,14.080853658536586,0.41292682926829194,0.5174390243902443,3.143109756097561,-2.6256707317073165,0.5174390243902443,3.143109756097561,-2.6256707317073165,1.0,0.75,0.25,1465.5759867682348,1467.3940145969234,-1.8180278286886278
statline_pregame_svm,2025-26,22500020,2025-10-31,1610612754,1610612737,IND,ATL,Indiana Pacers,Atlanta Hawks,IND vs. ATL,ATL @ IND,0,last_avg_15pct_current_momentum_85pct_plus_elo,0.85,0.15,20,0.47423414634146344,0.47025978658536594,0.003974359756097501,0.35932567073170735,0.35386051829268295,0.005465152439024401,0.7747890853658538,0.7670134451219512,0.007775640243902537,116.66615853658536,117.25155487804878,-0.5853963414634222,43.21829268292682,43.543749999999996,-0.32545731707317316,28.097439024390244,29.290975609756096,-1.1935365853658517,13.416951219512194,14.90295731707317,-1.486006097560976,0.27981707317073184,-2.295640243902439,2.5754573170731705,0.27981707317073184,-2.295640243902439,2.5754573170731705,0.0,0.4,-0.4,1565.2102089004145,1480.710729452752,84.49947944766245
statline_pregame_svm,2025-26,22500021,2025-10-31,1610612755,1610612738,PHI,BOS,Philadelphia 76ers,Boston Celtics,PHI vs. BOS,BOS @ PHI,0,last_avg_15pct_current_momentum_85pct_plus_elo,0.85,0.15,20,0.45723628048780485,0.4594835365853658,-0.0022472560975609346,0.3542903048780488,0.36026012195121954,-0.005969817073170736,0.7866407317073172,0.7977849085365853,-0.01114417682926816,112.9485975609756,115.82878048780488,-2.880182926829278,40.42292682926829,45.207195121951216,-4.784268292682924,23.61932926829268,25.095243902439023,-1.475914634146342,13.431219512195122,11.93685975609756,1.4943597560975626,-4.237317073170732,8.661432926829269,-12.89875,-4.237317073170732,8.661432926829269,-12.89875,1.0,0.4,0.6,1362.7764714921802,1639.2701592681258,-276.49368777594555
statline_pregame_svm,2025-26,22500022,2025-10-31,1610612739,1610612761,CLE,TOR,Cleveland Cavaliers,Toronto Raptors,CLE vs. TOR,TOR @ CLE,0,last_avg_15pct_current_momentum_85pct_plus_elo,0.85,0.15,20,0.4852353353658536,0.46936490853658536,0.015870426829268258,0.3786576829268293,0.3579446341463414,0.020713048780487853,0.765073719512195,0.7436326219512195,0.021441097560975564,120.71948170731707,113.10435975609755,7.615121951219521,44.33942073170732,43.18353658536585,1.1558841463414709,27.481829268292685,28.932560975609753,-1.4507317073170682,13.918658536585365,15.301798780487804,-1.3831402439024387,7.722560975609756,-4.7404878048780485,12.463048780487805,7.722560975609756,-4.7404878048780485,12.463048780487805,0.6,0.2,0.39999999999999997,1650.5828144202335,1397.9445534928025,252.63826092743102
statline_pregame_svm,2025-26,22500023,2025-10-31,1610612741,1610612752,CHI,NYK,Chicago Bulls,New York Knicks,CHI vs. NYK,NYK @ CHI,1,last_avg_15pct_current_momentum_85pct_plus_elo,0.85,0.15,20,0.4746508536585366,0.4730417073170732,0.0016091463414634188,0.37156201219512197,0.36053981707317073,0.01102219512195124,0.8039729268292682,0.8084254268292683,-0.004452500000000081,118.13554878048781,114.88280487804877,3.252743902439036,46.261036585365844,43.81146341463415,2.4495731707316963,29.305609756097564,26.72487804878049,2.5807317073170744,15.236707317073169,13.69018292682927,1.5465243902438992,0.149390243902439,3.400975609756098,-3.251585365853659,0.149390243902439,3.400975609756098,-3.251585365853659,1.0,0.5,0.5,1554.6676464467118,1567.1721369027366,-12.504490456024769
statline_pregame_svm,2025-26,22500024,2025-10-31,1610612763,1610612747,MEM,LAL,Memphis Grizzlies,Los Angeles Lakers,MEM vs. LAL,LAL @ MEM,0,last_avg_15pct_current_momentum_85pct_plus_elo,0.85,0.15,20,0.47533582317073164,0.4896007012195122,-0.014264878048780572,0.35931237804878047,0.35517963414634146,0.004132743902439007,0.8024285670731707,0.7822941768292683,0.0201343902439024,121.42951219512194,114.28481707317073,7.144695121951216,46.09667682926829,42.16612804878049,3.930548780487797,28.4540243902439,26.075396341463417,2.3786280487804845,15.443201219512193,14.948689024390243,0.4945121951219509,3.2697560975609754,1.0453658536585366,2.224390243902439,3.2697560975609754,1.0453658536585366,2.224390243902439,0.6,0.6,0.0,1532.3047699898013,1588.4359147914442,-56.131144801642904
statline_pregame_svm,2025-26,22500025,2025-10-31,1610612756,1610612762,PHX,UTA,Phoenix Suns,Utah Jazz,PHX vs. UTA,UTA @ PHX,1,last_avg_15pct_current_momentum_85pct_plus_elo,0.85,0.15,20,0.4712895121951219,0.4588839634146342,0.012405548780487663,0.37088695121951215,0.35001890243902445,0.020868048780487702,0.8065006707317074,0.7901238414634147,0.016376829268292648,114.12728658536585,114.33140243902439,-0.20411585365853568,42.554146341463415,46.44914634146342,-3.895000000000003,27.47753048780488,26.285243902439024,1.1922865853658564,14.855518292682927,17.43719512195122,-2.581676829268293,-4.4875,-6.818414634146341,2.3309146341463416,-4.4875,-6.818414634146341,2.3309146341463416,0.2,0.5,-0.3,1421.038135941658,1314.7451140862377,106.29302185542042
statline_pregame_svm,2025-26,22500026,2025-10-31,1610612757,1610612743,POR,DEN,Portland Trail Blazers,Denver Nuggets,POR vs. DEN,DEN @ POR,1,last_avg_15pct_current_momentum_85pct_plus_elo,0.85,0.15,20,0.45102780487804883,0.5105154268292683,-0.05948762195121948,0.344554512195122,0.3773034756097561,-0.03274896341463407,0.783340457317073,0.7920112804878048,-0.008670823170731756,113.59106707317073,122.03006097560976,-8.438993902439023,44.05253048780487,45.95743902439024,-1.904908536585367,24.568841463414632,31.1275,-6.558658536585369,16.311189024390245,14.255060975609757,2.0561280487804883,-1.280792682926829,5.90640243902439,-7.187195121951219,-1.280792682926829,5.90640243902439,-7.187195121951219,0.6,0.75,-0.15000000000000002,1508.1896982250953,1587.8975169572986,-79.70781873220335
statline_pregame_svm,2025-26,22500027,2025-10-31,1610612746,1610612740,LAC,NOP,Los Angeles Clippers,New Orleans Pelicans,LAC vs. NOP,NOP @ LAC,1,last_avg_15pct_current_momentum_85pct_plus_elo,0.85,0.15,20,0.4838884756097561,0.4435871341463415,0.04030134146341463,0.3739926829268293,0.33463603658536584,0.039356646341463464,0.8047509146341464,0.7491868292682927,0.055564085365853666,111.96378048780488,108.83829268292683,3.1254878048780483,43.827926829268286,43.12359756097561,0.7043292682926747,24.971707317073175,24.763414634146336,0.20829268292683878,15.49378048780488,14.621463414634148,0.8723170731707324,3.6115853658536583,-11.054268292682929,14.665853658536587,3.6115853658536583,-11.054268292682929,14.665853658536587,0.5,0.0,0.5,1604.9106890482442,1321.9096108860754,283.0010781621688
statline_pregame_svm,2025-26,22500142,2025-11-01,1610612749,1610612758,MIL,SAC,Milwaukee Bucks,Sacramento Kings,MIL vs. SAC,SAC @ MIL,0,last_avg_15pct_current_momentum_85pct_plus_elo,0.85,0.15,20,0.4936226829268293,0.47824051829268294,0.015382164634146378,0.3894421341463415,0.3579494817073171,0.03149265243902438,0.741913262195122,0.7903236585365853,-0.04841039634146327,116.8483536585366,114.72621951219512,2.1221341463414802,42.90560975609757,42.751158536585365,0.15445121951220386,25.724146341463413,26.057835365853663,-0.3336890243902495,13.680213414634146,13.41969512195122,0.26051829268292614,3.3945426829268293,-0.8579573170731707,4.2524999999999995,3.3945426829268293,-0.8579573170731707,4.2524999999999995,0.8,0.2,0.6000000000000001,1604.6844489768782,1466.818768534689,137.86568044218916
statline_pregame_svm,2025-26,22500143,2025-11-01,1610612766,1610612750,CHA,MIN,Charlotte Hornets,Minnesota Timberwolves,CHA vs. MIN,MIN @ CHA,0,last_avg_15pct_current_momentum_85pct_plus_elo,0.85,0.15,20,0.44464658536585366,0.4715902743902439,-0.02694368902439026,0.351188262195122,0.3801505182926829,-0.028962256097560923,0.7766804878048781,0.7856935975609755,-0.00901310975609737,109.11432926829268,114.27298780487804,-5.158658536585364,45.32365853658536,43.399695121951225,1.9239634146341373,25.227195121951222,25.373536585365855,-0.1463414634146325,15.81875,14.704939024390244,1.1138109756097556,-7.258932926829267,2.9175,-10.176432926829268,-7.258932926829267,2.9175,-10.176432926829268,0.4,0.4,0.0,1294.7352368677416,1579.124882875536,-284.38964600779445
statline_pregame_svm,2025-26,22500144,2025-11-01,1610612754,1610612744,IND,GSW,Indiana Pacers,Golden State Warriors,IND vs. GSW,GSW @ IND,1,last_avg_15pct_current_momentum_85pct_plus_elo,0.85,0.15,20,0.4685215243902439,0.45700359756097564,0.011517926829268277,0.35550844512195123,0.37208884146341464,-0.01658039634146341,0.7734223475609757,0.7775749390243902,-0.004152591463414512,116.26810975609754,115.12054878048781,1.1475609756097356,43.523048780487805,44.38914634146341,-0.8660975609756036,27.832073170731704,28.860182926829264,-1.0281097560975603,13.366158536585365,14.886341463414633,-1.5201829268292677,-0.6650304878048781,3.227134146341463,-3.892164634146341,-0.6650304878048781,3.227134146341463,-3.892164634146341,0.0,0.6666666666666666,-0.6666666666666666,1552.8249635604138,1594.450758698477,-41.62579513806327
statline_pregame_svm,2025-26,22500145,2025-11-01,1610612764,1610612753,WAS,ORL,Washington Wizards,Orlando Magic,WAS vs. ORL,ORL @ WAS,0,last_avg_15pct_current_momentum_85pct_plus_elo,0.85,0.15,20,0.4437614329268293,0.45352280487804875,-0.009761371951219455,0.3444982926829268,0.31845176829268285,0.026046524390243964,0.7648362804878048,0.7668451219512193,-0.0020088414634145124,110.21,107.99548780487804,2.214512195121955,44.73740853658536,42.56189024390243,2.1755182926829306,25.416829268292688,22.839085365853656,2.577743902439032,15.824268292682927,14.834451219512193,0.9898170731707339,-12.048231707317074,-1.2383536585365853,-10.809878048780488,-12.048231707317074,-1.2383536585365853,-10.809878048780488,0.2,0.3333333333333333,-0.1333333333333333,1305.8906072103534,1473.406321706592,-167.51571449623862
statline_pregame_svm,2025-26,22500146,2025-11-01,1610612738,1610612745,BOS,HOU,Boston Celtics,Houston Rockets,BOS vs. HOU,HOU @ BOS,0,last_avg_15pct_current_momentum_85pct_plus_elo,0.85,0.15,20,0.4583308536585365,0.4619012195121952,-0.003570365853658719,0.35779201219512197,0.3635803658536586,-0.005788353658536638,0.7885328658536584,0.7543731707317073,0.03415969512195116,115.51987804878047,116.58042682926829,-1.0605487804878209,45.19371951219512,48.257134146341464,-3.0634146341463406,25.0890243902439,23.70841463414634,1.3806097560975594,11.857560975609754,14.333902439024392,-2.476341463414638,8.316768292682926,5.487621951219512,2.8291463414634146,8.316768292682926,5.487621951219512,2.8291463414634146,0.5,0.5,0.0,1642.6532654277692,1574.0628683512389,68.59039707653028
statline_pregame_svm,2025-26,22500148,2025-11-02,1610612760,1610612740,OKC,NOP,Oklahoma City Thunder,New Orleans Pelicans,OKC vs. NOP,NOP @ OKC,1,last_avg_15pct_current_momentum_85pct_plus_elo,0.85,0.15,20,0.47516951219512193,0.4448424390243903,0.030327073170731633,0.3531240243902439,0.34063475609756094,0.012489268292682931,0.8288113414634146,0.7553628048780487,0.07344853658536588,120.2875,109.4405487804878,10.846951219512192,45.85646341463415,43.09768292682926,2.7587804878048914,26.083475609756096,24.855152439024387,1.2283231707317093,11.833536585365852,14.636493902439025,-2.8029573170731723,11.965060975609756,-10.738628048780487,22.703689024390243,11.965060975609756,-10.738628048780487,22.703689024390243,1.0,0.0,1.0,1759.3976301363784,1318.6304964117046,440.76713372467384
statline_pregame_svm,2025-26,22500149,2025-11-02,1610612751,1610612755,BKN,PHI,Brooklyn Nets,Philadelphia 76ers,BKN vs. PHI,PHI @ BKN,0,last_avg_15pct_current_momentum_85pct_plus_elo,0.85,0.15,20,0.44182786585365846,0.45804896341463414,-0.016221097560975672,0.344573506097561,0.3560421341463415,-0.011468628048780516,0.7941773475609755,0.7841513719512196,0.010025975609755822,106.95643292682927,112.88018292682926,-5.923749999999998,40.77259146341463,40.43173780487805,0.3408536585365809,24.99734756097561,23.78155487804878,1.2157926829268284,15.304451219512195,13.617286585365852,1.6871646341463435,-8.573932926829269,-4.0149695121951225,-4.558963414634146,-8.573932926829269,-4.0149695121951225,-4.558963414634146,0.0,0.8,-0.8,1325.8678609543012,1359.3933653325369,-33.52550437823561
statline_pregame_svm,2025-26,22500150,2025-11-02,1610612766,1610612762,CHA,UTA,Charlotte Hornets,Utah Jazz,CHA vs. UTA,UTA @ CHA,1,last_avg_15pct_current_momentum_85pct_plus_elo,0.85,0.15,20,0.4431186585365853,0.45543524390243906,-0.012316585365853783,0.3491394512195122,0.3487910670731708,0.00034838414634136283,0.7813430487804878,0.7890768902439025,-0.007733841463414715,109.11018292682927,113.65606707317073,-4.545884146341464,45.315365853658534,46.559024390243906,-1.2436585365853716,25.171219512195123,26.177957317073165,-1.0067378048780427,15.754999999999999,17.597865853658536,-1.8428658536585374,-7.594268292682926,-7.35640243902439,-0.23786585365853607,-7.594268292682926,-7.35640243902439,-0.23786585365853607,0.3333333333333333,0.4,-0.06666666666666671,1291.4779769180316,1307.7124675057391,-16.23449058770757
statline_pregame_svm,2025-26,22500151,2025-11-02,1610612739,1610612737,CLE,ATL,Cleveland Cavaliers,Atlanta Hawks,CLE vs. ATL,ATL @ CLE,1,last_avg_15pct_current_momentum_85pct_plus_elo,0.85,0.15,20,0.48134865853658526,0.47320835365853664,0.008140304878048621,0.3752317682926829,0.3528379268292683,0.02239384146341461,0.7599851219512194,0.7681262195121952,-0.008141097560975807,119.82957317073169,117.66878048780487,2.160792682926825,44.19481707317073,43.989999999999995,0.20481707317073727,27.30768292682927,29.308597560975606,-2.000914634146337,13.952865853658535,14.668170731707315,-0.7153048780487801,6.8497560975609755,-1.397439024390244,8.247195121951219,6.8497560975609755,-1.397439024390244,8.247195121951219,0.5,0.5,0.0,1634.3696195043606,1493.0959747927527,141.27364471160786
statline_pregame_svm,2025-26,22500152,2025-11-02,1610612761,1610612763,TOR,MEM,Toronto Raptors,Memphis Grizzlies,TOR vs. MEM,MEM @ TOR,1,last_avg_15pct_current_momentum_85pct_plus_elo,0.85,0.15,20,0.4705678658536585,0.4736892073170731,-0.003121341463414584,0.36148146341463405,0.35697798780487805,0.0045034756097560025,0.7456695121951218,0.804685731707317,-0.05901621951219527,113.15256097560973,121.01695121951217,-7.8643902439024345,43.305853658536584,45.873292682926824,-2.5674390243902394,28.867256097560972,28.436402439024388,0.4308536585365843,15.41530487804878,15.244695121951217,0.17060975609756213,-4.090548780487804,2.8509756097560977,-6.941524390243902,-4.090548780487804,2.8509756097560977,-6.941524390243902,0.3333333333333333,0.5,-0.16666666666666669,1414.1577484086754,1523.9064432366897,-109.74869482801432
statline_pregame_svm,2025-26,22500153,2025-11-02,1610612752,1610612741,NYK,CHI,New York Knicks,Chicago Bulls,NYK vs. CHI,CHI @ NYK,1,last_avg_15pct_current_momentum_85pct_plus_elo,0.85,0.15,20,0.4733957012195122,0.47743097560975617,-0.004035274390243981,0.36197496951219515,0.3754103353658536,-0.013435365853658454,0.8057779878048781,0.803577987804878,0.0022000000000000908,115.27463414634147,118.86634146341464,-3.5917073170731726,43.656493902439024,46.054756097560976,-2.3982621951219514,26.704146341463414,29.388018292682926,-2.683871951219512,13.636280487804878,14.995701219512192,-1.3594207317073135,2.801829268292683,0.6407317073170732,2.16109756097561,2.801829268292683,0.6407317073170732,2.16109756097561,0.4,1.0,-0.6,1556.81238405678,1565.0273992926684,-8.215015235888359
statline_pregame_svm,2025-26,22500154,2025-11-02,1610612756,1610612759,PHX,SAS,Phoenix Suns,San Antonio Spurs,PHX vs. SAS,SAS @ PHX,1,last_avg_15pct_current_momentum_85pct_plus_elo,0.85,0.15,20,0.4710469512195121,0.4757860365853658,-0.004739085365853657,0.36990219512195116,0.3651040243902438,0.004798170731707352,0.8075248170731706,0.7641545426829268,0.04337027439024377,114.31335365853658,114.83487804878047,-0.5215243902438829,42.61841463414634,44.84570121951219,-2.227286585365853,27.572378048780486,27.81939024390244,-0.24701219512195394,14.76792682926829,14.371463414634148,0.3964634146341428,-3.425,0.8895731707317076,-4.314573170731707,-3.425,0.8895731707317076,-4.314573170731707,0.3333333333333333,1.0,-0.6666666666666667,1428.0707825221566,1475.62831333786,-47.55753081570333
statline_pregame_svm,2025-26,22500155,2025-11-02,1610612747,1610612748,LAL,MIA,Los Angeles Lakers,Miami Heat,LAL vs. MIA,MIA @ LAL,1,last_avg_15pct_current_momentum_85pct_plus_elo,0.85,0.15,20,0.4910171951219512,0.47125896341463414,0.019758231707317053,0.3542114634146341,0.37698390243902435,-0.022772439024390245,0.7822832926829267,0.7981854878048781,-0.015902195121951346,114.43823170731707,113.74307926829268,0.6951524390243975,42.06298780487805,44.02981707317073,-1.9668292682926847,25.990914634146343,27.0915243902439,-1.1006097560975583,14.992743902439022,14.098475609756097,0.8942682926829253,1.2060365853658535,2.864268292682927,-1.6582317073170734,1.2060365853658535,2.864268292682927,-1.6582317073170734,0.6666666666666666,0.6,0.06666666666666665,1596.8342415445559,1457.3416880272982,139.49255351725765
statline_pregame_svm,2025-26,22500156,2025-11-03,1610612751,1610612750,BKN,MIN,Brooklyn Nets,Minnesota Timberwolves,BKN vs. MIN,MIN @ BKN,0,last_avg_15pct_current_momentum_85pct_plus_elo,0.85,0.15,20,0.4414360365853658,0.4745689024390244,-0.0331328658536586,0.3376309756097561,0.38418542682926826,-0.04655445121951218,0.7934906097560974,0.7855381097560974,0.007952500000000029,106.95176829268293,114.6005487804878,-7.648780487804871,40.88713414634146,43.13121951219512,-2.244085365853664,24.820609756097557,25.580853658536583,-0.7602439024390257,15.46719512195122,14.515243902439023,0.9519512195121962,-9.291768292682926,3.4274999999999998,-12.719268292682926,-9.291768292682926,3.4274999999999998,-12.719268292682926,0.0,0.5,-0.5,1316.8298187530124,1582.382142825246,-265.55232407223366
statline_pregame_svm,2025-26,22500157,2025-11-03,1610612754,1610612749,IND,MIL,Indiana Pacers,Milwaukee Bucks,IND vs. MIL,MIL @ IND,0,last_avg_15pct_current_momentum_85pct_plus_elo,0.85,0.15,20,0.4668464024390243,0.49827176829268294,-0.03142536585365863,0.35279621951219514,0.3928939634146341,-0.040097743902438976,0.7762631097560976,0.7376119512195122,0.038651158536585406,116.12506097560973,117.59158536585366,-1.4665243902439329,43.74280487804878,42.63506097560976,1.1077439024390188,27.60920731707317,25.915914634146343,1.6932926829268276,13.315365853658536,13.579146341463414,-0.26378048780487795,-0.5473780487804873,3.2043292682926827,-3.75170731707317,-0.5473780487804873,3.2043292682926827,-3.75170731707317,0.16666666666666666,0.6666666666666666,-0.5,1564.0173504840757,1590.9122930442095,-26.894942560133813
statline_pregame_svm,2025-26,22500158,2025-11-03,1610612738,1610612762,BOS,UTA,Boston Celtics,Utah Jazz,BOS vs. UTA,UTA @ BOS,0,last_avg_15pct_current_momentum_85pct_plus_elo,0.85,0.15,20,0.45513817073170726,0.4534315243902439,0.001706646341463336,0.3556214024390244,0.3431007317073171,0.012520670731707317,0.7970033231707317,0.7913449390243902,0.005658384146341566,114.87097560975609,113.27823170731705,1.5927439024390395,44.797743902439024,46.24390243902439,-1.446158536585365,24.997804878048782,26.24067073170731,-1.2428658536585289,11.77826219512195,17.333536585365852,-5.555274390243902,6.782103658536585,-7.93689024390244,14.718993902439024,6.782103658536585,-7.93689024390244,14.718993902439024,0.42857142857142855,0.3333333333333333,0.09523809523809523,1630.704329021653,1297.2455410815146,333.45878794013834
statline_pregame_svm,2025-26,22500159,2025-11-03,1610612752,1610612764,NYK,WAS,New York Knicks,Washington Wizards,NYK vs. WAS,WAS @ NYK,1,last_avg_15pct_current_momentum_85pct_plus_elo,0.85,0.15,20,0.4719646951219512,0.4420142682926829,0.029950426829268295,0.3666401219512195,0.3444993292682927,0.02214079268292679,0.8142230487804878,0.7519048780487805,0.06231817073170731,115.79396341463413,109.615,6.17896341463414,43.841524390243904,44.580365853658535,-0.7388414634146301,26.85341463414634,25.157682926829267,1.6957317073170728,13.539878048780485,15.885426829268292,-2.345548780487807,3.1376829268292683,-12.837073170731706,15.974756097560974,3.1376829268292683,-12.837073170731706,15.974756097560974,0.5,0.16666666666666666,0.33333333333333337,1567.0487871481919,1300.3702372922305,266.67854985596136
statline_pregame_svm,2025-26,22500160,2025-11-03,1610612745,1610612742,HOU,DAL,Houston Rockets,Dallas Mavericks,HOU vs. DAL,DAL @ HOU,1,last_avg_15pct_current_momentum_85pct_plus_elo,0.85,0.15,20,0.4657210365853659,0.47021621951219505,-0.0044951829268291554,0.37643506097560975,0.3541761585365853,0.022258902439024453,0.7532546951219512,0.7718259146341462,-0.01857121951219498,117.16298780487804,112.65786585365852,4.505121951219522,48.44993902439024,43.12134146341462,5.328597560975616,23.991402439024384,24.714207317073168,-0.7228048780487839,14.593567073170732,14.707256097560975,-0.11368902439024353,6.4433536585365845,-3.0153658536585364,9.45871951219512,6.4433536585365845,-3.0153658536585364,9.45871951219512,0.6,0.3333333333333333,0.26666666666666666,1586.011804757355,1439.9693811930217,146.04242356433338
statline_pregame_svm,2025-26,22500161,2025-11-03,1610612763,1610612765,MEM,DET,Memphis Grizzlies,Detroit Pistons,MEM vs. DET,DET @ MEM,0,last_avg_15pct_current_momentum_85pct_plus_elo,0.85,0.15,20,0.47187259146341454,0.47012993902439026,0.0017426524390242726,0.3547710975609756,0.35806798780487803,-0.0032968902439024506,0.8072828963414634,0.7626062195121951,0.04467667682926835,120.26439024390243,115.66999999999999,4.594390243902438,45.60740853658537,45.668292682926825,-0.06088414634145778,28.248780487804876,26.257317073170732,1.9914634146341434,15.131189024390242,14.985060975609755,0.14612804878048635,2.092195121951219,2.097317073170731,-0.005121951219511978,2.092195121951219,2.097317073170731,-0.005121951219511978,0.42857142857142855,0.6666666666666666,-0.23809523809523808,1510.8486552817214,1550.855062827822,-40.00640754610049
statline_pregame_svm,2025-26,22500162,2025-11-03,1610612743,1610612758,DEN,SAC,Denver Nuggets,Sacramento Kings,DEN vs. SAC,SAC @ DEN,1,last_avg_15pct_current_momentum_85pct_plus_elo,0.85,0.15,20,0.5093979878048781,0.4798529268292683,0.029545060975609827,0.37149807926829265,0.3579945731707317,0.013503506097560958,0.793482713414634,0.7932053658536584,0.0002773475609756382,121.44542682926829,115.54512195121951,5.900304878048772,45.9683231707317,42.48786585365853,3.480457317073167,30.6175,26.208658536585364,4.408841463414635,14.456676829268293,13.27871951219512,1.1779573170731723,5.65606707317073,-0.7931707317073171,6.449237804878047,5.65606707317073,-0.7931707317073171,6.449237804878047,0.6,0.3333333333333333,0.26666666666666666,1575.6427611516522,1480.5909244673578,95.05183668429436
statline_pregame_svm,2025-26,22500163,2025-11-03,1610612757,1610612747,POR,LAL,Portland Trail Blazers,Los Angeles Lakers,POR vs. LAL,LAL @ POR,0,last_avg_15pct_current_momentum_85pct_plus_elo,0.85,0.15,20,0.4495962804878049,0.4920936890243902,-0.04249740853658529,0.3419744512195122,0.35256329268292685,-0.010588841463414655,0.7812356707317072,0.7838874085365853,-0.0026517378048781515,113.51073170731706,115.1441463414634,-1.6334146341463338,43.97737804878048,42.002347560975615,1.9750304878048652,24.66213414634146,26.28893292682927,-1.6267987804878068,16.185243902439023,14.909298780487802,1.2759451219512208,-1.0693292682926832,1.5792073170731706,-2.6485365853658536,-1.0693292682926832,1.5792073170731706,-2.6485365853658536,0.6666666666666666,0.7142857142857143,-0.04761904761904767,1520.4444540307418,1603.0219943763534,-82.57754034561162
statline_pregame_svm,2025-26,22500164,2025-11-03,1610612746,1610612748,LAC,MIA,Los Angeles Clippers,Miami Heat,LAC vs. MIA,MIA @ LAC,0,last_avg_15pct_current_momentum_85pct_plus_elo,0.85,0.15,20,0.48532932926829264,0.47321914634146334,0.012110182926829305,0.3743212804878049,0.37284689024390244,0.0014743902439024459,0.8093901524390243,0.7938380487804877,0.015552103658536653,112.52146341463413,114.14268292682925,-1.6212195121951254,43.53923780487805,43.97073170731707,-0.43149390243902275,25.091951219512197,27.201402439024385,-2.109451219512188,15.371463414634148,14.15859756097561,1.2128658536585384,3.4985975609756093,2.415426829268292,1.0831707317073174,3.4985975609756093,2.415426829268292,1.0831707317073174,0.6,0.5,0.09999999999999998,1608.189803522615,1451.1539351955007,157.03586832711426
statline_pregame_svm,2025-26,22500165,2025-11-04,1610612761,1610612749,TOR,MIL,Toronto Raptors,Milwaukee Bucks,TOR vs. MIL,MIL @ TOR,1,last_avg_15pct_current_momentum_85pct_plus_elo,0.85,0.15,20,0.4725358231707317,0.4977783536585367,-0.025242530487805004,0.3592382926829268,0.3945182926829269,-0.03528000000000009,0.7480464024390244,0.7310156402439025,0.017030762195121896,113.41326219512194,117.65481707317073,-4.241554878048788,43.470670731707315,42.61951219512195,0.8511585365853662,29.014451219512193,25.852682926829267,3.1617682926829254,15.443810975609756,13.775579268292685,1.6682317073170712,-3.3556097560975613,3.184115853658536,-6.539725609756097,-3.3556097560975613,3.184115853658536,-6.539725609756097,0.42857142857142855,0.7142857142857143,-0.28571428571428575,1427.2155363636437,1600.1397368816304,-172.92420051798672
statline_pregame_svm,2025-26,22500166,2025-11-04,1610612737,1610612753,ATL,ORL,Atlanta Hawks,Orlando Magic,ATL vs. ORL,ORL @ ATL,1,last_avg_15pct_current_momentum_85pct_plus_elo,0.85,0.15,20,0.47458442073170737,0.4562925609756098,0.018291859756097595,0.3487553353658536,0.31914835365853655,0.02960698170731707,0.765583993902439,0.7705327743902439,-0.0049487804878048935,117.27850609756098,108.82734756097561,8.451158536585368,44.05375,43.03612804878048,1.0176219512195175,29.24121951219512,23.221067073170733,6.020152439024386,14.985884146341462,14.953140243902437,0.03274390243902481,-1.6892378048780488,0.0843292682926829,-1.7735670731707316,-1.6892378048780488,0.0843292682926829,-1.7735670731707316,0.42857142857142855,0.42857142857142855,0.0,1486.9519497423817,1478.926691624715,8.02525811766668
statline_pregame_svm,2025-26,22500167,2025-11-04,1610612741,1610612755,CHI,PHI,Chicago Bulls,Philadelphia 76ers,CHI vs. PHI,PHI @ CHI,1,last_avg_15pct_current_momentum_85pct_plus_elo,0.85,0.15,20,0.4780010975609756,0.46085914634146335,0.01714195121951223,0.37781365853658533,0.3574964634146341,0.020317195121951237,0.8039480487804876,0.785912012195122,0.018036036585365678,118.78963414634147,113.70426829268291,5.085365853658558,46.06097560975609,40.6105487804878,5.450426829268295,29.342926829268293,24.241280487804875,5.101646341463418,14.967195121951217,13.675853658536584,1.2913414634146338,0.19707317073170733,-2.7301219512195116,2.927195121951219,0.19707317073170733,-2.7301219512195116,2.927195121951219,0.8333333333333334,0.8333333333333334,0.0,1554.7909962012566,1368.4314075338257,186.3595886674309
statline_pregame_svm,2025-26,22500168,2025-11-04,1610612740,1610612766,NOP,CHA,New Orleans Pelicans,Charlotte Hornets,NOP vs. CHA,CHA @ NOP,1,last_avg_15pct_current_momentum_85pct_plus_elo,0.85,0.15,20,0.444227743902439,0.4455857317073171,-0.001357987804878058,0.3429784756097561,0.3526156402439024,-0.009637164634146322,0.7499787804878049,0.7907231097560976,-0.040744329268292745,109.27780487804877,109.99853658536585,-0.7207317073170856,42.85926829268292,45.34957317073171,-2.4903048780487893,24.861890243902437,25.455243902439026,-0.5933536585365893,14.736524390243902,15.733749999999999,-0.9972256097560965,-11.655487804878048,-6.229603658536584,-5.425884146341463,-11.655487804878048,-6.229603658536584,-5.425884146341463,0.0,0.42857142857142855,-0.42857142857142855,1317.1647549203292,1301.944903342256,15.219851578073076
statline_pregame_svm,2025-26,22500169,2025-11-04,1610612744,1610612756,GSW,PHX,Golden State Warriors,Phoenix Suns,GSW vs. PHX,PHX @ GSW,1,last_avg_15pct_current_momentum_85pct_plus_elo,0.85,0.15,20,0.45621371951219514,0.4754368902439024,-0.019223170731707262,0.3682617682926829,0.3783524390243902,-0.010090670731707274,0.782095487804878,0.8098664634146341,-0.027770975609756055,114.91685975609758,115.00942073170731,-0.09256097560972876,44.330579268292674,42.47018292682927,1.8603963414634066,28.68603658536585,27.837225609756096,0.848810975609755,14.969268292682928,15.020335365853658,-0.05106707317072967,2.874176829268292,-2.7874999999999996,5.661676829268291,2.874176829268292,-2.7874999999999996,5.661676829268291,0.5714285714285714,0.42857142857142855,0.14285714285714285,1583.2583717748153,1439.4311129111468,143.82725886366848
statline_pregame_svm,2025-26,22500170,2025-11-04,1610612746,1610612760,LAC,OKC,Los Angeles Clippers,Oklahoma City Thunder,LAC vs. OKC,OKC @ LAC,0,last_avg_15pct_current_momentum_85pct_plus_elo,0.85,0.15,20,0.4860476829268292,0.4784814024390244,0.007566280487804833,0.3759248780487805,0.35496655487804873,0.020958323170731763,0.8068893902439024,0.8316142682926829,-0.02472487804878054,112.78164634146339,120.98875,-8.20710365853661,43.548048780487804,45.738292682926826,-2.190243902439022,25.084695121951214,26.344695121951222,-1.2600000000000087,15.631646341463414,11.887957317073171,3.7436890243902425,3.2581097560975607,12.73576219512195,-9.47765243902439,3.2581097560975607,12.73576219512195,-9.47765243902439,0.5,1.0,-0.5,1593.9545058098101,1760.8633716277538,-166.9088658179437
statline_pregame_svm,2025-26,22500171,2025-11-05,1610612739,1610612755,CLE,PHI,Cleveland Cavaliers,Philadelphia 76ers,CLE vs. PHI,PHI @ CLE,1,last_avg_15pct_current_momentum_85pct_plus_elo,0.85,0.15,20,0.47797198170731703,0.4596318292682926,0.018340152439024426,0.3738033536585366,0.35861079268292684,0.015192560975609781,0.7673065243902438,0.7880551524390245,-0.020748628048780637,119.61966463414635,113.76335365853659,5.856310975609759,44.13521341463415,40.61935975609756,3.5158536585365923,27.388536585365856,24.191006097560976,3.1975304878048796,14.157073170731707,13.776920731707316,0.3801524390243909,6.784451219512195,-2.5502743902439025,9.334725609756097,6.784451219512195,-2.5502743902439025,9.334725609756097,0.5714285714285714,0.7142857142857143,-0.1428571428571429,1640.5136445547316,1363.3338819575686,277.17976259716306
statline_pregame_svm,2025-26,22500172,2025-11-05,1610612765,1610612762,DET,UTA,Detroit Pistons,Utah Jazz,DET vs. UTA,UTA @ DET,1,last_avg_15pct_current_momentum_85pct_plus_elo,0.85,0.15,20,0.47135673780487797,0.45325530487804877,0.018101432926829197,0.3563923475609756,0.3404278963414635,0.01596445121951212,0.759235243902439,0.792422987804878,-0.03318774390243895,115.60625,112.98539634146341,2.620853658536589,45.593658536585366,46.651280487804875,-1.0576219512195095,26.112713414634147,26.133384146341463,-0.020670731707316037,14.948262195121949,17.40920731707317,-2.460945121951223,2.356463414634146,-7.454878048780488,9.811341463414633,2.356463414634146,-7.454878048780488,9.811341463414633,0.7142857142857143,0.42857142857142855,0.28571428571428575,1559.7086481520128,1314.6872905440587,245.0213576079541
statline_pregame_svm,2025-26,22500173,2025-11-05,1610612754,1610612751,IND,BKN,Indiana Pacers,Brooklyn Nets,IND vs. BKN,BKN @ IND,0,last_avg_15pct_current_momentum_85pct_plus_elo,0.85,0.15,20,0.4644912804878048,0.4399817073170731,0.024509573170731713,0.347491493902439,0.3358309451219512,0.011660548780487778,0.7751088719512196,0.7880863719512194,-0.012977499999999864,116.02451219512193,107.11710365853658,8.90740853658535,43.877560975609754,40.83167682926829,3.0458841463414643,27.38634146341463,24.81387195121951,2.57246951219512,13.264573170731706,15.332439024390242,-2.0678658536585353,-0.7272256097560972,-9.669603658536586,8.942378048780489,-0.7272256097560972,-9.669603658536586,8.942378048780489,0.14285714285714285,0.0,0.14285714285714285,1554.7899066466548,1313.2659696344044,241.52393701225037
statline_pregame_svm,2025-26,22500174,2025-11-05,1610612738,1610612764,BOS,WAS,Boston Celtics,Washington Wizards,BOS vs. WAS,WAS @ BOS,1,last_avg_15pct_current_momentum_85pct_plus_elo,0.85,0.15,20,0.453135487804878,0.4432846036585366,0.009850884146341388,0.3491157926829268,0.34611536585365854,0.0030004268292682656,0.7977387804878049,0.7481959756097561,0.04954280487804874,114.3070731707317,109.36,4.947073170731699,44.401768292682924,44.59332317073171,-0.1915548780487839,24.779085365853657,25.366036585365855,-0.5869512195121978,11.698963414634145,16.074085365853655,-4.37512195121951,6.309939024390244,-13.030914634146342,19.340853658536584,6.309939024390244,-13.030914634146342,19.340853658536584,0.375,0.14285714285714285,0.23214285714285715,1613.2625795591089,1296.825336198755,316.43724336035393
statline_pregame_svm,2025-26,22500175,2025-11-05,1610612752,1610612750,NYK,MIN,New York Knicks,Minnesota Timberwolves,NYK vs. MIN,MIN @ NYK,1,last_avg_15pct_current_momentum_85pct_plus_elo,0.85,0.15,20,0.47117118902439026,0.4785675304878049,-0.0073963414634146685,0.36663027439024387,0.38516033536585365,-0.018530060975609774,0.8141681097560975,0.7799001219512194,0.034267987804878164,115.93079268292684,115.05560975609755,0.8751829268292823,44.111554878048786,43.500243902439024,0.6113109756097614,27.04518292682927,25.873170731707315,1.1720121951219546,13.485975609756096,14.623048780487805,-1.1370731707317088,3.6860365853658537,3.895,-0.20896341463414636,3.6860365853658537,3.895,-0.20896341463414636,0.5714285714285714,0.5714285714285714,0.0,1570.5936882416675,1585.945991943854,-15.352303702186646
statline_pregame_svm,2025-26,22500176,2025-11-05,1610612763,1610612745,MEM,HOU,Memphis Grizzlies,Houston Rockets,MEM vs. HOU,HOU @ MEM,0,last_avg_15pct_current_momentum_85pct_plus_elo,0.85,0.15,20,0.468568475609756,0.46597085365853663,0.0025976219512193754,0.3537117073170732,0.37318225609756095,-0.019470548780487762,0.8111550609756096,0.7501387195121951,0.0610163414634145,119.59682926829267,116.98054878048778,2.616280487804886,45.6815243902439,48.68524390243901,-3.0037195121951115,28.103658536585364,23.976890243902435,4.126768292682929,15.31518292682927,14.725731707317074,0.5894512195121955,1.5459146341463412,6.591585365853658,-5.045670731707316,1.5459146341463412,6.591585365853658,-5.045670731707316,0.375,0.6666666666666666,-0.29166666666666663,1501.9950699575306,1592.0396037924352,-90.04453383490454
statline_pregame_svm,2025-26,22500177,2025-11-05,1610612742,1610612740,DAL,NOP,Dallas Mavericks,New Orleans Pelicans,DAL vs. NOP,NOP @ DAL,0,last_avg_15pct_current_momentum_85pct_plus_elo,0.85,0.15,20,0.468906493902439,0.44531304878048783,0.023593445121951162,0.34939698170731703,0.3473196951219512,0.002077286585365823,0.7668326829268293,0.747102256097561,0.01973042682926829,112.1395731707317,109.54006097560976,2.5995121951219318,42.99176829268292,42.663353658536586,0.3284146341463341,24.91634146341463,24.911128048780487,0.0052134146341416,14.748201219512195,14.666554878048782,0.08164634146341321,-3.304573170731707,-11.08484756097561,7.780274390243903,-3.304573170731707,-11.08484756097561,7.780274390243903,0.2857142857142857,0.14285714285714285,0.14285714285714285,1433.9415821579416,1326.7269723756312,107.21460978231039
statline_pregame_svm,2025-26,22500178,2025-11-05,1610612743,1610612748,DEN,MIA,Denver Nuggets,Miami Heat,DEN vs. MIA,MIA @ DEN,1,last_avg_15pct_current_momentum_85pct_plus_elo,0.85,0.15,20,0.5097255487804878,0.4764543292682926,0.033271219512195194,0.3689226829268292,0.3775073780487805,-0.008584695121951258,0.7925741463414633,0.7918706097560975,0.000703536585365816,121.8382926829268,114.54228658536586,7.296006097560948,45.724207317073166,43.69914634146341,2.0250609756097546,30.702499999999997,27.481280487804874,3.2212195121951233,14.19079268292683,14.261219512195122,-0.07042682926829258,5.745731707317072,2.4340853658536585,3.311646341463413,5.745731707317072,2.4340853658536585,3.311646341463413,0.6666666666666666,0.5714285714285714,0.09523809523809523,1582.9732214404135,1465.3892329083055,117.58398853210792
statline_pregame_svm,2025-26,22500179,2025-11-05,1610612747,1610612759,LAL,SAS,Los Angeles Lakers,San Antonio Spurs,LAL vs. SAS,SAS @ LAL,1,last_avg_15pct_current_momentum_85pct_plus_elo,0.85,0.15,20,0.4966976829268293,0.4754833536585366,0.021214329268292698,0.3536776219512195,0.3602839024390243,-0.0066062804878048165,0.7875740243902438,0.7644743292682926,0.023099695121951203,115.55256097560977,115.00798780487804,0.5445731707317236,41.644207317073175,44.73219512195122,-3.087987804878047,26.416951219512196,27.49493902439024,-1.0779878048780454,15.038353658536582,14.376646341463415,0.6617073170731675,1.8673780487804876,0.496707317073171,1.3706707317073166,1.8673780487804876,0.496707317073171,1.3706707317073166,0.75,0.8333333333333334,-0.08333333333333337,1610.6889880337815,1464.2679829488698,146.4210050849117
statline_pregame_svm,2025-26,22500180,2025-11-05,1610612757,1610612760,POR,OKC,Portland Trail Blazers,Oklahoma City Thunder,POR vs. OKC,OKC @ POR,1,last_avg_15pct_current_momentum_85pct_plus_elo,0.85,0.15,20,0.451394756097561,0.48022079268292683,-0.02882603658536581,0.3369718902439024,0.35923158536585365,-0.02225969512195125,0.7801083841463414,0.8315696951219512,-0.0514613109756098,113.68539634146342,121.2225,-7.53710365853658,43.689725609756096,45.535121951219516,-1.8453963414634202,24.627926829268294,26.39341463414634,-1.7654878048780454,16.271798780487806,11.857378048780488,4.4144207317073185,-1.2828658536585367,12.996463414634146,-14.279329268292683,-1.2828658536585367,12.996463414634146,-14.279329268292683,0.5714285714285714,1.0,-0.4285714285714286,1512.7774603733137,1766.3977139538474,-253.6202535805337
statline_pregame_svm,2025-26,22500181,2025-11-05,1610612758,1610612744,SAC,GSW,Sacramento Kings,Golden State Warriors,SAC vs. GSW,GSW @ SAC,1,last_avg_15pct_current_momentum_85pct_plus_elo,0.85,0.15,20,0.4816778353658537,0.45801634146341463,0.023661493902439046,0.35701966463414636,0.37204219512195125,-0.015022530487804886,0.7945995731707316,0.7860210365853659,0.00857853658536567,115.89652439024391,115.09567073170734,0.8008536585365675,42.60707317073171,44.05951219512195,-1.4524390243902374,26.231981707317075,28.85189024390244,-2.6199085365853634,13.350243902439024,15.05219512195122,-1.7019512195121962,-1.0683841463414634,3.2012195121951215,-4.269603658536585,-1.0683841463414634,3.2012195121951215,-4.269603658536585,0.2857142857142857,0.625,-0.3392857142857143,1473.2604641785965,1589.3400040714046,-116.07953989280804
statline_pregame_svm,2025-26,22500182,2025-11-06,1610612756,1610612746,PHX,LAC,Phoenix Suns,Los Angeles Clippers,PHX vs. LAC,LAC @ PHX,1,last_avg_15pct_current_momentum_85pct_plus_elo,0.85,0.15,20,0.47379182926829266,0.48306853658536586,-0.009276707317073196,0.37779268292682927,0.3776984756097561,9.420731707315833e-05,0.8153531097560975,0.8092761280487805,0.006076981707317075,114.72798780487805,112.53182926829268,2.196158536585372,42.61945121951219,43.47185975609756,-0.8524085365853651,27.719573170731707,25.11993902439024,2.599634146341465,15.145243902439024,15.806829268292685,-0.6615853658536608,-3.1274999999999995,2.252621951219512,-5.380121951219511,-3.1274999999999995,2.252621951219512,-5.380121951219511,0.375,0.42857142857142855,-0.05357142857142855,1433.3494806145575,1588.4201634837166,-155.0706828691591
statline_pregame_svm,2025-26,22500028,2025-11-07,1610612753,1610612738,ORL,BOS,Orlando Magic,Boston Celtics,ORL vs. BOS,BOS @ ORL,1,last_avg_15pct_current_momentum_85pct_plus_elo,0.85,0.15,20,0.4557898170731708,0.4567003048780488,-0.000910487804878013,0.3194624390243902,0.3500051829268293,-0.030542743902439107,0.7748579268292684,0.7960942378048781,-0.02123631097560974,109.10670731707316,115.14567073170731,-6.0389634146341535,43.00036585365853,44.17579268292683,-1.1754268292683037,23.348048780487805,24.985365853658536,-1.6373170731707312,15.156829268292682,11.49216463414634,3.6646646341463427,-0.5479878048780488,7.155274390243902,-7.703262195121951,-0.5479878048780488,7.155274390243902,-7.703262195121951,0.375,0.4444444444444444,-0.06944444444444442,1469.1576360496138,1616.0475172923238,-146.8898812427101
statline_pregame_svm,2025-26,22500029,2025-11-07,1610612764,1610612739,WAS,CLE,Washington Wizards,Cleveland Cavaliers,WAS vs. CLE,CLE @ WAS,0,last_avg_15pct_current_momentum_85pct_plus_elo,0.85,0.15,20,0.44536243902439027,0.47973780487804873,-0.03437536585365847,0.34611640243902436,0.3748399390243903,-0.028723536585365916,0.7469095731707316,0.7745004268292681,-0.02759085365853653,109.3175,120.04725609756099,-10.729756097560994,44.43628048780487,43.650609756097566,0.785670731707306,25.36189024390244,27.59689024390244,-2.2349999999999994,16.220243902439023,14.233780487804879,1.9864634146341444,-13.734756097560973,6.846646341463415,-20.581402439024387,-13.734756097560973,6.846646341463415,-20.581402439024387,0.125,0.625,-0.5,1294.04039846554,1643.8856642006208,-349.84526573508083
statline_pregame_svm,2025-26,22500030,2025-11-07,1610612737,1610612761,ATL,TOR,Atlanta Hawks,Toronto Raptors,ATL vs. TOR,TOR @ ATL,0,last_avg_15pct_current_momentum_85pct_plus_elo,0.85,0.15,20,0.47808548780487803,0.4735687804878049,0.004516707317073154,0.351982743902439,0.3633701219512195,-0.011387378048780483,0.767121768292683,0.7501257926829268,0.016995975609756186,117.65323170731708,114.14146341463415,3.5117682926829303,43.6075,43.67798780487804,-0.07048780487804152,28.961341463414634,29.204146341463414,-0.24280487804877993,15.17609756097561,15.217317073170731,-0.041219512195121766,-1.0035365853658536,-1.9831707317073173,0.9796341463414637,-1.0035365853658536,-1.9831707317073173,0.9796341463414637,0.5,0.5,0.0,1496.7210053174829,1441.8187254025524,54.90227991493043
statline_pregame_svm,2025-26,22500031,2025-11-07,1610612751,1610612765,BKN,DET,Brooklyn Nets,Detroit Pistons,BKN vs. DET,DET @ BKN,0,last_avg_15pct_current_momentum_85pct_plus_elo,0.85,0.15,20,0.4391648780487804,0.47211603658536583,-0.03295115853658542,0.33615591463414635,0.35658670731707315,-0.0204307926829268,0.7862946341463414,0.7516567682926829,0.03463786585365847,107.40993902439024,115.5425,-8.132560975609763,40.988719512195125,45.90152439024391,-4.912804878048782,24.849634146341465,26.010609756097562,-1.1609756097560968,15.282682926829267,14.868963414634145,0.41371951219512226,-8.984939024390243,2.743109756097561,-11.728048780487804,-8.984939024390243,2.743109756097561,-11.728048780487804,0.125,0.75,-0.625,1329.278847431031,1563.6318900257595,-234.35304259472855
statline_pregame_svm,2025-26,22500032,2025-11-07,1610612759,1610612745,SAS,HOU,San Antonio Spurs,Houston Rockets,SAS vs. HOU,HOU @ SAS,1,last_avg_15pct_current_momentum_85pct_plus_elo,0.85,0.15,20,0.47632817073170736,0.4668156707317073,0.009512500000000035,0.3618387804878049,0.3766019512195122,-0.014763170731707298,0.7644541158536586,0.754077743902439,0.010376371951219654,115.09609756097561,117.39310975609756,-2.297012195121951,44.44868902439025,48.9205487804878,-4.471859756097551,27.212987804878047,24.217378048780485,2.9956097560975614,14.594329268292682,14.687896341463414,-0.09356707317073187,0.5288414634146341,7.0373170731707315,-6.508475609756097,0.5288414634146341,7.0373170731707315,-6.508475609756097,0.7142857142857143,0.7142857142857143,0.0,1458.2493571081375,1599.5044227155977,-141.2550656074602
statline_pregame_svm,2025-26,22500033,2025-11-07,1610612748,1610612766,MIA,CHA,Miami Heat,Charlotte Hornets,MIA vs. CHA,CHA @ MIA,1,last_avg_15pct_current_momentum_85pct_plus_elo,0.85,0.15,20,0.47543951219512187,0.4475003048780487,0.027939207317073167,0.3762603658536585,0.35281932926829274,0.023441036585365782,0.7954281707317072,0.7894781707317073,0.0059499999999999,114.60189024390245,110.29189024390244,4.310000000000002,43.470060975609755,45.511280487804875,-2.04121951219512,27.463658536585363,25.27176829268293,2.191890243902435,14.321341463414633,15.924999999999999,-1.6036585365853657,1.9852439024390245,-6.012439024390243,7.997682926829268,1.9852439024390245,-6.012439024390243,7.997682926829268,0.5,0.375,0.125,1458.6500184159643,1292.382685886954,166.26733252901022
statline_pregame_svm,2025-26,22500034,2025-11-07,1610612763,1610612742,MEM,DAL,Memphis Grizzlies,Dallas Mavericks,MEM vs. DAL,DAL @ MEM,1,last_avg_15pct_current_momentum_85pct_plus_elo,0.85,0.15,20,0.4644143597560976,0.46619426829268285,-0.001779908536585273,0.3523123170731708,0.34729530487804877,0.005017012195122017,0.8116272256097561,0.7660894512195121,0.04553777439024398,119.05676829268292,111.49378048780487,7.562987804878048,45.67064024390243,43.03219512195122,2.6384451219512144,27.958536585365852,24.60847560975609,3.350060975609761,15.286676829268291,14.789146341463415,0.49753048780487674,0.7021341463414632,-3.3387804878048777,4.040914634146341,0.7021341463414632,-3.3387804878048777,4.040914634146341,0.3333333333333333,0.25,0.08333333333333331,1494.5302510343681,1420.9500580009947,73.58019303337346
statline_pregame_svm,2025-26,22500035,2025-11-07,1610612749,1610612741,MIL,CHI,Milwaukee Bucks,Chicago Bulls,MIL vs. CHI,CHI @ MIL,1,last_avg_15pct_current_momentum_85pct_plus_elo,0.85,0.15,20,0.49528743902439026,0.47806121951219516,0.017226219512195107,0.3903201219512195,0.378389481707317,0.011930640243902502,0.7296468292682927,0.8035531097560975,-0.07390628048780479,116.99554878048781,118.58542682926829,-1.5898780487804771,42.51896341463415,46.152195121951216,-3.6332317073170657,25.8744512195122,29.21283536585366,-3.338384146341461,13.84451219512195,15.108689024390241,-1.2641768292682904,1.8889024390243903,0.3484146341463412,1.540487804878049,1.8889024390243903,0.3484146341463412,1.540487804878049,0.625,0.8571428571428571,-0.2321428571428571,1585.5365478427216,1559.8885217775137,25.648026065207887
statline_pregame_svm,2025-26,22500036,2025-11-07,1610612750,1610612762,MIN,UTA,Minnesota Timberwolves,Utah Jazz,MIN vs. UTA,UTA @ MIN,1,last_avg_15pct_current_momentum_85pct_plus_elo,0.85,0.15,20,0.4790811585365854,0.45018908536585367,0.028892073170731725,0.38932274390243904,0.33852006097560977,0.05080268292682927,0.7838246341463414,0.7961360365853658,-0.0123114024390244,115.04317073170732,112.60756097560974,2.435609756097577,42.93426829268292,46.59115853658536,-3.6568902439024384,26.03798780487805,26.068597560975608,-0.030609756097558005,14.730853658536585,17.314878048780486,-2.5840243902439006,2.705,-7.525365853658537,10.230365853658537,2.705,-7.525365853658537,10.230365853658537,0.5,0.375,0.125,1575.5044044906283,1310.764048670312,264.7403558203164
statline_pregame_svm,2025-26,22500037,2025-11-07,1610612743,1610612744,DEN,GSW,Denver Nuggets,Golden State Warriors,DEN vs. GSW,GSW @ DEN,1,last_avg_15pct_current_momentum_85pct_plus_elo,0.85,0.15,20,0.5062706097560976,0.45790646341463426,0.048364146341463354,0.3646047865853659,0.3734001219512195,-0.00879533536585364,0.7977430792682927,0.7889265853658536,0.008816493902439104,121.89115853658535,115.18948170731707,6.70167682926828,46.37259146341463,44.00094512195122,2.3716463414634106,30.787499999999998,28.805243902439024,1.982256097560974,14.307408536585365,15.262621951219511,-0.9552134146341462,6.005396341463415,2.848262195121951,3.157134146341464,6.005396341463415,2.848262195121951,3.157134146341464,0.7142857142857143,0.5555555555555556,0.15873015873015872,1589.7124359327547,1576.1179704210942,13.594465511660474
statline_pregame_svm,2025-26,22500038,2025-11-07,1610612758,1610612760,SAC,OKC,Sacramento Kings,Oklahoma City Thunder,SAC vs. OKC,OKC @ SAC,0,last_avg_15pct_current_momentum_85pct_plus_elo,0.85,0.15,20,0.482312743902439,0.47749768292682937,0.004815060975609631,0.36220725609756094,0.36013911585365854,0.0020681402439023944,0.7963337804878048,0.8351376219512195,-0.03880384146341476,116.12042682926828,121.15875000000001,-5.038323170731729,42.72628048780487,45.7569512195122,-3.030670731707332,26.255304878048783,26.272134146341465,-0.01682926829268183,13.464268292682926,11.996798780487806,1.4674695121951196,-0.8760975609756099,12.364664634146342,-13.240762195121953,-0.8760975609756099,12.364664634146342,-13.240762195121953,0.375,0.8888888888888888,-0.5138888888888888,1486.4824978289068,1750.1671964671314,-263.6846986382245
statline_pregame_svm,2025-26,22500183,2025-11-08,1610612764,1610612742,WAS,DAL,Washington Wizards,Dallas Mavericks,WAS vs. DAL,DAL @ WAS,0,last_avg_15pct_current_momentum_85pct_plus_elo,0.85,0.15,20,0.4458677743902439,0.46654204268292687,-0.020674268292682985,0.34751993902439027,0.34277112804878046,0.004748810975609807,0.7474081707317073,0.7600337195121951,-0.012625548780487827,109.61500000000001,111.06048780487805,-1.4454878048780415,44.44923780487805,43.07262195121952,1.3766158536585351,25.65524390243903,24.59810975609756,1.0571341463414683,16.408902439024388,14.957591463414635,1.4513109756097524,-14.608597560975609,-3.8829878048780486,-10.72560975609756,-14.608597560975609,-3.8829878048780486,-10.72560975609756,0.1111111111111111,0.2222222222222222,-0.1111111111111111,1291.6853143271649,1413.0367620790182,-121.35144775185336
statline_pregame_svm,2025-26,22500184,2025-11-08,1610612755,1610612761,PHI,TOR,Philadelphia 76ers,Toronto Raptors,PHI vs. TOR,TOR @ PHI,1,last_avg_15pct_current_momentum_85pct_plus_elo,0.85,0.15,20,0.46108201219512196,0.47132923780487807,-0.010247225609756105,0.36057512195121955,0.3619344512195122,-0.0013593292682926306,0.7845457926829269,0.7576026829268293,0.026943109756097594,114.24743902439023,114.06216463414633,0.18527439024390446,40.75567073170731,43.80030487804878,-3.0446341463414655,24.310731707317075,28.968841463414634,-4.658109756097559,14.005487804878047,15.118323170731708,-1.1128353658536607,-2.7529268292682922,-1.2907317073170734,-1.4621951219512188,-2.7529268292682922,-1.2907317073170734,-1.4621951219512188,0.625,0.5555555555555556,0.06944444444444442,1359.9618623116794,1453.3859170405328,-93.42405472885343
statline_pregame_svm,2025-26,22500185,2025-11-08,1610612737,1610612747,ATL,LAL,Atlanta Hawks,Los Angeles Lakers,ATL vs. LAL,LAL @ ATL,1,last_avg_15pct_current_momentum_85pct_plus_elo,0.85,0.15,20,0.47257655487804884,0.49526667682926834,-0.0226901219512195,0.3468801524390244,0.3519019512195122,-0.005021798780487752,0.7749070426829269,0.7869256402439024,-0.012018597560975564,116.75295731707317,115.7484756097561,1.004481707317069,44.01125,41.456067073170736,2.5551829268292607,28.723963414634145,26.28996951219512,2.433993902439024,15.323810975609756,15.039908536585365,0.2839024390243914,-1.4653353658536588,1.900548780487805,-3.3658841463414637,-1.4653353658536588,1.900548780487805,-3.3658841463414637,0.4444444444444444,0.7777777777777778,-0.33333333333333337,1485.1538136795025,1616.7076138745138,-131.55380019501126
statline_pregame_svm,2025-26,22500186,2025-11-08,1610612739,1610612741,CLE,CHI,Cleveland Cavaliers,Chicago Bulls,CLE vs. CHI,CHI @ CLE,1,last_avg_15pct_current_momentum_85pct_plus_elo,0.85,0.15,20,0.4789536280487805,0.47884384146341463,0.0001097865853658675,0.37736402439024397,0.3756078048780488,0.0017562195121951785,0.7745968292682927,0.8010331707317072,-0.02643634146341456,121.15484756097561,118.25371951219513,2.9011280487804783,44.14350609756098,46.11591463414634,-1.9724085365853625,27.847743902439024,29.422743902439024,-1.5749999999999993,14.097987804878048,15.080182926829266,-0.9821951219512179,7.843841463414635,-0.2652439024390243,8.109085365853659,7.843841463414635,-0.2652439024390243,8.109085365853659,0.6666666666666666,0.75,-0.08333333333333337,1646.240748338996,1550.6253932594038,95.61535507959206
statline_pregame_svm,2025-26,22500187,2025-11-08,1610612748,1610612757,MIA,POR,Miami Heat,Portland Trail Blazers,MIA vs. POR,POR @ MIA,1,last_avg_15pct_current_momentum_85pct_plus_elo,0.85,0.15,20,0.47752719512195124,0.4495807317073171,0.027946463414634137,0.3787533536585366,0.3411918292682926,0.03756152439024396,0.798008231707317,0.7876935975609756,0.010314634146341484,115.25649390243902,114.11506097560977,1.1414329268292533,43.1984756097561,43.86957317073171,-0.6710975609756105,27.658536585365855,24.63621951219512,3.0223170731707363,14.083963414634145,16.358353658536586,-2.2743902439024417,2.7264024390243904,-1.0714024390243901,3.7978048780487805,2.7264024390243904,-1.0714024390243901,3.7978048780487805,0.5555555555555556,0.625,-0.06944444444444442,1464.199155465896,1529.0079778600298,-64.80882239413381
statline_pregame_svm,2025-26,22500188,2025-11-08,1610612759,1610612740,SAS,NOP,San Antonio Spurs,New Orleans Pelicans,SAS vs. NOP,NOP @ SAS,1,last_avg_15pct_current_momentum_85pct_plus_elo,0.85,0.15,20,0.476067987804878,0.44431585365853654,0.03175213414634148,0.36364865853658535,0.3463909146341463,0.01725774390243906,0.7705964024390244,0.749708231707317,0.020888170731707345,115.39670731707318,109.16481707317072,6.2318902439024555,44.29268292682927,43.189939024390235,1.1027439024390375,27.271036585365856,24.577865853658533,2.6931707317073226,14.89701219512195,14.724085365853659,0.17292682926829173,1.1134756097560978,-10.599207317073171,11.712682926829268,1.1134756097560978,-10.599207317073171,11.712682926829268,0.75,0.25,0.5,1472.1048768082503,1339.7184965325782,132.38638027567208
statline_pregame_svm,2025-26,22500189,2025-11-08,1610612743,1610612754,DEN,IND,Denver Nuggets,Indiana Pacers,DEN vs. IND,IND @ DEN,1,last_avg_15pct_current_momentum_85pct_plus_elo,0.85,0.15,20,0.5085531707317074,0.46132865853658533,0.047224512195122026,0.3692118902439024,0.3472442682926829,0.021967621951219485,0.8006595121951219,0.7676646341463415,0.03299487804878043,122.2415243902439,115.41396341463414,6.827560975609757,46.1709756097561,44.479817073170736,1.6911585365853625,30.914999999999996,27.375975609756093,3.5390243902439025,14.084024390243902,13.468780487804878,0.6152439024390244,6.902560975609756,-1.2045731707317076,8.107134146341464,6.902560975609756,-1.2045731707317076,8.107134146341464,0.75,0.125,0.625,1599.3213553236521,1538.7770288500283,60.54432647362387
statline_pregame_svm,2025-26,22500190,2025-11-08,1610612746,1610612756,LAC,PHX,Los Angeles Clippers,Phoenix Suns,LAC vs. PHX,PHX @ LAC,0,last_avg_15pct_current_momentum_85pct_plus_elo,0.85,0.15,20,0.4813643902439024,0.47240176829268293,0.00896262195121944,0.37539207317073175,0.3782529268292683,-0.002860853658536555,0.8066053658536585,0.812297256097561,-0.0056918902439024865,112.06951219512194,114.78655487804879,-2.717042682926845,43.353170731707316,42.683719512195125,0.6694512195121902,25.07018292682927,27.686920731707318,-2.616737804878049,15.812012195121953,15.227652439024391,0.5843597560975624,1.5021341463414632,-2.4475,3.949634146341463,1.5021341463414632,-2.4475,3.949634146341463,0.375,0.4444444444444444,-0.06944444444444442,1574.2313932668626,1447.5382508314115,126.69314243545114
statline_pregame_svm,2025-26,22500191,2025-11-09,1610612749,1610612745,MIL,HOU,Milwaukee Bucks,Houston Rockets,MIL vs. HOU,HOU @ MIL,0,last_avg_15pct_current_momentum_85pct_plus_elo,0.85,0.15,20,0.49432652439024394,0.46698048780487805,0.027346036585365885,0.3912644512195122,0.3820616463414634,0.00920280487804881,0.730998018292683,0.7610767682926829,-0.030078749999999932,117.44128048780487,117.21067073170732,0.2306097560975502,42.92841463414635,48.60335365853658,-5.674939024390227,25.938719512195124,24.287865853658534,1.6508536585365903,13.743445121951218,15.117560975609756,-1.3741158536585374,2.463689024390244,6.378048780487805,-3.9143597560975607,2.463689024390244,6.378048780487805,-3.9143597560975607,0.6666666666666666,0.625,0.04166666666666663,1594.7996763608314,1585.6489030154848,9.150773345346579
statline_pregame_svm,2025-26,22500192,2025-11-09,1610612752,1610612751,NYK,BKN,New York Knicks,Brooklyn Nets,NYK vs. BKN,BKN @ NYK,1,last_avg_15pct_current_momentum_85pct_plus_elo,0.85,0.15,20,0.4733951829268293,0.4386030487804878,0.034792134146341525,0.3702754268292683,0.33733088414634144,0.03294454268292685,0.8178956707317073,0.7888803963414633,0.029015274390243984,116.83262195121952,107.4902743902439,9.342347560975625,44.424085365853664,40.50826219512195,3.915823170731713,27.2369512195122,24.885396341463416,2.351554878048784,13.517073170731706,15.487926829268291,-1.9708536585365852,4.489390243902439,-9.447774390243904,13.937164634146342,4.489390243902439,-9.447774390243904,13.937164634146342,0.625,0.1111111111111111,0.5138888888888888,1581.0352756948932,1325.1583150488489,255.87696064604438
statline_pregame_svm,2025-26,22500193,2025-11-09,1610612753,1610612738,ORL,BOS,Orlando Magic,Boston Celtics,ORL vs. BOS,BOS @ ORL,0,last_avg_15pct_current_momentum_85pct_plus_elo,0.85,0.15,20,0.45809207317073175,0.45627012195121947,0.0018219512195122856,0.32606652439024386,0.3492370731707317,-0.023170548780487854,0.7747205792682927,0.7913046951219512,-0.016584115853658488,109.85356707317072,114.87926829268291,-5.025701219512186,43.09210365853658,44.11981707317073,-1.0277134146341496,23.560030487804877,24.979146341463416,-1.419115853658539,15.190518292682928,11.582865853658534,3.6076524390243936,0.009695121951219503,6.215609756097561,-6.205914634146342,0.009695121951219503,6.215609756097561,-6.205914634146342,0.4444444444444444,0.4,0.0444444444444444,1483.1503602518994,1602.0547930900382,-118.90443283813875
statline_pregame_svm,2025-26,22500194,2025-11-09,1610612763,1610612760,MEM,OKC,Memphis Grizzlies,Oklahoma City Thunder,MEM vs. OKC,OKC @ MEM,0,last_avg_15pct_current_momentum_85pct_plus_elo,0.85,0.15,20,0.464510243902439,0.4798745731707317,-0.015364329268292676,0.3525279268292683,0.3600266463414634,-0.007498719512195107,0.8129918902439023,0.8375155487804877,-0.024523658536585446,118.89920731707316,121.6475,-2.748292682926831,45.44725609756097,46.06378048780488,-0.6165243902439101,27.898414634146338,26.278353658536588,1.62006097560975,15.258170731707317,11.96621951219512,3.291951219512196,1.0908536585365853,13.135365853658536,-12.04451219512195,1.0908536585365853,13.135365853658536,-12.04451219512195,0.4,0.9,-0.5,1502.4435469563446,1753.762641858731,-251.3190949023865
statline_pregame_svm,2025-26,22500195,2025-11-09,1610612755,1610612765,PHI,DET,Philadelphia 76ers,Detroit Pistons,PHI vs. DET,DET @ PHI,0,last_avg_15pct_current_momentum_85pct_plus_elo,0.85,0.15,20,0.4634246951219512,0.4763178353658537,-0.012893140243902479,0.3582469512195122,0.3510010670731707,0.00724588414634153,0.7846914329268293,0.7487107926829268,0.03598064024390246,115.1140243902439,115.94625,-0.832225609756108,41.35948170731707,45.95439024390244,-4.594908536585365,24.642957317073172,26.24850609756098,-1.6055487804878084,14.02155487804878,14.789664634146341,-0.7681097560975605,-2.063079268292683,3.4272560975609756,-5.4903353658536584,-2.063079268292683,3.4272560975609756,-5.4903353658536584,0.6666666666666666,0.7777777777777778,-0.11111111111111116,1372.5878353544342,1567.7524224079416,-195.16458705350738
statline_pregame_svm,2025-26,22500196,2025-11-09,1610612744,1610612754,GSW,IND,Golden State Warriors,Indiana Pacers,GSW vs. IND,IND @ GSW,1,last_avg_15pct_current_momentum_85pct_plus_elo,0.85,0.15,20,0.45660658536585375,0.4556585365853658,0.0009480487804879312,0.3704230487804878,0.3410895426829268,0.029333506097561024,0.7907271341463415,0.7665953963414635,0.024131737804878095,114.77329268292681,114.67591463414632,0.0973780487804845,44.027378048780484,44.52957317073171,-0.5021951219512246,28.75859756097561,26.983109756097562,1.775487804878047,15.175548780487805,13.375487804878047,1.8000609756097585,1.6453048780487802,-2.0219207317073167,3.667225609756097,1.6453048780487802,-2.0219207317073167,3.667225609756097,0.5,0.1111111111111111,0.3888888888888889,1566.5090510301968,1530.5022072090783,36.00684382111854
statline_pregame_svm,2025-26,22500197,2025-11-09,1610612758,1610612750,SAC,MIN,Sacramento Kings,Minnesota Timberwolves,SAC vs. MIN,MIN @ SAC,0,last_avg_15pct_current_momentum_85pct_plus_elo,0.85,0.15,20,0.4795051524390244,0.48324978658536594,-0.003744634146341519,0.36301734756097565,0.3933576524390244,-0.03034030487804873,0.7903754878048781,0.7817566463414634,0.00861884146341474,115.49432926829269,116.00823170731707,-0.5139024390243776,42.46298780487804,43.260792682926834,-0.7978048780487939,26.27862804878049,26.28780487804878,-0.009176829268291442,13.62079268292683,15.008658536585367,-1.3878658536585373,-2.213810975609756,4.1925,-6.406310975609756,-2.213810975609756,4.1925,-6.406310975609756,0.3333333333333333,0.5555555555555556,-0.22222222222222227,1482.8870524373071,1579.0819635987482,-96.19491116144104
statline_pregame_svm,2025-26,22500198,2025-11-10,1610612766,1610612747,CHA,LAL,Charlotte Hornets,Los Angeles Lakers,CHA vs. LAL,LAL @ CHA,0,last_avg_15pct_current_momentum_85pct_plus_elo,0.85,0.15,20,0.4453773780487805,0.49430317073170726,-0.04892579268292674,0.34936801829268294,0.3533987804878049,-0.00403076219512194,0.7941407317073171,0.7874247560975609,0.006715975609756231,110.41524390243903,115.26439024390243,-4.8491463414633955,46.01298780487805,41.6504268292683,4.362560975609753,25.17329268292683,26.16298780487805,-0.9896951219512182,16.03125,15.296463414634145,0.7347865853658551,-6.390274390243903,0.998719512195122,-7.388993902439025,-6.390274390243903,0.998719512195122,-7.388993902439025,0.3333333333333333,0.7,-0.36666666666666664,1286.8335488370224,1603.092336080724,-316.2587872437016
statline_pregame_svm,2025-26,22500199,2025-11-10,1610612765,1610612764,DET,WAS,Detroit Pistons,Washington Wizards,DET vs. WAS,WAS @ DET,1,last_avg_15pct_current_momentum_85pct_plus_elo,0.85,0.15,20,0.4762696341463415,0.44488560975609753,0.03138402439024396,0.35400042682926824,0.3467134756097561,0.007286951219512117,0.7463598170731707,0.7516042682926829,-0.005244451219512225,115.755,109.4875,6.267499999999998,45.624756097560976,44.46219512195122,1.1625609756097575,26.103902439024388,25.31109756097561,0.7928048780487771,14.837865853658535,16.512560975609755,-1.6746951219512205,3.47390243902439,-14.334939024390241,17.80884146341463,3.47390243902439,-14.334939024390241,17.80884146341463,0.8,0.1,0.7000000000000001,1572.6598320935311,1285.0426610958266,287.61717099770453
statline_pregame_svm,2025-26,22500200,2025-11-10,1610612753,1610612757,ORL,POR,Orlando Magic,Portland Trail Blazers,ORL vs. POR,POR @ ORL,1,last_avg_15pct_current_momentum_85pct_plus_elo,0.85,0.15,20,0.4582268292682926,0.4495092073170732,0.00871762195121939,0.3228531097560976,0.33831426829268296,-0.015461158536585362,0.781553231707317,0.7905188109756096,-0.008965579268292556,109.9204268292683,114.9697256097561,-5.049298780487803,43.09884146341463,44.38942073170732,-1.2905792682926887,23.47451219512195,24.857012195121953,-1.3825000000000038,15.30920731707317,16.529908536585367,-1.220701219512197,-0.1551219512195122,-1.1574390243902442,1.002317073170732,-0.1551219512195122,-1.1574390243902442,1.002317073170732,0.4,0.5555555555555556,-0.15555555555555556,1476.4450679863614,1517.1639681357253,-40.71890014936389
statline_pregame_svm,2025-26,22500201,2025-11-10,1610612748,1610612739,MIA,CLE,Miami Heat,Cleveland Cavaliers,MIA vs. CLE,CLE @ MIA,1,last_avg_15pct_current_momentum_85pct_plus_elo,0.85,0.15,20,0.47940237804878044,0.47884945121951217,0.0005529268292682743,0.3751688414634146,0.37674310975609754,-0.0015742682926829232,0.7972307926829268,0.772865731707317,0.024365060975609865,116.3360975609756,121.41243902439024,-5.076341463414636,43.35189024390244,43.87140243902439,-0.5195121951219548,28.10841463414634,28.01359756097561,0.09481707317072718,14.144085365853657,13.919695121951218,0.22439024390243922,2.9150609756097556,7.693536585365854,-4.778475609756098,2.9150609756097556,7.693536585365854,-4.778475609756098,0.6,0.7,-0.09999999999999998,1476.0431651902004,1653.556151660709,-177.51298647050862
statline_pregame_svm,2025-26,22500202,2025-11-10,1610612741,1610612759,CHI,SAS,Chicago Bulls,San Antonio Spurs,CHI vs. SAS,SAS @ CHI,0,last_avg_15pct_current_momentum_85pct_plus_elo,0.85,0.15,20,0.47805396341463413,0.47891030487804886,-0.0008563414634147337,0.3789886280487805,0.3633335365853659,0.015655091463414594,0.805610731707317,0.7754211890243903,0.03018954268292673,118.43201219512196,115.90981707317073,2.5221951219512277,46.24963414634146,44.264176829268294,1.9854573170731626,29.33515243902439,27.371585365853655,1.9635670731707364,15.051676829268292,14.81719512195122,0.2344817073170713,-0.4539024390243903,1.528109756097561,-1.9820121951219511,-0.4539024390243903,1.528109756097561,-1.9820121951219511,0.6666666666666666,0.7777777777777778,-0.11111111111111116,1543.3099899376907,1478.4687856009737,64.84120433671706
statline_pregame_svm,2025-26,22500203,2025-11-10,1610612742,1610612749,DAL,MIL,Dallas Mavericks,Milwaukee Bucks,DAL vs. MIL,MIL @ DAL,0,last_avg_15pct_current_momentum_85pct_plus_elo,0.85,0.15,20,0.46535981707317076,0.4972331097560976,-0.031873292682926824,0.33799195121951214,0.39382378048780486,-0.05583182926829272,0.7571654878048781,0.7240617073170731,0.033103780487805046,110.92469512195122,117.41951219512194,-6.494817073170722,43.4105487804878,42.23286585365854,1.177682926829263,24.630243902439023,25.91798780487805,-1.2877439024390256,14.913536585365854,13.727378048780487,1.186158536585367,-3.5771951219512195,2.0609756097560976,-5.6381707317073175,-3.5771951219512195,2.0609756097560976,-5.6381707317073175,0.3,0.6,-0.3,1419.6794153103565,1584.5363568169341,-164.85694150657764
statline_pregame_svm,2025-26,22500204,2025-11-10,1610612756,1610612740,PHX,NOP,Phoenix Suns,New Orleans Pelicans,PHX vs. NOP,NOP @ PHX,1,last_avg_15pct_current_momentum_85pct_plus_elo,0.85,0.15,20,0.4725417073170731,0.44544365853658535,0.02709804878048777,0.38011567073170727,0.3485221341463414,0.031593536585365845,0.8143414024390244,0.7527817073170733,0.06155969512195114,114.80262195121952,109.5545731707317,5.248048780487821,42.66298780487804,43.0365243902439,-0.373536585365855,27.781768292682926,24.627103658536583,3.154664634146343,15.225060975609756,14.611615853658536,0.6134451219512194,-1.8524999999999998,-10.496067073170732,8.643567073170733,-1.8524999999999998,-10.496067073170732,8.643567073170733,0.5,0.2222222222222222,0.2777777777777778,1461.0313028124767,1333.3545877398549,127.67671507262185
statline_pregame_svm,2025-26,22500205,2025-11-10,1610612762,1610612750,UTA,MIN,Utah Jazz,Minnesota Timberwolves,UTA vs. MIN,MIN @ UTA,0,last_avg_15pct_current_momentum_85pct_plus_elo,0.85,0.15,20,0.44661286585365856,0.48605841463414634,-0.03944554878048778,0.33333972560975617,0.39395006097560975,-0.060610335365853585,0.7938140853658536,0.7871686585365854,0.006645426829268275,111.9747256097561,117.27079268292682,-5.296067073170718,46.36103658536585,43.247317073170734,3.113719512195118,26.173810975609754,26.367621951219512,-0.19381097560975746,17.348048780487805,14.861463414634146,2.4865853658536583,-8.828353658536585,5.1275,-13.955853658536586,-8.828353658536585,5.1275,-13.955853658536586,0.3333333333333333,0.6,-0.26666666666666666,1307.186489562192,1586.3818951054536,-279.1954055432616
statline_pregame_svm,2025-26,22500206,2025-11-10,1610612746,1610612737,LAC,ATL,Los Angeles Clippers,Atlanta Hawks,LAC vs. ATL,ATL @ LAC,0,last_avg_15pct_current_momentum_85pct_plus_elo,0.85,0.15,20,0.483442743902439,0.47437762195121946,0.009065121951219557,0.3722356707317074,0.3491300609756097,0.023105609756097656,0.7987496036585365,0.7806523170731707,0.0180972865853658,111.64969512195123,116.91518292682926,-5.265487804878035,42.639481707317074,43.692499999999995,-1.0530182926829212,25.10542682926829,29.03908536585366,-3.9336585365853693,15.647195121951222,15.131524390243902,0.5156707317073206,0.8366463414634145,-0.5671341463414634,1.403780487804878,0.8366463414634145,-0.5671341463414634,1.403780487804878,0.3333333333333333,0.5,-0.16666666666666669,1560.7383412857973,1498.7690914732923,61.96924981250504
statline_pregame_svm,2025-26,22500207,2025-11-11,1610612751,1610612761,BKN,TOR,Brooklyn Nets,Toronto Raptors,BKN vs. TOR,TOR @ BKN,0,last_avg_15pct_current_momentum_85pct_plus_elo,0.85,0.15,20,0.43706371951219514,0.47117219512195124,-0.034108475609756106,0.3359983536585366,0.3649612804878048,-0.02896292682926821,0.7873861585365853,0.7593845731707316,0.02800158536585373,107.18810975609756,114.45036585365852,-7.2622560975609645,40.36780487804878,43.49762195121951,-3.1298170731707273,24.708658536585368,28.988536585365857,-4.279878048780489,15.650670731707315,14.934329268292682,0.7163414634146328,-10.675609756097561,-1.5332926829268292,-9.142317073170732,-10.675609756097561,-1.5332926829268292,-9.142317073170732,0.1,0.5,-0.4,1321.42841063156,1440.759943997778,-119.33153336621808
statline_pregame_svm,2025-26,22500208,2025-11-11,1610612752,1610612763,NYK,MEM,New York Knicks,Memphis Grizzlies,NYK vs. MEM,MEM @ NYK,1,last_avg_15pct_current_momentum_85pct_plus_elo,0.85,0.15,20,0.4756191768292683,0.4570028780487805,0.018616298780487817,0.3742180792682927,0.3553487865853658,0.01886929268292692,0.8181807317073172,0.8111010548780486,0.0070796768292685774,117.60695121951221,117.30939634146341,0.29755487804879976,44.56661585365854,45.78062195121951,-1.2140060975609686,27.38621951219512,28.31429268292683,-0.9280731707317109,13.548170731707318,15.076664634146344,-1.5284939024390258,5.845243902439025,-0.22042682926829293,6.065670731707318,5.845243902439025,-0.22042682926829293,6.065670731707318,0.6666666666666666,0.3,0.36666666666666664,1584.7651801121822,1498.633375549927,86.13180456225518
statline_pregame_svm,2025-26,22500209,2025-11-11,1610612755,1610612738,PHI,BOS,Philadelphia 76ers,Boston Celtics,PHI vs. BOS,BOS @ PHI,1,last_avg_15pct_current_momentum_85pct_plus_elo,0.85,0.15,20,0.4623248780487805,0.45651993902439025,0.005804939024390221,0.35923378048780485,0.35370496341463414,0.005528817073170711,0.7878545731707318,0.7826519024390244,0.005202670731707437,115.04560975609755,114.50661585365853,0.5389939024390173,41.53829268292682,43.95334146341463,-2.4150487804878082,24.59268292682927,25.14292682926829,-0.5502439024390213,14.29262195121951,11.69481707317073,2.5978048780487804,-1.925731707317073,6.1599451219512185,-8.08567682926829,-1.925731707317073,6.1599451219512185,-8.08567682926829,0.6,0.5,0.09999999999999998,1367.6804256688447,1608.7600853555762,-241.07965968673147
statline_pregame_svm,2025-26,22500210,2025-11-11,1610612760,1610612744,OKC,GSW,Oklahoma City Thunder,Golden State Warriors,OKC vs. GSW,GSW @ OKC,1,last_avg_15pct_current_momentum_85pct_plus_elo,0.85,0.15,20,0.4791872134146342,0.4545374573170732,0.024649756097561037,0.35786992682926827,0.3640544756097561,-0.006184548780487853,0.841512725609756,0.7849669329268292,0.05654579268292681,121.24799999999999,114.63760365853659,6.6103963414633995,46.79985975609756,44.35981097560976,2.4400487804877997,25.753323170731708,28.39745121951219,-2.644128048780484,11.710390243902438,14.867475609756097,-3.157085365853659,13.77006707317073,2.4610975609756096,11.308969512195121,13.77006707317073,2.4610975609756096,11.308969512195121,0.9,0.5,0.4,1757.5728132651486,1575.476385203178,182.09642806197053
statline_pregame_svm,2025-26,22500211,2025-11-11,1610612762,1610612754,UTA,IND,Utah Jazz,Indiana Pacers,UTA vs. IND,IND @ UTA,1,last_avg_15pct_current_momentum_85pct_plus_elo,0.85,0.15,20,0.44422664634146336,0.4493509146341463,-0.005124268292682921,0.3322393902439025,0.33748481707317074,-0.005245426829268263,0.7962946341463414,0.7639111585365854,0.03238347560975596,112.02189024390243,113.21536585365851,-1.193475609756078,46.55591463414634,45.00432926829268,1.5515853658536614,26.3640243902439,26.632743902439024,-0.2687195121951227,17.25371951219512,13.749695121951218,3.5040243902439006,-8.728841463414634,-3.434268292682926,-5.294573170731708,-8.728841463414634,-3.434268292682926,-5.294573170731708,0.3,0.1,0.19999999999999998,1303.8468738173462,1521.534873036097,-217.68799921875075
statline_pregame_svm,2025-26,22500212,2025-11-11,1610612758,1610612743,SAC,DEN,Sacramento Kings,Denver Nuggets,SAC vs. DEN,DEN @ SAC,0,last_avg_15pct_current_momentum_85pct_plus_elo,0.85,0.15,20,0.47801506097560975,0.5075632317073171,-0.029548170731707346,0.36692993902439025,0.36578649390243906,0.001143445121951192,0.7889646951219511,0.8029809451219512,-0.014016250000000063,115.54823170731707,122.08189024390244,-6.533658536585364,42.412195121951214,46.56435975609756,-4.152164634146345,26.216951219512197,30.9575,-4.740548780487803,13.819817073170732,14.24314024390244,-0.4233231707317078,-3.3815243902439027,7.459725609756097,-10.841249999999999,-3.3815243902439027,7.459725609756097,-10.841249999999999,0.3,0.7777777777777778,-0.4777777777777778,1475.5871209306017,1607.5961769646021,-132.00905603400042
statline_pregame_svm,2025-26,22500213,2025-11-12,1610612766,1610612749,CHA,MIL,Charlotte Hornets,Milwaukee Bucks,CHA vs. MIL,MIL @ CHA,1,last_avg_15pct_current_momentum_85pct_plus_elo,0.85,0.15,20,0.44920445121951225,0.49533719512195123,-0.04613274390243899,0.3550967073170732,0.3934931097560976,-0.03839640243902437,0.7996532926829268,0.7223613963414635,0.07729189634146338,110.66609756097562,116.81549390243902,-6.149396341463401,45.66469512195122,42.026067073170736,3.6386280487804825,25.32981707317073,25.633756097560976,-0.303939024390246,16.35,13.996060975609755,2.3539390243902467,-6.428109756097561,1.5052621951219511,-7.933371951219511,-6.428109756097561,1.5052621951219511,-7.933371951219511,0.3,0.6,-0.3,1284.0461476628068,1590.1181051188194,-306.07195745601257
statline_pregame_svm,2025-26,22500214,2025-11-12,1610612765,1610612741,DET,CHI,Detroit Pistons,Chicago Bulls,DET vs. CHI,CHI @ DET,1,last_avg_15pct_current_momentum_85pct_plus_elo,0.85,0.15,20,0.4747339329268293,0.4767965853658537,-0.0020626524390243706,0.35432653658536584,0.38122195121951213,-0.026895414634146297,0.7485988414634146,0.8063207926829268,-0.05772195121951218,116.99600000000001,118.39780487804877,-1.4018048780487646,46.506371951219506,46.21335365853658,0.29301829268292323,25.980548780487805,29.33256097560976,-3.3520121951219544,15.11556707317073,14.980670731707317,0.13489634146341345,3.911548780487805,-0.5575609756097561,4.469109756097561,3.911548780487805,-0.5575609756097561,4.469109756097561,0.9,0.6,0.30000000000000004,1575.8667477737702,1531.4650798940254,44.401667879744764
statline_pregame_svm,2025-26,22500215,2025-11-12,1610612752,1610612753,NYK,ORL,New York Knicks,Orlando Magic,NYK vs. ORL,ORL @ NYK,0,last_avg_15pct_current_momentum_85pct_plus_elo,0.85,0.15,20,0.4753356707317073,0.4585783353658537,0.01675733536585361,0.37565323170731707,0.3172596951219512,0.05839353658536589,0.8202507926829268,0.7831073841463414,0.037143408536585376,118.33878048780488,109.90228658536584,8.43649390243904,44.62414634146341,43.41157926829268,1.2125670731707316,27.705487804878047,23.660993902439024,4.044493902439022,13.621768292682926,15.325896341463414,-1.704128048780488,6.223597560975609,-0.2051890243902439,6.428786585365852,6.223597560975609,-0.2051890243902439,6.428786585365852,0.7,0.4,0.29999999999999993,1592.335675599931,1487.611715543607,104.7239600563239
statline_pregame_svm,2025-26,22500216,2025-11-12,1610612738,1610612763,BOS,MEM,Boston Celtics,Memphis Grizzlies,BOS vs. MEM,MEM @ BOS,1,last_avg_15pct_current_momentum_85pct_plus_elo,0.85,0.15,20,0.4540837560975609,0.460647512195122,-0.006563756097561102,0.3523588536585366,0.3584161463414634,-0.006057292682926818,0.7872336097560976,0.8100602195121951,-0.022826609756097516,114.60146341463414,117.21558536585366,-2.6141219512195164,44.64536585365854,45.79948780487804,-1.1541219512195013,25.25570731707317,28.662170731707317,-3.406463414634146,11.424268292682926,15.124658536585365,-3.7003902439024383,6.299780487804878,0.28729268292682963,6.012487804878049,6.299780487804878,0.28729268292682963,6.012487804878049,0.5,0.3,0.2,1592.75537794545,1491.0628800621782,101.6924978832717
statline_pregame_svm,2025-26,22500217,2025-11-12,1610612748,1610612739,MIA,CLE,Miami Heat,Cleveland Cavaliers,MIA vs. CLE,CLE @ MIA,0,last_avg_15pct_current_momentum_85pct_plus_elo,0.85,0.15,20,0.48005356097560975,0.4749245243902439,0.005129036585365843,0.37518407926829267,0.3717489451219512,0.0034351341463414453,0.8019996036585366,0.7747088841463414,0.027290719512195194,117.79820121951221,122.62203048780489,-4.823829268292684,43.768804878048776,45.027298780487804,-1.258493902439028,28.55829268292683,28.238951219512195,0.3193414634146343,13.966207317073172,13.75840243902439,0.20780487804878156,3.430969512195122,7.789731707317072,-4.35876219512195,3.430969512195122,7.789731707317072,-4.35876219512195,0.7,0.7,0.0,1490.749809096559,1638.8495077543505,-148.09969865779158
statline_pregame_svm,2025-26,22500218,2025-11-12,1610612745,1610612764,HOU,WAS,Houston Rockets,Washington Wizards,HOU vs. WAS,WAS @ HOU,1,last_avg_15pct_current_momentum_85pct_plus_elo,0.85,0.15,20,0.47029030487804885,0.4481279451219512,0.02216235975609765,0.38344134146341463,0.347619762195122,0.03582157926829266,0.7619982926829268,0.7585203658536585,0.0034779268292683962,117.53823170731708,110.3375,7.200731707317075,48.66865853658536,44.07140243902439,4.597256097560972,24.315853658536582,25.472701219512196,-1.1568475609756135,15.2922256097561,16.934969512195124,-1.6427439024390242,6.483780487804878,-14.010280487804879,20.494060975609756,6.483780487804878,-14.010280487804879,20.494060975609756,0.6666666666666666,0.1,0.5666666666666667,1595.9122225593821,1281.8357454155876,314.0764771437946
statline_pregame_svm,2025-26,22500219,2025-11-12,1610612740,1610612757,NOP,POR,New Orleans Pelicans,Portland Trail Blazers,NOP vs. POR,POR @ NOP,0,last_avg_15pct_current_momentum_85pct_plus_elo,0.85,0.15,20,0.44363896341463416,0.4491826829268293,-0.005543719512195122,0.3471683536585366,0.33909170731707317,0.008076646341463434,0.7535176829268293,0.7893065243902437,-0.035788841463414434,109.05182926829266,115.01689024390245,-5.965060975609788,42.883109756097554,44.10176829268292,-1.218658536585366,24.29384146341463,24.78030487804878,-0.48646341463415155,14.839146341463415,16.276463414634144,-1.4373170731707283,-11.072926829268292,-1.1584756097560975,-9.914451219512195,-11.072926829268292,-1.1584756097560975,-9.914451219512195,0.2,0.5,-0.3,1326.872470438201,1505.9973205784797,-179.1248501402788
statline_pregame_svm,2025-26,22500220,2025-11-12,1610612759,1610612744,SAS,GSW,San Antonio Spurs,Golden State Warriors,SAS vs. GSW,GSW @ SAS,0,last_avg_15pct_current_momentum_85pct_plus_elo,0.85,0.15,20,0.48086012195121947,0.4517968292682927,0.02906329268292679,0.3610209146341463,0.36353390243902434,-0.0025129878048780196,0.7786734756097562,0.789134731707317,-0.010461256097560767,116.21042682926827,112.92941463414635,3.2810121951219173,44.40567073170732,43.70624390243903,0.6994268292682904,27.429634146341463,27.82380487804878,-0.394170731707316,14.864878048780488,15.553902439024391,-0.6890243902439028,1.8152439024390243,0.8543902439024391,0.9608536585365852,1.8152439024390243,0.8543902439024391,0.9608536585365852,0.8,0.4,0.4,1490.313695644639,1570.2850875227946,-79.9713918781556
statline_pregame_svm,2025-26,22500221,2025-11-12,1610612742,1610612756,DAL,PHX,Dallas Mavericks,Phoenix Suns,DAL vs. PHX,PHX @ DAL,0,last_avg_15pct_current_momentum_85pct_plus_elo,0.85,0.15,20,0.46592434146341455,0.47314064634146336,-0.007216304878048807,0.3262895243902439,0.3873291646341463,-0.061039640243902404,0.7537022560975609,0.8176902987804877,-0.0639880426829268,111.62615243902437,114.96743902439025,-3.3412865853658786,44.1479756097561,42.30650609756098,1.8414695121951254,24.802628048780488,28.063615853658536,-3.2609878048780487,14.954481707317074,15.434969512195122,-0.48048780487804876,-2.36615243902439,-0.8494999999999997,-1.5166524390243905,-2.36615243902439,-0.8494999999999997,-1.5166524390243905,0.3,0.5,-0.2,1414.0976670084713,1467.5134201141307,-53.415753105659405
statline_pregame_svm,2025-26,22500222,2025-11-12,1610612760,1610612747,OKC,LAL,Oklahoma City Thunder,Los Angeles Lakers,OKC vs. LAL,LAL @ OKC,1,last_avg_15pct_current_momentum_85pct_plus_elo,0.85,0.15,20,0.48162785365853666,0.4936626646341464,-0.012034810975609711,0.36449370731707315,0.35735635975609753,0.007137347560975615,0.8413619024390244,0.7987018719512194,0.04266003048780498,120.551,116.01280487804877,4.538195121951233,45.96343902439025,41.43253658536585,4.530902439024395,26.265292682926827,26.274006097560978,-0.008713414634151206,12.015560975609755,15.009018292682924,-2.993457317073169,14.770268292682927,1.9116402439024391,12.858628048780487,14.770268292682927,1.9116402439024391,12.858628048780487,0.9,0.8,0.09999999999999998,1762.7641109455321,1605.8797372549395,156.8843736905926
statline_pregame_svm,2025-26,22500223,2025-11-12,1610612758,1610612737,SAC,ATL,Sacramento Kings,Atlanta Hawks,SAC vs. ATL,ATL @ SAC,0,last_avg_15pct_current_momentum_85pct_plus_elo,0.85,0.15,20,0.47706896951219513,0.47585568902439024,0.0012132804878048908,0.36466303048780485,0.3528249695121951,0.011838060975609743,0.7932659024390243,0.7782970914634146,0.014968810975609648,115.15588414634146,116.18065853658538,-1.0247743902439197,42.140402439024385,43.939,-1.7985975609756153,26.520774390243904,29.218207317073173,-2.6974329268292685,13.729841463414635,14.905237804878047,-1.1753963414634114,-4.234737804878049,0.5648170731707318,-4.799554878048781,-4.234737804878049,0.5648170731707318,-4.799554878048781,0.3,0.6,-0.3,1469.2137840067319,1510.5340334322557,-41.3202494255238
statline_pregame_svm,2025-26,22500224,2025-11-12,1610612746,1610612743,LAC,DEN,Los Angeles Clippers,Denver Nuggets,LAC vs. DEN,DEN @ LAC,0,last_avg_15pct_current_momentum_85pct_plus_elo,0.85,0.15,20,0.4815685975609756,0.5077632926829269,-0.026194695121951272,0.36963176829268296,0.3665260975609756,0.003105670731707366,0.7955263414634146,0.8032623780487804,-0.007736036585365813,111.18737804878049,122.13475609756097,-10.947378048780479,42.56329268292683,46.66024390243902,-4.096951219512192,24.843170731707318,30.66,-5.8168292682926825,15.524878048780488,14.189756097560975,1.335121951219513,0.5111585365853658,7.889390243902438,-7.378231707317073,0.5111585365853658,7.889390243902438,-7.378231707317073,0.3,0.8,-0.5,1548.973399326834,1613.969513888472,-64.99611456163802
statline_pregame_svm,2025-26,22500225,2025-11-13,1610612739,1610612761,CLE,TOR,Cleveland Cavaliers,Toronto Raptors,CLE vs. TOR,TOR @ CLE,0,last_avg_15pct_current_momentum_85pct_plus_elo,0.85,0.15,20,0.46811809756097567,0.4689071524390244,-0.0007890548780487561,0.3638987804878049,0.36727410975609753,-0.0033753292682926483,0.7813545365853657,0.7596067134146341,0.02174782317073154,122.6331219512195,113.92056707317073,8.712554878048763,45.65619512195122,43.14818902439024,2.5080060975609797,28.25180487804878,28.799981707317073,-0.5481768292682929,13.60560975609756,14.42733536585366,-0.8217256097560988,7.987926829268293,-1.7248536585365852,9.712780487804878,7.987926829268293,-1.7248536585365852,9.712780487804878,0.7,0.5,0.19999999999999996,1644.827554129425,1447.4542821750176,197.3732719544073
statline_pregame_svm,2025-26,22500226,2025-11-13,1610612756,1610612754,PHX,IND,Phoenix Suns,Indiana Pacers,PHX vs. IND,IND @ PHX,1,last_avg_15pct_current_momentum_85pct_plus_elo,0.85,0.15,20,0.4752865853658536,0.4467067926829268,0.02857979268292682,0.39131265853658537,0.3330555914634146,0.05825706707317074,0.8188971951219511,0.7681586707317073,0.050738524390243844,116.16075609756098,112.47306707317074,3.687689024390238,42.7490243902439,44.386835365853656,-1.637810975609753,28.498463414634145,26.74562804878049,1.752835365853656,15.253878048780486,13.524652439024388,1.7292256097560976,1.182,-4.842365853658537,6.024365853658537,1.182,-4.842365853658537,6.024365853658537,0.6,0.1,0.5,1475.9879910507439,1505.9781081145293,-29.99011706378542
statline_pregame_svm,2025-26,22500227,2025-11-13,1610612762,1610612737,UTA,ATL,Utah Jazz,Atlanta Hawks,UTA vs. ATL,ATL @ UTA,0,last_avg_15pct_current_momentum_85pct_plus_elo,0.85,0.15,20,0.4431281768292683,0.48085275609756095,-0.037724579268292646,0.3332598048780488,0.36003887804878043,-0.026779073170731638,0.8024811829268292,0.7821723658536587,0.02030881707317056,113.11030487804878,117.12063414634147,-4.010329268292693,46.62329268292683,44.142999999999994,2.4802926829268372,26.447987804878046,30.000829268292684,-3.5528414634146372,17.35064024390244,15.103951219512192,2.246689024390248,-8.527329268292682,2.1982682926829273,-10.72559756097561,-8.527329268292682,2.1982682926829273,-10.72559756097561,0.3,0.6,-0.3,1319.403638738914,1519.3503166917149,-199.94667795280088
statline_pregame_svm,2025-26,22500039,2025-11-14,1610612752,1610612748,NYK,MIA,New York Knicks,Miami Heat,NYK vs. MIA,MIA @ NYK,1,last_avg_15pct_current_momentum_85pct_plus_elo,0.85,0.15,20,0.4748099146341464,0.47828224390243906,-0.003472329268292662,0.3745383841463415,0.3720543170731707,0.0024840670731707815,0.8185001036585365,0.8062414146341463,0.012258689024390201,118.03360975609755,116.92280487804878,1.1108048780487678,44.3076768292683,43.14021951219512,1.1674573170731861,27.633756097560976,28.498170731707315,-0.864414634146339,13.657115853658537,14.05182926829268,-0.39471341463414333,5.2674512195121945,1.3458780487804878,3.9215731707317065,5.2674512195121945,1.3458780487804878,3.9215731707317065,0.6,0.6,0.0,1579.4095618635993,1484.7717627214845,94.63779914211477
statline_pregame_svm,2025-26,22500040,2025-11-14,1610612753,1610612751,ORL,BKN,Orlando Magic,Brooklyn Nets,ORL vs. BKN,BKN @ ORL,1,last_avg_15pct_current_momentum_85pct_plus_elo,0.85,0.15,20,0.4604513414634147,0.4347041402439024,0.025747201219512295,0.3210927804878049,0.33494207317073166,-0.013849292682926784,0.7937905365853657,0.7985484207317072,-0.0047578841463414845,111.17614634146341,107.02194512195123,4.154201219512174,43.75831707317072,40.18059756097561,3.5777195121951095,24.1279756097561,24.616920731707317,-0.4889451219512182,15.070585365853658,15.51166463414634,-0.4410792682926825,0.8582439024390244,-10.61144512195122,11.469689024390245,0.8582439024390244,-10.61144512195122,11.469689024390245,0.5,0.1,0.4,1500.5378292799387,1314.7340724543203,185.8037568256184
statline_pregame_svm,2025-26,22500041,2025-11-14,1610612765,1610612755,DET,PHI,Detroit Pistons,Philadelphia 76ers,DET vs. PHI,PHI @ DET,1,last_avg_15pct_current_momentum_85pct_plus_elo,0.85,0.15,20,0.47905473170731705,0.4616670609756097,0.017387670731707328,0.3547631463414634,0.3610323597560976,-0.0062692134146342116,0.7485513658536584,0.791888963414634,-0.04333759756097555,117.591,114.8879451219512,2.703054878048789,46.46148780487805,41.89985365853658,4.5616341463414685,26.14619512195122,24.780408536585366,1.3657865853658535,15.189268292682925,14.125939024390243,1.0633292682926818,4.451195121951219,-1.4483841463414628,5.8995792682926815,4.451195121951219,-1.4483841463414628,5.8995792682926815,0.9,0.6,0.30000000000000004,1584.595677394916,1383.685133078971,200.91054431594512
statline_pregame_svm,2025-26,22500042,2025-11-14,1610612745,1610612757,HOU,POR,Houston Rockets,Portland Trail Blazers,HOU vs. POR,POR @ HOU,1,last_avg_15pct_current_momentum_85pct_plus_elo,0.85,0.15,20,0.47351512195121953,0.45725415853658535,0.016260963414634177,0.3891135365853658,0.3406468963414634,0.048466640243902404,0.7601148170731706,0.7975207378048781,-0.037405920731707454,118.41829268292683,115.94380487804878,2.474487804878052,48.86146341463414,44.03511585365854,4.826347560975599,24.683841463414634,24.92459756097561,-0.2407560975609755,15.21189024390244,16.167518292682928,-0.955628048780488,7.269512195121951,-0.4157621951219511,7.685274390243903,7.269512195121951,-0.4157621951219511,7.685274390243903,0.7,0.6,0.09999999999999998,1598.7298966553633,1511.2546396984558,87.47525695690751
statline_pregame_svm,2025-26,22500043,2025-11-14,1610612749,1610612766,MIL,CHA,Milwaukee Bucks,Charlotte Hornets,MIL vs. CHA,CHA @ MIL,1,last_avg_15pct_current_momentum_85pct_plus_elo,0.85,0.15,20,0.4925317804878049,0.4467755243902439,0.045756256097560954,0.3965624390243902,0.3488446463414634,0.04771779268292681,0.7229985853658536,0.8089356036585366,-0.08593701829268297,115.8119756097561,110.0542012195122,5.75777439024391,41.037268292682924,45.711652439024384,-4.67438414634146,25.851024390243904,25.150591463414635,0.7004329268292686,13.542243902439022,16.388250000000003,-2.8460060975609807,0.5500487804878048,-6.533945121951219,7.0839939024390235,0.5500487804878048,-6.533945121951219,7.0839939024390235,0.5,0.3,0.2,1573.0491763474124,1301.1150764342137,271.9340999131987
statline_pregame_svm,2025-26,22500044,2025-11-14,1610612750,1610612758,MIN,SAC,Minnesota Timberwolves,Sacramento Kings,MIN vs. SAC,SAC @ MIN,1,last_avg_15pct_current_momentum_85pct_plus_elo,0.85,0.15,20,0.4869247926829268,0.47224687804878046,0.01467791463414636,0.3864292195121951,0.36142712195121945,0.025002097560975656,0.7933244207317073,0.7942946097560974,-0.0009701890243901667,117.66210365853658,114.84853658536585,2.8135670731707307,43.000091463414634,42.05560975609757,0.9444817073170668,26.579189024390242,26.47609756097561,0.10309146341463205,14.527268292682928,14.124365853658535,0.40290243902439293,5.2805,-6.396951219512195,11.677451219512195,5.2805,-6.396951219512195,11.677451219512195,0.6,0.2,0.39999999999999997,1589.7215108502994,1460.3975007472727,129.3240101030267
statline_pregame_svm,2025-26,22500045,2025-11-14,1610612740,1610612747,NOP,LAL,New Orleans Pelicans,Los Angeles Lakers,NOP vs. LAL,LAL @ NOP,0,last_avg_15pct_current_momentum_85pct_plus_elo,0.85,0.15,20,0.44341101829268287,0.48529565853658535,-0.04188464024390248,0.3456700731707317,0.35158143902439026,-0.00591136585365859,0.7605734085365853,0.7928174878048779,-0.03224407926829265,108.74033536585365,114.41521951219511,-5.674884146341455,42.24944512195122,41.54614634146342,0.703298780487799,24.51307926829268,25.943024390243902,-1.4299451219512207,14.624676829268292,15.512073170731707,-0.8873963414634147,-11.331036585365855,-0.4224390243902439,-10.908597560975611,-11.331036585365855,-0.4224390243902439,-10.908597560975611,0.2,0.7,-0.49999999999999994,1321.615151318225,1600.111456092333,-278.496304774108
statline_pregame_svm,2025-26,22500046,2025-11-14,1610612742,1610612746,DAL,LAC,Dallas Mavericks,Los Angeles Clippers,DAL vs. LAC,LAC @ DAL,0,last_avg_15pct_current_momentum_85pct_plus_elo,0.85,0.15,20,0.4681293658536585,0.48351945121951223,-0.015390085365853734,0.32647009756097556,0.3745248658536585,-0.04805476829268296,0.7457680243902439,0.8041435792682927,-0.058375554878048797,111.74960975609756,111.39231097560975,0.3572987804878096,44.094902439024395,42.34685365853659,1.7480487804878067,25.22151219512195,24.81041463414634,0.4110975609756089,15.037926829268292,15.589560975609757,-0.5516341463414651,-2.421609756097561,0.4236707317073166,-2.8452804878048776,-2.421609756097561,0.4236707317073166,-2.8452804878048776,0.3,0.3,0.0,1405.623096071858,1540.8226159310445,-135.19951985918647
statline_pregame_svm,2025-26,22500047,2025-11-14,1610612759,1610612744,SAS,GSW,San Antonio Spurs,Golden State Warriors,SAS vs. GSW,GSW @ SAS,0,last_avg_15pct_current_momentum_85pct_plus_elo,0.85,0.15,20,0.4783134390243902,0.45104095121951215,0.027272487804878065,0.3594647926829268,0.3606460792682927,-0.0011812865853658705,0.7915222621951219,0.7941355304878048,-0.0026132682926829354,116.20503658536583,113.18897560975611,3.0160609756097188,44.43241463414634,43.51167682926829,0.9207378048780512,27.589682926829262,28.049158536585363,-0.459475609756101,15.197310975609756,15.182079268292684,0.015231707317072463,0.4958780487804884,2.031432926829268,-1.5355548780487798,0.4958780487804884,2.031432926829268,-1.5355548780487798,0.7,0.5,0.19999999999999996,1482.5756507835001,1578.0231323839334,-95.44748160043332
statline_pregame_svm,2025-26,22500228,2025-11-15,1610612739,1610612763,CLE,MEM,Cleveland Cavaliers,Memphis Grizzlies,CLE vs. MEM,MEM @ CLE,1,last_avg_15pct_current_momentum_85pct_plus_elo,0.85,0.15,20,0.4663394207317073,0.45259189634146335,0.01374752439024396,0.3590788658536585,0.34939225609756097,0.00968660975609753,0.7825984390243901,0.8133161341463413,-0.030717695121951216,122.41471341463415,115.01802439024388,7.39668902439027,45.290591463414636,45.236103658536585,0.05448780487805038,28.430408536585368,28.351298780487802,0.07910975609756576,13.363567073170731,15.30015243902439,-1.9365853658536594,6.864371951219512,-3.463487804878049,10.327859756097562,6.864371951219512,-3.463487804878049,10.327859756097562,0.6,0.2,0.39999999999999997,1629.6880321446445,1483.9090098075787,145.77902233706573
statline_pregame_svm,2025-26,22500229,2025-11-15,1610612766,1610612760,CHA,OKC,Charlotte Hornets,Oklahoma City Thunder,CHA vs. OKC,OKC @ CHA,0,last_avg_15pct_current_momentum_85pct_plus_elo,0.85,0.15,20,0.4480610975609757,0.483690243902439,-0.0356291463414633,0.3497495853658537,0.35986348780487804,-0.010113902439024325,0.8174444146341464,0.8442158292682926,-0.02677141463414623,111.16780487804878,120.77625,-9.60844512195122,45.452609756097566,45.62001829268293,-0.1674085365853628,25.277365853658537,26.60301219512195,-1.3256463414634112,16.264999999999997,11.929731707317073,4.335268292682924,-6.758780487804877,15.591969512195123,-22.350749999999998,-6.758780487804877,15.591969512195123,-22.350749999999998,0.3,0.9,-0.6000000000000001,1297.6575520387378,1768.5323921081388,-470.874840069401
statline_pregame_svm,2025-26,22500230,2025-11-15,1610612754,1610612761,IND,TOR,Indiana Pacers,Toronto Raptors,IND vs. TOR,TOR @ IND,0,last_avg_15pct_current_momentum_85pct_plus_elo,0.85,0.15,20,0.4408751707317073,0.4729576097560975,-0.03208243902439023,0.3264163658536585,0.36784443902439024,-0.041428073170731716,0.7759506829268292,0.7755538536585366,0.0003968292682926533,111.77326829268293,114.70826829268292,-2.934999999999988,44.46634146341463,43.070756097560974,1.3955853658536554,26.263512195121947,29.435926829268293,-3.172414634146346,13.50360975609756,14.243341463414632,-0.7397317073170715,-5.995463414634146,-0.5224146341463417,-5.473048780487804,-5.995463414634146,-0.5224146341463417,-5.473048780487804,0.1,0.6,-0.5,1495.1170606182152,1462.593804159798,32.52325645841711
statline_pregame_svm,2025-26,22500231,2025-11-15,1610612749,1610612747,MIL,LAL,Milwaukee Bucks,Los Angeles Lakers,MIL vs. LAL,LAL @ MIL,0,last_avg_15pct_current_momentum_85pct_plus_elo,0.85,0.15,20,0.5006488658536585,0.48775340243902443,0.0128954634146341,0.4080127682926829,0.349045018292683,0.05896774999999993,0.724324274390244,0.7864571036585366,-0.062132829268292555,117.71545731707316,114.00338414634146,3.712073170731699,40.95371951219513,41.36225609756097,-0.4085365853658445,26.544292682926827,26.04979268292683,0.49449999999999505,13.776926829268294,15.696378048780488,-1.9194512195121938,1.3840853658536585,-0.1725182926829269,1.5566036585365854,1.3840853658536585,-0.1725182926829269,1.5566036585365854,0.6,0.7,-0.09999999999999998,1576.5067007428884,1603.462282436578,-26.955581693689737
statline_pregame_svm,2025-26,22500232,2025-11-15,1610612750,1610612743,MIN,DEN,Minnesota Timberwolves,Denver Nuggets,MIN vs. DEN,DEN @ MIN,0,last_avg_15pct_current_momentum_85pct_plus_elo,0.85,0.15,20,0.48959317073170733,0.5072026036585365,-0.017609432926829205,0.3863628780487805,0.3646774512195122,0.021685426829268273,0.7929436829268292,0.8017758109756097,-0.00883212804878053,118.68241463414633,122.2258719512195,-3.5434573170731767,43.44136585365854,46.70512804878049,-3.2637621951219487,26.824756097560975,30.1585,-3.333743902439025,14.839073170731707,14.136371951219513,0.7027012195121944,6.938,9.22430487804878,-2.2863048780487807,6.938,9.22430487804878,-2.2863048780487807,0.7,0.9,-0.20000000000000007,1596.1621522699697,1622.1202972842614,-25.95814501429163
statline_pregame_svm,2025-26,22500233,2025-11-16,1610612738,1610612746,BOS,LAC,Boston Celtics,Los Angeles Clippers,BOS vs. LAC,LAC @ BOS,1,last_avg_15pct_current_momentum_85pct_plus_elo,0.85,0.15,20,0.4576953231707316,0.47753980487804876,-0.019844481707317174,0.355330743902439,0.36193346341463417,-0.006602719512195154,0.7906975670731707,0.8022463170731707,-0.011548749999999997,115.45706097560975,111.46124390243901,3.995817073170741,45.69439024390244,42.21541463414634,3.478975609756098,26.12073780487805,24.267658536585365,1.853079268292685,11.332219512195122,15.858243902439025,-4.526024390243903,8.386115853658536,-1.0323170731707316,9.418432926829269,8.386115853658536,-1.0323170731707316,9.418432926829269,0.6,0.3,0.3,1599.9092482000494,1547.116468836257,52.79277936379253
statline_pregame_svm,2025-26,22500234,2025-11-16,1610612759,1610612758,SAS,SAC,San Antonio Spurs,Sacramento Kings,SAS vs. SAC,SAC @ SAS,1,last_avg_15pct_current_momentum_85pct_plus_elo,0.85,0.15,20,0.479421756097561,0.47140278658536583,0.008018969512195162,0.36301717073170725,0.35884571341463417,0.0041714573170730795,0.8025690487804878,0.7891310670731707,0.013437981707317137,115.8001463414634,114.22243902439025,1.5777073170731484,43.88965853658537,42.09831707317073,1.7913414634146392,27.64773170731707,26.754420731707317,0.8933109756097544,15.419243902439025,14.13639024390244,1.2828536585365846,0.5365121951219516,-7.356414634146341,7.892926829268292,0.5365121951219516,-7.356414634146341,7.892926829268292,0.6,0.2,0.39999999999999997,1475.2557633231127,1453.9568593276024,21.298903995510273
statline_pregame_svm,2025-26,22500235,2025-11-16,1610612764,1610612751,WAS,BKN,Washington Wizards,Brooklyn Nets,WAS vs. BKN,BKN @ WAS,0,last_avg_15pct_current_momentum_85pct_plus_elo,0.85,0.15,20,0.4489987804878049,0.4301515609756097,0.0188472195121952,0.3478290487804878,0.3258022926829269,0.02202675609756094,0.7570554634146341,0.7870156829268291,-0.029960219512194963,110.295,105.86978048780487,4.425219512195127,43.54460975609756,39.87439024390244,3.6702195121951178,25.40480487804878,24.21068292682927,1.1941219512195076,16.804878048780488,14.879658536585366,1.925219512195122,-15.836121951219512,-10.929780487804878,-4.906341463414634,-15.836121951219512,-10.929780487804878,-4.906341463414634,0.0,0.1,-0.1,1279.0180713196064,1309.624384253403,-30.606312933796517
statline_pregame_svm,2025-26,22500236,2025-11-16,1610612745,1610612753,HOU,ORL,Houston Rockets,Orlando Magic,HOU vs. ORL,ORL @ HOU,1,last_avg_15pct_current_momentum_85pct_plus_elo,0.85,0.15,20,0.4780191890243902,0.4655925975609756,0.012426591463414627,0.39725923170731703,0.3358313658536586,0.06142786585365845,0.7611128414634146,0.7973251890243902,-0.03621234756097558,119.57885365853657,112.04200609756099,7.536847560975588,48.76101829268292,43.53130487804878,5.229713414634141,24.95832926829268,24.71820731707317,0.24012195121951052,14.45580487804878,15.087274390243902,-0.6314695121951228,8.713993902439025,1.9896768292682931,6.724317073170732,8.713993902439025,1.9896768292682931,6.724317073170732,0.8,0.6,0.20000000000000007,1606.2640411614634,1505.647517480856,100.61652368060732
statline_pregame_svm,2025-26,22500237,2025-11-16,1610612740,1610612744,NOP,GSW,New Orleans Pelicans,Golden State Warriors,NOP vs. GSW,GSW @ NOP,0,last_avg_15pct_current_momentum_85pct_plus_elo,0.85,0.15,20,0.44284307317073174,0.4445730731707317,-0.0017299999999999538,0.3477842926829269,0.35665325609756104,-0.008868963414634168,0.7623506341463415,0.8022388292682927,-0.03988819512195119,108.02934146341464,111.83353658536586,-3.8041951219512242,41.972780487804876,43.36810975609756,-1.3953292682926843,24.392317073170727,26.897512195121948,-2.505195121951221,14.87770731707317,15.209756097560975,-0.3320487804878045,-12.014146341463414,1.2194756097560975,-13.233621951219511,-12.014146341463414,1.2194756097560975,-13.233621951219511,0.2,0.5,-0.3,1318.2643249739797,1585.343019844321,-267.0786948703412
statline_pregame_svm,2025-26,22500238,2025-11-16,1610612742,1610612757,DAL,POR,Dallas Mavericks,Portland Trail Blazers,DAL vs. POR,POR @ DAL,1,last_avg_15pct_current_momentum_85pct_plus_elo,0.85,0.15,20,0.45919939024390244,0.4543946341463415,0.004804756097560925,0.3175599207317073,0.33484958536585363,-0.01728966463414633,0.7450077926829268,0.7899589512195122,-0.04495115853658538,110.88281707317071,115.23021951219513,-4.347402439024421,44.23732926829268,44.27446341463414,-0.03713414634145806,24.44614634146341,24.41439024390244,0.03175609756097231,15.397621951219511,16.237073170731705,-0.8394512195121937,-3.407817073170732,-2.4270487804878047,-0.9807682926829271,-3.407817073170732,-2.4270487804878047,-0.9807682926829271,0.2,0.5,-0.3,1399.3292431666457,1503.7204951923557,-104.39125202570995
statline_pregame_svm,2025-26,22500239,2025-11-16,1610612756,1610612737,PHX,ATL,Phoenix Suns,Atlanta Hawks,PHX vs. ATL,ATL @ PHX,0,last_avg_15pct_current_momentum_85pct_plus_elo,0.85,0.15,20,0.48295752439024386,0.48692507317073175,-0.003967548780487884,0.3942039024390244,0.3658672865853659,0.028336615853658542,0.8195643414634146,0.7861836402439024,0.0333807012195122,117.58782317073171,118.80010975609756,-1.2122865853658453,43.04704268292683,43.9475,-0.9004573170731689,28.283060975609754,30.643201219512193,-2.360140243902439,14.856036585365853,15.124164634146341,-0.268128048780488,4.67975,3.9677195121951225,0.7120304878048778,4.67975,3.9677195121951225,0.7120304878048778,0.7,0.7,0.0,1486.849038547058,1524.156498795957,-37.30746024889913
statline_pregame_svm,2025-26,22500240,2025-11-16,1610612762,1610612741,UTA,CHI,Utah Jazz,Chicago Bulls,UTA vs. CHI,CHI @ UTA,1,last_avg_15pct_current_momentum_85pct_plus_elo,0.85,0.15,20,0.4443417073170731,0.47877345731707316,-0.03443175000000004,0.33734021951219517,0.3823587743902439,-0.04501855487804873,0.791599731707317,0.7997591036585365,-0.008159371951219518,114.13921951219511,118.36359756097562,-4.224378048780508,46.682170731707316,45.9688231707317,0.7133475609756132,27.245951219512193,28.98571951219512,-1.7397682926829283,17.566560975609754,15.15191463414634,2.4146463414634134,-8.912317073170732,-1.1584695121951218,-7.7538475609756095,-8.912317073170732,-1.1584695121951218,-7.7538475609756095,0.3,0.5,-0.2,1314.5974566346717,1522.7361502728795,-208.13869363820777
statline_pregame_svm,2025-26,22500241,2025-11-17,1610612739,1610612749,CLE,MIL,Cleveland Cavaliers,Milwaukee Bucks,CLE vs. MIL,MIL @ CLE,1,last_avg_15pct_current_momentum_85pct_plus_elo,0.85,0.15,20,0.464348243902439,0.4930069512195122,-0.028658707317073207,0.35776945121951226,0.4079625975609756,-0.050193146341463324,0.7765323414634145,0.7102649634146342,0.06626737804878036,121.97530487804877,116.33793902439025,5.6373658536585225,45.34148780487805,40.82767073170732,4.513817073170728,28.396512195121954,26.209060975609756,2.187451219512198,13.436024390243901,14.045609756097562,-0.6095853658536612,5.885317073170732,-0.7228780487804876,6.60819512195122,5.885317073170732,-0.7228780487804876,6.60819512195122,0.6,0.5,0.09999999999999998,1635.7222181928087,1567.2809917997117,68.44122639309694
statline_pregame_svm,2025-26,22500242,2025-11-17,1610612765,1610612754,DET,IND,Detroit Pistons,Indiana Pacers,DET vs. IND,IND @ DET,1,last_avg_15pct_current_momentum_85pct_plus_elo,0.85,0.15,20,0.4807065304878049,0.4366925487804878,0.044013981707317074,0.36241200609756097,0.3229943902439024,0.03941761585365855,0.7437268902439025,0.7829436951219513,-0.039216804878048794,117.48899999999999,111.36246951219513,6.126530487804857,46.106353658536584,44.18884756097561,1.917506097560974,26.677341463414635,25.904646341463412,0.772695121951223,15.105719512195122,13.474067073170731,1.631652439024391,4.829341463414634,-7.4545609756097555,12.28390243902439,4.829341463414634,-7.4545609756097555,12.28390243902439,0.9,0.1,0.8,1589.3816300883102,1484.183690747702,105.19793934060817
statline_pregame_svm,2025-26,22500243,2025-11-17,1610612755,1610612746,PHI,LAC,Philadelphia 76ers,Los Angeles Clippers,PHI vs. LAC,LAC @ PHI,1,last_avg_15pct_current_momentum_85pct_plus_elo,0.85,0.15,20,0.46034624390243906,0.4726014085365854,-0.012255164634146332,0.3576204390243903,0.3613738109756097,-0.003753371951219442,0.7971218536585365,0.8027800548780488,-0.005658201219512327,114.34778048780487,111.56417682926829,2.7836036585365775,42.39741463414634,41.97347560975609,0.42393902439024345,24.41563414634146,24.02665243902439,0.3889817073170718,14.171756097560975,15.387426829268295,-1.2156707317073199,-1.6765365853658536,-2.0590548780487805,0.3825182926829269,-1.6765365853658536,-2.0590548780487805,0.3825182926829269,0.5,0.2,0.3,1378.8991803855768,1538.624379735019,-159.72519934944216
statline_pregame_svm,2025-26,22500244,2025-11-17,1610612748,1610612752,MIA,NYK,Miami Heat,New York Knicks,MIA vs. NYK,NYK @ MIA,1,last_avg_15pct_current_momentum_85pct_plus_elo,0.85,0.15,20,0.47959217682926825,0.47770965853658537,0.0018825182926828776,0.37667230487804876,0.3762115365853658,0.00046076829268293373,0.8013244756097562,0.8156274146341463,-0.014302939024390171,118.38915853658537,120.02343902439023,-1.6342804878048582,42.89838414634146,44.356707317073166,-1.4583231707317026,28.948048780487806,28.106024390243903,0.8420243902439033,13.814451219512195,13.080463414634146,0.7339878048780495,0.5272865853658536,5.27180487804878,-4.744518292682926,0.5272865853658536,5.27180487804878,-4.744518292682926,0.5,0.6,-0.09999999999999998,1477.4302312126538,1586.75109337243,-109.3208621597762
statline_pregame_svm,2025-26,22500245,2025-11-17,1610612761,1610612766,TOR,CHA,Toronto Raptors,Charlotte Hornets,TOR vs. CHA,CHA @ TOR,1,last_avg_15pct_current_momentum_85pct_plus_elo,0.85,0.15,20,0.47748831707317074,0.4425254207317073,0.034962896341463434,0.36045451829268293,0.3500212743902439,0.010433243902439049,0.770939493902439,0.8219497256097562,-0.05101023170731722,115.02846951219512,109.29790853658537,5.730560975609748,43.0655731707317,44.921567073170735,-1.8559939024390317,29.28987195121951,24.97064024390244,4.319231707317069,14.04234756097561,16.494500000000002,-2.452152439024392,1.3387743902439029,-8.717615853658536,10.056390243902438,1.3387743902439029,-8.717615853658536,10.056390243902438,0.7,0.2,0.49999999999999994,1473.5271740303112,1296.4105057305135,177.11666829979777
statline_pregame_svm,2025-26,22500246,2025-11-17,1610612750,1610612742,MIN,DAL,Minnesota Timberwolves,Dallas Mavericks,MIN vs. DAL,DAL @ MIN,1,last_avg_15pct_current_momentum_85pct_plus_elo,0.85,0.15,20,0.4913435487804878,0.46511041463414626,0.02623313414634154,0.3866407865853658,0.322020243902439,0.06462054268292683,0.8024441951219511,0.7401845609756097,0.06225963414634139,118.9377256097561,113.24602439024389,5.691701219512211,42.92639024390244,44.98325609756097,-2.056865853658529,27.104323170731703,25.158280487804877,1.9460426829268265,14.815128048780487,15.859317073170732,-1.0441890243902456,6.27075,-2.864024390243902,9.134774390243901,6.27075,-2.864024390243902,9.134774390243901,0.6,0.3,0.3,1586.9079006404743,1412.2465982643528,174.6613023761215
statline_pregame_svm,2025-26,22500247,2025-11-17,1610612740,1610612760,NOP,OKC,New Orleans Pelicans,Oklahoma City Thunder,NOP vs. OKC,OKC @ NOP,0,last_avg_15pct_current_momentum_85pct_plus_elo,0.85,0.15,20,0.4489476280487805,0.48613513414634146,-0.03718750609756094,0.34946501219512194,0.3753442682926829,-0.025879256097560976,0.7558361097560975,0.843414756097561,-0.0875786463414635,108.7633475609756,121.2735,-12.510152439024395,42.38886585365853,45.38709756097561,-2.998231707317082,24.54780487804878,26.881231707317074,-2.3334268292682943,15.28373780487805,12.005402439024389,3.2783353658536623,-11.456256097560976,16.158670731707318,-27.614926829268292,-11.456256097560976,16.158670731707318,-27.614926829268292,0.2,0.9,-0.7,1314.7261370063313,1769.779438416363,-455.05330141003174
statline_pregame_svm,2025-26,22500248,2025-11-17,1610612743,1610612741,DEN,CHI,Denver Nuggets,Chicago Bulls,DEN vs. CHI,CHI @ DEN,0,last_avg_15pct_current_momentum_85pct_plus_elo,0.85,0.15,20,0.5050524146341463,0.4787018292682927,0.026350585365853607,0.37343680487804876,0.38413309756097563,-0.010696292682926878,0.800000243902439,0.8080214146341462,-0.008021170731707272,121.84948780487804,120.30139024390245,1.5480975609755916,46.99651219512195,46.693292682926824,0.30321951219512755,29.979999999999997,29.590878048780485,0.38912195121951143,13.972487804878048,15.042658536585368,-1.0701707317073197,9.148219512195123,-1.886878048780488,11.035097560975611,9.148219512195123,-1.886878048780488,11.035097560975611,0.9,0.4,0.5,1631.3745489137568,1507.3722662033842,124.00228271037258
statline_pregame_svm,2025-26,22500249,2025-11-18,1610612753,1610612744,ORL,GSW,Orlando Magic,Golden State Warriors,ORL vs. GSW,GSW @ ORL,1,last_avg_15pct_current_momentum_85pct_plus_elo,0.85,0.15,20,0.45931835365853657,0.4443271951219513,0.01499115853658528,0.3375479512195122,0.35944768292682927,-0.02189973170731707,0.8019053414634145,0.8101423780487806,-0.00823703658536612,111.89636585365852,113.3510975609756,-1.4547317073170802,43.36379268292683,43.543292682926825,-0.17949999999999733,24.49243902439024,27.37786585365853,-2.8854268292682903,14.857463414634147,15.802682926829268,-0.9452195121951217,2.628109756097561,1.0067682926829267,1.6213414634146341,2.628109756097561,1.0067682926829267,1.6213414634146341,0.6,0.5,0.09999999999999998,1498.465161814704,1588.8812078119693,-90.4160459972652
statline_pregame_svm,2025-26,22500250,2025-11-18,1610612751,1610612738,BKN,BOS,Brooklyn Nets,Boston Celtics,BKN vs. BOS,BOS @ BKN,0,last_avg_15pct_current_momentum_85pct_plus_elo,0.85,0.15,20,0.43726948170731705,0.4550763902439024,-0.017806908536585342,0.32967176219512195,0.35843863414634153,-0.028766871951219575,0.7784409451219512,0.7878460243902439,-0.009405079268292704,107.14861585365853,115.33515853658535,-8.186542682926827,40.307682926829266,45.42591463414634,-5.118231707317072,24.68419512195122,26.178268292682926,-1.4940731707317063,15.021152439024391,10.934170731707317,4.086981707317074,-9.369615853658535,6.604951219512196,-15.974567073170732,-9.369615853658535,6.604951219512196,-15.974567073170732,0.2,0.6,-0.39999999999999997,1318.745735412472,1608.4013373012874,-289.65560188881545
statline_pregame_svm,2025-26,22500251,2025-11-18,1610612737,1610612765,ATL,DET,Atlanta Hawks,Detroit Pistons,ATL vs. DET,DET @ ATL,0,last_avg_15pct_current_momentum_85pct_plus_elo,0.85,0.15,20,0.4896738902439024,0.49085832926829265,-0.0011844390243902492,0.3654736951219512,0.3584243658536585,0.0070493292682927144,0.7950484146341463,0.7456854146341463,0.049363000000000046,118.90708536585365,119.546,-0.6389146341463601,43.785999999999994,45.91271951219512,-2.1267195121951232,30.903073170731705,27.23398780487805,3.669085365853654,15.747878048780487,14.588670731707317,1.1592073170731698,4.776670731707317,7.196487804878048,-2.419817073170731,4.776670731707317,7.196487804878048,-2.419817073170731,0.8,1.0,-0.19999999999999996,1533.0868119070324,1596.4430471830433,-63.35623527601092
statline_pregame_svm,2025-26,22500252,2025-11-18,1610612759,1610612763,SAS,MEM,San Antonio Spurs,Memphis Grizzlies,SAS vs. MEM,MEM @ SAS,1,last_avg_15pct_current_momentum_85pct_plus_elo,0.85,0.15,20,0.48274007317073164,0.4448507804878049,0.037889292682926734,0.3592850487804877,0.34651386585365856,0.012771182926829161,0.8078655853658536,0.8030570487804878,0.004808536585365841,116.23250609756096,113.43246341463414,2.800042682926815,43.963152439024384,45.497219512195116,-1.534067073170732,28.56003048780488,27.69192682926829,0.8681036585365902,15.547676829268292,15.390646341463412,0.15703048780487983,0.921396341463415,-3.805768292682926,4.727164634146341,0.921396341463415,-3.805768292682926,4.727164634146341,0.6,0.2,0.39999999999999997,1484.6434983755903,1477.8748237594145,6.768674616175758
statline_pregame_svm,2025-26,22500253,2025-11-18,1610612747,1610612762,LAL,UTA,Los Angeles Lakers,Utah Jazz,LAL vs. UTA,UTA @ LAL,1,last_avg_15pct_current_momentum_85pct_plus_elo,0.85,0.15,20,0.49010064634146344,0.445236487804878,0.04486415853658543,0.35586709756097556,0.3382543841463415,0.01761271341463405,0.7923282195121951,0.7866597804878048,0.005668439024390293,114.7050487804878,114.98963414634146,-0.28458536585365835,41.57786585365854,46.1800487804878,-4.602182926829265,26.054560975609757,27.499914634146343,-1.445353658536586,15.353682926829268,17.04298170731707,-1.6892987804878032,1.98140243902439,-8.93180487804878,10.91320731707317,1.98140243902439,-8.93180487804878,10.91320731707317,0.8,0.3,0.5,1612.6879913797547,1329.961340704167,282.72665067558773
statline_pregame_svm,2025-26,22500254,2025-11-18,1610612757,1610612756,POR,PHX,Portland Trail Blazers,Phoenix Suns,POR vs. PHX,PHX @ POR,0,last_avg_15pct_current_momentum_85pct_plus_elo,0.85,0.15,20,0.4566648597560976,0.48685446341463406,-0.030189603658536457,0.3358522743902439,0.39366964634146334,-0.05781737195121944,0.7936001646341462,0.8306779878048781,-0.03707782317073194,117.02838414634147,117.17889024390243,-0.15050609756096378,44.84106097560975,43.03056097560975,1.8104999999999976,24.575682926829266,27.489658536585363,-2.913975609756097,16.03887804878049,15.09569512195122,0.9431829268292695,-2.2708353658536584,5.389499999999999,-7.6603353658536575,-2.2708353658536584,5.389499999999999,-7.6603353658536575,0.5,0.7,-0.19999999999999996,1490.8031400946486,1477.9187254359827,12.884414658665946
statline_pregame_svm,2025-26,22500255,2025-11-19,1610612739,1610612745,CLE,HOU,Cleveland Cavaliers,Houston Rockets,CLE vs. HOU,HOU @ CLE,0,last_avg_15pct_current_momentum_85pct_plus_elo,0.85,0.15,20,0.4722935670731707,0.481834756097561,-0.009541189024390273,0.3623547865853659,0.3985199268292683,-0.03616514024390238,0.774580243902439,0.7676443658536585,0.006935878048780486,122.80664634146339,120.36541463414633,2.4412317073170584,45.528384146341466,49.55307317073171,-4.024689024390241,28.417865853658537,25.309317073170728,3.1085487804878085,13.708231707317072,14.558219512195121,-0.8499878048780491,7.664512195121951,9.503975609756097,-1.839463414634146,7.664512195121951,9.503975609756097,-1.839463414634146,0.7,0.9,-0.20000000000000007,1643.7774125280546,1613.4463968276154,30.33101570043914
statline_pregame_svm,2025-26,22500256,2025-11-19,1610612754,1610612766,IND,CHA,Indiana Pacers,Charlotte Hornets,IND vs. CHA,CHA @ IND,1,last_avg_15pct_current_momentum_85pct_plus_elo,0.85,0.15,20,0.4367599268292683,0.44228524390243895,-0.005525317073170666,0.31968291463414633,0.34208196341463415,-0.022399048780487818,0.7877437073170732,0.8236840365853659,-0.035940329268292714,111.31717073170731,109.08551219512195,2.231658536585357,43.83485365853658,45.3170243902439,-1.4821707317073205,25.58828048780488,24.60441463414634,0.9838658536585392,13.912024390243902,16.452,-2.5399756097561,-8.973158536585366,-7.199951219512195,-1.7732073170731715,-8.973158536585366,-7.199951219512195,-1.7732073170731715,0.1,0.2,-0.1,1477.122273652969,1291.10826484182,186.01400881114887
statline_pregame_svm,2025-26,22500257,2025-11-19,1610612748,1610612744,MIA,GSW,Miami Heat,Golden State Warriors,MIA vs. GSW,GSW @ MIA,1,last_avg_15pct_current_momentum_85pct_plus_elo,0.85,0.15,20,0.47493510975609754,0.44901131707317066,0.025923792682926883,0.3745412926829268,0.36049960975609757,0.014041682926829224,0.7979630365853658,0.8016749268292682,-0.0037118902439023937,117.26301219512195,113.52565853658538,3.7373536585365628,43.0390487804878,42.876975609756094,0.16207317073170913,28.84542682926829,27.467219512195122,1.3782073170731692,14.010573170731707,15.647609756097559,-1.637036585365852,-0.9628048780487802,0.9895609756097559,-1.9523658536585362,-0.9628048780487802,0.9895609756097559,-1.9523658536585362,0.5,0.5,0.0,1490.4768523230764,1576.3360237241368,-85.8591714010604
statline_pregame_svm,2025-26,22500258,2025-11-19,1610612755,1610612761,PHI,TOR,Philadelphia 76ers,Toronto Raptors,PHI vs. TOR,TOR @ PHI,0,last_avg_15pct_current_momentum_85pct_plus_elo,0.85,0.15,20,0.4590891768292683,0.48076102439024393,-0.02167184756097562,0.3539960182926829,0.3627630975609756,-0.008767079268292677,0.7920909939024392,0.7736606341463415,0.018430359756097747,113.30611585365853,115.7651707317073,-2.459054878048775,43.00122560975609,44.27589024390243,-1.2746646341463403,24.57360975609756,29.10981707317073,-4.5362073170731705,14.328073170731708,14.062353658536583,0.26571951219512435,-1.8494390243902434,2.961963414634146,-4.8114024390243895,-1.8494390243902434,2.961963414634146,-4.8114024390243895,0.5,0.8,-0.30000000000000004,1393.1977897028726,1478.8294149190046,-85.63162521613208
statline_pregame_svm,2025-26,22500259,2025-11-19,1610612750,1610612764,MIN,WAS,Minnesota Timberwolves,Washington Wizards,MIN vs. WAS,WAS @ MIN,1,last_avg_15pct_current_momentum_85pct_plus_elo,0.85,0.15,20,0.49198042682926824,0.44921511585365853,0.042765310975609705,0.3876751951219512,0.35232658536585365,0.03534860975609755,0.797001707317073,0.7596833109756097,0.03731839634146328,119.65203658536585,110.0995,9.552536585365843,44.36641463414634,43.14531707317073,1.2210975609756076,27.65589024390244,25.209408536585364,2.4464817073170764,14.961182926829268,16.742786585365856,-1.7816036585365875,8.57,-15.953463414634145,24.523463414634143,8.57,-15.953463414634145,24.523463414634143,0.7,0.0,0.7,1592.2653988074803,1269.8967201605374,322.36867864694295
statline_pregame_svm,2025-26,22500260,2025-11-19,1610612740,1610612743,NOP,DEN,New Orleans Pelicans,Denver Nuggets,NOP vs. DEN,DEN @ NOP,0,last_avg_15pct_current_momentum_85pct_plus_elo,0.85,0.15,20,0.45534118292682924,0.5021584756097561,-0.04681729268292689,0.36308823170731713,0.36704065853658535,-0.0039524268292682185,0.7728750853658537,0.8001754268292682,-0.027300341463414535,109.93085365853658,121.94060365853659,-12.009750000000011,42.23545121951219,47.48764634146341,-5.2521951219512175,24.686292682926826,29.72925,-5.042957317073174,15.808768292682927,13.617353658536585,2.1914146341463425,-10.600865853658537,8.702384146341464,-19.30325,-10.600865853658537,8.702384146341464,-19.30325,0.2,0.8,-0.6000000000000001,1313.3682551003992,1617.9496793022554,-304.5814242018562
statline_pregame_svm,2025-26,22500261,2025-11-19,1610612760,1610612758,OKC,SAC,Oklahoma City Thunder,Sacramento Kings,OKC vs. SAC,SAC @ OKC,1,last_avg_15pct_current_momentum_85pct_plus_elo,0.85,0.15,20,0.48878402439024393,0.4736101951219512,0.015173829268292749,0.3810117987804878,0.36019980487804876,0.02081199390243904,0.8401189329268292,0.7771505243902439,0.06296840853658525,122.54,114.64184146341465,7.898158536585356,45.0479268292683,41.40152439024389,3.6464024390244063,27.138201219512197,27.015743902439024,0.12245731707317375,12.217073170731707,13.901914634146342,-1.6848414634146351,17.09512195121951,-8.375378048780487,25.470499999999998,17.09512195121951,-8.375378048780487,25.470499999999998,0.9,0.2,0.7,1771.1373203222952,1444.5691242751248,326.56819604717043
statline_pregame_svm,2025-26,22500262,2025-11-19,1610612742,1610612752,DAL,NYK,Dallas Mavericks,New York Knicks,DAL vs. NYK,NYK @ DAL,0,last_avg_15pct_current_momentum_85pct_plus_elo,0.85,0.15,20,0.46048993902439017,0.4807751524390244,-0.02028521341463424,0.3249973170731707,0.37549618902439025,-0.05049887195121955,0.7256118292682926,0.8161589756097561,-0.09054714634146355,112.47698170731707,120.70851829268292,-8.231536585365859,44.86643292682926,44.278237804878046,0.588195121951216,24.642164634146344,28.15754268292683,-3.5153780487804873,16.05326219512195,13.120060975609755,2.9332012195121937,-4.640731707317073,5.701158536585366,-10.341890243902439,-4.640731707317073,5.701158536585366,-10.341890243902439,0.2,0.6,-0.39999999999999997,1406.8891000973467,1573.7044722620074,-166.81537216466063
statline_pregame_svm,2025-26,22500263,2025-11-19,1610612757,1610612741,POR,CHI,Portland Trail Blazers,Chicago Bulls,POR vs. CHI,CHI @ POR,0,last_avg_15pct_current_momentum_85pct_plus_elo,0.85,0.15,20,0.4556795853658537,0.4765604512195121,-0.020880865853658448,0.33044596341463417,0.3846664207317073,-0.054220457317073145,0.7883078780487804,0.8094072256097561,-0.021099347560975645,116.78654878048778,120.61993292682928,-3.8333841463415013,44.48965853658537,46.87376219512195,-2.3841036585365813,24.634975609756097,29.52453658536585,-4.889560975609754,16.104182926829267,14.576402439024388,1.527780487804879,-4.061121951219512,-2.024536585365854,-2.036585365853658,-4.061121951219512,-2.024536585365854,-2.036585365853658,0.4,0.4,0.0,1480.432466737516,1520.7971358148857,-40.364669077369626
statline_pregame_svm,2025-26,22500264,2025-11-20,1610612753,1610612746,ORL,LAC,Orlando Magic,Los Angeles Clippers,ORL vs. LAC,LAC @ ORL,1,last_avg_15pct_current_momentum_85pct_plus_elo,0.85,0.15,20,0.46334185975609754,0.47393601219512194,-0.010594152439024396,0.3303097865853658,0.3676481585365854,-0.037338371951219584,0.8183939939024387,0.8122387926829269,0.006155201219511852,112.67722560975609,113.18860975609755,-0.5113841463414559,43.472530487804875,41.71453658536585,1.7579939024390256,24.98067073170732,24.414646341463417,0.5660243902439035,14.712652439024389,15.069609756097561,-0.3569573170731726,4.545792682926829,-1.5642926829268289,6.110085365853658,4.545792682926829,-1.5642926829268289,6.110085365853658,0.7,0.2,0.49999999999999994,1511.0103459025365,1524.325770417723,-13.315424515186578
statline_pregame_svm,2025-26,22500265,2025-11-20,1610612763,1610612758,MEM,SAC,Memphis Grizzlies,Sacramento Kings,MEM vs. SAC,SAC @ MEM,1,last_avg_15pct_current_momentum_85pct_plus_elo,0.85,0.15,20,0.43795966463414626,0.46799335365853656,-0.030033689024390298,0.3395809756097561,0.3627991463414634,-0.02321817073170729,0.7855814634146341,0.7675457317073169,0.018035731707317204,112.01265243902438,113.67149390243902,-1.658841463414646,46.519085365853655,42.09448170731707,4.424603658536583,27.576554878048782,26.60981707317073,0.9667378048780506,15.17939024390244,14.453689024390243,0.7257012195121959,-5.125548780487806,-9.071341463414633,3.945792682926827,-5.125548780487806,-9.071341463414633,3.945792682926827,0.1,0.2,-0.1,1468.0696172318844,1441.92106572455,26.148551507334332
statline_pregame_svm,2025-26,22500266,2025-11-20,1610612749,1610612755,MIL,PHI,Milwaukee Bucks,Philadelphia 76ers,MIL vs. PHI,PHI @ MIL,0,last_avg_15pct_current_momentum_85pct_plus_elo,0.85,0.15,20,0.48949603658536595,0.4606626097560976,0.02883342682926837,0.41316542682926827,0.3547150975609756,0.05845032926829269,0.7103114024390245,0.7942511341463414,-0.08393973170731694,115.50442073170731,111.98395121951219,3.5204695121951204,40.64637195121952,42.415036585365854,-1.768664634146333,26.324329268292683,24.561585365853656,1.762743902439027,14.02954268292683,14.79889024390244,-0.7693475609756089,-2.353841463414634,-2.345341463414634,-0.00849999999999973,-2.353841463414634,-2.345341463414634,-0.00849999999999973,0.4,0.4,0.0,1559.2257974644658,1385.6137429075557,173.61205455691015
statline_pregame_svm,2025-26,22500267,2025-11-20,1610612759,1610612737,SAS,ATL,San Antonio Spurs,Atlanta Hawks,SAS vs. ATL,ATL @ SAS,1,last_avg_15pct_current_momentum_85pct_plus_elo,0.85,0.15,20,0.4781278902439025,0.4914579573170732,-0.013330067073170693,0.35347892682926824,0.36269585365853657,-0.009216926829268335,0.8111306219512194,0.8054899390243903,0.005640682926829177,115.81486585365852,118.64006097560977,-2.8251951219512534,43.62864634146342,43.161249999999995,0.46739634146342723,28.197329268292677,30.869695121951224,-2.6723658536585475,14.96210975609756,16.465091463414634,-1.5029817073170744,0.7282804878048781,4.370121951219512,-3.641841463414634,0.7282804878048781,4.370121951219512,-3.641841463414634,0.6,0.7,-0.09999999999999998,1494.4487049031204,1524.8904035433907,-30.44169864027026
statline_pregame_svm,2025-26,22500048,2025-11-21,1610612739,1610612754,CLE,IND,Cleveland Cavaliers,Indiana Pacers,CLE vs. IND,IND @ CLE,1,last_avg_15pct_current_momentum_85pct_plus_elo,0.85,0.15,20,0.4740083902439024,0.4449915548780487,0.0290168353658537,0.3611431219512195,0.3254961890243902,0.0356469329268293,0.7729341463414633,0.7919062195121951,-0.018972073170731796,123.06848780487803,112.09637195121951,10.972115853658522,45.33278048780488,43.59560975609756,1.737170731707323,28.16721951219512,25.900914634146343,2.2663048780487784,13.606439024390243,14.218231707317074,-0.611792682926831,7.607707317073171,-7.924756097560974,15.532463414634144,7.607707317073171,-7.924756097560974,15.532463414634144,0.7,0.2,0.49999999999999994,1632.906626751455,1482.2273589125448,150.67926783891016
statline_pregame_svm,2025-26,22500049,2025-11-21,1610612738,1610612751,BOS,BKN,Boston Celtics,Brooklyn Nets,BOS vs. BKN,BKN @ BOS,0,last_avg_15pct_current_momentum_85pct_plus_elo,0.85,0.15,20,0.45775295731707316,0.4327339024390243,0.02501905487804884,0.3630340243902439,0.32827973170731706,0.034754292682926846,0.7828482317073171,0.7801257073170731,0.0027225243902440077,114.50350609756097,106.7104512195122,7.793054878048778,45.178689024390245,40.34997560975609,4.8287134146341515,25.925548780487805,24.82620731707317,1.0993414634146355,11.505121951219513,15.009646341463414,-3.504524390243901,6.043536585365853,-8.710451219512196,14.753987804878049,6.043536585365853,-8.710451219512196,14.753987804878049,0.6,0.2,0.39999999999999997,1611.576782218242,1315.5702904955174,296.0064917227246
statline_pregame_svm,2025-26,22500050,2025-11-21,1610612761,1610612764,TOR,WAS,Toronto Raptors,Washington Wizards,TOR vs. WAS,WAS @ TOR,1,last_avg_15pct_current_momentum_85pct_plus_elo,0.85,0.15,20,0.48417823170731705,0.45070645121951214,0.033471780487804914,0.35438292682926825,0.3563736219512195,-0.001990695121951269,0.7818940243902439,0.7609341585365853,0.02095986585365861,116.11512195121949,108.7735,7.341621951219494,44.78920731707317,42.6865243902439,2.1026829268292673,29.405762195121948,24.74201219512195,4.663749999999997,14.29060975609756,16.89319512195122,-2.6025853658536597,5.20140243902439,-16.58080487804878,21.782207317073173,5.20140243902439,-16.58080487804878,21.782207317073173,0.9,0.0,0.9,1486.4134617143216,1267.1926270480922,219.2208346662294
statline_pregame_svm,2025-26,22500051,2025-11-21,1610612741,1610612748,CHI,MIA,Chicago Bulls,Miami Heat,CHI vs. MIA,MIA @ CHI,0,last_avg_15pct_current_momentum_85pct_plus_elo,0.85,0.15,20,0.47350957317073167,0.4738607926829268,-0.00035121951219513337,0.385378243902439,0.3733112804878048,0.012066963414634202,0.8013835365853659,0.7983373475609756,0.0030461890243902445,120.5984756097561,118.31286585365855,2.285609756097543,46.47623170731707,43.71521341463414,2.7610182926829268,29.67919512195122,29.08280487804878,0.5963902439024409,14.569146341463412,14.04094512195122,0.5282012195121926,-2.7741951219512195,0.20335365853658538,-2.9775487804878047,-2.7741951219512195,0.20335365853658538,-2.9775487804878047,0.4,0.6,-0.19999999999999996,1529.6405462715848,1502.8989715850707,26.741574686514014
statline_pregame_svm,2025-26,22500052,2025-11-21,1610612742,1610612740,DAL,NOP,Dallas Mavericks,New Orleans Pelicans,DAL vs. NOP,NOP @ DAL,1,last_avg_15pct_current_momentum_85pct_plus_elo,0.85,0.15,20,0.4583174634146342,0.4534429878048781,0.004874475609756124,0.3230443902439024,0.3465407012195122,-0.02349631097560978,0.7224120975609756,0.7645075609756098,-0.042095463414634215,112.43043902439022,109.55560975609755,2.8748292682926717,45.463609756097554,42.20103658536585,3.262573170731706,24.602048780487802,24.41253048780488,0.18951829268292286,16.39170731707317,15.700548780487807,0.6911585365853625,-4.190439024390244,-11.003475609756098,6.813036585365854,-4.190439024390244,-11.003475609756098,6.813036585365854,0.2,0.2,0.0,1401.3526031833571,1310.4156552416125,90.93694794174462
statline_pregame_svm,2025-26,22500053,2025-11-21,1610612756,1610612750,PHX,MIN,Phoenix Suns,Minnesota Timberwolves,PHX vs. MIN,MIN @ PHX,1,last_avg_15pct_current_momentum_85pct_plus_elo,0.85,0.15,20,0.4876276524390244,0.4901778048780487,-0.002550152439024289,0.3916606402439024,0.37836085365853656,0.013299786585365847,0.8310858841463414,0.791214969512195,0.03987091463414638,118.32545731707317,120.3535975609756,-2.0281402439024276,43.451829268292684,45.389939024390245,-1.9381097560975604,27.406006097560972,27.63795731707317,-0.23195121951219733,14.978353658536586,14.486737804878048,0.4916158536585371,7.13625,9.589999999999998,-2.4537499999999977,7.13625,9.589999999999998,-2.4537499999999977,0.8,0.8,0.0,1488.2893987931152,1594.9694919199255,-106.68009312681033
statline_pregame_svm,2025-26,22500054,2025-11-21,1610612745,1610612743,HOU,DEN,Houston Rockets,Denver Nuggets,HOU vs. DEN,DEN @ HOU,0,last_avg_15pct_current_momentum_85pct_plus_elo,0.85,0.15,20,0.4774308231707317,0.5030130365853659,-0.02558221341463418,0.39544562195121946,0.367614512195122,0.027831109756097483,0.7680983902439024,0.7998916097560973,-0.03179321951219494,119.6007256097561,122.21021951219512,-2.609493902439027,50.30687804878048,46.72928048780488,3.5775975609756046,24.920804878048777,29.333999999999996,-4.413195121951219,14.779634146341465,13.92521951219512,0.8544146341463446,8.925457317073171,7.466048780487805,1.4594085365853662,8.925457317073171,7.466048780487805,1.4594085365853662,0.9,0.8,0.09999999999999998,1624.317182604215,1620.902279161042,3.4149034431729888
statline_pregame_svm,2025-26,22500055,2025-11-21,1610612762,1610612760,UTA,OKC,Utah Jazz,Oklahoma City Thunder,UTA vs. OKC,OKC @ UTA,0,last_avg_15pct_current_momentum_85pct_plus_elo,0.85,0.15,20,0.446420268292683,0.49038741463414637,-0.04396714634146337,0.33564104878048784,0.3771508292682927,-0.04150978048780485,0.7939513292682926,0.8477796097560976,-0.05382828048780497,114.7520487804878,121.724,-6.971951219512206,45.465426829268296,44.929756097560976,0.5356707317073202,27.830378048780485,26.68117073170732,1.1492073170731665,16.791402439024388,12.930243902439024,3.8611585365853642,-9.614292682926829,17.03707317073171,-26.65136585365854,-9.614292682926829,17.03707317073171,-26.65136585365854,0.3,0.9,-0.6000000000000001,1326.677893120118,1773.7853788728698,-447.1074857527519
statline_pregame_svm,2025-26,22500056,2025-11-21,1610612744,1610612757,GSW,POR,Golden State Warriors,Portland Trail Blazers,GSW vs. POR,POR @ GSW,0,last_avg_15pct_current_momentum_85pct_plus_elo,0.85,0.15,20,0.44343168902439023,0.45163006097560976,-0.00819837195121953,0.35976228658536585,0.3234501524390244,0.036312134146341435,0.796190975609756,0.7778688414634145,0.01832213414634154,112.56971951219512,116.25146341463415,-3.681743902439024,44.02115853658536,46.06350609756096,-2.0423475609755997,27.293073170731706,24.24801829268293,3.045054878048777,16.253286585365856,15.986737804878048,0.26654878048780795,0.1946036585365854,-4.329908536585365,4.52451219512195,0.1946036585365854,-4.329908536585365,4.52451219512195,0.5,0.3,0.2,1563.9139044621425,1471.589056280817,92.32484818132548
statline_pregame_svm,2025-26,22500268,2025-11-22,1610612766,1610612746,CHA,LAC,Charlotte Hornets,Los Angeles Clippers,CHA vs. LAC,LAC @ CHA,0,last_avg_15pct_current_momentum_85pct_plus_elo,0.85,0.15,20,0.43646481707317075,0.46607786585365857,-0.029613048780487816,0.33745765243902437,0.367216006097561,-0.02975835365853663,0.8309348475609756,0.806015030487805,0.02491981707317059,110.07161585365856,111.61704268292684,-1.5454268292682798,45.771981707317074,41.94859756097561,3.8233841463414677,24.879939024390243,23.85064024390244,1.029298780487803,16.01,15.657042682926832,0.35295731707316946,-6.617286585365854,-3.921280487804878,-2.6960060975609754,-6.617286585365854,-3.921280487804878,-2.6960060975609754,0.2,0.1,0.1,1286.0031795822442,1513.9427092206492,-227.93952963840502
statline_pregame_svm,2025-26,22500269,2025-11-22,1610612753,1610612752,ORL,NYK,Orlando Magic,New York Knicks,ORL vs. NYK,NYK @ ORL,1,last_avg_15pct_current_momentum_85pct_plus_elo,0.85,0.15,20,0.4619253658536585,0.4813331463414634,-0.019407780487804893,0.3385671219512195,0.37388834146341465,-0.035321219512195134,0.8303861463414635,0.7978460365853659,0.03254010975609756,113.56858536585366,121.20659756097561,-7.638012195121945,44.46526829268292,44.641768292682926,-0.17650000000000432,25.31590243902439,28.38756097560976,-3.0716585365853675,14.610341463414635,12.870658536585363,1.7396829268292713,5.672975609756097,6.5385121951219505,-0.8655365853658532,5.672975609756097,6.5385121951219505,-0.8655365853658532,0.7,0.7,0.0,1521.3934070996104,1579.240969175997,-57.847562076386566
statline_pregame_svm,2025-26,22500270,2025-11-22,1610612740,1610612737,NOP,ATL,New Orleans Pelicans,Atlanta Hawks,NOP vs. ATL,ATL @ NOP,0,last_avg_15pct_current_momentum_85pct_plus_elo,0.85,0.15,20,0.4551402926829269,0.4940070243902439,-0.038866731707317026,0.33706517073170733,0.37721551219512195,-0.04015034146341462,0.7754945365853658,0.7950214634146342,-0.019526926829268376,110.14936585365854,118.53453658536586,-8.38517073170732,42.3791219512195,41.983999999999995,0.3951219512195081,24.249268292682924,30.95531707317073,-6.706048780487805,15.498829268292683,16.93580487804878,-1.4369756097560984,-9.20458536585366,2.7650731707317076,-11.969658536585367,-9.20458536585366,2.7650731707317076,-11.969658536585367,0.2,0.6,-0.39999999999999997,1302.9748555081087,1514.0164562997315,-211.04160079162284
statline_pregame_svm,2025-26,22500271,2025-11-22,1610612741,1610612764,CHI,WAS,Chicago Bulls,Washington Wizards,CHI vs. WAS,WAS @ CHI,1,last_avg_15pct_current_momentum_85pct_plus_elo,0.85,0.15,20,0.46574969512195113,0.45159853658536586,0.014151158536585273,0.37511231707317066,0.3496299085365854,0.025482408536585288,0.7976310975609756,0.7570722560975609,0.04055884146341471,119.01301829268293,108.95625,10.056768292682932,46.39320121951219,41.33948170731707,5.053719512195123,29.404603658536587,24.780365853658537,4.6242378048780495,15.13564024390244,16.669603658536587,-1.5339634146341474,-5.793353658536585,-17.577896341463415,11.78454268292683,-5.793353658536585,-17.577896341463415,11.78454268292683,0.3,0.0,0.3,1518.8723781942754,1262.779812978223,256.09256521605244
statline_pregame_svm,2025-26,22500272,2025-11-22,1610612749,1610612765,MIL,DET,Milwaukee Bucks,Detroit Pistons,MIL vs. DET,DET @ MIL,0,last_avg_15pct_current_momentum_85pct_plus_elo,0.85,0.15,20,0.4821431219512196,0.49483487804878035,-0.012691756097560736,0.4094177560975609,0.3528472256097561,0.056570530487804804,0.7163503414634146,0.7408736890243902,-0.024523347560975628,114.21190243902439,118.87875,-4.6668475609756115,40.80507317073172,45.54908536585366,-4.74401219512194,26.38009756097561,27.229634146341464,-0.8495365853658541,14.276975609756096,14.632621951219512,-0.3556463414634159,-3.1518048780487797,6.873384146341462,-10.025189024390242,-3.1518048780487797,6.873384146341462,-10.025189024390242,0.4,1.0,-0.6,1544.6070196957528,1604.639455546685,-60.03243585093219
statline_pregame_svm,2025-26,22500273,2025-11-22,1610612742,1610612763,DAL,MEM,Dallas Mavericks,Memphis Grizzlies,DAL vs. MEM,MEM @ DAL,0,last_avg_15pct_current_momentum_85pct_plus_elo,0.85,0.15,20,0.45892448780487805,0.43952604878048773,0.019398439024390313,0.32939596341463406,0.33809658536585363,-0.008700621951219567,0.7294208658536585,0.7803968780487804,-0.050976012195121934,113.4761463414634,113.06634146341462,0.4098048780487886,46.12028658536586,46.94595121951219,-0.8256646341463281,24.561932926829268,28.47268292682927,-3.91075,16.90015243902439,14.942634146341462,1.957518292682927,-3.5828963414634143,-2.6628292682926835,-0.9200670731707308,-3.5828963414634143,-2.6628292682926835,-0.9200670731707308,0.3,0.2,0.09999999999999998,1408.793402916861,1477.3184192236376,-68.5250163067767
statline_pregame_svm,2025-26,22500274,2025-11-22,1610612743,1610612758,DEN,SAC,Denver Nuggets,Sacramento Kings,DEN vs. SAC,SAC @ DEN,0,last_avg_15pct_current_momentum_85pct_plus_elo,0.85,0.15,20,0.5055760975609755,0.46358351219512195,0.041992585365853596,0.37583411585365856,0.361624487804878,0.014209628048780565,0.8001432926829268,0.7552464390243901,0.044896853658536684,122.63283536585365,110.8821463414634,11.750689024390255,46.28966463414634,41.54643902439024,4.743225609756102,29.78875,26.21239024390244,3.5763597560975597,13.64658536585366,15.005463414634146,-1.3588780487804861,8.040213414634147,-12.63180487804878,20.672018292682928,8.040213414634147,-12.63180487804878,20.672018292682928,0.9,0.1,0.8,1631.0005648180656,1432.6722637327969,198.32830108526878
statline_pregame_svm,2025-26,22500275,2025-11-23,1610612755,1610612748,PHI,MIA,Philadelphia 76ers,Miami Heat,PHI vs. MIA,MIA @ PHI,0,last_avg_15pct_current_momentum_85pct_plus_elo,0.85,0.15,20,0.4584620426829268,0.47153697560975605,-0.013074932926829264,0.3530329268292683,0.37996926829268285,-0.02693634146341456,0.8004402743902439,0.8053416585365853,-0.004901384146341448,113.10978658536584,120.39121951219512,-7.281432926829282,43.3673475609756,44.48487804878048,-1.1175304878048777,24.851310975609756,29.668682926829266,-4.81737195121951,14.62795731707317,13.73131707317073,0.8966402439024392,-1.4302439024390243,3.307512195121951,-4.737756097560975,-1.4302439024390243,3.307512195121951,-4.737756097560975,0.5,0.7,-0.19999999999999996,1400.2325206762687,1513.6671396623801,-113.43461898611145
statline_pregame_svm,2025-26,22500276,2025-11-23,1610612737,1610612766,ATL,CHA,Atlanta Hawks,Charlotte Hornets,ATL vs. CHA,CHA @ ATL,1,last_avg_15pct_current_momentum_85pct_plus_elo,0.85,0.15,20,0.49246334146341464,0.44274839024390245,0.04971495121951219,0.3863504207317073,0.3386303414634147,0.04772007926829258,0.7980084878048781,0.8341056585365855,-0.03609717073170737,118.99001219512195,111.15121951219513,7.838792682926822,41.537749999999996,45.33443902439024,-3.796689024390247,31.04093902439024,24.985463414634147,6.055475609756094,15.868018292682926,15.84,0.028018292682926216,4.815024390243902,-6.315121951219512,11.130146341463414,4.815024390243902,-6.315121951219512,11.130146341463414,0.7,0.2,0.49999999999999994,1518.5933258138296,1281.7605515051243,236.8327743087052
statline_pregame_svm,2025-26,22500277,2025-11-23,1610612738,1610612753,BOS,ORL,Boston Celtics,Orlando Magic,BOS vs. ORL,ORL @ BOS,1,last_avg_15pct_current_momentum_85pct_plus_elo,0.85,0.15,20,0.4595030243902438,0.4659658719512195,-0.006462847560975704,0.3635154146341463,0.3443467073170732,0.019168707317073153,0.7905664390243903,0.8339250487804877,-0.0433586097560974,114.11385365853658,114.65544512195122,-0.5415914634146333,45.101463414634146,43.401006097560966,1.7004573170731803,25.774829268292685,25.170884146341464,0.6039451219512202,11.685073170731705,14.418780487804877,-2.733707317073172,5.227121951219512,4.662408536585365,0.5647134146341477,5.227121951219512,4.662408536585365,0.5647134146341477,0.5,0.7,-0.19999999999999996,1594.6557828615923,1533.0431770087714,61.612605852820934
statline_pregame_svm,2025-26,22500278,2025-11-23,1610612739,1610612746,CLE,LAC,Cleveland Cavaliers,Los Angeles Clippers,CLE vs. LAC,LAC @ CLE,1,last_avg_15pct_current_momentum_85pct_plus_elo,0.85,0.15,20,0.47804796341463407,0.46569121951219516,0.012356743902438905,0.3611214573170732,0.3683818536585366,-0.007260396341463415,0.7610157987804878,0.8132212682926829,-0.05220546951219518,123.3558292682927,112.34897560975608,11.006853658536613,45.9064268292683,41.62165853658537,4.2847682926829265,28.027073170731708,24.102634146341465,3.9244390243902423,13.343146341463415,14.960975609756098,-1.6178292682926827,7.70390243902439,-3.4052682926829276,11.109170731707318,7.70390243902439,-3.4052682926829276,11.109170731707318,0.7,0.2,0.49999999999999994,1638.8226236959574,1518.1853372977691,120.63728639818828
statline_pregame_svm,2025-26,22500279,2025-11-23,1610612761,1610612751,TOR,BKN,Toronto Raptors,Brooklyn Nets,TOR vs. BKN,BKN @ TOR,1,last_avg_15pct_current_momentum_85pct_plus_elo,0.85,0.15,20,0.4919304390243902,0.4367408231707317,0.0551896158536585,0.359245756097561,0.3334582012195122,0.02578755487804879,0.7828514146341464,0.7726899695121952,0.010161445121951274,118.36907317073171,106.88853658536587,11.48053658536584,44.7670243902439,39.899268292682926,4.867756097560971,30.07570731707317,25.31246951219512,4.763237804878052,14.017365853658536,14.870640243902438,-0.853274390243902,7.126341463414634,-7.996036585365854,15.122378048780487,7.126341463414634,-7.996036585365854,15.122378048780487,0.9,0.3,0.6000000000000001,1490.8262757841908,1332.491289852167,158.33498593202376
statline_pregame_svm,2025-26,22500280,2025-11-23,1610612760,1610612757,OKC,POR,Oklahoma City Thunder,Portland Trail Blazers,OKC vs. POR,POR @ OKC,1,last_avg_15pct_current_momentum_85pct_plus_elo,0.85,0.15,20,0.49480855487804876,0.4556385365853659,0.03917001829268285,0.39218110975609755,0.32719834146341464,0.0649827682926829,0.8405440365853658,0.7882038048780489,0.05234023170731694,122.30625,117.83287804878049,4.473371951219519,43.78308536585366,46.76185365853658,-2.978768292682922,26.887140243902437,24.617560975609752,2.2695792682926843,13.07816463414634,16.53229268292683,-3.4541280487804897,17.370024390243902,-4.28419512195122,21.654219512195123,17.370024390243902,-4.28419512195122,21.654219512195123,0.9,0.3,0.6000000000000001,1775.2023099427875,1484.1855488743086,291.0167610684789
statline_pregame_svm,2025-26,22500281,2025-11-23,1610612756,1610612759,PHX,SAS,Phoenix Suns,San Antonio Spurs,PHX vs. SAS,SAS @ PHX,1,last_avg_15pct_current_momentum_85pct_plus_elo,0.85,0.15,20,0.4887663414634146,0.4844042073170732,0.004362134146341401,0.3992906341463414,0.35855280487804875,0.04073782926829267,0.8275327804878048,0.8132949085365854,0.014237871951219394,118.3670243902439,117.73472560975611,0.6322987804877869,43.58409756097561,43.306890243902444,0.27720731707316304,27.041853658536585,28.676128048780484,-1.634274390243899,16.127512195121952,15.039542682926827,1.0879695121951247,6.384,1.1684146341463415,5.215585365853659,6.384,1.1684146341463415,5.215585365853659,0.8,0.6,0.20000000000000007,1501.2669086887665,1505.3226521467795,-4.055743458013012
statline_pregame_svm,2025-26,22500282,2025-11-23,1610612762,1610612747,UTA,LAL,Utah Jazz,Los Angeles Lakers,UTA vs. LAL,LAL @ UTA,0,last_avg_15pct_current_momentum_85pct_plus_elo,0.85,0.15,20,0.45248304878048773,0.4942243902439024,-0.04174134146341468,0.34059271341463415,0.35452917682926827,-0.013936463414634115,0.8006223780487804,0.7953603353658537,0.0052620426829267375,115.97646341463414,116.32896341463413,-0.35249999999999204,44.89530487804878,41.5809756097561,3.3143292682926813,28.441341463414638,25.868079268292682,2.5732621951219556,17.207073170731707,15.325487804878048,1.8815853658536597,-10.271280487804878,2.864573170731707,-13.135853658536586,-10.271280487804878,2.864573170731707,-13.135853658536586,0.3,0.8,-0.5,1325.2609620502003,1615.9714389638038,-290.71047691360354
statline_pregame_svm,2025-26,22500283,2025-11-24,1610612754,1610612765,IND,DET,Indiana Pacers,Detroit Pistons,IND vs. DET,DET @ IND,0,last_avg_15pct_current_momentum_85pct_plus_elo,0.85,0.15,20,0.44012468292682927,0.5050589268292683,-0.06493424390243907,0.3223334634146341,0.3629525853658537,-0.04061912195121958,0.7965107317073171,0.7355094634146342,0.06100126829268293,111.4050731707317,119.58,-8.174926829268301,43.44136585365854,44.58195121951219,-1.1405853658536529,25.746048780487804,27.42078048780488,-1.6747317073170755,14.354439024390244,15.025073170731705,-0.6706341463414613,-9.689853658536588,7.272780487804877,-16.962634146341465,-9.689853658536588,7.272780487804877,-16.962634146341465,0.1,1.0,-0.9,1476.3113619680423,1612.9285757068185,-136.61721373877617
statline_pregame_svm,2025-26,22500284,2025-11-24,1610612761,1610612739,TOR,CLE,Toronto Raptors,Cleveland Cavaliers,TOR vs. CLE,CLE @ TOR,1,last_avg_15pct_current_momentum_85pct_plus_elo,0.85,0.15,20,0.49091064634146336,0.4760355365853658,0.014875109756097571,0.37450408536585367,0.3573682926829268,0.017135792682926865,0.7922833048780488,0.7381239512195121,0.054159353658536635,118.9825243902439,122.52117073170731,-3.5386463414634193,43.516591463414635,46.4715731707317,-2.954981707317067,30.027402439024392,27.640426829268293,2.3869756097560995,13.429621951219511,13.275353658536584,0.15426829268292686,7.623280487804878,7.9020975609756094,-0.2788170731707318,7.623280487804878,7.9020975609756094,-0.2788170731707318,0.9,0.7,0.20000000000000007,1496.5603423323041,1645.4835277745822,-148.92318544227805
statline_pregame_svm,2025-26,22500285,2025-11-24,1610612751,1610612752,BKN,NYK,Brooklyn Nets,New York Knicks,BKN vs. NYK,NYK @ BKN,0,last_avg_15pct_current_momentum_85pct_plus_elo,0.85,0.15,20,0.43922624390243903,0.4840756402439024,-0.0448493963414634,0.3446971707317073,0.371311493902439,-0.026614323170731702,0.7787947317073171,0.8005960975609756,-0.02180136585365855,107.27912195121951,121.3391768292683,-14.060054878048788,39.53356097560976,44.59304878048781,-5.059487804878053,25.458731707317074,28.515579268292683,-3.0568475609756085,14.850634146341463,13.161006097560975,1.689628048780488,-7.103121951219512,6.585365853658536,-13.688487804878047,-7.103121951219512,6.585365853658536,-13.688487804878047,0.3,0.7,-0.39999999999999997,1326.7572233040537,1567.591199266836,-240.83397596278223
statline_pregame_svm,2025-26,22500286,2025-11-24,1610612748,1610612742,MIA,DAL,Miami Heat,Dallas Mavericks,MIA vs. DAL,DAL @ MIA,1,last_avg_15pct_current_momentum_85pct_plus_elo,0.85,0.15,20,0.4681336585365853,0.45532401219512186,0.012809646341463421,0.37074500609756095,0.3289815365853658,0.04176346951219517,0.7999104695121951,0.7367441341463414,0.0631663353658537,121.50907317073171,113.20435365853659,8.30471951219512,46.07054268292683,46.07146341463415,-0.0009207317073247623,29.799810975609756,24.59831707317073,5.201493902439026,13.523689024390242,16.686097560975607,-3.1624085365853656,4.129420731707317,-4.029353658536586,8.158774390243902,4.129420731707317,-4.029353658536586,8.158774390243902,0.7,0.3,0.39999999999999997,1520.513496264891,1400.740528924561,119.77296734033007
statline_pregame_svm,2025-26,22500287,2025-11-24,1610612763,1610612743,MEM,DEN,Memphis Grizzlies,Denver Nuggets,MEM vs. DEN,DEN @ MEM,0,last_avg_15pct_current_momentum_85pct_plus_elo,0.85,0.15,20,0.43448368292682926,0.5036936585365853,-0.06920997560975606,0.33231119512195123,0.3799992195121951,-0.04768802439024389,0.7786377926829268,0.8072289756097561,-0.028591182926829384,112.38178048780486,122.28195121951218,-9.90017073170732,48.37156707317072,46.1900487804878,2.1815182926829237,28.620810975609754,29.368,-0.747189024390245,14.897128048780488,13.945951219512194,0.9511768292682934,-1.7598597560975606,7.568878048780489,-9.328737804878049,-1.7598597560975606,7.568878048780489,-9.328737804878049,0.3,0.8,-0.5,1485.3712932159376,1615.840844326795,-130.4695511108573
statline_pregame_svm,2025-26,22500288,2025-11-24,1610612749,1610612757,MIL,POR,Milwaukee Bucks,Portland Trail Blazers,MIL vs. POR,POR @ MIL,0,last_avg_15pct_current_momentum_85pct_plus_elo,0.85,0.15,20,0.4842677073170732,0.4469267621951219,0.0373409451219513,0.4135878353658537,0.3283965304878049,0.08519130487804877,0.7319687804878049,0.7886235182926828,-0.05665473780487795,114.05838414634145,116.82179268292683,-2.7634085365853736,40.0670243902439,47.3922012195122,-7.325176829268301,26.797115853658536,24.307103658536583,2.4900121951219525,14.260908536585365,16.49559756097561,-2.2346890243902457,-4.587268292682928,-5.738731707317072,1.1514634146341445,-4.587268292682928,-5.738731707317072,1.1514634146341445,0.3,0.3,0.0,1536.3178995356193,1481.0309786918465,55.286920843772805
statline_pregame_svm,2025-26,22500289,2025-11-24,1610612740,1610612741,NOP,CHI,New Orleans Pelicans,Chicago Bulls,NOP vs. CHI,CHI @ NOP,1,last_avg_15pct_current_momentum_85pct_plus_elo,0.85,0.15,20,0.45090034756097563,0.46107531707317073,-0.010174969512195098,0.32566864024390246,0.36522039024390246,-0.03955175,0.7877480121951219,0.7978736585365853,-0.010125646341463401,108.86887195121949,119.43356097560977,-10.564689024390276,42.95245731707317,46.97317073170731,-4.0207134146341446,23.716256097560972,29.29151219512195,-5.5752560975609775,15.913359756097558,14.894634146341463,1.0187256097560944,-10.70794512195122,-5.191512195121952,-5.516432926829268,-10.70794512195122,-5.191512195121952,-5.516432926829268,0.1,0.4,-0.30000000000000004,1298.3979859940107,1522.598518153485,-224.20053215947428
statline_pregame_svm,2025-26,22500290,2025-11-24,1610612756,1610612745,PHX,HOU,Phoenix Suns,Houston Rockets,PHX vs. HOU,HOU @ PHX,0,last_avg_15pct_current_momentum_85pct_plus_elo,0.85,0.15,20,0.4793522804878048,0.4711738902439025,0.008178390243902323,0.38564512804878043,0.3961283170731707,-0.010483189024390271,0.8159811768292683,0.7633929146341464,0.052588262195121915,117.29084146341464,118.22403658536585,-0.9331951219512149,43.94161585365853,49.734682926829265,-5.793067073170732,26.490701219512193,24.447292682926825,2.0434085365853676,15.245170731707317,14.788548780487805,0.4566219512195122,6.753749999999999,8.015439024390243,-1.261689024390244,6.753749999999999,8.015439024390243,-1.261689024390244,0.8,0.8,0.0,1511.383637067062,1614.2188969471915,-102.83525988012957
statline_pregame_svm,2025-26,22500291,2025-11-24,1610612744,1610612762,GSW,UTA,Golden State Warriors,Utah Jazz,GSW vs. UTA,UTA @ GSW,1,last_avg_15pct_current_momentum_85pct_plus_elo,0.85,0.15,20,0.4420340609756097,0.45339482926829267,-0.011360768292682955,0.35520846341463413,0.3469808780487805,0.008227585365853662,0.799759524390244,0.7951469268292681,0.004612597560975873,112.88028048780487,116.45287804878048,-3.572597560975609,43.40584146341463,45.33668292682927,-1.9308414634146374,26.88092682926829,28.63580487804878,-1.7548780487804905,16.229963414634145,17.41024390243902,-1.1802804878048754,-1.1358536585365855,-8.905268292682926,7.769414634146341,-1.1358536585365855,-8.905268292682926,7.769414634146341,0.4,0.3,0.10000000000000003,1551.3174118686509,1322.101704440174,229.2157074284769
statline_pregame_svm,2025-26,22500292,2025-11-24,1610612758,1610612750,SAC,MIN,Sacramento Kings,Minnesota Timberwolves,SAC vs. MIN,MIN @ SAC,1,last_avg_15pct_current_momentum_85pct_plus_elo,0.85,0.15,20,0.4629774207317072,0.4856126829268293,-0.022635262195122074,0.36197982926829264,0.3683835121951219,-0.006403682926829246,0.7604528963414633,0.785266731707317,-0.024813835365853687,110.8680487804878,120.14565853658537,-9.277609756097576,40.658396341463416,45.39346341463414,-4.735067073170725,26.55871341463415,26.8550243902439,-0.29631097560975306,14.532987804878049,15.30429268292683,-0.771304878048781,-12.656268292682924,8.672,-21.328268292682925,-12.656268292682924,8.672,-21.328268292682925,0.2,0.7,-0.49999999999999994,1447.8319842240676,1581.9919820242742,-134.1599978002066
statline_pregame_svm,2025-26,22500057,2025-11-25,1610612764,1610612737,WAS,ATL,Washington Wizards,Atlanta Hawks,WAS vs. ATL,ATL @ WAS,1,last_avg_15pct_current_momentum_85pct_plus_elo,0.85,0.15,20,0.4565111219512195,0.48890515853658534,-0.032394036585365826,0.35828819512195115,0.38210632926829263,-0.023818134146341485,0.7787698536585366,0.794841512195122,-0.01607165853658543,110.788,117.96648780487806,-7.17848780487806,42.202439024390245,41.592999999999996,0.6094390243902481,25.71121951219512,31.815060975609757,-6.103841463414636,16.60751219512195,15.046731707317072,1.5607804878048768,-15.880487804878047,4.246975609756098,-20.127463414634146,-15.880487804878047,4.246975609756098,-20.127463414634146,0.0,0.7,-0.7,1259.0536730190133,1522.6673538330674,-263.6136808140541
statline_pregame_svm,2025-26,22500058,2025-11-25,1610612755,1610612753,PHI,ORL,Philadelphia 76ers,Orlando Magic,PHI vs. ORL,ORL @ PHI,0,last_avg_15pct_current_momentum_85pct_plus_elo,0.85,0.15,20,0.453804975609756,0.4699043780487804,-0.016099402439024357,0.35153775609756094,0.35339879268292684,-0.001861036585365905,0.7992514146341463,0.8306044512195123,-0.031353036585366034,112.52712195121951,116.49880487804879,-3.971682926829274,43.80965853658536,43.72224390243902,0.08741463414634154,24.554536585365852,25.833365853658538,-1.2788292682926858,14.695024390243901,13.58971951219512,1.1053048780487806,-3.4221463414634146,5.402841463414634,-8.824987804878049,-3.4221463414634146,5.402841463414634,-8.824987804878049,0.4,0.7,-0.29999999999999993,1393.3861640737578,1524.798171888792,-131.41200781503426
statline_pregame_svm,2025-26,22500059,2025-11-25,1610612747,1610612746,LAL,LAC,Los Angeles Lakers,Los Angeles Clippers,LAL vs. LAC,LAC @ LAL,1,last_avg_15pct_current_momentum_85pct_plus_elo,0.85,0.15,20,0.4903666341463414,0.4682158231707317,0.022150810975609725,0.348473756097561,0.3598067012195122,-0.01133294512195121,0.7976699512195121,0.816691756097561,-0.01902180487804883,115.9128780487805,112.17140853658537,3.741469512195124,41.864585365853664,41.34146951219512,0.5231158536585454,25.79209756097561,23.81912804878049,1.9729695121951174,15.348292682926829,14.749408536585365,0.5988841463414634,2.7702439024390246,-3.6202560975609743,6.390499999999999,2.7702439024390246,-3.6202560975609743,6.390499999999999,0.8,0.2,0.6000000000000001,1619.1306965738302,1511.5244332191444,107.60626335468578
statline_pregame_svm,2025-26,22500060,2025-11-26,1610612738,1610612765,BOS,DET,Boston Celtics,Detroit Pistons,BOS vs. DET,DET @ BOS,1,last_avg_15pct_current_momentum_85pct_plus_elo,0.85,0.15,20,0.47473834146341454,0.506370725609756,-0.03163238414634151,0.3730663048780488,0.3656586951219512,0.007407609756097611,0.7735326463414633,0.7401879878048779,0.033344658536585414,116.65245121951219,120.413,-3.7605487804878095,45.16023780487805,44.71556707317074,0.444670731707312,26.112859756097563,27.556676829268294,-1.443817073170731,11.312524390243901,15.251774390243902,-3.9392500000000013,7.58545731707317,7.391676829268292,0.19378048780487855,7.58545731707317,7.391676829268292,0.19378048780487855,0.6,1.0,-0.4,1602.9007879815717,1619.187282162464,-16.286494180892305
statline_pregame_svm,2025-26,22500061,2025-11-26,1610612766,1610612752,CHA,NYK,Charlotte Hornets,New York Knicks,CHA vs. NYK,NYK @ CHA,0,last_avg_15pct_current_momentum_85pct_plus_elo,0.85,0.15,20,0.4408847134146341,0.48784663414634155,-0.04696192073170746,0.3314220304878049,0.36260614634146343,-0.031184115853658545,0.8303064695121952,0.7859976585365853,0.0443088109756099,110.37357317073172,120.68975609756097,-10.316182926829256,45.12639634146342,44.45082926829268,0.6755670731707397,24.66598780487805,28.380097560975614,-3.7141097560975638,15.9335,12.949853658536586,2.9836463414634142,-8.01895731707317,6.819219512195121,-14.838176829268292,-8.01895731707317,6.819219512195121,-14.838176829268292,0.1,0.7,-0.6,1277.6865234858865,1571.5910154420806,-293.9044919561941
statline_pregame_svm,2025-26,22500062,2025-11-26,1610612748,1610612749,MIA,MIL,Miami Heat,Milwaukee Bucks,MIA vs. MIL,MIL @ MIA,1,last_avg_15pct_current_momentum_85pct_plus_elo,0.85,0.15,20,0.4686488414634146,0.48493029268292687,-0.016281451219512244,0.35883474390243897,0.4198489146341463,-0.06101417073170734,0.7869652804878049,0.7360272195121952,0.05093806097560971,121.6919268292683,114.20236585365853,7.489560975609763,47.37570731707317,39.7199756097561,7.655731707317074,29.692939024390242,26.568134146341464,3.124804878048778,13.443560975609754,14.159841463414633,-0.7162804878048785,5.410329268292683,-3.778731707317074,9.189060975609756,5.410329268292683,-3.778731707317074,9.189060975609756,0.8,0.3,0.5,1527.1965220881548,1524.7399108296393,2.4566112585155224
statline_pregame_svm,2025-26,22500063,2025-11-26,1610612761,1610612754,TOR,IND,Toronto Raptors,Indiana Pacers,TOR vs. IND,IND @ TOR,1,last_avg_15pct_current_momentum_85pct_plus_elo,0.85,0.15,20,0.49312935365853655,0.44021331097560984,0.05291604268292671,0.3630299146341463,0.33234148780487804,0.030688426829268256,0.7854801951219512,0.7970522439024389,-0.011572048780487676,118.08297560975608,111.1770243902439,6.9059512195121755,43.49865853658537,42.45837195121951,1.0402865853658554,29.732597560975613,25.382932926829266,4.349664634146347,13.776878048780487,14.499146341463415,-0.7222682926829282,7.023719512195123,-10.651701219512196,17.67542073170732,7.023719512195123,-10.651701219512196,17.67542073170732,0.9,0.1,0.8,1510.602144815164,1470.0526555123968,40.54948930276714
statline_pregame_svm,2025-26,22500064,2025-11-26,1610612760,1610612750,OKC,MIN,Oklahoma City Thunder,Minnesota Timberwolves,OKC vs. MIN,MIN @ OKC,1,last_avg_15pct_current_momentum_85pct_plus_elo,0.85,0.15,20,0.49601669512195123,0.47561181097560973,0.020404884146341506,0.3889108902439024,0.36133867073170733,0.027572219512195073,0.8357649634146341,0.7999479939024389,0.03581696951219526,122.1065,119.57221951219512,2.534280487804878,44.41291463414634,45.60523780487805,-1.1923231707317115,27.271609756097558,26.033841463414632,1.2377682926829259,13.387585365853658,15.28459756097561,-1.8970121951219525,18.246975609756095,7.384250000000001,10.862725609756094,18.246975609756095,7.384250000000001,10.862725609756094,0.9,0.6,0.30000000000000004,1778.3568801252495,1568.3116737054254,210.04520641982413
statline_pregame_svm,2025-26,22500065,2025-11-26,1610612740,1610612763,NOP,MEM,New Orleans Pelicans,Memphis Grizzlies,NOP vs. MEM,MEM @ NOP,0,last_avg_15pct_current_momentum_85pct_plus_elo,0.85,0.15,20,0.4570049024390243,0.4364113170731707,0.020593585365853595,0.3282121097560976,0.3302573048780488,-0.002045195121951171,0.780153987804878,0.7770402073170731,0.0031137804878048625,112.02537804878048,112.52171951219512,-0.4963414634146375,42.83729268292683,47.74868292682927,-4.911390243902439,24.35624390243902,29.24493902439024,-4.888695121951223,15.834890243902437,14.163121951219512,1.6717682926829251,-9.941804878048782,-2.301890243902439,-7.639914634146343,-9.941804878048782,-2.301890243902439,-7.639914634146343,0.1,0.3,-0.19999999999999998,1314.0829673508792,1478.9594121128223,-164.87644476194305
statline_pregame_svm,2025-26,22500066,2025-11-26,1610612744,1610612745,GSW,HOU,Golden State Warriors,Houston Rockets,GSW vs. HOU,HOU @ GSW,0,last_avg_15pct_current_momentum_85pct_plus_elo,0.85,0.15,20,0.44481418292682917,0.46875045731707315,-0.023936274390243983,0.3523503902439024,0.3841970121951219,-0.03184662195121951,0.7937018231707318,0.7757511890243902,0.01795063414634157,114.28309146341465,117.6123475609756,-3.3292560975609575,43.7807743902439,49.06048780487804,-5.279713414634145,27.24228048780488,24.271280487804876,2.9710000000000036,15.62439024390244,14.597713414634146,1.0266768292682933,0.393939024390244,7.946920731707318,-7.552981707317074,0.393939024390244,7.946920731707318,-7.552981707317074,0.5,0.8,-0.30000000000000004,1555.5355359886767,1621.3425685938535,-65.8070326051768
statline_pregame_svm,2025-26,22500067,2025-11-26,1610612757,1610612759,POR,SAS,Portland Trail Blazers,San Antonio Spurs,POR vs. SAS,SAS @ POR,0,last_avg_15pct_current_momentum_85pct_plus_elo,0.85,0.15,20,0.4502424878048781,0.48269902439024387,-0.03245653658536579,0.32579521951219514,0.3620286829268292,-0.03623346341463407,0.7765652317073168,0.8186041951219513,-0.04203896341463442,116.71170731707318,116.90058536585366,-0.18887804878048087,47.4700487804878,43.89463414634146,3.575414634146341,24.336646341463414,28.406926829268293,-4.0702804878048795,16.37390243902439,15.456975609756098,0.9169268292682933,-5.136268292682927,1.6340487804878052,-6.770317073170732,-5.136268292682927,1.6340487804878052,-6.770317073170732,0.3,0.6,-0.3,1492.6089673978265,1495.2059237684841,-2.596956370657608
statline_pregame_svm,2025-26,22500068,2025-11-26,1610612758,1610612756,SAC,PHX,Sacramento Kings,Phoenix Suns,SAC vs. PHX,PHX @ SAC,0,last_avg_15pct_current_momentum_85pct_plus_elo,0.85,0.15,20,0.4573648292682927,0.4773247195121951,-0.01995989024390238,0.3463466707317073,0.3851491219512195,-0.0388024512195122,0.7638998536585365,0.7969665731707317,-0.0330667195121952,110.2759512195122,116.35915853658537,-6.083207317073175,40.60335365853658,43.49163414634147,-2.8882804878048915,26.565036585365856,25.344548780487806,1.2204878048780508,14.298512195121953,15.620829268292685,-1.3223170731707317,-13.428731707317072,6.486,-19.91473170731707,-13.428731707317072,6.486,-19.91473170731707,0.2,0.8,-0.6000000000000001,1461.5122925429164,1504.2599654204,-42.74767287748364
statline_pregame_svm,2025-26,22500069,2025-11-28,1610612737,1610612739,ATL,CLE,Atlanta Hawks,Cleveland Cavaliers,ATL vs. CLE,CLE @ ATL,1,last_avg_15pct_current_momentum_85pct_plus_elo,0.85,0.15,20,0.49855597560975606,0.47041485975609754,0.028141115853658527,0.392541737804878,0.34358087804878046,0.04896085975609754,0.7792942865853659,0.7545063536585366,0.024787932926829348,119.24646341463415,118.59676219512195,0.6497012195121954,40.624,44.91596951219512,-4.2919695121951165,32.66568292682927,27.04978048780488,5.615902439024389,15.020195121951218,13.441310975609754,1.5788841463414638,3.980676829268292,4.25829268292683,-0.2776158536585376,3.980676829268292,4.25829268292683,-0.2776158536585376,0.7,0.6,0.09999999999999998,1506.2640050018376,1631.4417252917224,-125.17772028988475
statline_pregame_svm,2025-26,22500070,2025-11-28,1610612751,1610612755,BKN,PHI,Brooklyn Nets,Philadelphia 76ers,BKN vs. PHI,PHI @ BKN,0,last_avg_15pct_current_momentum_85pct_plus_elo,0.85,0.15,20,0.4374829146341463,0.45554415853658536,-0.018061243902439073,0.34426564024390244,0.35170433536585366,-0.007438695121951222,0.7824429939024389,0.8057848048780487,-0.023341810975609834,106.76445731707317,112.13145731707316,-5.36699999999999,39.71185365853658,43.91621951219512,-4.204365853658537,25.043993902439023,24.64026219512195,0.40373170731707475,14.686128048780487,15.123341463414633,-0.43721341463414554,-6.88595731707317,-6.064298780487804,-0.8216585365853657,-6.88595731707317,-6.064298780487804,-0.8216585365853657,0.3,0.4,-0.10000000000000003,1322.757407128809,1386.9978936424388,-64.24048651362978
statline_pregame_svm,2025-26,22500071,2025-11-28,1610612766,1610612741,CHA,CHI,Charlotte Hornets,Chicago Bulls,CHA vs. CHI,CHI @ CHA,1,last_avg_15pct_current_momentum_85pct_plus_elo,0.85,0.15,20,0.43657303658536584,0.46423793902439026,-0.02766490243902442,0.32802171951219516,0.3663189634146341,-0.03829724390243894,0.8333072804878049,0.793547469512195,0.03975981097560988,109.84242682926829,120.7636036585366,-10.921176829268305,44.05135365853659,45.95939024390244,-1.9080365853658492,24.30401219512195,29.522670731707315,-5.218658536585366,15.729499999999998,14.836378048780485,0.8931219512195128,-9.79079268292683,-6.502170731707317,-3.288621951219512,-9.79079268292683,-6.502170731707317,-3.288621951219512,0.1,0.3,-0.19999999999999998,1274.5758701147402,1506.9135367966164,-232.33766668187627
statline_pregame_svm,2025-26,22500072,2025-11-28,1610612765,1610612753,DET,ORL,Detroit Pistons,Orlando Magic,DET vs. ORL,ORL @ DET,0,last_avg_15pct_current_momentum_85pct_plus_elo,0.85,0.15,20,0.5006700243902439,0.4740681341463414,0.02660189024390247,0.36118230487804875,0.3481751280487805,0.013007176829268274,0.7549220121951218,0.8373648536585365,-0.08244284146341474,120.702,118.80966463414634,1.8923353658536541,45.01918292682927,44.06898170731707,0.9502012195121949,27.31857317073171,26.79759756097561,0.5209756097560998,15.274475609756099,13.313158536585364,1.9613170731707346,6.643573170731707,7.970774390243902,-1.3272012195121947,6.643573170731707,7.970774390243902,-1.3272012195121947,0.9,0.7,0.20000000000000007,1608.7188622282501,1531.186442320111,77.53241990813922
statline_pregame_svm,2025-26,22500073,2025-11-28,1610612754,1610612764,IND,WAS,Indiana Pacers,Washington Wizards,IND vs. WAS,WAS @ IND,1,last_avg_15pct_current_momentum_85pct_plus_elo,0.85,0.15,20,0.44005543902439015,0.4649682073170732,-0.024912768292683074,0.328171512195122,0.3691904817073171,-0.041018969512195136,0.796998756097561,0.7770712012195122,0.01992755487804876,110.20097560975609,113.12975,-2.928774390243916,41.50087804878048,41.53114634146341,-0.030268292682933406,24.46731707317073,25.749573170731708,-1.2822560975609782,14.575853658536584,16.167170731707316,-1.5913170731707318,-10.874048780487806,-13.49457926829268,2.6205304878048743,-10.874048780487806,-13.49457926829268,2.6205304878048743,0.1,0.1,0.0,1461.2144931263751,1275.457021850243,185.75747127613204
statline_pregame_svm,2025-26,22500074,2025-11-28,1610612752,1610612749,NYK,MIL,New York Knicks,Milwaukee Bucks,NYK vs. MIL,MIL @ NYK,1,last_avg_15pct_current_momentum_85pct_plus_elo,0.85,0.15,20,0.4951451280487805,0.4810921280487805,0.014053000000000038,0.37350604878048776,0.41541274390243904,-0.041906695121951276,0.7914719695121951,0.7245604085365853,0.0669115609756098,121.71908536585366,112.2723475609756,9.446737804878055,43.98560975609756,39.0329268292683,4.952682926829262,28.00236585365854,26.95115243902439,1.051213414634148,13.146701219512195,14.4455243902439,-1.2988231707317048,7.784073170731706,-5.660445121951219,13.444518292682925,7.784073170731706,-5.660445121951219,13.444518292682925,0.7,0.2,0.49999999999999994,1574.701668813227,1514.8106166071268,59.891052206100085
statline_pregame_svm,2025-26,22500075,2025-11-28,1610612760,1610612756,OKC,PHX,Oklahoma City Thunder,Phoenix Suns,OKC vs. PHX,PHX @ OKC,1,last_avg_15pct_current_momentum_85pct_plus_elo,0.85,0.15,20,0.5013940853658536,0.4785399085365853,0.022854176829268325,0.37958442073170734,0.38115111585365846,-0.0015666951219511227,0.8274881402439024,0.7933157195121949,0.034172420731707454,121.71124999999999,116.26897560975611,5.442274390243881,43.50424390243903,43.78965243902439,-0.2854085365853578,26.89107926829268,25.048396341463413,1.8426829268292657,12.995756097560974,15.78823780487805,-2.7924817073170747,19.35342682926829,6.93225,12.42117682926829,19.35342682926829,6.93225,12.42117682926829,1.0,0.8,0.19999999999999996,1782.9540251971837,1513.035759719604,269.9182654775798
statline_pregame_svm,2025-26,22500076,2025-11-28,1610612743,1610612759,DEN,SAS,Denver Nuggets,San Antonio Spurs,DEN vs. SAS,SAS @ DEN,0,last_avg_15pct_current_momentum_85pct_plus_elo,0.85,0.15,20,0.5091764695121951,0.4779550914634147,0.03122137804878039,0.3973350731707317,0.3579098109756097,0.03942526219512199,0.8017389085365854,0.828885981707317,-0.027147073170731617,122.59406707317072,117.01419512195122,5.579871951219502,45.13418292682926,45.35362804878049,-0.21944512195123167,29.193749999999998,28.0314756097561,1.1622743902438977,13.709817073170731,14.833158536585366,-1.1233414634146346,7.798792682926829,2.992182926829268,4.8066097560975605,7.798792682926829,2.992182926829268,4.8066097560975605,0.8,0.7,0.10000000000000009,1622.2527254299102,1505.131178747659,117.12154668225116
statline_pregame_svm,2025-26,22500077,2025-11-28,1610612762,1610612758,UTA,SAC,Utah Jazz,Sacramento Kings,UTA vs. SAC,SAC @ UTA,1,last_avg_15pct_current_momentum_85pct_plus_elo,0.85,0.15,20,0.45488460975609757,0.46035848780487804,-0.005473878048780467,0.3477675426829268,0.34403726219512193,0.0037302804878048823,0.786819725609756,0.7722343109756097,0.01458541463414631,117.60504268292682,109.89210365853658,7.712939024390238,44.75381097560975,40.64606097560976,4.107749999999996,29.480518292682923,26.00610975609756,3.474408536585365,17.06091463414634,14.514536585365855,2.5463780487804843,-10.250756097560975,-12.666945121951219,2.4161890243902437,-10.250756097560975,-12.666945121951219,2.4161890243902437,0.2,0.2,0.0,1317.8835803201482,1452.7364982437125,-134.8529179235643
statline_pregame_svm,2025-26,22500078,2025-11-28,1610612747,1610612742,LAL,DAL,Los Angeles Lakers,Dallas Mavericks,LAL vs. DAL,DAL @ LAL,1,last_avg_15pct_current_momentum_85pct_plus_elo,0.85,0.15,20,0.49609262804878046,0.4462112865853658,0.04988134146341466,0.35626908536585367,0.33067510975609754,0.025593975609756126,0.7997033170731707,0.7552236524390242,0.04447966463414643,116.43179268292684,112.98781097560976,3.4439817073170786,41.61269512195122,46.723890243902446,-5.111195121951226,25.490865853658537,24.320201219512192,1.1706646341463447,15.362597560975608,16.671792682926828,-1.3091951219512197,3.3729146341463414,-3.379310975609756,6.752225609756097,3.3729146341463414,-3.379310975609756,6.752225609756097,0.8,0.3,0.5,1626.1289120033337,1394.0575031012972,232.0714089020364
statline_pregame_svm,2025-26,22500079,2025-11-28,1610612746,1610612763,LAC,MEM,Los Angeles Clippers,Memphis Grizzlies,LAC vs. MEM,MEM @ LAC,0,last_avg_15pct_current_momentum_85pct_plus_elo,0.85,0.15,20,0.47315442682926834,0.44643945121951223,0.02671497560975611,0.3624515487804878,0.33845016463414634,0.024001384146341453,0.8287812439024389,0.7809846219512194,0.047796621951219476,113.35384146341462,113.94940853658535,-0.5955670731707272,40.279280487804876,47.9375487804878,-7.658268292682926,23.73962195121951,30.34081707317073,-6.601195121951218,14.818341463414635,14.160115853658539,0.6582256097560961,-4.413243902439024,-1.0844207317073167,-3.3288231707317077,-4.413243902439024,-1.0844207317073167,-3.3288231707317077,0.2,0.4,-0.2,1504.526217789641,1484.5407086577095,19.985509131931394
statline_pregame_svm,2025-26,22500293,2025-11-29,1610612750,1610612738,MIN,BOS,Minnesota Timberwolves,Boston Celtics,MIN vs. BOS,BOS @ MIN,1,last_avg_15pct_current_momentum_85pct_plus_elo,0.85,0.15,20,0.47066843902439026,0.47702815853658537,-0.0063597195121951056,0.3591898292682927,0.3923496951219513,-0.0331598658536586,0.7785977560975609,0.7762953536585365,0.0023024024390243536,119.19428048780487,117.74604878048781,1.4482317073170634,46.67551219512195,45.76301219512195,0.9124999999999943,25.646158536585364,26.340390243902437,-0.6942317073170727,15.25640243902439,11.509475609756096,3.7469268292682933,8.672,7.878292682926829,0.7937073170731717,8.672,7.878292682926829,0.7937073170731717,0.6,0.7,-0.09999999999999998,1563.7145286334912,1613.3692079157856,-49.65467928229441
statline_pregame_svm,2025-26,22500294,2025-11-29,1610612766,1610612761,CHA,TOR,Charlotte Hornets,Toronto Raptors,CHA vs. TOR,TOR @ CHA,1,last_avg_15pct_current_momentum_85pct_plus_elo,0.85,0.15,20,0.4427801097560975,0.49353331097560976,-0.05075320121951227,0.33372915853658536,0.35375299390243903,-0.02002383536585367,0.8317860914634149,0.7793018353658536,0.052484256097561244,111.31728048780488,117.51492682926829,-6.197646341463411,43.09956097560976,43.408475609756096,-0.30891463414633336,24.787786585365854,29.395292682926833,-4.607506097560979,15.419249999999998,13.690634146341463,1.7286158536585354,-7.8098780487804875,6.844908536585366,-14.654786585365853,-7.8098780487804875,6.844908536585366,-14.654786585365853,0.2,0.9,-0.7,1290.4172530933347,1519.4403072011855,-229.02305410785084
statline_pregame_svm,2025-26,22500295,2025-11-29,1610612754,1610612741,IND,CHI,Indiana Pacers,Chicago Bulls,IND vs. CHI,CHI @ IND,1,last_avg_15pct_current_momentum_85pct_plus_elo,0.85,0.15,20,0.45085406707317077,0.4627170609756097,-0.011862993902438945,0.3389445365853659,0.35999703658536586,-0.021052499999999974,0.7977017682926828,0.7964462804878049,0.0012554878048779416,111.33717682926829,121.39664634146341,-10.059469512195122,42.04788414634146,45.88910975609756,-3.8412256097561013,24.767201219512195,29.320329268292685,-4.55312804878049,15.056310975609755,14.61662195121951,0.43968902439024404,-7.564646341463414,-6.104329268292683,-1.4603170731707307,-7.564646341463414,-6.104329268292683,-1.4603170731707307,0.2,0.3,-0.09999999999999998,1466.3251949996638,1491.072153818022,-24.746958818358053
statline_pregame_svm,2025-26,22500296,2025-11-29,1610612748,1610612765,MIA,DET,Miami Heat,Detroit Pistons,MIA vs. DET,DET @ MIA,0,last_avg_15pct_current_momentum_85pct_plus_elo,0.85,0.15,20,0.4642807743902438,0.4909955731707316,-0.026714798780487825,0.34600223170731703,0.3741946646341463,-0.02819243292682927,0.7899193414634146,0.7600977865853659,0.029821554878048717,120.69328048780487,119.699,0.9942804878048719,48.40462195121951,45.2760487804878,3.1285731707317126,29.955817073170728,26.561969512195123,3.3938475609756047,13.920182926829266,16.18542682926829,-2.2652439024390247,4.468487804878048,5.211219512195122,-0.7427317073170734,4.468487804878048,5.211219512195122,-0.7427317073170734,0.8,0.8,0.0,1537.1258163106672,1596.523619477214,-59.39780316654674
statline_pregame_svm,2025-26,22500297,2025-11-29,1610612749,1610612751,MIL,BKN,Milwaukee Bucks,Brooklyn Nets,MIL vs. BKN,BKN @ MIL,1,last_avg_15pct_current_momentum_85pct_plus_elo,0.85,0.15,20,0.4776364634146341,0.4359860853658536,0.04165037804878052,0.41610207317073167,0.34070610975609755,0.07539596341463412,0.7316660975609757,0.7901627560975609,-0.058496658536585255,111.59182926829268,106.17329268292684,5.4185365853658425,39.48487804878049,39.31214634146342,0.17273170731706955,26.943170731707315,24.654756097560973,2.288414634146342,14.67170731707317,14.96362195121951,-0.2919146341463392,-6.258658536585366,-8.479292682926829,2.220634146341463,-6.258658536585366,-8.479292682926829,2.220634146341463,0.2,0.2,0.0,1506.5175459380553,1314.5856103112562,191.93193562679903
statline_pregame_svm,2025-26,22500298,2025-11-29,1610612744,1610612740,GSW,NOP,Golden State Warriors,New Orleans Pelicans,GSW vs. NOP,NOP @ GSW,1,last_avg_15pct_current_momentum_85pct_plus_elo,0.85,0.15,20,0.44496780487804877,0.4585492073170732,-0.013581402439024448,0.35059731707317077,0.32946782926829266,0.02112948780487811,0.8004451219512196,0.7878727134146342,0.012572408536585478,113.96890243902439,112.87413414634145,1.094768292682943,43.78170731707317,42.79437804878048,0.9873292682926902,26.88963414634146,24.838981707317075,2.050652439024386,16.04731707317073,16.143170731707315,-0.09585365853658345,2.0257317073170733,-9.808914634146342,11.834646341463415,2.0257317073170733,-9.808914634146342,11.834646341463415,0.5,0.1,0.4,1547.4072847859072,1308.501670805992,238.9056139799152
statline_pregame_svm,2025-26,22500299,2025-11-29,1610612756,1610612743,PHX,DEN,Phoenix Suns,Denver Nuggets,PHX vs. DEN,DEN @ PHX,0,last_avg_15pct_current_momentum_85pct_plus_elo,0.85,0.15,20,0.4764060975609757,0.5066862804878048,-0.030280182926829158,0.3745606097560975,0.3928174268292683,-0.018256817073170784,0.7904553658536585,0.8004648414634146,-0.010009475609756069,116.83329268292684,123.23768292682927,-6.4043902439024265,44.62317073170732,45.327817073170735,-0.7046463414634161,24.05524390243902,28.551999999999996,-4.496756097560976,16.389146341463412,14.289682926829268,2.099463414634144,6.18,5.886707317073171,0.293292682926829,6.18,5.886707317073171,0.293292682926829,0.7,0.7,0.0,1509.5449239052991,1609.003839995533,-99.45891609023397
statline_pregame_svm,2025-26,22500300,2025-11-29,1610612746,1610612742,LAC,DAL,Los Angeles Clippers,Dallas Mavericks,LAC vs. DAL,DAL @ LAC,0,last_avg_15pct_current_momentum_85pct_plus_elo,0.85,0.15,20,0.46412328048780493,0.4471625609756097,0.016960719512195244,0.36267814634146334,0.3449826829268292,0.017695463414634127,0.854351731707317,0.7673281707317072,0.08702356097560981,113.7032743902439,113.60426829268292,0.09900609756098788,41.05309146341463,45.897317073170726,-4.844225609756094,23.094865853658533,24.44158536585366,-1.3467195121951256,14.976524390243902,16.64048780487805,-1.6639634146341464,-4.432731707317073,-4.854268292682927,0.42153658536585414,-4.432731707317073,-4.854268292682927,0.42153658536585414,0.2,0.2,0.0,1493.951622214475,1389.893835230705,104.05778698377003
statline_pregame_svm,2025-26,22500301,2025-11-30,1610612762,1610612745,UTA,HOU,Utah Jazz,Houston Rockets,UTA vs. HOU,HOU @ UTA,0,last_avg_15pct_current_momentum_85pct_plus_elo,0.85,0.15,20,0.46238389024390236,0.4651030243902439,-0.002719134146341562,0.3487667073170732,0.3867157073170731,-0.0379489999999999,0.7808810243902438,0.7752574634146341,0.005623560975609676,119.85370731707316,117.42565853658536,2.4280487804877993,45.09743902439024,49.032292682926816,-3.934853658536575,30.325231707317073,24.401268292682925,5.923963414634148,16.89858536585366,14.168878048780488,2.7297073170731707,-8.774243902439023,7.90390243902439,-16.678146341463414,-8.774243902439023,7.90390243902439,-16.678146341463414,0.3,0.8,-0.5,1331.5811184861002,1629.470819796623,-297.8897013105227
statline_pregame_svm,2025-26,22500302,2025-11-30,1610612739,1610612738,CLE,BOS,Cleveland Cavaliers,Boston Celtics,CLE vs. BOS,BOS @ CLE,0,last_avg_15pct_current_momentum_85pct_plus_elo,0.85,0.15,20,0.4670976829268293,0.471502225609756,-0.0044045426829267265,0.34703146341463414,0.3902513353658536,-0.04321987195121946,0.7679647560975609,0.7618583109756097,0.006106445121951132,117.99585365853659,116.1323963414634,1.863457317073184,45.65536585365854,46.03003658536585,-0.3746707317073117,26.739634146341462,25.785920731707318,0.9537134146341444,14.134268292682927,11.812676829268293,2.3215914634146344,2.8754878048780483,5.145128048780488,-2.2696402439024395,2.8754878048780483,5.145128048780488,-2.2696402439024395,0.5,0.6,-0.09999999999999998,1617.9870269243263,1601.9496830412684,16.03734388305793
statline_pregame_svm,2025-26,22500303,2025-11-30,1610612752,1610612761,NYK,TOR,New York Knicks,Toronto Raptors,NYK vs. TOR,TOR @ NYK,1,last_avg_15pct_current_momentum_85pct_plus_elo,0.85,0.15,20,0.4889881219512195,0.49429426829268297,-0.00530614634146348,0.3708739512195122,0.34452707317073167,0.026346878048780553,0.7877577804878049,0.7843859756097561,0.0033718048780487786,120.61491463414634,117.09987804878048,3.5150365853658627,43.60539024390244,44.50829268292682,-0.9029024390243805,27.497134146341466,29.86548780487805,-2.3683536585365843,13.063048780487804,14.029390243902439,-0.9663414634146346,6.929926829268292,7.68609756097561,-0.7561707317073179,6.929926829268292,7.68609756097561,-0.7561707317073179,0.7,0.9,-0.20000000000000007,1582.9947394822984,1503.6621238117746,79.33261567052386
statline_pregame_svm,2025-26,22500304,2025-11-30,1610612755,1610612737,PHI,ATL,Philadelphia 76ers,Atlanta Hawks,PHI vs. ATL,ATL @ PHI,0,last_avg_15pct_current_momentum_85pct_plus_elo,0.85,0.15,20,0.4555833414634146,0.5008032926829268,-0.04521995121951217,0.3454619146341463,0.3911791463414634,-0.04571723170731706,0.8224501951219512,0.7611375609756097,0.06131263414634147,111.82079268292682,119.98243902439023,-8.16164634146341,44.00578048780487,40.504999999999995,3.5007804878048745,24.878987804878044,32.74280487804877,-7.863817073170729,14.676158536585364,15.248658536585365,-0.5725000000000016,-4.294951219512195,3.144878048780488,-7.439829268292684,-4.294951219512195,3.144878048780488,-7.439829268292684,0.5,0.7,-0.19999999999999996,1395.1696904599917,1519.7187033692337,-124.54901290924204
statline_pregame_svm,2025-26,22500305,2025-11-30,1610612757,1610612760,POR,OKC,Portland Trail Blazers,Oklahoma City Thunder,POR vs. OKC,OKC @ POR,0,last_avg_15pct_current_momentum_85pct_plus_elo,0.85,0.15,20,0.44814371341463416,0.497735975609756,-0.04959226219512186,0.3228369085365853,0.3882269512195122,-0.06539004268292686,0.7619271951219511,0.8264023170731706,-0.06447512195121952,114.69337195121952,121.00999999999999,-6.316628048780473,46.893396341463415,42.16207317073171,4.731323170731706,23.72018902439024,26.893048780487803,-3.172859756097562,16.235207317073172,12.977926829268291,3.2572804878048807,-5.9023048780487795,17.399878048780486,-23.302182926829268,-5.9023048780487795,17.399878048780486,-23.302182926829268,0.3,1.0,-0.7,1482.6837124186516,1786.4448610114885,-303.7611485928369
statline_pregame_svm,2025-26,22500306,2025-11-30,1610612750,1610612759,MIN,SAS,Minnesota Timberwolves,San Antonio Spurs,MIN vs. SAS,SAS @ MIN,1,last_avg_15pct_current_momentum_85pct_plus_elo,0.85,0.15,20,0.4647348170731707,0.48086965853658536,-0.01613484146341465,0.355451487804878,0.3583214390243902,-0.002869951219512168,0.7827475182926829,0.8334047682926828,-0.05065724999999999,118.01309146341463,118.57280487804877,-0.559713414634146,45.595286585365855,45.07012195121952,0.5251646341463356,25.538975609756097,27.996024390243903,-2.4570487804878063,14.815957317073172,13.971341463414634,0.8446158536585386,5.968999999999999,2.718317073170732,3.2506829268292674,5.968999999999999,2.718317073170732,3.2506829268292674,0.6,0.7,-0.09999999999999998,1575.1340535080085,1518.3800641820362,56.75398932597227
statline_pregame_svm,2025-26,22500307,2025-11-30,1610612758,1610612763,SAC,MEM,Sacramento Kings,Memphis Grizzlies,SAC vs. MEM,MEM @ SAC,0,last_avg_15pct_current_momentum_85pct_plus_elo,0.85,0.15,20,0.45971414634146335,0.44137158536585364,0.018342560975609712,0.33465585365853656,0.34159402439024394,-0.006938170731707383,0.7657192682926829,0.7764885365853658,-0.010769268292682876,109.75475609756097,113.0310975609756,-3.2763414634146244,40.54426829268293,48.90841463414634,-8.36414634146341,26.15268292682927,30.18719512195122,-4.034512195121948,13.812560975609756,14.080609756097562,-0.2680487804878062,-11.828658536585365,-2.161951219512195,-9.66670731707317,-11.828658536585365,-2.161951219512195,-9.66670731707317,0.2,0.4,-0.2,1439.0389600777605,1495.1153042328754,-56.07634415511484
statline_pregame_svm,2025-26,22500308,2025-11-30,1610612747,1610612740,LAL,NOP,Los Angeles Lakers,New Orleans Pelicans,LAL vs. NOP,NOP @ LAL,1,last_avg_15pct_current_momentum_85pct_plus_elo,0.85,0.15,20,0.49736462195121944,0.455639512195122,0.041725109756097445,0.36517791463414634,0.3218580487804878,0.043319865853658546,0.7952511829268292,0.7868874390243903,0.00836374390243888,117.06970731707318,112.86439024390243,4.205317073170747,41.56480487804878,43.601463414634146,-2.0366585365853638,25.308634146341465,24.61621951219512,0.6924146341463455,15.291902439024389,15.626951219512195,-0.3350487804878064,3.6525853658536587,-8.554024390243903,12.206609756097562,3.6525853658536587,-8.554024390243903,12.206609756097562,0.8,0.1,0.7000000000000001,1630.292579873926,1304.4662157938326,325.8263640800933
statline_pregame_svm,2025-26,22500309,2025-12-01,1610612765,1610612737,DET,ATL,Detroit Pistons,Atlanta Hawks,DET vs. ATL,ATL @ DET,1,last_avg_15pct_current_momentum_85pct_plus_elo,0.85,0.15,20,0.5015001219512195,0.5016532926829268,-0.00015317073170728612,0.3739640243902439,0.3870141463414634,-0.013050121951219518,0.7617375609756096,0.7573975609756097,0.0043399999999998995,122.215,123.12743902439024,-0.9124390243902383,45.81341463414634,41.949999999999996,3.863414634146345,27.080365853658535,33.25280487804878,-6.172439024390243,16.679878048780488,16.183658536585366,0.49621951219512184,5.385365853658536,3.569878048780488,1.8154878048780478,5.385365853658536,3.569878048780488,1.8154878048780478,0.8,0.7,0.10000000000000009,1604.830476686009,1526.2799509005679,78.5505257854411
statline_pregame_svm,2025-26,22500310,2025-12-01,1610612754,1610612739,IND,CLE,Indiana Pacers,Cleveland Cavaliers,IND vs. CLE,CLE @ IND,0,last_avg_15pct_current_momentum_85pct_plus_elo,0.85,0.15,20,0.4591621951219512,0.47126268292682927,-0.012100487804878046,0.3404525609756097,0.35230146341463414,-0.011848902439024422,0.7980987804878048,0.766944756097561,0.03115402439024384,112.71987804878049,116.04085365853658,-3.32097560975609,41.29439024390244,44.21036585365854,-2.915975609756096,24.786585365853657,26.909634146341464,-2.1230487804878067,14.389268292682926,14.474268292682925,-0.08499999999999908,-5.275243902439024,2.8754878048780483,-8.150731707317071,-5.275243902439024,2.8754878048780483,-8.150731707317071,0.3,0.5,-0.2,1477.0362676296163,1607.525762616594,-130.48949498697766
statline_pregame_svm,2025-26,22500311,2025-12-01,1610612764,1610612749,WAS,MIL,Washington Wizards,Milwaukee Bucks,WAS vs. MIL,MIL @ WAS,1,last_avg_15pct_current_momentum_85pct_plus_elo,0.85,0.15,20,0.45922179268292684,0.48384146341463413,-0.024619670731707288,0.362599768292683,0.4178870731707317,-0.055287304878048726,0.7704510487804879,0.7236760975609756,0.04677495121951225,111.825,111.59182926829268,0.23317073170731817,41.55685365853658,39.399878048780494,2.1569756097560884,25.25242682926829,27.538170731707318,-2.2857439024390267,16.049829268292683,14.756707317073172,1.2931219512195113,-13.862670731707317,-4.983658536585366,-8.879012195121952,-13.862670731707317,-4.983658536585366,-8.879012195121952,0.1,0.2,-0.1,1270.3463199769544,1511.4941946255176,-241.14787464856317
statline_pregame_svm,2025-26,22500312,2025-12-01,1610612751,1610612766,BKN,CHA,Brooklyn Nets,Charlotte Hornets,BKN vs. CHA,CHA @ BKN,1,last_avg_15pct_current_momentum_85pct_plus_elo,0.85,0.15,20,0.4393342560975611,0.43660268292682924,0.0027315731707318602,0.3415028292682927,0.31518609756097565,0.02631673170731702,0.7743715182926829,0.8335289024390243,-0.05915738414634142,105.58637804878049,112.23963414634146,-6.65325609756097,39.28218902439024,43.159268292682924,-3.8770792682926825,24.384518292682923,24.472560975609756,-0.08804268292683304,14.952115853658537,14.225,0.7271158536585371,-8.474628048780488,-6.296463414634146,-2.1781646341463423,-8.474628048780488,-6.296463414634146,-2.1781646341463423,0.2,0.3,-0.09999999999999998,1309.608961623794,1306.1954364827457,3.4135251410482397
statline_pregame_svm,2025-26,22500313,2025-12-01,1610612748,1610612746,MIA,LAC,Miami Heat,Los Angeles Clippers,MIA vs. LAC,LAC @ MIA,1,last_avg_15pct_current_momentum_85pct_plus_elo,0.85,0.15,20,0.4633467073170731,0.46516463414634146,-0.001817926829268346,0.3614662195121951,0.358850243902439,0.0026159756097560716,0.7953639024390243,0.8757062195121951,-0.08034231707317074,121.13963414634146,114.42670731707318,6.712926829268284,47.903536585365856,41.24890243902439,6.654634146341465,29.292195121951217,23.495609756097558,5.796585365853659,14.192804878048781,15.491707317073171,-1.2989024390243902,3.994146341463414,-4.996219512195122,8.990365853658536,3.994146341463414,-4.996219512195122,8.990365853658536,0.7,0.2,0.49999999999999994,1528.8189591018722,1481.043050595804,47.77590850606816
statline_pregame_svm,2025-26,22500314,2025-12-01,1610612753,1610612741,ORL,CHI,Orlando Magic,Chicago Bulls,ORL vs. CHI,CHI @ ORL,1,last_avg_15pct_current_momentum_85pct_plus_elo,0.85,0.15,20,0.4724093902439024,0.46195693292682927,0.010452457317073116,0.34354646341463413,0.35662035975609757,-0.013073896341463442,0.8325397560975609,0.7671470914634145,0.06539266463414639,119.9390243902439,119.90043902439024,0.038585365853663234,44.35621951219512,45.568079268292685,-1.2118597560975672,26.401829268292683,29.092487804878047,-2.6906585365853637,13.01109756097561,14.532865853658535,-1.5217682926829248,8.991707317073171,-6.033737804878048,15.025445121951218,8.991707317073171,-6.033737804878048,15.025445121951218,0.8,0.3,0.5,1543.381685071147,1480.3610811880694,63.02060388307768
statline_pregame_svm,2025-26,22500315,2025-12-01,1610612743,1610612742,DEN,DAL,Denver Nuggets,Dallas Mavericks,DEN vs. DAL,DAL @ DEN,0,last_avg_15pct_current_momentum_85pct_plus_elo,0.85,0.15,20,0.5143238414634146,0.44954256097560974,0.06478128048780485,0.4165707804878049,0.3493176829268293,0.06725309756097558,0.812255274390244,0.7728531707317073,0.03940210365853669,124.42529878048781,113.60426829268292,10.82103048780489,44.0934512195122,44.622317073170734,-0.5288658536585373,28.738999999999997,24.186585365853656,4.552414634146341,14.210798780487803,16.13048780487805,-1.919689024390248,6.078371951219511,-4.344268292682927,10.422640243902439,6.078371951219511,-4.344268292682927,10.422640243902439,0.7,0.3,0.39999999999999997,1616.2168977905408,1402.802406849376,213.4144909411648
statline_pregame_svm,2025-26,22500316,2025-12-01,1610612762,1610612745,UTA,HOU,Utah Jazz,Houston Rockets,UTA vs. HOU,HOU @ UTA,1,last_avg_15pct_current_momentum_85pct_plus_elo,0.85,0.15,20,0.46846367073170736,0.4696283414634146,-0.0011646707317072291,0.35257512195121954,0.3832164024390244,-0.030641280487804845,0.7984278231707317,0.7741899878048779,0.024237835365853777,120.61912195121951,117.98271951219513,2.63640243902438,44.51456707317073,48.778847560975606,-4.264280487804875,30.91494512195122,24.53975609756097,6.375189024390249,16.800006097560974,14.403042682926829,2.396963414634145,-7.773731707317074,9.055134146341462,-16.828865853658534,-7.773731707317074,9.055134146341462,-16.828865853658534,0.3,0.8,-0.5,1328.5302517302441,1632.521686552479,-303.99143482223485
statline_pregame_svm,2025-26,22500317,2025-12-01,1610612747,1610612756,LAL,PHX,Los Angeles Lakers,Phoenix Suns,LAL vs. PHX,PHX @ LAL,0,last_avg_15pct_current_momentum_85pct_plus_elo,0.85,0.15,20,0.5013353658536585,0.47156109756097564,0.029774268292682815,0.3686722439024391,0.36529560975609754,0.0033766341463415395,0.8036340487804877,0.7900303658536585,0.01360368292682923,118.48537195121952,116.06829268292682,2.417079268292696,42.16291463414635,43.68817073170732,-1.5252560975609697,25.513152439024392,23.545243902439022,1.9679085365853695,14.96195731707317,15.454146341463414,-0.49218902439024426,4.595256097560975,2.6950000000000003,1.900256097560975,4.595256097560975,2.6950000000000003,1.900256097560975,0.8,0.6,0.20000000000000007,1632.9504646904807,1502.3318661102915,130.6185985801892
statline_pregame_svm,2025-26,22500318,2025-12-02,1610612755,1610612764,PHI,WAS,Philadelphia 76ers,Washington Wizards,PHI vs. WAS,WAS @ PHI,1,last_avg_15pct_current_momentum_85pct_plus_elo,0.85,0.15,20,0.44980852439024394,0.46591087804878045,-0.016102353658536517,0.340957743902439,0.3638418048780488,-0.0228840609756098,0.8291875853658537,0.7610386463414635,0.06814893902439023,112.26662804878048,113.168,-0.9013719512195308,43.593841463414634,41.19581097560976,2.398030487804874,24.569463414634143,25.018780487804882,-0.44931707317073943,15.057725609756096,15.269487804878048,-0.2117621951219526,-5.640853658536585,-11.034762195121951,5.393908536585366,-5.640853658536585,-11.034762195121951,5.393908536585366,0.4,0.2,0.2,1388.6084429286575,1286.3522826955734,102.25616023308407
statline_pregame_svm,2025-26,22500319,2025-12-02,1610612761,1610612757,TOR,POR,Toronto Raptors,Portland Trail Blazers,TOR vs. POR,POR @ TOR,1,last_avg_15pct_current_momentum_85pct_plus_elo,0.85,0.15,20,0.4879192682926829,0.44362243902439025,0.04429682926829265,0.3479270731707317,0.3189010975609756,0.02902597560975606,0.7613509756097561,0.7665586585365853,-0.005207682926829271,114.97487804878048,115.14853658536586,-0.17365853658537844,43.65829268292683,47.94024390243902,-4.2819512195121945,29.525487804878047,23.715731707317072,5.8097560975609746,14.794390243902438,16.589512195121948,-1.7951219512195102,4.9660975609756095,-6.481341463414633,11.447439024390242,4.9660975609756095,-6.481341463414633,11.447439024390242,0.8,0.3,0.5,1495.9066269364264,1479.719209170376,16.18741776605043
statline_pregame_svm,2025-26,22500320,2025-12-02,1610612738,1610612752,BOS,NYK,Boston Celtics,New York Knicks,BOS vs. NYK,NYK @ BOS,1,last_avg_15pct_current_momentum_85pct_plus_elo,0.85,0.15,20,0.4754282926829268,0.48257611585365845,-0.007147823170731649,0.3912809756097561,0.3628146036585366,0.028466371951219482,0.7687392682926829,0.7823223414634146,-0.013583073170731708,116.72024390243902,119.42999390243904,-2.709750000000014,46.23756097560975,44.86992073170732,1.3676402439024358,25.171951219512195,27.174652439024392,-2.002701219512197,12.234878048780487,13.374646341463416,-1.1397682926829287,6.211463414634146,5.956780487804878,0.2546829268292683,6.211463414634146,5.956780487804878,0.2546829268292683,0.7,0.7,0.0,1612.4109473490007,1590.7502363576466,21.660710991354108
statline_pregame_svm,2025-26,22500321,2025-12-02,1610612740,1610612750,NOP,MIN,New Orleans Pelicans,Minnesota Timberwolves,NOP vs. MIN,MIN @ NOP,0,last_avg_15pct_current_momentum_85pct_plus_elo,0.85,0.15,20,0.45835951219512194,0.46675719512195124,-0.008397682926829297,0.33605304878048775,0.36009414634146336,-0.02404109756097561,0.7820424390243903,0.7698037804878048,0.012238658536585456,113.20439024390242,116.59390243902439,-3.3895121951219664,44.026463414634144,44.98256097560976,-0.9560975609756142,24.19121951219512,26.10329268292683,-1.9120731707317127,15.456951219512195,15.00451219512195,0.4524390243902445,-8.894024390243903,4.83,-13.724024390243903,-8.894024390243903,4.83,-13.724024390243903,0.1,0.6,-0.5,1301.8083309772778,1583.5149182764158,-281.70658729913794
statline_pregame_svm,2025-26,22500322,2025-12-02,1610612759,1610612763,SAS,MEM,San Antonio Spurs,Memphis Grizzlies,SAS vs. MEM,MEM @ SAS,1,last_avg_15pct_current_momentum_85pct_plus_elo,0.85,0.15,20,0.4809622256097561,0.45310158536585365,0.027860640243902446,0.3496508170731707,0.34065902439024387,0.008991792682926825,0.8328278048780487,0.7769135365853659,0.05591426829268287,117.70041463414634,114.3060975609756,3.3943170731707397,44.34036585365854,49.078414634146334,-4.738048780487794,26.83007317073171,30.017195121951218,-3.1871219512195097,13.815024390243902,14.84560975609756,-1.030585365853657,1.4074512195121947,-0.29195121951219516,1.6994024390243898,1.4074512195121947,-0.29195121951219516,1.6994024390243898,0.6,0.5,0.09999999999999998,1509.999199413629,1503.5151678510906,6.484031562538348
statline_pregame_svm,2025-26,22500323,2025-12-02,1610612744,1610612760,GSW,OKC,Golden State Warriors,Oklahoma City Thunder,GSW vs. OKC,OKC @ GSW,0,last_avg_15pct_current_momentum_85pct_plus_elo,0.85,0.15,20,0.4430128048780487,0.5025809756097561,-0.05956817073170739,0.34906731707317074,0.39774695121951215,-0.04867963414634141,0.8086901219512195,0.8208773170731707,-0.012187195121951211,113.1189024390244,121.775,-8.65609756097561,43.52670731707317,41.99207317073171,1.5346341463414603,27.399634146341462,27.573048780487802,-0.17341463414634006,16.04731707317073,13.487926829268293,2.5593902439024383,0.07073170731707312,16.88987804878049,-16.819146341463416,0.07073170731707312,16.88987804878049,-16.819146341463416,0.5,1.0,-0.5,1551.4427397980667,1789.409364259764,-237.9666244616974
statline_pregame_svm,2025-26,22500324,2025-12-03,1610612739,1610612757,CLE,POR,Cleveland Cavaliers,Portland Trail Blazers,CLE vs. POR,POR @ CLE,0,last_avg_15pct_current_momentum_85pct_plus_elo,0.85,0.15,20,0.4778076829268292,0.43648243902439027,0.04132524390243891,0.3567214634146342,0.32094109756097555,0.035780365853658624,0.757169756097561,0.7423336585365854,0.014836097560975592,116.46585365853659,114.55353658536586,1.9123170731707262,44.125365853658536,47.94024390243902,-3.8148780487804856,26.484634146341463,23.46073170731707,3.0239024390243934,14.134268292682927,16.75951219512195,-2.6252439024390224,3.0454878048780487,-7.416341463414633,10.461829268292682,3.0454878048780487,-7.416341463414633,10.461829268292682,0.5,0.2,0.3,1613.9371436032786,1470.1847836752183,143.7523599280603
statline_pregame_svm,2025-26,22500325,2025-12-03,1610612754,1610612743,IND,DEN,Indiana Pacers,Denver Nuggets,IND vs. DEN,DEN @ IND,0,last_avg_15pct_current_momentum_85pct_plus_elo,0.85,0.15,20,0.46060719512195125,0.5115489024390244,-0.05094170731707315,0.3458075609756098,0.4127246341463414,-0.06691707317073164,0.7839037804878048,0.8190817073170731,-0.035177926829268236,111.95487804878047,124.53341463414634,-12.578536585365867,41.379390243902435,43.92158536585366,-2.5421951219512238,23.93658536585366,29.724999999999998,-5.7884146341463385,14.899268292682926,13.783414634146341,1.1158536585365848,-4.595243902439024,4.1535365853658535,-8.748780487804877,-4.595243902439024,4.1535365853658535,-8.748780487804877,0.3,0.6,-0.3,1470.6248866429316,1600.745735148601,-130.1208485056693
statline_pregame_svm,2025-26,22500326,2025-12-03,1610612753,1610612759,ORL,SAS,Orlando Magic,San Antonio Spurs,ORL vs. SAS,SAS @ ORL,0,last_avg_15pct_current_momentum_85pct_plus_elo,0.85,0.15,20,0.4777643902439024,0.4770682926829268,0.0006960975609756059,0.34405646341463414,0.36275719512195115,-0.01870073170731701,0.8270147560975611,0.8292163414634146,-0.0022015853658534645,120.7890243902439,118.32402439024389,2.4650000000000034,44.016219512195114,43.78060975609756,0.23560975609755275,26.316829268292683,26.56512195121951,-0.24829268292682727,13.43609756097561,13.13170731707317,0.3043902439024393,9.161707317073171,1.8815853658536585,7.280121951219512,9.161707317073171,1.8815853658536585,7.280121951219512,0.8,0.6,0.20000000000000007,1551.5874410662168,1519.812595647003,31.77484541921376
statline_pregame_svm,2025-26,22500327,2025-12-03,1610612737,1610612746,ATL,LAC,Atlanta Hawks,Los Angeles Clippers,ATL vs. LAC,LAC @ ATL,0,last_avg_15pct_current_momentum_85pct_plus_elo,0.85,0.15,20,0.48898829268292676,0.46176463414634145,0.027223658536585316,0.38063914634146345,0.34848024390243904,0.03215890243902442,0.7496625609756098,0.8632112195121951,-0.11354865853658536,120.15243902439025,115.02170731707318,5.130731707317068,41.01499999999999,42.098902439024386,-1.083902439024392,31.97780487804878,23.07060975609756,8.907195121951219,15.673658536585364,15.321707317073171,0.351951219512193,0.6798780487804879,-5.251219512195123,5.93109756097561,0.6798780487804879,-5.251219512195123,5.93109756097561,0.6,0.2,0.39999999999999997,1518.503066924665,1472.4095495602044,46.093517364460695
statline_pregame_svm,2025-26,22500328,2025-12-03,1610612752,1610612766,NYK,CHA,New York Knicks,Charlotte Hornets,NYK vs. CHA,CHA @ NYK,1,last_avg_15pct_current_momentum_85pct_plus_elo,0.85,0.15,20,0.4845706097560976,0.43702768292682925,0.04754292682926836,0.365354756097561,0.3215610975609756,0.0437936585365854,0.7690839024390245,0.8319139024390244,-0.06282999999999994,118.2620731707317,111.55963414634147,6.70243902439023,44.05195121951219,42.479268292682924,1.5726829268292661,26.648170731707317,24.387560975609755,2.260609756097562,13.125243902439024,14.394999999999998,-1.2697560975609736,4.439634146341463,-8.336463414634146,12.77609756097561,4.439634146341463,-8.336463414634146,12.77609756097561,0.6,0.2,0.39999999999999997,1581.3728752449745,1296.2936824728758,285.0791927720986
statline_pregame_svm,2025-26,22500329,2025-12-03,1610612741,1610612751,CHI,BKN,Chicago Bulls,Brooklyn Nets,CHI vs. BKN,BKN @ CHI,0,last_avg_15pct_current_momentum_85pct_plus_elo,0.85,0.15,20,0.4665178048780487,0.4433029268292683,0.02321487804878042,0.3569326829268292,0.3485980487804878,0.008334634146341446,0.7565139024390244,0.7750787804878049,-0.018564878048780487,120.26573170731707,107.14146341463415,13.124268292682927,45.3830487804878,39.60073170731707,5.782317073170731,29.179146341463415,25.363780487804878,3.8153658536585375,15.205609756097562,14.26060975609756,0.9450000000000021,-6.354146341463415,-4.381463414634146,-1.9726829268292692,-6.354146341463415,-4.381463414634146,-1.9726829268292692,0.3,0.3,0.0,1472.1553251929997,1319.5107156336637,152.644609559336
statline_pregame_svm,2025-26,22500330,2025-12-03,1610612745,1610612758,HOU,SAC,Houston Rockets,Sacramento Kings,HOU vs. SAC,SAC @ HOU,1,last_avg_15pct_current_momentum_85pct_plus_elo,0.85,0.15,20,0.46910465853658534,0.4575891463414634,0.011515512195121924,0.37071559756097555,0.33406085365853655,0.036654743902439,0.768532512195122,0.7567942682926828,0.01173824390243916,119.34728048780487,109.66975609756096,9.677524390243903,49.17990243902438,40.45926829268292,8.72063414634146,24.763243902439022,25.64268292682927,-0.8794390243902477,13.59170731707317,13.642560975609756,-0.0508536585365853,9.551865853658537,-11.318658536585366,20.8705243902439,9.551865853658537,-11.318658536585366,20.8705243902439,0.8,0.2,0.6000000000000001,1615.4828440170272,1430.6390964595453,184.84374755748195
statline_pregame_svm,2025-26,22500331,2025-12-03,1610612749,1610612765,MIL,DET,Milwaukee Bucks,Detroit Pistons,MIL vs. DET,DET @ MIL,1,last_avg_15pct_current_momentum_85pct_plus_elo,0.85,0.15,20,0.4917464634146342,0.5040501219512196,-0.012303658536585382,0.4308920731707317,0.36333902439024396,0.06755304878048773,0.7240160975609757,0.7584225609756097,-0.03440646341463394,113.80182926829268,118.985,-5.183170731707321,39.48487804878049,45.55841463414634,-6.073536585365851,27.538170731707318,26.315365853658538,1.2228048780487804,15.436707317073171,17.274878048780486,-1.838170731707315,-4.303658536585366,5.300365853658537,-9.604024390243904,-4.303658536585366,5.300365853658537,-9.604024390243904,0.2,0.8,-0.6000000000000001,1495.4882319068986,1612.6073606619118,-117.11912875501321
statline_pregame_svm,2025-26,22500332,2025-12-03,1610612742,1610612748,DAL,MIA,Dallas Mavericks,Miami Heat,DAL vs. MIA,MIA @ DAL,1,last_avg_15pct_current_momentum_85pct_plus_elo,0.85,0.15,20,0.45447256097560973,0.4685317073170731,-0.01405914634146338,0.36240768292682923,0.3775312195121951,-0.01512353658536586,0.7725131707317072,0.7915389024390244,-0.01902573170731714,115.04926829268292,121.13963414634146,-6.09036585365854,44.45231707317073,47.39353658536585,-2.9412195121951186,24.44158536585366,29.46219512195122,-5.02060975609756,15.025487804878049,14.02280487804878,1.0026829268292694,-2.7292682926829266,5.269146341463414,-7.998414634146341,-2.7292682926829266,5.269146341463414,-7.998414634146341,0.4,0.7,-0.29999999999999993,1418.2735694913158,1537.452460137472,-119.1788906461561
statline_pregame_svm,2025-26,22500333,2025-12-04,1610612755,1610612744,PHI,GSW,Philadelphia 76ers,Golden State Warriors,PHI vs. GSW,GSW @ PHI,1,last_avg_15pct_current_momentum_85pct_plus_elo,0.85,0.15,20,0.45141170731707314,0.44360780487804874,0.007803902439024402,0.3461520731707317,0.3539973170731707,-0.007845243902439014,0.8188059756097561,0.8092851219512194,0.009520853658536721,113.51146341463414,113.96890243902439,-0.4574390243902542,44.38890243902439,44.46170731707316,-0.07280487804877112,24.982439024390242,27.99463414634146,-3.012195121951219,14.368292682926828,15.622317073170732,-1.254024390243904,-3.739756097560975,1.090731707317073,-4.830487804878048,-3.739756097560975,1.090731707317073,-4.830487804878048,0.5,0.5,0.0,1395.7474107486312,1547.3898452434105,-151.6424344947793
statline_pregame_svm,2025-26,22500334,2025-12-04,1610612764,1610612738,WAS,BOS,Washington Wizards,Boston Celtics,WAS vs. BOS,BOS @ WAS,0,last_avg_15pct_current_momentum_85pct_plus_elo,0.85,0.15,20,0.4657914634146342,0.4832482926829268,-0.017456829268292617,0.36002634146341467,0.3854159756097561,-0.025389634146341433,0.747665243902439,0.7803842682926829,-0.03271902439024388,113.185,117.74024390243902,-4.555243902439017,41.829268292682926,45.98256097560976,-4.153292682926832,25.524634146341466,24.831951219512195,0.6926829268292707,14.999146341463414,11.894878048780487,3.104268292682926,-12.065853658536584,6.381463414634147,-18.44731707317073,-12.065853658536584,6.381463414634147,-18.44731707317073,0.2,0.7,-0.49999999999999994,1279.2133148755997,1621.7883084616728,-342.5749935860731
statline_pregame_svm,2025-26,22500335,2025-12-04,1610612751,1610612762,BKN,UTA,Brooklyn Nets,Utah Jazz,BKN vs. UTA,UTA @ BKN,0,last_avg_15pct_current_momentum_85pct_plus_elo,0.85,0.15,20,0.45112292682926824,0.47761195121951217,-0.02648902439024392,0.3547180487804878,0.35876353658536586,-0.004045487804878067,0.7622437804878048,0.7937301219512195,-0.03148634146341467,107.48146341463415,122.77853658536586,-15.297073170731707,40.11073170731707,44.467195121951214,-4.356463414634142,25.873780487804876,31.453658536585365,-5.57987804878049,14.94060975609756,16.607926829268294,-1.667317073170734,-2.6814634146341465,-6.416219512195123,3.734756097560976,-2.6814634146341465,-6.416219512195123,3.734756097560976,0.4,0.4,0.0,1333.6417417673042,1345.5690942656959,-11.927352498391656
statline_pregame_svm,2025-26,22500336,2025-12-04,1610612761,1610612747,TOR,LAL,Toronto Raptors,Los Angeles Lakers,TOR vs. LAL,LAL @ TOR,0,last_avg_15pct_current_momentum_85pct_plus_elo,0.85,0.15,20,0.48587926829268285,0.5072356097560975,-0.02135634146341464,0.3462270731707317,0.36836707317073175,-0.02214000000000005,0.738060975609756,0.8101384146341464,-0.07207743902439034,114.54987804878049,119.26353658536584,-4.713658536585356,43.65829268292683,41.4690243902439,2.189268292682925,29.18548780487805,25.063170731707316,4.122317073170734,15.134390243902438,15.18451219512195,-0.050121951219512795,4.11609756097561,5.027926829268292,-0.9118292682926823,4.11609756097561,5.027926829268292,-0.9118292682926823,0.8,0.8,0.0,1505.441052431584,1619.3586087493863,-113.91755631780234
statline_pregame_svm,2025-26,22500337,2025-12-04,1610612740,1610612750,NOP,MIN,New Orleans Pelicans,Minnesota Timberwolves,NOP vs. MIN,MIN @ NOP,0,last_avg_15pct_current_momentum_85pct_plus_elo,0.85,0.15,20,0.46779451219512197,0.4691371951219512,-0.0013426829268292084,0.35458304878048774,0.3676591463414634,-0.013076097560975664,0.7887574390243901,0.7641087804878047,0.024648658536585377,116.43439024390243,119.0589024390244,-2.624512195121966,44.026463414634144,44.89756097560976,-0.8710975609756133,24.36121951219512,26.443292682926828,-2.0820731707317073,14.861951219512195,14.83451219512195,0.027439024390243816,-8.299024390243902,4.83,-13.129024390243902,-8.299024390243902,4.83,-13.129024390243902,0.1,0.6,-0.5,1298.5087366228981,1586.8145126307954,-288.3057760078973
statline_pregame_svm,2025-26,22500338,2025-12-05,1610612738,1610612747,BOS,LAL,Boston Celtics,Los Angeles Lakers,BOS vs. LAL,LAL @ BOS,1,last_avg_15pct_current_momentum_85pct_plus_elo,0.85,0.15,20,0.4963382926829268,0.5072356097560975,-0.01089731707317071,0.3925559756097561,0.3734670731707317,0.01908890243902439,0.786164268292683,0.8097984146341461,-0.023634146341463103,121.65024390243902,119.43353658536586,2.2167073170731584,45.38756097560975,41.639024390243904,3.748536585365848,25.851951219512195,25.148170731707317,0.7037804878048775,11.809878048780488,15.18451219512195,-3.374634146341462,10.376463414634147,4.432926829268292,5.943536585365854,10.376463414634147,4.432926829268292,5.943536585365854,0.8,0.8,0.0,1624.231749755273,1626.1924532162068,-1.9607034609337006
statline_pregame_svm,2025-26,22500339,2025-12-05,1610612753,1610612748,ORL,MIA,Orlando Magic,Miami Heat,ORL vs. MIA,MIA @ ORL,1,last_avg_15pct_current_momentum_85pct_plus_elo,0.85,0.15,20,0.47495939024390244,0.46147670731707313,0.013482682926829304,0.3414214634146341,0.36835121951219507,-0.026929756097560986,0.8130747560975609,0.7998689024390244,0.013205853658536437,119.7690243902439,120.45963414634147,-0.6906097560975724,43.93121951219511,47.13853658536585,-3.207317073170735,26.146829268292684,29.46219512195122,-3.315365853658534,13.01109756097561,13.17280487804878,-0.16170731707316932,7.546707317073171,5.609146341463414,1.937560975609757,7.546707317073171,5.609146341463414,1.937560975609757,0.7,0.7,0.0,1540.6754287973008,1524.150712207968,16.52471658933291
statline_pregame_svm,2025-26,22500340,2025-12-05,1610612737,1610612743,ATL,DEN,Atlanta Hawks,Denver Nuggets,ATL vs. DEN,DEN @ ATL,0,last_avg_15pct_current_momentum_85pct_plus_elo,0.85,0.15,20,0.4795532926829269,0.5171589024390244,-0.0376056097560975,0.3655091463414634,0.4318496341463415,-0.06634048780487806,0.7546775609756098,0.8139817073170732,-0.059304146341463415,116.75243902439024,124.95841463414634,-8.205975609756095,40.589999999999996,43.581585365853655,-2.991585365853659,30.61780487804878,29.81,0.8078048780487812,15.503658536585364,13.69841463414634,1.8052439024390239,-2.125121951219512,4.238536585365853,-6.3636585365853655,-2.125121951219512,4.238536585365853,-6.3636585365853655,0.5,0.6,-0.09999999999999998,1507.1841179479156,1607.1663637118768,-99.98224576396115
statline_pregame_svm,2025-26,22500341,2025-12-05,1610612739,1610612759,CLE,SAS,Cleveland Cavaliers,San Antonio Spurs,CLE vs. SAS,SAS @ CLE,1,last_avg_15pct_current_momentum_85pct_plus_elo,0.85,0.15,20,0.4738126829268292,0.4747732926829268,-0.0009606097560975746,0.35723146341463413,0.3613121951219512,-0.004080731707317042,0.762864756097561,0.8150213414634145,-0.05215658536585355,116.21085365853659,117.8140243902439,-1.6031707317073085,44.80536585365854,44.03560975609756,0.7697560975609861,26.22963414634146,25.71512195121951,0.5145121951219522,13.709268292682927,13.04670731707317,0.6625609756097557,3.1304878048780487,2.476585365853658,0.6539024390243906,3.1304878048780487,2.476585365853658,0.6539024390243906,0.5,0.7,-0.19999999999999996,1600.0206008310504,1530.724607915919,69.29599291513136
statline_pregame_svm,2025-26,22500342,2025-12-05,1610612765,1610612757,DET,POR,Detroit Pistons,Portland Trail Blazers,DET vs. POR,POR @ DET,1,last_avg_15pct_current_momentum_85pct_plus_elo,0.85,0.15,20,0.4907901219512195,0.4333374390243903,0.0574526829268292,0.3542440243902439,0.32527609756097564,0.028967926829268242,0.7672625609756097,0.7566136585365852,0.010648902439024499,117.71,115.06353658536585,2.646463414634141,45.55841463414634,48.790243902439016,-3.231829268292678,25.890365853658537,24.225731707317074,1.664634146341463,16.934878048780487,16.16451219512195,0.7703658536585358,4.025365853658537,-4.356341463414634,8.381707317073172,4.025365853658537,-4.356341463414634,8.381707317073172,0.7,0.3,0.39999999999999997,1599.3585374754389,1484.1013264474466,115.2572110279923
statline_pregame_svm,2025-26,22500343,2025-12-05,1610612752,1610612762,NYK,UTA,New York Knicks,Utah Jazz,NYK vs. UTA,UTA @ NYK,1,last_avg_15pct_current_momentum_85pct_plus_elo,0.85,0.15,20,0.48746060975609756,0.4735319512195122,0.01392865853658537,0.366204756097561,0.3679435365853658,-0.0017387804878048474,0.7749489024390244,0.7971301219512196,-0.022181219512195205,119.2820731707317,120.31353658536585,-1.0314634146341461,44.6469512195122,43.95719512195122,0.6897560975609736,27.328170731707317,30.858658536585367,-3.5304878048780495,12.700243902439023,16.437926829268292,-3.737682926829269,7.159634146341463,-7.351219512195122,14.510853658536586,7.159634146341463,-7.351219512195122,14.510853658536586,0.7,0.4,0.29999999999999993,1584.6193261572707,1355.2259322628886,229.39339389438214
statline_pregame_svm,2025-26,22500344,2025-12-05,1610612761,1610612766,TOR,CHA,Toronto Raptors,Charlotte Hornets,TOR vs. CHA,CHA @ TOR,0,last_avg_15pct_current_momentum_85pct_plus_elo,0.85,0.15,20,0.48094926829268286,0.43022768292682934,0.05072158536585353,0.36084707317073167,0.3157810975609756,0.04506597560975606,0.754295975609756,0.8414339024390245,-0.08713792682926846,113.78487804878048,109.00963414634147,4.775243902439016,43.23329268292682,42.90426829268293,0.3290243902438945,30.03548780487805,23.367560975609756,6.667926829268293,15.219390243902438,14.394999999999998,0.8243902439024406,2.3310975609756097,-8.506463414634146,10.837560975609755,2.3310975609756097,-8.506463414634146,10.837560975609755,0.7,0.2,0.49999999999999994,1498.6072079647636,1293.0472315605796,205.559976404184
statline_pregame_svm,2025-26,22500345,2025-12-05,1610612741,1610612754,CHI,IND,Chicago Bulls,Indiana Pacers,CHI vs. IND,IND @ CHI,0,last_avg_15pct_current_momentum_85pct_plus_elo,0.85,0.15,20,0.46184280487804874,0.47378219512195124,-0.011939390243902503,0.3457976829268293,0.36144756097560976,-0.015649878048780486,0.7667989024390244,0.7721737804878048,-0.0053748780487804515,119.41573170731708,113.82487804878048,5.590853658536602,45.2130487804878,41.12439024390244,4.088658536585363,29.094146341463414,24.276585365853656,4.817560975609759,14.780609756097562,14.899268292682926,-0.11865853658536452,-6.269146341463414,-2.895243902439024,-3.37390243902439,-6.269146341463414,-2.895243902439024,-3.37390243902439,0.3,0.3,0.0,1458.0242990593592,1464.2042580796558,-6.179959020296565
statline_pregame_svm,2025-26,22500346,2025-12-05,1610612745,1610612756,HOU,PHX,Houston Rockets,Phoenix Suns,HOU vs. PHX,PHX @ HOU,1,last_avg_15pct_current_momentum_85pct_plus_elo,0.85,0.15,20,0.46939697560975613,0.4802310975609756,-0.010834121951219466,0.3659115426829268,0.36835560975609755,-0.0024440670731707415,0.7758332865853659,0.7638503658536585,0.01198292073170737,119.54734146341463,116.23829268292683,3.3090487804877995,50.18870731707317,42.58317073170732,7.605536585365847,24.84223170731707,23.885243902439022,0.9569878048780467,13.575121951219513,15.369146341463415,-1.7940243902439015,11.36609756097561,3.375,7.991097560975611,11.36609756097561,3.375,7.991097560975611,0.8,0.6,0.20000000000000007,1620.6135838345679,1515.9237220513858,104.6898617831821
statline_pregame_svm,2025-26,22500347,2025-12-05,1610612763,1610612746,MEM,LAC,Memphis Grizzlies,Los Angeles Clippers,MEM vs. LAC,LAC @ MEM,1,last_avg_15pct_current_momentum_85pct_plus_elo,0.85,0.15,20,0.45208158536585363,0.46346463414634154,-0.011383048780487903,0.3387890243902439,0.34873524390243904,-0.009946219512195154,0.7769135365853658,0.8646562195121952,-0.08774268292682941,114.22109756097561,113.49170731707315,0.7293902439024578,49.58841463414634,42.86390243902439,6.724512195121946,29.33719512195122,23.66560975609756,5.671585365853659,14.25060975609756,14.386707317073173,-0.1360975609756121,0.21804878048780485,-3.806219512195122,4.024268292682927,0.21804878048780485,-3.806219512195122,4.024268292682927,0.5,0.2,0.3,1493.7017716177165,1483.7284985369538,9.973273080762738
statline_pregame_svm,2025-26,22500348,2025-12-05,1610612749,1610612755,MIL,PHI,Milwaukee Bucks,Philadelphia 76ers,MIL vs. PHI,PHI @ MIL,0,last_avg_15pct_current_momentum_85pct_plus_elo,0.85,0.15,20,0.4782314634146342,0.4539617073170732,0.02426975609756099,0.4059870731707317,0.3360370731707318,0.0699499999999999,0.7392310975609757,0.814045975609756,-0.07481487804878029,110.91182926829268,113.25646341463414,-2.3446341463414626,39.56987804878049,44.64390243902439,-5.074024390243899,26.773170731707317,24.89743902439024,1.875731707317076,14.92670731707317,15.218292682926828,-0.291585365853658,-5.0686585365853665,-3.824756097560975,-1.2439024390243913,-5.0686585365853665,-3.824756097560975,-1.2439024390243913,0.2,0.5,-0.3,1508.7370550933715,1409.8544859857873,98.88256910758423
statline_pregame_svm,2025-26,22500349,2025-12-05,1610612760,1610612742,OKC,DAL,Oklahoma City Thunder,Dallas Mavericks,OKC vs. DAL,DAL @ OKC,1,last_avg_15pct_current_momentum_85pct_plus_elo,0.85,0.15,20,0.5090409756097561,0.4596575609756097,0.049383414634146416,0.3998719512195122,0.38127768292682923,0.01859426829268296,0.8123773170731707,0.7784631707317072,0.0339141463414635,121.605,114.28426829268292,7.32073170731708,42.07707317073171,44.45231707317073,-2.375243902439024,27.1480487804878,25.54658536585366,1.6014634146341429,13.062926829268292,14.175487804878047,-1.112560975609755,15.869878048780485,-1.3692682926829267,17.23914634146341,15.869878048780485,-1.3692682926829267,17.23914634146341,1.0,0.5,0.5,1793.4622588144202,1431.5753174208198,361.8869413936004
statline_pregame_svm,2025-26,22500350,2025-12-06,1610612751,1610612740,BKN,NOP,Brooklyn Nets,New Orleans Pelicans,BKN vs. NOP,NOP @ BKN,1,last_avg_15pct_current_momentum_85pct_plus_elo,0.85,0.15,20,0.45112292682926824,0.46736951219512185,-0.016246585365853605,0.3552280487804878,0.3549230487804878,0.0003049999999999997,0.7633487804878047,0.7994674390243903,-0.03611865853658558,108.50146341463415,117.28439024390242,-8.782926829268277,40.96073170731707,43.85646341463414,-2.8957317073170685,25.788780487804875,24.95621951219512,0.8325609756097556,15.87560975609756,14.096951219512196,1.7786585365853647,-3.1914634146341463,-7.534024390243903,4.342560975609756,-3.1914634146341463,-7.534024390243903,4.342560975609756,0.4,0.1,0.30000000000000004,1323.9849037701115,1295.3124802502857,28.67242351982577
statline_pregame_svm,2025-26,22500351,2025-12-06,1610612764,1610612737,WAS,ATL,Washington Wizards,Atlanta Hawks,WAS vs. ATL,ATL @ WAS,0,last_avg_15pct_current_momentum_85pct_plus_elo,0.85,0.15,20,0.45652646341463415,0.4784482926829269,-0.021921829268292725,0.35390634146341465,0.37477414634146344,-0.02086780487804879,0.753700243902439,0.7636025609756099,-0.009902317073170908,110.295,117.51743902439026,-7.222439024390255,41.064268292682925,41.525,-0.46073170731707336,25.099634146341465,30.61780487804878,-5.518170731707315,14.829146341463414,15.248658536585365,-0.4195121951219516,-15.720853658536585,-2.380121951219512,-13.340731707317072,-15.720853658536585,-2.380121951219512,-13.340731707317072,0.2,0.4,-0.2,1276.7698735819995,1499.9849470294785,-223.21507344747897
statline_pregame_svm,2025-26,22500352,2025-12-06,1610612739,1610612744,CLE,GSW,Cleveland Cavaliers,Golden State Warriors,CLE vs. GSW,GSW @ CLE,0,last_avg_15pct_current_momentum_85pct_plus_elo,0.85,0.15,20,0.4842676829268292,0.4429278048780487,0.041339878048780476,0.3557864634146341,0.3470273170731707,0.008759146341463409,0.7717047560975608,0.7974701219512195,-0.02576536585365863,118.0808536585366,111.67390243902437,6.406951219512223,44.72036585365854,44.71670731707317,0.0036585365853696317,26.909634146341464,27.739634146341462,-0.8299999999999983,13.199268292682925,15.367317073170732,-2.1680487804878066,3.555487804878049,0.5807317073170731,2.974756097560976,3.555487804878049,0.5807317073170731,2.974756097560976,0.5,0.4,0.09999999999999998,1608.052134896297,1533.2827700062544,74.76936489004265
statline_pregame_svm,2025-26,22500353,2025-12-06,1610612765,1610612749,DET,MIL,Detroit Pistons,Milwaukee Bucks,DET vs. MIL,MIL @ DET,1,last_avg_15pct_current_momentum_85pct_plus_elo,0.85,0.15,20,0.49223512195121955,0.4834164634146342,0.008818658536585366,0.3544140243902439,0.4025020731707317,-0.048088048780487835,0.7602075609756097,0.7455210975609756,0.014686463414634088,118.39,111.42182926829268,6.968170731707318,44.79341463414634,39.399878048780494,5.393536585365844,25.210365853658537,27.28317073170732,-2.0728048780487818,16.934878048780487,15.01170731707317,1.923170731707316,3.770365853658536,-4.303658536585366,8.074024390243903,3.770365853658536,-4.303658536585366,8.074024390243903,0.7,0.2,0.49999999999999994,1606.1577313527275,1495.965420106417,110.19231124631051
statline_pregame_svm,2025-26,22500354,2025-12-06,1610612748,1610612758,MIA,SAC,Miami Heat,Sacramento Kings,MIA vs. SAC,SAC @ MIA,0,last_avg_15pct_current_momentum_85pct_plus_elo,0.85,0.15,20,0.4646217073170732,0.4593741463414634,0.0052475609756098,0.3629112195121951,0.32853585365853655,0.03437536585365858,0.7940889024390244,0.7331642682926829,0.06092463414634153,118.16463414634147,109.24475609756097,8.919878048780504,46.968536585365854,40.204268292682926,6.764268292682928,28.86719512195122,25.55768292682927,3.3095121951219504,13.51280487804878,13.047560975609755,0.465243902439024,6.204146341463415,-10.723658536585365,16.92780487804878,6.204146341463415,-10.723658536585365,16.92780487804878,0.7,0.2,0.49999999999999994,1514.6259734689188,1425.5083566420046,89.11761682691417
statline_pregame_svm,2025-26,22500355,2025-12-06,1610612750,1610612746,MIN,LAC,Minnesota Timberwolves,Los Angeles Clippers,MIN vs. LAC,LAC @ MIN,1,last_avg_15pct_current_momentum_85pct_plus_elo,0.85,0.15,20,0.4665021951219512,0.4608296341463414,0.005672560975609753,0.3736941463414634,0.341765243902439,0.03192890243902441,0.7808537804878048,0.8553912195121952,-0.07453743902439036,119.14390243902439,111.79170731707316,7.352195121951226,44.727560975609755,42.26890243902439,2.458658536585368,26.61329268292683,23.58060975609756,3.0326829268292705,15.00451219512195,14.641707317073172,0.36280487804877914,4.404999999999999,-4.316219512195122,8.721219512195121,4.404999999999999,-4.316219512195122,8.721219512195121,0.6,0.2,0.39999999999999997,1590.0107690034079,1474.0154735929232,115.99529541048469
statline_pregame_svm,2025-26,22500356,2025-12-06,1610612742,1610612745,DAL,HOU,Dallas Mavericks,Houston Rockets,DAL vs. HOU,HOU @ DAL,1,last_avg_15pct_current_momentum_85pct_plus_elo,0.85,0.15,20,0.4572775609756098,0.47533329268292684,-0.018055731707317058,0.3805126829268292,0.372565487804878,0.00794719512195119,0.7763381707317073,0.7946175609756098,-0.01827939024390246,111.98926829268292,118.29390243902438,-6.304634146341456,43.432317073170736,49.17451219512194,-5.742195121951205,25.121585365853658,24.32621951219512,0.795365853658538,13.920487804878048,14.493536585365854,-0.5730487804878059,-3.5792682926829267,11.386829268292683,-14.966097560975609,-3.5792682926829267,11.386829268292683,-14.966097560975609,0.4,0.8,-0.4,1429.3604861970352,1627.6883675200122,-198.32788132297696
statline_pregame_svm,2025-26,22500357,2025-12-07,1610612752,1610612753,NYK,ORL,New York Knicks,Orlando Magic,NYK vs. ORL,ORL @ NYK,1,last_avg_15pct_current_momentum_85pct_plus_elo,0.85,0.15,20,0.49579060975609757,0.47079439024390246,0.024996219512195106,0.375044756097561,0.33870146341463414,0.03634329268292685,0.7827689024390243,0.803979756097561,-0.0212108536585367,119.7920731707317,119.85402439024391,-0.06195121951220983,44.22195121951219,43.59121951219512,0.6307317073170751,27.158170731707315,26.401829268292683,0.7563414634146319,13.125243902439024,12.24609756097561,0.8791463414634144,9.369634146341465,7.036707317073171,2.3329268292682936,9.369634146341465,7.036707317073171,2.3329268292682936,0.7,0.7,0.0,1588.834046747237,1550.20016753635,38.63387921088702
statline_pregame_svm,2025-26,22500358,2025-12-07,1610612761,1610612738,TOR,BOS,Toronto Raptors,Boston Celtics,TOR vs. BOS,BOS @ TOR,0,last_avg_15pct_current_momentum_85pct_plus_elo,0.85,0.15,20,0.46989926829268286,0.49999329268292686,-0.030094024390244,0.3531970731707317,0.4028409756097561,-0.049643902439024445,0.749365975609756,0.7861642682926829,-0.03679829268292689,111.74487804878049,121.22524390243902,-9.480365853658526,43.06329268292683,43.687560975609756,-0.6242682926829275,29.525487804878047,25.596951219512196,3.928536585365851,15.474390243902437,12.234878048780487,3.23951219512195,0.03609756097560979,9.101463414634146,-9.065365853658538,0.03609756097560979,9.101463414634146,-9.065365853658538,0.6,0.8,-0.20000000000000007,1483.2964012377415,1634.288182738203,-150.99178150046146
statline_pregame_svm,2025-26,22500359,2025-12-07,1610612766,1610612743,CHA,DEN,Charlotte Hornets,Denver Nuggets,CHA vs. DEN,DEN @ CHA,0,last_avg_15pct_current_momentum_85pct_plus_elo,0.85,0.15,20,0.4400026829268292,0.5220889024390243,-0.08208621951219508,0.31408109756097563,0.42751463414634144,-0.11343353658536581,0.8303839024390244,0.8126217073170732,0.017762195121951208,110.28463414634146,125.89341463414634,-15.608780487804879,43.329268292682926,43.15658536585366,0.17268292682926756,23.622560975609755,29.724999999999998,-6.102439024390243,15.159999999999998,13.613414634146341,1.546585365853657,-5.276463414634146,3.3885365853658533,-8.665,-5.276463414634146,3.3885365853658533,-8.665,0.3,0.6,-0.3,1308.3580382876016,1614.365534630314,-306.00749634271233
statline_pregame_svm,2025-26,22500360,2025-12-07,1610612763,1610612757,MEM,POR,Memphis Grizzlies,Portland Trail Blazers,MEM vs. POR,POR @ MEM,1,last_avg_15pct_current_momentum_85pct_plus_elo,0.85,0.15,20,0.46916658536585365,0.43478243902439023,0.03438414634146342,0.3493290243902439,0.3274860975609757,0.021842926829268194,0.7696035365853658,0.7625636585365854,0.007039878048780479,115.2410975609756,113.61853658536586,1.622560975609744,49.67341463414634,48.36524390243902,1.308170731707321,29.592195121951217,23.88573170731707,5.706463414634147,14.760609756097562,16.84451219512195,-2.0839024390243885,4.043048780487805,-4.441341463414634,8.484390243902439,4.043048780487805,-4.441341463414634,8.484390243902439,0.6,0.3,0.3,1503.4147965617472,1477.302132570158,26.112663991589216
statline_pregame_svm,2025-26,22500361,2025-12-07,1610612741,1610612744,CHI,GSW,Chicago Bulls,Golden State Warriors,CHI vs. GSW,GSW @ CHI,0,last_avg_15pct_current_momentum_85pct_plus_elo,0.85,0.15,20,0.4608228048780487,0.43969780487804877,0.02112499999999995,0.34503268292682926,0.3464323170731708,-0.001399634146341533,0.7574489024390244,0.7958551219512195,-0.03840621951219514,115.84573170731707,110.82390243902438,5.0218292682926915,44.023048780487805,45.311707317073164,-1.2886585365853591,27.649146341463414,28.33463414634146,-0.6854878048780471,14.95060975609756,15.28231707317073,-0.331707317073171,-7.2891463414634154,0.9207317073170731,-8.209878048780489,-7.2891463414634154,0.9207317073170731,-8.209878048780489,0.3,0.4,-0.10000000000000003,1448.2021538215486,1545.4021873465103,-97.20003352496178
statline_pregame_svm,2025-26,22500362,2025-12-07,1610612755,1610612747,PHI,LAL,Philadelphia 76ers,Los Angeles Lakers,PHI vs. LAL,LAL @ PHI,0,last_avg_15pct_current_momentum_85pct_plus_elo,0.85,0.15,20,0.4556617073170732,0.5094456097560974,-0.053783902439024256,0.33909707317073173,0.38077707317073173,-0.041679999999999995,0.8215259756097562,0.8253534146341461,-0.003827439024389978,114.19146341463414,120.53853658536585,-6.347073170731704,44.30390243902439,41.044024390243905,3.259878048780486,25.407439024390243,24.808170731707317,0.5992682926829254,15.218292682926828,14.67451219512195,0.5437804878048773,-1.7847560975609755,5.112926829268292,-6.897682926829267,-1.7847560975609755,5.112926829268292,-6.897682926829267,0.6,0.8,-0.20000000000000007,1422.6261209727418,1616.136020233277,-193.50989926053512
statline_pregame_svm,2025-26,22500363,2025-12-07,1610612762,1610612760,UTA,OKC,Utah Jazz,Oklahoma City Thunder,UTA vs. OKC,OKC @ UTA,0,last_avg_15pct_current_momentum_85pct_plus_elo,0.85,0.15,20,0.46613695121951226,0.5141409756097561,-0.04800402439024387,0.3615685365853659,0.40769195121951224,-0.04612341463414632,0.8100501219512195,0.8137373170731707,-0.003687195121951148,119.46353658536584,122.54,-3.076463414634162,42.93719512195122,42.16207317073171,0.7751219512195107,29.498658536585364,27.318048780487803,2.18060975609756,15.417926829268291,12.637926829268293,2.7799999999999976,-9.391219512195121,15.189878048780487,-24.581097560975607,-9.391219512195121,15.189878048780487,-24.581097560975607,0.4,1.0,-0.6,1351.0112116729224,1795.6770900382048,-444.6658783652824
statline_pregame_svm,2025-26,22500364,2025-12-08,1610612754,1610612758,IND,SAC,Indiana Pacers,Sacramento Kings,IND vs. SAC,SAC @ IND,1,last_avg_15pct_current_momentum_85pct_plus_elo,0.85,0.15,20,0.48321719512195116,0.4666841463414634,0.01653304878048778,0.3710525609756098,0.33363585365853654,0.03741670731707325,0.7666487804878048,0.7434492682926829,0.023199512195121952,114.58987804878049,110.68975609756097,3.9001219512195178,40.699390243902435,40.289268292682934,0.41012195121950157,24.44658536585366,24.87768292682927,-0.4310975609756085,14.729268292682926,12.707560975609756,2.0217073170731705,-0.09024390243902436,-8.173658536585364,8.08341463414634,-0.09024390243902436,-8.173658536585364,8.08341463414634,0.4,0.3,0.10000000000000003,1474.0264033174665,1438.0185567516965,36.00784656577002
statline_pregame_svm,2025-26,22500365,2025-12-08,1610612750,1610612756,MIN,PHX,Minnesota Timberwolves,Phoenix Suns,MIN vs. PHX,PHX @ MIN,0,last_avg_15pct_current_momentum_85pct_plus_elo,0.85,0.15,20,0.4693921951219512,0.4644210975609756,0.004971097560975579,0.38610414634146345,0.34863560975609753,0.03746853658536592,0.7818737804878048,0.7616403658536585,0.020233414634146296,118.88890243902439,113.26329268292683,5.62560975609756,44.30256097560975,41.81817073170732,2.484390243902432,26.61329268292683,23.46024390243902,3.153048780487808,15.089512195121952,15.539146341463415,-0.44963414634146304,5.595,-1.2149999999999999,6.81,5.595,-1.2149999999999999,6.81,0.7,0.5,0.19999999999999996,1596.7909085483957,1508.8489383659414,87.94197018245427
statline_pregame_svm,2025-26,22500366,2025-12-08,1610612740,1610612759,NOP,SAS,New Orleans Pelicans,San Antonio Spurs,NOP vs. SAS,SAS @ NOP,0,last_avg_15pct_current_momentum_85pct_plus_elo,0.85,0.15,20,0.46422451219512195,0.4741782926829267,-0.009953780487804764,0.3490580487804878,0.3596971951219512,-0.010639146341463401,0.7953024390243904,0.8022713414634147,-0.0069689024390243715,116.60439024390243,118.57902439024392,-1.9746341463414865,43.94146341463414,43.270609756097556,0.6708536585365863,25.72121951219512,25.71512195121951,0.006097560975611316,13.671951219512195,12.45170731707317,1.2202439024390248,-7.6190243902439025,1.4565853658536587,-9.075609756097561,-7.6190243902439025,1.4565853658536587,-9.075609756097561,0.1,0.7,-0.6,1286.1358705472212,1522.6930738506724,-236.55720330345116
statline_pregame_svm,2025-26,22501201,2025-12-09,1610612753,1610612748,ORL,MIA,Orlando Magic,Miami Heat,ORL vs. MIA,MIA @ ORL,1,last_avg_15pct_current_momentum_85pct_plus_elo,0.85,0.15,20,0.4678193902439025,0.46768170731707315,0.00013768292682936334,0.3354714634146341,0.3535612195121951,-0.018089756097561027,0.7981997560975611,0.7753039024390244,0.022895853658536747,118.74902439024389,117.82463414634147,0.9243902439024225,44.44121951219512,47.053536585365855,-2.612317073170736,26.57182926829268,28.357195121951218,-1.7853658536585364,12.58609756097561,13.42780487804878,-0.8417073170731708,6.86670731707317,4.674146341463414,2.192560975609756,6.86670731707317,4.674146341463414,2.192560975609756,0.7,0.6,0.09999999999999998,1541.3075794051704,1502.115773359227,39.191806045943395
statline_pregame_svm,2025-26,22501202,2025-12-09,1610612761,1610612752,TOR,NYK,Toronto Raptors,New York Knicks,TOR vs. NYK,NYK @ TOR,0,last_avg_15pct_current_momentum_85pct_plus_elo,0.85,0.15,20,0.4659042682926829,0.4934106097560976,-0.027506341463414685,0.3557470731707317,0.380484756097561,-0.02473768292682932,0.7514059756097561,0.7912689024390244,-0.039862926829268286,111.06487804878047,119.1970731707317,-8.132195121951227,43.998292682926824,44.561951219512196,-0.5636585365853719,28.59048780487805,27.243170731707316,1.3473170731707356,15.30439024390244,12.615243902439024,2.689146341463415,-1.4089024390243903,10.049634146341463,-11.458536585365852,-1.4089024390243903,10.049634146341463,-11.458536585365852,0.5,0.8,-0.30000000000000004,1477.3878961442924,1597.7266348784165,-120.33873873412404
statline_pregame_svm,2025-26,22501203,2025-12-10,1610612760,1610612756,OKC,PHX,Oklahoma City Thunder,Phoenix Suns,OKC vs. PHX,PHX @ OKC,1,last_avg_15pct_current_momentum_85pct_plus_elo,0.85,0.15,20,0.520430975609756,0.46195609756097555,0.05847487804878049,0.40956195121951217,0.35127060975609753,0.058291341463414637,0.7834773170731707,0.7406453658536585,0.04283195121951222,124.41,112.07329268292683,12.336707317073163,41.65207317073171,41.478170731707316,0.1739024390243955,27.828048780487805,23.715243902439024,4.112804878048781,12.637926829268293,14.859146341463415,-2.2212195121951215,16.634878048780486,-0.79,17.424878048780485,16.634878048780486,-0.79,17.424878048780485,1.0,0.6,0.4,1797.112637177697,1521.3274059698547,275.78523120784234
statline_pregame_svm,2025-26,22501204,2025-12-10,1610612747,1610612759,LAL,SAS,Los Angeles Lakers,San Antonio Spurs,LAL vs. SAS,SAS @ LAL,0,last_avg_15pct_current_momentum_85pct_plus_elo,0.85,0.15,20,0.5058756097560975,0.47077829268292676,0.03509731707317071,0.3864720731707317,0.3685371951219512,0.017934878048780467,0.8135384146341462,0.7994663414634146,0.01407207317073167,120.02853658536586,119.5990243902439,0.4295121951219585,41.639024390243904,43.01560975609756,-1.376585365853657,24.55317073170732,24.950121951219515,-0.3969512195121965,13.99451219512195,12.45170731707317,1.5428048780487806,4.2629268292682925,0.6065853658536586,3.656341463414634,4.2629268292682925,0.6065853658536586,3.656341463414634,0.8,0.7,0.10000000000000009,1621.0787896686043,1526.7722505186803,94.30653914992399
statline_pregame_svm,2025-26,22501205,2025-12-11,1610612745,1610612746,HOU,LAC,Houston Rockets,Los Angeles Clippers,HOU vs. LAC,LAC @ HOU,1,last_avg_15pct_current_momentum_85pct_plus_elo,0.85,0.15,20,0.4758432926829268,0.46669463414634144,0.009148658536585363,0.369760487804878,0.341935243902439,0.027825243902439012,0.7942775609756098,0.831336219512195,-0.0370586585365853,115.65890243902439,111.62170731707317,4.037195121951214,48.154512195121946,41.41890243902439,6.735609756097553,23.98621951219512,23.410609756097564,0.5756097560975562,15.683536585365854,14.72670731707317,0.9568292682926831,8.241829268292683,-4.401219512195121,12.643048780487804,8.241829268292683,-4.401219512195121,12.643048780487804,0.7,0.2,0.49999999999999994,1612.5286558939924,1467.2353340479353,145.2933218460571
statline_pregame_svm,2025-26,22501206,2025-12-11,1610612749,1610612738,MIL,BOS,Milwaukee Bucks,Boston Celtics,MIL vs. BOS,BOS @ MIL,1,last_avg_15pct_current_momentum_85pct_plus_elo,0.85,0.15,20,0.48520146341463416,0.5026282926829269,-0.0174268292682927,0.39816707317073174,0.4042009756097561,-0.006033902439024352,0.7416960975609757,0.800104268292683,-0.05840817073170734,111.93182926829267,121.22524390243902,-9.293414634146345,39.56987804878049,43.007560975609756,-3.437682926829268,27.113170731707317,25.426951219512194,1.6862195121951231,14.756707317073172,12.659878048780488,2.0968292682926837,-4.303658536585366,9.526463414634147,-13.830121951219514,-4.303658536585366,9.526463414634147,-13.830121951219514,0.2,0.8,-0.6000000000000001,1489.034777999498,1640.196687831652,-151.16190983215415
statline_pregame_svm,2025-26,22501207,2025-12-11,1610612740,1610612757,NOP,POR,New Orleans Pelicans,Portland Trail Blazers,NOP vs. POR,POR @ NOP,1,last_avg_15pct_current_momentum_85pct_plus_elo,0.85,0.15,20,0.47535951219512196,0.4318074390243903,0.043552073170731675,0.3544130487804878,0.33641109756097565,0.018001951219512147,0.8074574390243903,0.7653686585365853,0.042088780487804955,117.79439024390243,112.42853658536586,5.365853658536565,43.00646341463414,48.110243902439024,-5.103780487804883,26.57121951219512,23.630731707317075,2.940487804878046,13.416951219512194,17.354512195121952,-3.937560975609758,-7.279024390243903,-4.951341463414634,-2.3276829268292687,-7.279024390243903,-4.951341463414634,-2.3276829268292687,0.1,0.3,-0.19999999999999998,1282.0566938792133,1468.0523034734879,-185.99560959427458
statline_pregame_svm,2025-26,22501208,2025-12-11,1610612758,1610612743,SAC,DEN,Sacramento Kings,Denver Nuggets,SAC vs. DEN,DEN @ SAC,0,last_avg_15pct_current_momentum_85pct_plus_elo,0.85,0.15,20,0.46625914634146337,0.5258289024390242,-0.05956975609756088,0.3297258536585366,0.42598463414634147,-0.09625878048780484,0.7408142682926828,0.8030167073170731,-0.062202439024390266,110.26475609756098,124.87341463414633,-14.608658536585352,41.47926829268293,41.62658536585366,-0.14731707317072562,25.13268292682927,30.404999999999998,-5.272317073170729,13.302560975609756,13.783414634146341,-0.480853658536585,-8.003658536585364,4.408536585365853,-12.412195121951218,-8.003658536585364,4.408536585365853,-12.412195121951218,0.3,0.7,-0.39999999999999997,1429.051251132241,1617.2975342118098,-188.24628307956868
statline_pregame_svm,2025-26,22501209,2025-12-12,1610612766,1610612741,CHA,CHI,Charlotte Hornets,Chicago Bulls,CHA vs. CHI,CHI @ CHA,0,last_avg_15pct_current_momentum_85pct_plus_elo,0.85,0.15,20,0.44187268292682924,0.4513878048780488,-0.009515121951219563,0.3186710975609756,0.33797768292682934,-0.019306585365853723,0.8271539024390244,0.7619539024390243,0.06520000000000015,110.11463414634146,112.53073170731707,-2.416097560975615,43.244268292682925,42.74804878048781,0.4962195121951183,24.047560975609755,27.054146341463415,-3.0065853658536597,14.989999999999998,15.460609756097561,-0.47060975609756284,-5.871463414634146,-10.264146341463416,4.39268292682927,-5.871463414634146,-10.264146341463416,4.39268292682927,0.3,0.2,0.09999999999999998,1305.4260387061058,1440.929021967821,-135.50298326171514
statline_pregame_svm,2025-26,22501210,2025-12-12,1610612765,1610612737,DET,ATL,Detroit Pistons,Atlanta Hawks,DET vs. ATL,ATL @ DET,1,last_avg_15pct_current_momentum_85pct_plus_elo,0.85,0.15,20,0.48841012195121947,0.48252829268292685,0.005881829268292615,0.3644440243902439,0.3740941463414634,-0.009650121951219448,0.7609725609756097,0.7749075609756098,-0.01393500000000003,118.13499999999999,119.13243902439024,-0.9974390243902462,45.64341463414634,42.37499999999999,3.268414634146346,25.380365853658535,31.04280487804878,-5.662439024390245,16.849878048780486,14.908658536585365,1.9412195121951203,3.5153658536585364,-0.4251219512195122,3.9404878048780487,3.5153658536585364,-0.4251219512195122,3.9404878048780487,0.7,0.5,0.19999999999999996,1613.0883734596466,1504.3191935129034,108.76917994674318
statline_pregame_svm,2025-26,22501211,2025-12-12,1610612755,1610612754,PHI,IND,Philadelphia 76ers,Indiana Pacers,PHI vs. IND,IND @ PHI,1,last_avg_15pct_current_momentum_85pct_plus_elo,0.85,0.15,20,0.44622670731707315,0.4849171951219512,-0.03869048780487805,0.3414770731707317,0.38040256097560976,-0.038925487804878034,0.8372509756097561,0.7833087804878048,0.05394219512195131,114.02146341463414,114.9298780487805,-0.9084146341463537,44.98390243902439,40.529390243902434,4.454512195121957,24.982439024390242,24.95658536585366,0.02585365853658317,14.963292682926829,14.134268292682927,0.8290243902439016,-2.2947560975609758,2.1197560975609755,-4.414512195121951,-2.2947560975609758,2.1197560975609755,-4.414512195121951,0.5,0.5,0.0,1417.6833515374144,1482.9937089369218,-65.31035739950744
statline_pregame_svm,2025-26,22501212,2025-12-12,1610612764,1610612739,WAS,CLE,Washington Wizards,Cleveland Cavaliers,WAS vs. CLE,CLE @ WAS,0,last_avg_15pct_current_momentum_85pct_plus_elo,0.85,0.15,20,0.46128646341463414,0.4663326829268293,-0.005046219512195138,0.35832634146341463,0.33955146341463416,0.018774878048780475,0.7716352439024389,0.781819756097561,-0.010184512195122175,110.63499999999999,116.04085365853658,-5.405853658536586,40.12926829268292,46.08036585365854,-5.951097560975619,25.439634146341465,26.059634146341462,-0.6199999999999974,15.509146341463413,12.689268292682925,2.819878048780488,-15.040853658536584,2.1104878048780487,-17.15134146341463,-15.040853658536584,2.1104878048780487,-17.15134146341463,0.2,0.4,-0.2,1272.4356270985745,1595.932717556041,-323.4970904574666
statline_pregame_svm,2025-26,22501213,2025-12-12,1610612763,1610612762,MEM,UTA,Memphis Grizzlies,Utah Jazz,MEM vs. UTA,UTA @ MEM,0,last_avg_15pct_current_momentum_85pct_plus_elo,0.85,0.15,20,0.4767315853658536,0.4686869512195122,0.008044634146341378,0.3497540243902439,0.35867853658536586,-0.00892451219512197,0.7712185365853658,0.8033351219512195,-0.03211658536585371,116.8560975609756,115.29853658536585,1.5575609756097464,50.09841463414634,41.57719512195122,8.521219512195117,30.18719512195122,29.158658536585364,1.0285365853658561,15.440609756097562,16.097926829268292,-0.6573170731707307,6.678048780487805,-12.196219512195121,18.874268292682927,6.678048780487805,-12.196219512195121,18.874268292682927,0.7,0.3,0.39999999999999997,1512.6646256584172,1349.5756645334302,163.088961124987
statline_pregame_svm,2025-26,22501214,2025-12-12,1610612742,1610612751,DAL,BKN,Dallas Mavericks,Brooklyn Nets,DAL vs. BKN,BKN @ DAL,1,last_avg_15pct_current_momentum_85pct_plus_elo,0.85,0.15,20,0.4741075609756097,0.4507829268292683,0.023324634146341394,0.3862926829268292,0.3539530487804878,0.032339634146341445,0.7964831707317073,0.7621587804878048,0.034324390243902436,114.19926829268292,107.65146341463414,6.54780487804878,42.412317073170726,41.045731707317074,1.366585365853652,25.886585365853655,26.128780487804878,-0.24219512195122306,13.325487804878048,16.30060975609756,-2.9751219512195135,-0.4342682926829268,-3.616463414634146,3.1821951219512195,-0.4342682926829268,-3.616463414634146,3.1821951219512195,0.5,0.4,0.09999999999999998,1444.520197823055,1333.161513473176,111.35868434987901
statline_pregame_svm,2025-26,22501215,2025-12-12,1610612744,1610612750,GSW,MIN,Golden State Warriors,Minnesota Timberwolves,GSW vs. MIN,MIN @ GSW,0,last_avg_15pct_current_momentum_85pct_plus_elo,0.85,0.15,20,0.44335280487804873,0.47075219512195127,-0.027399390243902533,0.34974731707317075,0.3813441463414634,-0.03159682926829266,0.7839551219512195,0.7798337804878048,0.004121341463414696,110.7389024390244,117.61390243902439,-6.874999999999986,45.65170731707317,43.197560975609754,2.4541463414634137,27.739634146341462,26.52829268292683,1.2113414634146338,14.94231707317073,14.919512195121952,0.022804878048779287,2.1107317073170733,3.3,-1.1892682926829266,2.1107317073170733,3.3,-1.1892682926829266,0.4,0.6,-0.19999999999999996,1552.675319200238,1584.3124409444824,-31.637121744244496
statline_pregame_svm,2025-26,22501216,2025-12-14,1610612754,1610612764,IND,WAS,Indiana Pacers,Washington Wizards,IND vs. WAS,WAS @ IND,0,last_avg_15pct_current_momentum_85pct_plus_elo,0.85,0.15,20,0.47259219512195116,0.46536646341463406,0.007225731707317107,0.37368756097560973,0.35926134146341465,0.014426219512195082,0.7846687804878049,0.7634752439024389,0.021193536585365935,113.05987804878049,112.335,0.7248780487804964,40.784390243902436,41.48926829268293,-0.7048780487804933,24.44658536585366,26.119634146341465,-1.6730487804878038,13.369268292682927,15.849146341463415,-2.4798780487804883,0.5047560975609756,-13.425853658536584,13.930609756097558,0.5047560975609756,-13.425853658536584,13.930609756097558,0.4,0.2,0.2,1471.1357584505074,1269.7466880425832,201.38907040792424
statline_pregame_svm,2025-26,22501217,2025-12-14,1610612737,1610612755,ATL,PHI,Atlanta Hawks,Philadelphia 76ers,ATL vs. PHI,PHI @ ATL,1,last_avg_15pct_current_momentum_85pct_plus_elo,0.85,0.15,20,0.4736882926829268,0.4438467073170732,0.029841585365853573,0.3541191463414634,0.3350170731707317,0.019102073170731704,0.7939475609756098,0.8268809756097562,-0.03293341463414634,118.19743902439023,114.27646341463414,3.9209756097560984,42.20499999999999,45.748902439024384,-3.543902439024393,30.872804878048782,24.812439024390244,6.0603658536585385,15.248658536585365,14.28329268292683,0.9653658536585361,-1.9551219512195122,-0.6797560975609755,-1.2753658536585366,-1.9551219512195122,-0.6797560975609755,-1.2753658536585366,0.5,0.6,-0.09999999999999998,1497.351402817238,1429.5413020238288,67.81010079340922
statline_pregame_svm,2025-26,22501218,2025-12-14,1610612739,1610612766,CLE,CHA,Cleveland Cavaliers,Charlotte Hornets,CLE vs. CHA,CHA @ CLE,0,last_avg_15pct_current_momentum_85pct_plus_elo,0.85,0.15,20,0.46454768292682935,0.45241268292682935,0.012135000000000007,0.33742646341463417,0.3308260975609756,0.006600365853658585,0.8066397560975609,0.8217139024390243,-0.015074146341463424,118.25085365853658,110.79463414634147,7.456219512195119,46.84536585365854,41.884268292682926,4.961097560975617,26.739634146341462,24.217560975609757,2.522073170731705,12.264268292682926,14.649999999999999,-2.3857317073170723,3.300487804878049,-5.361463414634146,8.661951219512195,3.300487804878049,-5.361463414634146,8.661951219512195,0.5,0.3,0.2,1598.6216566120324,1299.139718026665,299.4819385853675
statline_pregame_svm,2025-26,22501219,2025-12-14,1610612751,1610612749,BKN,MIL,Brooklyn Nets,Milwaukee Bucks,BKN vs. MIL,MIL @ BKN,1,last_avg_15pct_current_momentum_85pct_plus_elo,0.85,0.15,20,0.4551179268292683,0.49310646341463416,-0.03798853658536583,0.3597330487804878,0.40318207317073174,-0.04344902439024395,0.7738887804878049,0.7431410975609757,0.030747682926829167,108.67146341463415,112.10182926829268,-3.430365853658529,41.38573170731707,39.399878048780494,1.985853658536577,26.213780487804875,26.943170731707315,-0.72939024390244,16.55560975609756,14.92670731707317,1.6289024390243902,-3.1064634146341463,-2.263658536585366,-0.8428048780487805,-3.1064634146341463,-2.263658536585366,-0.8428048780487805,0.4,0.3,0.10000000000000003,1326.2612481661456,1503.1303490544901,-176.86910088834452
statline_pregame_svm,2025-26,22501220,2025-12-14,1610612750,1610612758,MIN,SAC,Minnesota Timberwolves,Sacramento Kings,MIN vs. SAC,SAC @ MIN,1,last_avg_15pct_current_momentum_85pct_plus_elo,0.85,0.15,20,0.47857219512195126,0.4667691463414634,0.01180304878048788,0.38244914634146343,0.3299808536585366,0.052468292682926854,0.7794087804878048,0.7445542682926828,0.034854512195122034,118.20890243902438,110.77475609756098,7.4341463414634035,42.687560975609756,40.88426829268292,1.8032926829268376,26.69829268292683,25.13268292682927,1.5656097560975617,15.00451219512195,13.132560975609756,1.8719512195121943,2.96,-9.448658536585365,12.408658536585364,2.96,-9.448658536585365,12.408658536585364,0.6,0.3,0.3,1593.4043598522237,1423.9948676278402,169.40949222438348
statline_pregame_svm,2025-26,22501221,2025-12-14,1610612757,1610612744,POR,GSW,Portland Trail Blazers,Golden State Warriors,POR vs. GSW,GSW @ POR,1,last_avg_15pct_current_momentum_85pct_plus_elo,0.85,0.15,20,0.4343574390243902,0.43978280487804877,-0.005425365853658548,0.33692109756097555,0.34677231707317074,-0.009851219512195197,0.7714036585365853,0.7828501219512194,-0.011446463414634067,112.34353658536585,111.3339024390244,1.0096341463414547,46.155243902439025,46.161707317073166,-0.006463414634140463,23.630731707317075,27.824634146341463,-4.193902439024388,17.26951219512195,14.517317073170732,2.7521951219512193,-6.821341463414634,2.1957317073170732,-9.017073170731708,-6.821341463414634,2.1957317073170732,-9.017073170731708,0.3,0.4,-0.10000000000000003,1453.1577914290667,1543.5834002924967,-90.42560886342994
statline_pregame_svm,2025-26,22501223,2025-12-14,1610612741,1610612740,CHI,NOP,Chicago Bulls,New Orleans Pelicans,CHI vs. NOP,NOP @ CHI,0,last_avg_15pct_current_momentum_85pct_plus_elo,0.85,0.15,20,0.45767780487804877,0.48011951219512194,-0.02244170731707318,0.33185768292682927,0.36427304878048783,-0.03241536585365856,0.7743639024390243,0.8166374390243902,-0.04227353658536592,113.12573170731707,120.17439024390244,-7.048658536585364,43.2580487804878,44.28146341463414,-1.0234146341463415,26.459146341463413,27.50621951219512,-1.0470731707317071,15.120609756097561,13.161951219512195,1.9586585365853662,-10.094146341463414,-5.069024390243902,-5.025121951219512,-10.094146341463414,-5.069024390243902,-5.025121951219512,0.2,0.2,0.0,1447.2153426472619,1296.9512059236345,150.26413672362742
statline_pregame_svm,2025-26,22501228,2025-12-14,1610612756,1610612747,PHX,LAL,Phoenix Suns,Los Angeles Lakers,PHX vs. LAL,LAL @ PHX,0,last_avg_15pct_current_momentum_85pct_plus_elo,0.85,0.15,20,0.4545610975609756,0.5058756097560975,-0.05131451219512184,0.34897560975609754,0.3897020731707317,-0.04072646341463415,0.7363103658536585,0.7990884146341463,-0.06277804878048776,108.84329268292683,120.02853658536586,-11.185243902439026,40.713170731707315,41.29902439024391,-0.5858536585365925,23.715243902439024,24.893170731707315,-1.1779268292682907,15.114146341463416,13.484512195121951,1.6296341463414645,-6.4,1.1179268292682927,-7.517926829268293,-6.4,1.1179268292682927,-7.517926829268293,0.5,0.7,-0.19999999999999996,1517.93282117724,1608.4291840087562,-90.49636283151631
statline_pregame_svm,2025-26,22501222,2025-12-15,1610612738,1610612765,BOS,DET,Boston Celtics,Detroit Pistons,BOS vs. DET,DET @ BOS,0,last_avg_15pct_current_momentum_85pct_plus_elo,0.85,0.15,20,0.49353329268292684,0.49181012195121954,0.001723170731707302,0.39009097560975614,0.3721790243902439,0.017911951219512223,0.7993392682926829,0.7605475609756097,0.038791707317073154,120.20524390243902,120.005,0.200243902439027,42.157560975609755,45.72841463414634,-3.570853658536585,24.831951219512195,25.890365853658537,-1.0584146341463416,12.149878048780486,16.76487804878049,-4.615000000000002,7.061463414634146,5.130365853658536,1.9310975609756103,7.061463414634146,5.130365853658536,1.9310975609756103,0.7,0.7,0.0,1626.1011167766599,1620.056164155312,6.044952621347875
statline_pregame_svm,2025-26,22501224,2025-12-15,1610612762,1610612742,UTA,DAL,Utah Jazz,Dallas Mavericks,UTA vs. DAL,DAL @ UTA,1,last_avg_15pct_current_momentum_85pct_plus_elo,0.85,0.15,20,0.4635869512195122,0.4806525609756097,-0.0170656097560975,0.3648835365853659,0.3836576829268293,-0.018774146341463405,0.7808951219512195,0.7913831707317073,-0.010488048780487813,115.63853658536584,114.87926829268292,0.7592682926829184,43.70219512195122,41.56231707317073,2.1398780487804885,29.158658536585364,26.736585365853657,2.422073170731707,15.672926829268292,12.98548780487805,2.687439024390242,-10.666219512195122,0.41573170731707315,-11.081951219512195,-10.666219512195122,0.41573170731707315,-11.081951219512195,0.4,0.6,-0.19999999999999996,1363.952871278806,1451.4204631300854,-87.4675918512794
statline_pregame_svm,2025-26,22501225,2025-12-15,1610612743,1610612745,DEN,HOU,Denver Nuggets,Houston Rockets,DEN vs. HOU,HOU @ DEN,1,last_avg_15pct_current_momentum_85pct_plus_elo,0.85,0.15,20,0.5289739024390244,0.4794132926829268,0.04956060975609761,0.43099963414634146,0.365765487804878,0.06523414634146346,0.792391707317073,0.7898575609756097,0.002534146341463317,125.80841463414633,115.48890243902439,10.319512195121945,42.051585365853654,47.38951219512195,-5.337926829268298,30.404999999999998,24.58121951219512,5.8237804878048784,13.103414634146342,16.02353658536585,-2.9201219512195085,6.448536585365854,8.071829268292682,-1.6232926829268273,6.448536585365854,8.071829268292682,-1.6232926829268273,0.7,0.7,0.0,1622.3539177162106,1618.5746293891077,3.779288327102904
statline_pregame_svm,2025-26,22501226,2025-12-15,1610612746,1610612763,LAC,MEM,Los Angeles Clippers,Memphis Grizzlies,LAC vs. MEM,MEM @ LAC,0,last_avg_15pct_current_momentum_85pct_plus_elo,0.85,0.15,20,0.47485463414634144,0.4819165853658537,-0.0070619512195122525,0.340150243902439,0.3629290243902439,-0.022778780487804906,0.8329512195121952,0.7846485365853658,0.04830268292682938,112.64170731707316,118.9810975609756,-6.339390243902443,40.14390243902439,49.248414634146336,-9.104512195121949,23.83560975609756,30.357195121951218,-6.521585365853657,14.21670731707317,15.100609756097562,-0.883902439024391,-2.1912195121951217,7.188048780487804,-9.379268292682926,-2.1912195121951217,7.188048780487804,-9.379268292682926,0.2,0.7,-0.49999999999999994,1461.18936055282,1498.2874189130414,-37.09805836022133
statline_pregame_svm,2025-26,22501227,2025-12-15,1610612748,1610612761,MIA,TOR,Miami Heat,Toronto Raptors,MIA vs. TOR,TOR @ MIA,0,last_avg_15pct_current_momentum_85pct_plus_elo,0.85,0.15,20,0.47159170731707317,0.4535792682926829,0.01801243902439026,0.3425962195121951,0.3378120731707317,0.004784146341463402,0.7847389024390243,0.7427359756097561,0.042002926829268206,117.65463414634146,107.74987804878049,9.904756097560977,45.94853658536585,43.06329268292683,2.885243902439022,27.932195121951217,27.91048780487805,0.021707317073168753,12.91780487804878,15.219390243902438,-2.301585365853658,2.7191463414634143,-5.31890243902439,8.038048780487804,2.7191463414634143,-5.31890243902439,8.038048780487804,0.5,0.4,0.09999999999999998,1493.239043885121,1470.7193550536292,22.51968883149175
statline_pregame_svm,2025-26,22500367,2025-12-17,1610612741,1610612739,CHI,CLE,Chicago Bulls,Cleveland Cavaliers,CHI vs. CLE,CLE @ CHI,1,last_avg_15pct_current_momentum_85pct_plus_elo,0.85,0.15,20,0.45784780487804877,0.4574926829268292,0.00035512195121956136,0.33066768292682924,0.33275146341463413,-0.002083780487804887,0.7855839024390243,0.8079147560975609,-0.022330853658536598,112.87073170731708,117.48585365853657,-4.615121951219493,43.5980487804878,46.33536585365854,-2.737317073170736,26.459146341463413,26.65463414634146,-0.19548780487804862,14.69560975609756,12.264268292682926,2.4313414634146344,-7.884146341463414,1.6854878048780488,-9.569634146341464,-7.884146341463414,1.6854878048780488,-9.569634146341464,0.2,0.4,-0.2,1433.1412999924407,1581.6489011698472,-148.5076011774065
statline_pregame_svm,2025-26,22500368,2025-12-17,1610612750,1610612763,MIN,MEM,Minnesota Timberwolves,Memphis Grizzlies,MIN vs. MEM,MEM @ MIN,0,last_avg_15pct_current_momentum_85pct_plus_elo,0.85,0.15,20,0.4789121951219512,0.4834465853658536,-0.0045343902439023975,0.38244914634146343,0.3710040243902439,0.01144512195121955,0.7800037804878048,0.7942535365853658,-0.014249756097560962,118.54890243902439,117.62109756097561,0.9278048780487751,43.62256097560976,47.803414634146336,-4.180853658536577,27.29329268292683,29.592195121951217,-2.2989024390243884,14.154512195121951,15.35560975609756,-1.2010975609756098,4.234999999999999,5.233048780487804,-0.9980487804878049,4.234999999999999,5.233048780487804,-0.9980487804878049,0.7,0.7,0.0,1598.8812670477491,1507.22369051483,91.65757653291917
statline_pregame_svm,2025-26,22500369,2025-12-18,1610612760,1610612746,OKC,LAC,Oklahoma City Thunder,Los Angeles Clippers,OKC vs. LAC,LAC @ OKC,1,last_avg_15pct_current_momentum_85pct_plus_elo,0.85,0.15,20,0.524170975609756,0.47077463414634146,0.05339634146341454,0.4201869512195122,0.33326524390243906,0.08692170731707316,0.7901073170731707,0.8239412195121951,-0.0338339024390244,125.09,110.26170731707316,14.828292682926843,42.58707317073171,39.973902439024386,2.613170731707328,27.828048780487805,23.495609756097558,4.332439024390247,12.297926829268292,14.981707317073171,-2.6837804878048797,17.994878048780485,-4.996219512195122,22.991097560975607,17.994878048780485,-4.996219512195122,22.991097560975607,0.9,0.1,0.8,1784.1470060197817,1452.2530889510315,331.89391706875017
statline_pregame_svm,2025-26,22500370,2025-12-18,1610612759,1610612764,SAS,WAS,San Antonio Spurs,Washington Wizards,SAS vs. WAS,WAS @ SAS,1,last_avg_15pct_current_momentum_85pct_plus_elo,0.85,0.15,20,0.4623632926829268,0.4629864634146341,-0.0006231707317073121,0.36437219512195124,0.3523763414634146,0.011995853658536615,0.7975113414634145,0.7520002439024389,0.0455110975609756,119.3440243902439,112.25,7.094024390243902,44.80060975609756,42.594268292682926,2.206341463414631,24.015121951219513,25.609634146341463,-1.5945121951219505,13.38670731707317,15.339146341463415,-1.9524390243902445,0.2665853658536586,-10.875853658536585,11.142439024390244,0.2665853658536586,-10.875853658536585,11.142439024390244,0.7,0.3,0.39999999999999997,1555.7820721290584,1284.970756842567,270.81131528649144
statline_pregame_svm,2025-26,22500371,2025-12-18,1610612766,1610612737,CHA,ATL,Charlotte Hornets,Atlanta Hawks,CHA vs. ATL,ATL @ CHA,1,last_avg_15pct_current_momentum_85pct_plus_elo,0.85,0.15,20,0.44875768292682927,0.47088329268292684,-0.022125609756097564,0.3376260975609756,0.3664441463414634,-0.02881804878048777,0.8112589024390244,0.8001525609756097,0.011106341463414715,111.04963414634146,118.62243902439025,-7.572804878048785,43.159268292682924,43.48,-0.3207317073170728,24.557560975609757,31.29780487804878,-6.740243902439023,15.245,16.098658536585365,-0.8536585365853657,-3.406463414634146,-3.145121951219512,-0.26134146341463405,-3.406463414634146,-3.145121951219512,-0.26134146341463405,0.4,0.5,-0.09999999999999998,1316.11247346885,1505.4240815062556,-189.31160803740545
statline_pregame_svm,2025-26,22500372,2025-12-18,1610612754,1610612752,IND,NYK,Indiana Pacers,New York Knicks,IND vs. NYK,NYK @ IND,0,last_avg_15pct_current_momentum_85pct_plus_elo,0.85,0.15,20,0.46825719512195113,0.5059056097560976,-0.03764841463414642,0.3702025609756098,0.394934756097561,-0.02473219512195124,0.7750637804878049,0.7929689024390244,-0.017905121951219516,111.35987804878047,120.4720731707317,-9.112195121951231,40.614390243902434,44.90195121951219,-4.2875609756097575,24.02158536585366,26.563170731707316,-2.5415853658536562,12.944268292682926,12.615243902439024,0.3290243902439016,-0.17524390243902438,13.279634146341463,-13.454878048780488,-0.17524390243902438,13.279634146341463,-13.454878048780488,0.4,0.9,-0.5,1455.9116896505236,1612.847402049081,-156.93571239855737
statline_pregame_svm,2025-26,22500373,2025-12-18,1610612751,1610612748,BKN,MIA,Brooklyn Nets,Miami Heat,BKN vs. MIA,MIA @ BKN,0,last_avg_15pct_current_momentum_85pct_plus_elo,0.85,0.15,20,0.4555429268292683,0.46751170731707326,-0.011968780487804975,0.36381304878048776,0.3359662195121951,0.027846829268292683,0.7976887804878048,0.7799789024390243,0.017709878048780436,109.86146341463414,113.65963414634146,-3.798170731707316,41.55573170731707,45.26853658536585,-3.712804878048779,26.383780487804877,26.65719512195122,-0.2734146341463415,16.55560975609756,13.68280487804878,2.8728048780487807,0.03853658536585369,-1.1908536585365852,1.229390243902439,0.03853658536585369,-1.1908536585365852,1.229390243902439,0.4,0.4,0.0,1340.9534523922973,1482.5917813162005,-141.63832892390315
statline_pregame_svm,2025-26,22500374,2025-12-18,1610612749,1610612761,MIL,TOR,Milwaukee Bucks,Toronto Raptors,MIL vs. TOR,TOR @ MIL,0,last_avg_15pct_current_momentum_85pct_plus_elo,0.85,0.15,20,0.48290646341463417,0.4546842682926828,0.028222195121951343,0.3831220731707317,0.3293120731707317,0.053810000000000024,0.7360860975609755,0.7231859756097561,0.012900121951219479,109.21182926829268,106.64487804878048,2.566951219512191,39.56987804878049,44.168292682926825,-4.598414634146337,26.17817073170732,28.16548780487805,-1.9873170731707326,15.181707317073169,16.239390243902438,-1.0576829268292691,-4.983658536585366,-5.31890243902439,0.33524390243902413,-4.983658536585366,-5.31890243902439,0.33524390243902413,0.3,0.4,-0.10000000000000003,1488.4381448283384,1481.3666176225497,7.071527205788698
statline_pregame_svm,2025-26,22500375,2025-12-18,1610612740,1610612745,NOP,HOU,New Orleans Pelicans,Houston Rockets,NOP vs. HOU,HOU @ NOP,1,last_avg_15pct_current_momentum_85pct_plus_elo,0.85,0.15,20,0.48394451219512186,0.48357829268292674,0.0003662195121951206,0.3596830487804878,0.37469048780487796,-0.015007439024390168,0.8138324390243902,0.7795725609756097,0.0342598780487805,121.53439024390242,116.42390243902439,5.110487804878034,44.70646341463414,46.96451219512195,-2.2580487804878047,27.50621951219512,25.09121951219512,2.414999999999999,12.906951219512194,16.278536585365853,-3.371585365853658,-2.774024390243903,6.966829268292683,-9.740853658536587,-2.774024390243903,6.966829268292683,-9.740853658536587,0.3,0.6,-0.3,1311.0252485784556,1608.6834017610793,-297.65815318262366
statline_pregame_svm,2025-26,22500376,2025-12-18,1610612742,1610612765,DAL,DET,Dallas Mavericks,Detroit Pistons,DAL vs. DET,DET @ DAL,1,last_avg_15pct_current_momentum_85pct_plus_elo,0.85,0.15,20,0.48184256097560973,0.47761512195121947,0.004227439024390267,0.38034268292682927,0.35755902439024384,0.022783658536585427,0.7826281707317073,0.7652225609756097,0.017405609756097618,116.15426829268291,118.56,-2.405731707317088,42.15731707317073,46.32341463414634,-4.166097560975608,26.226585365853655,25.040365853658535,1.1862195121951196,12.560487804878049,16.509878048780486,-3.949390243902437,-0.4342682926829268,4.620365853658536,-5.0546341463414635,-0.4342682926829268,4.620365853658536,-5.0546341463414635,0.5,0.7,-0.19999999999999996,1438.954814842145,1630.2301343234967,-191.27531948135174
statline_pregame_svm,2025-26,22500377,2025-12-18,1610612743,1610612753,DEN,ORL,Denver Nuggets,Orlando Magic,DEN vs. ORL,ORL @ DEN,1,last_avg_15pct_current_momentum_85pct_plus_elo,0.85,0.15,20,0.5272739024390243,0.4665443902439024,0.060729512195121904,0.4362696341463414,0.3354714634146341,0.10079817073170733,0.795791707317073,0.776864756097561,0.018926951219512045,127.16841463414634,117.6440243902439,9.524390243902445,42.051585365853654,43.93121951219511,-1.8796341463414592,30.064999999999998,26.401829268292683,3.6631707317073143,12.763414634146342,13.09609756097561,-0.3326829268292677,6.448536585365854,3.5517073170731708,2.8968292682926835,6.448536585365854,3.5517073170731708,2.8968292682926835,0.7,0.6,0.09999999999999998,1632.245145344239,1541.732082799275,90.51306254496399
statline_pregame_svm,2025-26,22500378,2025-12-18,1610612756,1610612744,PHX,GSW,Phoenix Suns,Golden State Warriors,PHX vs. GSW,GSW @ PHX,1,last_avg_15pct_current_momentum_85pct_plus_elo,0.85,0.15,20,0.4551560975609756,0.4523628048780488,0.0027932926829267735,0.34039060975609753,0.36768231707317073,-0.0272917073170732,0.7431953658536585,0.7893101219512195,-0.046114756097560994,108.84329268292683,114.3089024390244,-5.465609756097564,40.03317073170732,43.95170731707317,-3.9185365853658496,24.05524390243902,28.674634146341464,-4.619390243902444,14.434146341463414,14.092317073170731,0.3418292682926829,-6.655,2.960731707317073,-9.615731707317073,-6.655,2.960731707317073,-9.615731707317073,0.4,0.4,0.0,1510.480167090826,1531.0379587950883,-20.5577917042624
statline_pregame_svm,2025-26,22500379,2025-12-18,1610612762,1610612747,UTA,LAL,Utah Jazz,Los Angeles Lakers,UTA vs. LAL,LAL @ UTA,0,last_avg_15pct_current_momentum_85pct_plus_elo,0.85,0.15,20,0.46647695121951216,0.49202060975609757,-0.025543658536585412,0.3597835365853658,0.3765270731707317,-0.01674353658536587,0.7796201219512194,0.8026584146341462,-0.023038292682926786,118.01853658536585,117.98853658536584,0.030000000000015348,44.38219512195122,42.404024390243904,1.9781707317073156,29.413658536585366,23.95817073170732,5.455487804878047,14.397926829268291,13.90951219512195,0.48841463414634134,-7.351219512195122,0.09792682926829267,-7.449146341463415,-7.351219512195122,0.09792682926829267,-7.449146341463415,0.5,0.7,-0.19999999999999996,1376.4185195667465,1615.8818380951702,-239.46331852842377
statline_pregame_svm,2025-26,22500380,2025-12-18,1610612757,1610612758,POR,SAC,Portland Trail Blazers,Sacramento Kings,POR vs. SAC,SAC @ POR,1,last_avg_15pct_current_momentum_85pct_plus_elo,0.85,0.15,20,0.4368224390243903,0.46625914634146337,-0.029436707317073096,0.3502660975609756,0.3386508536585366,0.01161524390243901,0.7759086585365853,0.7468492682926828,0.029059390243902472,113.10853658536584,111.36975609756097,1.738780487804874,45.390243902439025,41.22426829268292,4.165975609756103,23.54573170731707,24.87768292682927,-1.3319512195121987,17.014512195121952,12.962560975609756,4.051951219512196,-6.736341463414634,-7.1536585365853655,0.4173170731707314,-6.736341463414634,-7.1536585365853655,0.4173170731707314,0.3,0.3,0.0,1465.703232926475,1418.5179604323148,47.185272494160245
statline_pregame_svm,2025-26,22500381,2025-12-19,1610612738,1610612748,BOS,MIA,Boston Celtics,Miami Heat,BOS vs. MIA,MIA @ BOS,1,last_avg_15pct_current_momentum_85pct_plus_elo,0.85,0.15,20,0.49319329268292683,0.46504670731707315,0.028146585365853682,0.38431097560975613,0.3340112195121951,0.050299756097561044,0.798489268292683,0.7903489024390244,0.008140365853658516,120.20524390243902,111.87463414634146,8.330609756097559,41.562560975609756,44.67353658536585,-3.110975609756096,24.151951219512195,25.892195121951218,-1.7402439024390226,12.149878048780486,13.76780487804878,-1.6179268292682938,7.1464634146341455,-1.1058536585365852,8.252317073170731,7.1464634146341455,-1.1058536585365852,8.252317073170731,0.7,0.4,0.29999999999999993,1615.9271466084751,1488.7268741996402,127.20027240883496
statline_pregame_svm,2025-26,22500382,2025-12-19,1610612752,1610612755,NYK,PHI,New York Knicks,Philadelphia 76ers,NYK vs. PHI,PHI @ NYK,0,last_avg_15pct_current_momentum_85pct_plus_elo,0.85,0.15,20,0.5021656097560976,0.4390017073170732,0.06316390243902437,0.39935475609756105,0.3413920731707317,0.05796268292682932,0.7753739024390244,0.828580975609756,-0.05320707317073159,120.55707317073171,113.76646341463415,6.790609756097567,45.156951219512194,45.918902439024386,-0.7619512195121914,26.81817073170732,24.387439024390243,2.4307317073170758,13.295243902439024,14.113292682926827,-0.8180487804878034,12.259634146341464,-1.6997560975609756,13.959390243902439,12.259634146341464,-1.6997560975609756,13.959390243902439,0.9,0.5,0.4,1618.6144702495244,1421.4686233348114,197.14584691471305
statline_pregame_svm,2025-26,22500383,2025-12-19,1610612737,1610612759,ATL,SAS,Atlanta Hawks,San Antonio Spurs,ATL vs. SAS,SAS @ ATL,0,last_avg_15pct_current_momentum_85pct_plus_elo,0.85,0.15,20,0.47317829268292677,0.4685682926829268,0.0046099999999999475,0.3615141463414634,0.3697271951219512,-0.008213048780487786,0.8098425609756097,0.7954713414634147,0.014371219512195,119.72743902439024,120.7890243902439,-1.0615853658536594,43.309999999999995,45.05560975609755,-1.7456097560975579,31.21280487804878,25.03512195121951,6.17768292682927,16.608658536585367,12.961707317073172,3.6469512195121947,-3.9951219512195117,3.1565853658536582,-7.1517073170731695,-3.9951219512195117,3.1565853658536582,-7.1517073170731695,0.4,0.8,-0.4,1490.4573313509782,1559.2581192801213,-68.8007879291431
statline_pregame_svm,2025-26,22500384,2025-12-19,1610612739,1610612741,CLE,CHI,Cleveland Cavaliers,Chicago Bulls,CLE vs. CHI,CHI @ CLE,0,last_avg_15pct_current_momentum_85pct_plus_elo,0.85,0.15,20,0.45460268292682926,0.46991780487804874,-0.01531512195121948,0.3268014634146341,0.3405276829268293,-0.013726219512195159,0.8234697560975609,0.7761489024390243,0.047320853658536555,116.72085365853658,113.38073170731707,3.3401219512195155,46.250365853658536,42.663048780487806,3.5873170731707305,26.484634146341463,27.224146341463413,-0.7395121951219501,12.774268292682926,15.205609756097562,-2.431341463414636,-0.9495121951219512,-6.609146341463415,5.659634146341464,-0.9495121951219512,-6.609146341463415,5.659634146341464,0.3,0.2,0.09999999999999998,1567.6171109525587,1447.1730902097293,120.44402074282948
statline_pregame_svm,2025-26,22500385,2025-12-19,1610612750,1610612760,MIN,OKC,Minnesota Timberwolves,Oklahoma City Thunder,MIN vs. OKC,OKC @ MIN,1,last_avg_15pct_current_momentum_85pct_plus_elo,0.85,0.15,20,0.47772219512195124,0.5123559756097561,-0.034633780487804855,0.3811741463414634,0.3980019512195122,-0.016827804878048802,0.7664037804878048,0.7946123170731707,-0.02820853658536593,118.37890243902439,123.22,-4.841097560975612,43.367560975609756,43.60707317073171,-0.23951219512195365,27.71829268292683,27.1480487804878,0.570243902439028,14.324512195121953,11.872926829268293,2.45158536585366,4.15,17.05987804878049,-12.90987804878049,4.15,17.05987804878049,-12.90987804878049,0.7,0.9,-0.20000000000000007,1586.302694190606,1786.7254212912064,-200.42272710060047
statline_pregame_svm,2025-26,22500386,2025-12-20,1610612743,1610612745,DEN,HOU,Denver Nuggets,Houston Rockets,DEN vs. HOU,HOU @ DEN,0,last_avg_15pct_current_momentum_85pct_plus_elo,0.85,0.15,20,0.5330539024390244,0.4857882926829268,0.047265609756097615,0.4418796341463415,0.368230487804878,0.07364914634146352,0.7935817073170732,0.7810175609756097,0.012564146341463522,127.42341463414633,118.03890243902438,9.384512195121943,42.221585365853656,48.40951219512195,-6.187926829268292,30.319999999999997,25.85621951219512,4.4637804878048755,12.933414634146342,16.618536585365852,-3.685121951219511,7.808536585365854,6.796829268292683,1.0117073170731707,7.808536585365854,6.796829268292683,1.0117073170731707,0.8,0.6,0.20000000000000007,1639.6973499694209,1591.7377162912094,47.9596336782115
statline_pregame_svm,2025-26,22500387,2025-12-20,1610612755,1610612742,PHI,DAL,Philadelphia 76ers,Dallas Mavericks,PHI vs. DAL,DAL @ PHI,1,last_avg_15pct_current_momentum_85pct_plus_elo,0.85,0.15,20,0.4395117073170732,0.48728256097560974,-0.04777085365853656,0.3476820731707317,0.3677626829268293,-0.0200806097560976,0.8384409756097562,0.7814381707317073,0.057002804878048874,113.68146341463415,117.85426829268292,-4.172804878048765,44.98390243902439,43.007317073170725,1.9765853658536656,23.79243902439024,26.481585365853658,-2.6891463414634167,13.77329268292683,13.155487804878048,0.6178048780487817,-0.08475609756097557,0.24573170731707317,-0.33048780487804874,-0.08475609756097557,0.24573170731707317,-0.33048780487804874,0.6,0.6,0.0,1436.603326937939,1453.9640227800194,-17.360695842080304
statline_pregame_svm,2025-26,22500388,2025-12-20,1610612761,1610612738,TOR,BOS,Toronto Raptors,Boston Celtics,TOR vs. BOS,BOS @ TOR,0,last_avg_15pct_current_momentum_85pct_plus_elo,0.85,0.15,20,0.4556192682926829,0.4876682926829268,-0.032049024390243874,0.3372170731707317,0.3871159756097561,-0.049898902439024395,0.7231859756097561,0.803589268292683,-0.0804032926829269,106.72987804878048,119.44024390243902,-12.710365853658544,43.65829268292683,42.32756097560975,1.330731707317078,28.420487804878046,23.811951219512192,4.608536585365854,16.32439024390244,13.084878048780487,3.239512195121952,-5.74390243902439,7.486463414634146,-13.230365853658537,-5.74390243902439,7.486463414634146,-13.230365853658537,0.4,0.7,-0.29999999999999993,1491.5701244355448,1622.421285757007,-130.8511613214621
statline_pregame_svm,2025-26,22500389,2025-12-20,1610612740,1610612754,NOP,IND,New Orleans Pelicans,Indiana Pacers,NOP vs. IND,IND @ NOP,1,last_avg_15pct_current_momentum_85pct_plus_elo,0.85,0.15,20,0.48351951219512196,0.46706719512195116,0.016452317073170797,0.3627430487804878,0.3621275609756098,0.0006154878048780232,0.8283674390243904,0.7856037804878048,0.04276365853658559,120.68439024390243,111.0198780487805,9.66451219512193,43.516463414634146,42.48439024390244,1.0320731707317066,27.42121951219512,24.02158536585366,3.3996341463414588,12.736951219512195,13.029268292682925,-0.2923170731707305,-3.4540243902439025,0.16475609756097562,-3.618780487804878,-3.4540243902439025,0.16475609756097562,-3.618780487804878,0.3,0.4,-0.10000000000000003,1327.9709340483255,1450.1446214500802,-122.1736874017547
statline_pregame_svm,2025-26,22500390,2025-12-20,1610612765,1610612766,DET,CHA,Detroit Pistons,Charlotte Hornets,DET vs. CHA,CHA @ DET,1,last_avg_15pct_current_momentum_85pct_plus_elo,0.85,0.15,20,0.4678401219512195,0.4559826829268293,0.011857439024390182,0.34242902439024386,0.3522460975609756,-0.009817073170731716,0.7580825609756097,0.7897539024390244,-0.03167134146341477,117.88,113.00463414634147,4.875365853658522,47.76841463414634,42.64926829268293,5.119146341463406,25.210365853658537,25.662560975609754,-0.4521951219512168,16.08487804878049,15.245,0.8398780487804896,4.025365853658537,-2.5564634146341465,6.581829268292683,4.025365853658537,-2.5564634146341465,6.581829268292683,0.6,0.5,0.09999999999999998,1615.2209263856223,1331.0792236241275,284.1417027614948
statline_pregame_svm,2025-26,22500391,2025-12-20,1610612763,1610612764,MEM,WAS,Memphis Grizzlies,Washington Wizards,MEM vs. WAS,WAS @ MEM,0,last_avg_15pct_current_momentum_85pct_plus_elo,0.85,0.15,20,0.48650658536585356,0.4588214634146341,0.02768512195121947,0.3766140243902439,0.3487213414634146,0.027892682926829282,0.7948485365853658,0.7358502439024389,0.05899829268292689,118.8110975609756,110.89,7.921097560975596,47.208414634146344,44.03926829268293,3.169146341463417,29.33719512195122,25.864634146341462,3.472560975609756,15.780609756097562,14.999146341463414,0.7814634146341479,5.233048780487804,-10.450853658536584,15.683902439024388,5.233048780487804,-10.450853658536584,15.683902439024388,0.7,0.3,0.39999999999999997,1519.8022633719731,1281.494709691504,238.30755368046903
statline_pregame_svm,2025-26,22500392,2025-12-20,1610612744,1610612756,GSW,PHX,Golden State Warriors,Phoenix Suns,GSW vs. PHX,PHX @ GSW,1,last_avg_15pct_current_momentum_85pct_plus_elo,0.85,0.15,20,0.44479780487804876,0.4522660975609756,-0.007468292682926814,0.35841731707317076,0.33342060975609755,0.024996707317073208,0.7911801219512196,0.7504203658536586,0.040759756097560995,112.1839024390244,107.82329268292683,4.36060975609756,45.82170731707317,40.54317073170732,5.278536585365849,28.50463414634146,23.375243902439024,5.129390243902435,14.602317073170731,15.199146341463415,-0.5968292682926837,3.2157317073170733,-7.335,10.550731707317073,3.2157317073170733,-7.335,10.550731707317073,0.4,0.4,0.0,1520.4469475546332,1521.071178331281,-0.6242307766478916
statline_pregame_svm,2025-26,22500393,2025-12-20,1610612762,1610612753,UTA,ORL,Utah Jazz,Orlando Magic,UTA vs. ORL,ORL @ UTA,0,last_avg_15pct_current_momentum_85pct_plus_elo,0.85,0.15,20,0.4742969512195121,0.45974439024390246,0.01455256097560964,0.37346853658536583,0.3302864634146341,0.04318207317073175,0.7743501219512194,0.761989756097561,0.012360365853658406,120.48353658536585,116.1140243902439,4.369512195121956,43.87219512195122,44.61121951219512,-0.7390243902438982,29.753658536585366,26.57182926829268,3.1818292682926845,14.312926829268292,12.75609756097561,1.5568292682926828,-7.861219512195122,1.5967073170731707,-9.457926829268292,-7.861219512195122,1.5967073170731707,-9.457926829268292,0.5,0.5,0.0,1372.3933960446636,1534.2798781740933,-161.88648212942962
statline_pregame_svm,2025-26,22500394,2025-12-20,1610612758,1610612757,SAC,POR,Sacramento Kings,Portland Trail Blazers,SAC vs. POR,POR @ SAC,0,last_avg_15pct_current_momentum_85pct_plus_elo,0.85,0.15,20,0.46489914634146334,0.4458324390243903,0.01906670731707305,0.33720585365853656,0.3568960975609756,-0.019690243902439064,0.7430242682926829,0.7692786585365854,-0.026254390243902526,111.79475609756096,116.42353658536587,-4.628780487804903,41.64926829268293,45.30524390243902,-3.6559756097560836,24.62268292682927,24.56573170731707,0.05695121951220017,13.897560975609757,17.354512195121952,-3.456951219512195,-7.663658536585365,-4.356341463414634,-3.307317073170731,-7.663658536585365,-4.356341463414634,-3.307317073170731,0.2,0.4,-0.2,1409.86777310745,1474.35342025134,-64.48564714388999
statline_pregame_svm,2025-26,22500395,2025-12-20,1610612746,1610612747,LAC,LAL,Los Angeles Clippers,Los Angeles Lakers,LAC vs. LAL,LAL @ LAC,1,last_avg_15pct_current_momentum_85pct_plus_elo,0.85,0.15,20,0.47281463414634145,0.4992456097560976,-0.026430975609756158,0.33369024390243907,0.38247707317073176,-0.0487868292682927,0.8144212195121951,0.8031684146341462,0.011252804878048916,109.92170731707319,120.96353658536586,-11.041829268292673,40.73890243902439,42.65902439024391,-1.9201219512195138,23.66560975609756,24.723170731707317,-1.057560975609757,16.08670731707317,13.31451219512195,2.7721951219512206,-5.506219512195122,0.6079268292682927,-6.114146341463414,-5.506219512195122,0.6079268292682927,-6.114146341463414,0.1,0.7,-0.6,1449.6746736796067,1619.906961617253,-170.23228793764633
statline_pregame_svm,2025-26,22500396,2025-12-21,1610612737,1610612741,ATL,CHI,Atlanta Hawks,Chicago Bulls,ATL vs. CHI,CHI @ ATL,0,last_avg_15pct_current_momentum_85pct_plus_elo,0.85,0.15,20,0.4690132926829268,0.46957780487804873,-0.0005645121951219356,0.3530991463414634,0.33908268292682925,0.01401646341463414,0.8098425609756097,0.7803989024390243,0.02944365853658537,118.45243902439023,113.89073170731707,4.561707317073157,43.224999999999994,43.938048780487804,-0.7130487804878101,30.61780487804878,27.649146341463414,2.968658536585366,16.43865853658537,14.780609756097562,1.6580487804878068,-4.760121951219512,-4.569146341463415,-0.19097560975609706,-4.760121951219512,-4.569146341463415,-0.19097560975609706,0.4,0.3,0.10000000000000003,1482.4120925938334,1460.5072427898767,21.904849803956722
statline_pregame_svm,2025-26,22500397,2025-12-21,1610612751,1610612761,BKN,TOR,Brooklyn Nets,Toronto Raptors,BKN vs. TOR,TOR @ BKN,1,last_avg_15pct_current_momentum_85pct_plus_elo,0.85,0.15,20,0.4488279268292683,0.4577442682926829,-0.008916341463414579,0.3528480487804878,0.34979707317073166,0.003050975609756146,0.7854487804878048,0.715705975609756,0.06974280487804874,108.67146341463415,106.64487804878048,2.026585365853663,42.32073170731707,42.723292682926825,-0.40256097560975235,26.468780487804878,29.44048780487805,-2.9717073170731716,16.045609756097562,16.239390243902438,-0.1937804878048759,-0.04646341463414627,-7.27390243902439,7.227439024390243,-0.04646341463414627,-7.27390243902439,7.227439024390243,0.4,0.3,0.10000000000000003,1334.8183595088576,1485.1678090859948,-150.3494495771372
statline_pregame_svm,2025-26,22500398,2025-12-21,1610612752,1610612748,NYK,MIA,New York Knicks,Miami Heat,NYK vs. MIA,MIA @ NYK,1,last_avg_15pct_current_momentum_85pct_plus_elo,0.85,0.15,20,0.4915406097560976,0.46037170731707316,0.031168902439024426,0.37640475609756097,0.3512662195121951,0.025138536585365856,0.7712089024390244,0.7903489024390243,-0.019139999999999935,118.68707317073171,112.72463414634146,5.96243902439025,46.5169512195122,44.16353658536585,2.353414634146354,26.81817073170732,26.31719512195122,0.5009756097561002,13.550243902439023,13.68280487804878,-0.13256097560975633,9.114634146341464,-2.5508536585365853,11.66548780487805,9.114634146341464,-2.5508536585365853,11.66548780487805,0.8,0.3,0.5,1603.4797666463967,1482.2327350511084,121.24703159528826
statline_pregame_svm,2025-26,22500399,2025-12-21,1610612764,1610612759,WAS,SAS,Washington Wizards,San Antonio Spurs,WAS vs. SAS,SAS @ WAS,0,last_avg_15pct_current_momentum_85pct_plus_elo,0.85,0.15,20,0.46026646341463423,0.48021329268292684,-0.01994682926829261,0.34379134146341467,0.37210719512195123,-0.02831585365853656,0.729985243902439,0.7791513414634147,-0.049166097560975675,111.74000000000001,121.7240243902439,-9.984024390243889,43.954268292682926,44.97060975609756,-1.0163414634146335,25.77963414634146,26.225121951219514,-0.4454878048780522,14.829146341463414,13.471707317073172,1.357439024390242,-9.685853658536585,4.431585365853659,-14.117439024390244,-9.685853658536585,4.431585365853659,-14.117439024390244,0.4,0.8,-0.4,1297.4481535944178,1567.303358037266,-269.85520444284816
statline_pregame_svm,2025-26,22500400,2025-12-21,1610612750,1610612749,MIN,MIL,Minnesota Timberwolves,Milwaukee Bucks,MIN vs. MIL,MIL @ MIN,1,last_avg_15pct_current_momentum_85pct_plus_elo,0.85,0.15,20,0.47449219512195123,0.4837564634146342,-0.009264268292682953,0.3719941463414634,0.38771207317073175,-0.01571792682926837,0.7754987804878049,0.7443310975609756,0.031167682926829254,118.97390243902439,109.38182926829268,9.592073170731709,44.47256097560975,39.48487804878049,4.987682926829265,27.29329268292683,26.433170731707317,0.8601219512195115,14.069512195121952,15.436707317073171,-1.3671951219512195,5.255,-4.473658536585366,9.728658536585366,5.255,-4.473658536585366,9.728658536585366,0.8,0.3,0.5,1601.506510599164,1478.2346380153433,123.2718725838206
statline_pregame_svm,2025-26,22500401,2025-12-21,1610612758,1610612745,SAC,HOU,Sacramento Kings,Houston Rockets,SAC vs. HOU,HOU @ SAC,1,last_avg_15pct_current_momentum_85pct_plus_elo,0.85,0.15,20,0.4603091463414634,0.4872332926829268,-0.026924146341463395,0.3308308536585366,0.37877048780487804,-0.04793963414634145,0.7216042682926828,0.7726025609756098,-0.05099829268292699,109.75475609756097,118.12390243902438,-8.369146341463406,41.73426829268293,48.919512195121946,-7.185243902439019,23.857682926829266,25.686219512195123,-1.8285365853658568,14.407560975609757,16.87353658536585,-2.4659756097560948,-8.513658536585364,6.116829268292683,-14.630487804878047,-8.513658536585364,6.116829268292683,-14.630487804878047,0.1,0.6,-0.5,1401.7027958548942,1603.109404171188,-201.40660831629384
statline_pregame_svm,2025-26,22500402,2025-12-22,1610612739,1610612766,CLE,CHA,Cleveland Cavaliers,Charlotte Hornets,CLE vs. CHA,CHA @ CLE,1,last_avg_15pct_current_momentum_85pct_plus_elo,0.85,0.15,20,0.45978768292682926,0.44773768292682925,0.012050000000000005,0.3324964634146341,0.35352109756097555,-0.021024634146341425,0.805534756097561,0.7982539024390244,0.00728085365853659,118.93085365853659,111.72963414634147,7.201219512195124,47.01536585365854,43.329268292682926,3.686097560975611,26.824634146341463,26.172560975609755,0.6520731707317076,13.029268292682925,15.84,-2.810731707317075,-0.9495121951219512,-2.3864634146341466,1.4369512195121954,-0.9495121951219512,-2.3864634146341466,1.4369512195121954,0.3,0.5,-0.2,1554.2829583724113,1327.8180699438894,226.46488842852182
statline_pregame_svm,2025-26,22500403,2025-12-22,1610612738,1610612754,BOS,IND,Boston Celtics,Indiana Pacers,BOS vs. IND,IND @ BOS,1,last_avg_15pct_current_momentum_85pct_plus_elo,0.85,0.15,20,0.48987829268292676,0.4651121951219512,0.024766097560975586,0.3737709756097561,0.34997256097560975,0.023798414634146337,0.7972142682926829,0.7933387804878049,0.0038754878048780084,119.01524390243902,112.20987804878047,6.805365853658557,43.26256097560975,42.39939024390244,0.8631707317073136,23.641951219512194,24.701585365853656,-1.0596341463414625,12.914878048780487,12.689268292682925,0.22560975609756184,8.591463414634147,-1.2802439024390244,9.87170731707317,8.591463414634147,-1.2802439024390244,9.87170731707317,0.7,0.4,0.29999999999999993,1628.823601106557,1436.766293006293,192.05730810026398
statline_pregame_svm,2025-26,22500404,2025-12-22,1610612740,1610612742,NOP,DAL,New Orleans Pelicans,Dallas Mavericks,NOP vs. DAL,DAL @ NOP,1,last_avg_15pct_current_momentum_85pct_plus_elo,0.85,0.15,20,0.48640951219512196,0.5000325609756097,-0.013623048780487701,0.35517804878048786,0.3564576829268293,-0.001279634146341413,0.8243724390243902,0.7882381707317073,0.03613426829268285,120.68439024390243,118.87426829268293,1.8101219512195001,44.28146341463414,42.497317073170734,1.784146341463405,26.656219512195122,26.651585365853656,0.004634146341466305,12.991951219512195,13.325487804878048,-0.3335365853658523,-1.4140243902439025,-0.00926829268292681,-1.4047560975609756,-1.4140243902439025,-0.00926829268292681,-1.4047560975609756,0.4,0.6,-0.19999999999999996,1341.3492624921128,1443.464757241633,-102.11549474952017
statline_pregame_svm,2025-26,22500405,2025-12-22,1610612743,1610612762,DEN,UTA,Denver Nuggets,Utah Jazz,DEN vs. UTA,UTA @ DEN,1,last_avg_15pct_current_momentum_85pct_plus_elo,0.85,0.15,20,0.5242989024390243,0.4695369512195122,0.054761951219512106,0.42181963414634144,0.37712353658536585,0.04469609756097559,0.7969817073170733,0.7856551219512196,0.011326585365853736,125.38341463414633,121.33353658536585,4.049878048780485,41.62658536585366,44.29719512195122,-2.670609756097562,29.384999999999998,29.923658536585364,-0.5386585365853662,12.67841463414634,14.14292682926829,-1.4645121951219497,5.768536585365853,-6.501219512195122,12.269756097560975,5.768536585365853,-6.501219512195122,12.269756097560975,0.7,0.5,0.19999999999999996,1628.3256620894422,1366.742581602715,261.5830804867271
statline_pregame_svm,2025-26,22500406,2025-12-22,1610612760,1610612763,OKC,MEM,Oklahoma City Thunder,Memphis Grizzlies,OKC vs. MEM,MEM @ OKC,1,last_avg_15pct_current_momentum_85pct_plus_elo,0.85,0.15,20,0.49884097560975615,0.48548658536585365,0.013354390243902503,0.3865269512195122,0.37865402439024387,0.007872926829268323,0.8111023170731707,0.7829485365853659,0.028153780487804814,121.94500000000001,119.4060975609756,2.5389024390244117,43.86207317073171,47.888414634146336,-4.026341463414624,25.703048780487805,29.16719512195122,-3.4641463414634153,11.702926829268291,16.03560975609756,-4.3326829268292695,14.339878048780488,5.403048780487804,8.936829268292684,14.339878048780488,5.403048780487804,8.936829268292684,0.8,0.7,0.10000000000000009,1771.5216048826485,1503.8488194690594,267.67278541358905
statline_pregame_svm,2025-26,22500407,2025-12-22,1610612744,1610612753,GSW,ORL,Golden State Warriors,Orlando Magic,GSW vs. ORL,ORL @ GSW,1,last_avg_15pct_current_momentum_85pct_plus_elo,0.85,0.15,20,0.4419928048780487,0.4614443902439025,-0.019451585365853785,0.35688731707317073,0.3197464634146342,0.03714085365853653,0.7935601219512194,0.753914756097561,0.03964536585365841,110.90890243902439,116.0290243902439,-5.120121951219517,45.73670731707317,45.29121951219512,0.4454878048780486,28.079634146341462,26.486829268292684,1.5928048780487778,15.537317073170732,13.181097560975608,2.356219512195123,2.0257317073170733,2.446707317073171,-0.4209756097560975,2.0257317073170733,2.446707317073171,-0.4209756097560975,0.4,0.6,-0.19999999999999996,1530.464914341312,1539.9306926160418,-9.465778274729928
statline_pregame_svm,2025-26,22500408,2025-12-22,1610612757,1610612765,POR,DET,Portland Trail Blazers,Detroit Pistons,POR vs. DET,DET @ POR,0,last_avg_15pct_current_momentum_85pct_plus_elo,0.85,0.15,20,0.44379243902439025,0.47149512195121945,-0.027702682926829203,0.3505210975609756,0.33460902439024387,0.015912073170731733,0.7626486585365855,0.7533225609756097,0.009326097560975799,114.97853658536584,117.71,-2.731463414634149,45.13524390243903,48.193414634146336,-3.058170731707307,24.055731707317072,25.465365853658536,-1.409634146341464,17.694512195121952,16.679878048780488,1.0146341463414643,-4.951341463414634,6.4903658536585365,-11.44170731707317,-4.951341463414634,6.4903658536585365,-11.44170731707317,0.4,0.7,-0.29999999999999993,1482.5183975038956,1618.4820800658604,-135.9636825619648
statline_pregame_svm,2025-26,22500409,2025-12-23,1610612766,1610612764,CHA,WAS,Charlotte Hornets,Washington Wizards,CHA vs. WAS,WAS @ CHA,1,last_avg_15pct_current_momentum_85pct_plus_elo,0.85,0.15,20,0.4507126829268292,0.4493014634146341,0.0014112195121950832,0.3677160975609756,0.3220313414634146,0.04568475609756101,0.7920489024390244,0.7381452439024391,0.0539036585365853,112.49463414634145,110.125,2.369634146341454,43.159268292682924,44.54926829268293,-1.3900000000000077,26.257560975609756,24.929634146341463,1.3279268292682929,16.35,14.149146341463414,2.2008536585365874,-3.576463414634146,-12.235853658536584,8.659390243902438,-3.576463414634146,-12.235853658536584,8.659390243902438,0.4,0.3,0.10000000000000003,1323.5469978610406,1293.9562716333598,29.59072622768076
statline_pregame_svm,2025-26,22500410,2025-12-23,1610612755,1610612751,PHI,BKN,Philadelphia 76ers,Brooklyn Nets,PHI vs. BKN,BKN @ PHI,0,last_avg_15pct_current_momentum_85pct_plus_elo,0.85,0.15,20,0.43781170731707314,0.45630792682926824,-0.0184962195121951,0.3425820731707317,0.3620280487804878,-0.019445975609756083,0.8249259756097562,0.7885087804878048,0.03641719512195141,115.21146341463414,108.33146341463414,6.8799999999999955,45.748902439024384,42.66073170731707,3.088170731707315,24.21743902439024,27.318780487804876,-3.1013414634146343,12.838292682926829,17.065609756097558,-4.227317073170729,3.9952439024390243,2.3335365853658536,1.6617073170731707,3.9952439024390243,2.3335365853658536,1.6617073170731707,0.7,0.5,0.19999999999999996,1447.1025924763255,1348.89444990032,98.20814257600546
statline_pregame_svm,2025-26,22500411,2025-12-23,1610612737,1610612741,ATL,CHI,Atlanta Hawks,Chicago Bulls,ATL vs. CHI,CHI @ ATL,0,last_avg_15pct_current_momentum_85pct_plus_elo,0.85,0.15,20,0.4684182926829268,0.4782478048780488,-0.009829512195122014,0.36304414634146337,0.36067268292682925,0.002371463414634123,0.81740756097561,0.7690939024390243,0.048313658536585646,120.15243902439025,116.95073170731708,3.201707317073172,42.97,43.5980487804878,-0.6280487804878021,30.872804878048782,28.499146341463412,2.3736585365853706,16.098658536585365,14.865609756097559,1.233048780487806,-5.5251219512195116,-3.8041463414634142,-1.7209756097560973,-5.5251219512195116,-3.8041463414634142,-1.7209756097560973,0.3,0.4,-0.10000000000000003,1471.782454375762,1471.1368810079482,0.6455733678137676
statline_pregame_svm,2025-26,22500412,2025-12-23,1610612739,1610612740,CLE,NOP,Cleveland Cavaliers,New Orleans Pelicans,CLE vs. NOP,NOP @ CLE,1,last_avg_15pct_current_momentum_85pct_plus_elo,0.85,0.15,20,0.4673526829268293,0.49337951219512194,-0.02602682926829264,0.3417614634146341,0.3553480487804878,-0.01358658536585372,0.8140347560975609,0.8343174390243903,-0.020282682926829332,120.29085365853658,122.63939024390244,-2.3485365853658635,45.485365853658536,44.36646341463414,1.1189024390243958,27.419634146341462,27.67621951219512,-0.25658536585365965,12.689268292682925,12.991951219512195,-0.3026829268292701,0.24048780487804877,-0.22402439024390253,0.4645121951219513,0.24048780487804877,-0.22402439024390253,0.4645121951219513,0.4,0.5,-0.09999999999999998,1558.55403045526,1354.2065769683877,204.34745348687238
statline_pregame_svm,2025-26,22500413,2025-12-23,1610612754,1610612749,IND,MIL,Indiana Pacers,Milwaukee Bucks,IND vs. MIL,MIL @ IND,0,last_avg_15pct_current_momentum_85pct_plus_elo,0.85,0.15,20,0.45372219512195117,0.4821414634146342,-0.028419268292683042,0.3451275609756098,0.38397207317073173,-0.038844512195121916,0.8035387804878048,0.7619260975609756,0.04161268292682918,110.16987804878048,109.12682926829268,1.0430487804877941,41.20939024390244,39.82487804878049,1.3845121951219497,24.02158536585366,26.093170731707318,-2.0715853658536574,12.434268292682926,15.776707317073171,-3.342439024390245,-4.765243902439024,-4.473658536585366,-0.291585365853658,-4.765243902439024,-4.473658536585366,-0.291585365853658,0.3,0.3,0.0,1431.7923417661234,1471.6409373191123,-39.848595552988854
statline_pregame_svm,2025-26,22500414,2025-12-23,1610612748,1610612761,MIA,TOR,Miami Heat,Toronto Raptors,MIA vs. TOR,TOR @ MIA,0,last_avg_15pct_current_momentum_85pct_plus_elo,0.85,0.15,20,0.4613917073170732,0.4516242682926829,0.009767439024390312,0.3689462195121951,0.34707707317073166,0.02186914634146342,0.7770039024390243,0.7200409756097561,0.05696292682926818,114.33963414634147,104.09487804878049,10.24475609756098,43.99353658536585,41.61829268292683,2.375243902439024,25.807195121951217,28.505487804878047,-2.69829268292683,13.42780487804878,16.15439024390244,-2.7265853658536603,-3.400853658536585,-7.9539024390243895,4.553048780487805,-3.400853658536585,-7.9539024390243895,4.553048780487805,0.2,0.3,-0.09999999999999998,1475.5874149672677,1471.0917186945321,4.495696272735586
statline_pregame_svm,2025-26,22500415,2025-12-23,1610612742,1610612743,DAL,DEN,Dallas Mavericks,Denver Nuggets,DAL vs. DEN,DEN @ DAL,1,last_avg_15pct_current_momentum_85pct_plus_elo,0.85,0.15,20,0.4964625609756097,0.5220039024390244,-0.02554134146341469,0.3449826829268292,0.43040463414634145,-0.08542195121951224,0.7605281707317073,0.7935817073170732,-0.03305353658536592,118.36426829268292,125.29841463414633,-6.9341463414634035,44.027317073170735,42.221585365853656,1.8057317073170793,26.736585365853657,30.235,-3.498414634146343,13.83548780487805,12.168414634146343,1.6670731707317064,0.3307317073170732,7.978536585365854,-7.64780487804878,0.3307317073170732,7.978536585365854,-7.64780487804878,0.6,0.8,-0.20000000000000007,1430.607442765358,1631.9569234820901,-201.34948071673216
statline_pregame_svm,2025-26,22500416,2025-12-23,1610612750,1610612752,MIN,NYK,Minnesota Timberwolves,New York Knicks,MIN vs. NYK,NYK @ MIN,1,last_avg_15pct_current_momentum_85pct_plus_elo,0.85,0.15,20,0.46820219512195127,0.5001256097560975,-0.031923414634146274,0.3606041463414634,0.386094756097561,-0.02549060975609757,0.7629187804878048,0.7719739024390243,-0.009055121951219491,117.61390243902439,119.8770731707317,-2.2631707317073193,45.23756097560975,45.836951219512194,-0.599390243902441,27.038292682926826,27.073170731707314,-0.03487804878048806,13.644512195121951,13.550243902439023,0.09426829268292813,5.17,8.944634146341464,-3.774634146341464,5.17,8.944634146341464,-3.774634146341464,0.8,0.8,0.0,1608.100211295395,1610.1250867302374,-2.0248754348424427
statline_pregame_svm,2025-26,22500417,2025-12-23,1610612759,1610612760,SAS,OKC,San Antonio Spurs,Oklahoma City Thunder,SAS vs. OKC,OKC @ SAS,1,last_avg_15pct_current_momentum_85pct_plus_elo,0.85,0.15,20,0.47375329268292676,0.5000309756097561,-0.026277682926829304,0.3646271951219512,0.39638695121951223,-0.03175975609756104,0.7658063414634146,0.8168823170731708,-0.051075975609756186,120.44902439024389,122.455,-2.0059756097561063,47.18060975609755,44.457073170731704,2.7235365853658493,25.88512195121951,25.788048780487806,0.0970731707317043,13.55670731707317,12.042926829268293,1.513780487804878,5.111585365853658,15.019878048780487,-9.90829268292683,5.111585365853658,15.019878048780487,-9.90829268292683,0.8,0.8,0.0,1570.795239998324,1775.0498443673432,-204.25460436901926
statline_pregame_svm,2025-26,22500418,2025-12-23,1610612756,1610612747,PHX,LAL,Phoenix Suns,Los Angeles Lakers,PHX vs. LAL,LAL @ PHX,1,last_avg_15pct_current_momentum_85pct_plus_elo,0.85,0.15,20,0.45770609756097563,0.48318060975609756,-0.025474512195121923,0.33274060975609754,0.3578270731707317,-0.025086463414634164,0.7630853658536585,0.7830234146341463,-0.01993804878048777,109.86329268292683,116.96853658536585,-7.105243902439028,40.11817073170732,43.084024390243904,-2.965853658536581,24.395243902439024,23.618170731707316,0.7770731707317076,14.604146341463414,13.31451219512195,1.2896341463414647,-5.72,-2.112073170731707,-3.6079268292682927,-5.72,-2.112073170731707,-3.6079268292682927,0.4,0.6,-0.19999999999999996,1511.0532115446024,1605.3650519829682,-94.31184043836583
statline_pregame_svm,2025-26,22500419,2025-12-23,1610612762,1610612763,UTA,MEM,Utah Jazz,Memphis Grizzlies,UTA vs. MEM,MEM @ UTA,0,last_avg_15pct_current_momentum_85pct_plus_elo,0.85,0.15,20,0.46477695121951224,0.47477658536585365,-0.009999634146341418,0.3784835365853659,0.37695402439024384,0.0015295121951220403,0.7913501219512195,0.7729185365853658,0.018431585365853653,119.97353658536585,116.8560975609756,3.117439024390251,44.29719512195122,47.63341463414634,-3.3362195121951217,29.753658536585366,28.14719512195122,1.6064634146341454,14.227926829268291,16.63060975609756,-2.402682926829268,-9.221219512195121,3.6180487804878045,-12.839268292682926,-9.221219512195121,3.6180487804878045,-12.839268292682926,0.4,0.6,-0.19999999999999996,1363.111320210067,1500.3205799843647,-137.2092597742976
statline_pregame_svm,2025-26,22500420,2025-12-23,1610612757,1610612753,POR,ORL,Portland Trail Blazers,Orlando Magic,POR vs. ORL,ORL @ POR,0,last_avg_15pct_current_momentum_85pct_plus_elo,0.85,0.15,20,0.4455774390243903,0.4511593902439024,-0.005581951219512105,0.34788609756097555,0.3092914634146341,0.038594634146341456,0.7661336585365852,0.7429497560975609,0.02318390243902435,114.97853658536584,112.0340243902439,2.944512195121945,44.28524390243902,45.37621951219512,-1.0909756097561,24.055731707317072,25.041829268292684,-0.9860975609756117,17.779512195121953,13.691097560975608,4.0884146341463445,-4.526341463414634,-2.993292682926829,-1.533048780487805,-4.526341463414634,-2.993292682926829,-1.533048780487805,0.4,0.5,-0.09999999999999998,1476.2435024427907,1529.6583130067493,-53.414810563958554
statline_pregame_svm,2025-26,22500421,2025-12-23,1610612758,1610612765,SAC,DET,Sacramento Kings,Detroit Pistons,SAC vs. DET,DET @ SAC,0,last_avg_15pct_current_momentum_85pct_plus_elo,0.85,0.15,20,0.46013914634146336,0.47115512195121945,-0.01101597560975609,0.3327008536585365,0.32100902439024387,0.011691829268292653,0.7125942682926828,0.7406575609756098,-0.028063292682926955,111.87975609756097,117.795,-5.91524390243903,42.924268292682925,48.10841463414634,-5.184146341463418,24.62268292682927,25.975365853658534,-1.3526829268292637,13.812560975609756,15.489878048780486,-1.6773170731707303,-7.408658536585366,7.425365853658536,-14.834024390243902,-7.408658536585366,7.425365853658536,-14.834024390243902,0.2,0.8,-0.6000000000000001,1416.9272316673694,1624.7569751269652,-207.82974345959587
statline_pregame_svm,2025-26,22500422,2025-12-23,1610612746,1610612745,LAC,HOU,Los Angeles Clippers,Houston Rockets,LAC vs. HOU,HOU @ LAC,1,last_avg_15pct_current_momentum_85pct_plus_elo,0.85,0.15,20,0.4648246341463415,0.4944582926829269,-0.029633658536585394,0.33377524390243907,0.390585487804878,-0.05681024390243894,0.8207962195121952,0.7832275609756097,0.03756865853658542,108.64670731707318,119.82390243902438,-11.1771951219512,42.353902439024395,48.40951219512195,-6.055609756097553,23.495609756097558,26.281219512195122,-2.785609756097564,16.341707317073173,17.298536585365852,-0.9568292682926796,-2.7862195121951214,5.691829268292683,-8.478048780487805,-2.7862195121951214,5.691829268292683,-8.478048780487805,0.2,0.5,-0.3,1464.2165833138915,1587.884968358713,-123.66838504482143
statline_pregame_svm,2025-26,22500009,2025-12-25,1610612752,1610612739,NYK,CLE,New York Knicks,Cleveland Cavaliers,NYK vs. CLE,CLE @ NYK,1,last_avg_15pct_current_momentum_85pct_plus_elo,0.85,0.15,20,0.49638560975609763,0.4738126829268293,0.022572926829268314,0.38702975609756096,0.3437164634146342,0.043313292682926774,0.7705289024390244,0.8247447560975609,-0.05421585365853654,118.85707317073172,122.50085365853658,-3.643780487804861,45.326951219512196,45.99536585365854,-0.6684146341463446,26.478170731707316,28.43963414634146,-1.9614634146341459,13.635243902439024,12.604268292682926,1.0309756097560978,6.1396341463414625,2.3654878048780485,3.774146341463414,6.1396341463414625,2.3654878048780485,3.774146341463414,0.7,0.5,0.19999999999999996,1600.0668067901938,1563.2683261591126,36.79848063108125
statline_pregame_svm,2025-26,22500010,2025-12-25,1610612760,1610612759,OKC,SAS,Oklahoma City Thunder,San Antonio Spurs,OKC vs. SAS,SAS @ OKC,0,last_avg_15pct_current_momentum_85pct_plus_elo,0.85,0.15,20,0.5049609756097561,0.4777482926829268,0.027212682926829268,0.3905219512195122,0.3817971951219512,0.008724756097561015,0.8168823170731706,0.7579863414634147,0.0588959756097559,121.35,121.9790243902439,-0.6290243902438988,44.3720731707317,47.26560975609756,-2.893536585365858,25.448048780487802,27.33012195121951,-1.882073170731708,12.467926829268292,13.471707317073172,-1.00378048780488,12.979878048780487,7.916585365853659,5.063292682926828,12.979878048780487,7.916585365853659,5.063292682926828,0.7,0.9,-0.20000000000000007,1759.7660661191603,1586.0790182465068,173.68704787265347
statline_pregame_svm,2025-26,22500011,2025-12-25,1610612744,1610612742,GSW,DAL,Golden State Warriors,Dallas Mavericks,GSW vs. DAL,DAL @ GSW,1,last_avg_15pct_current_momentum_85pct_plus_elo,0.85,0.15,20,0.44964280487804875,0.5071725609756097,-0.05752975609756095,0.3584173170731707,0.35560768292682926,0.0028096341463414443,0.7808951219512195,0.7700481707317073,0.01084695121951218,112.6089024390244,119.80926829268292,-7.200365853658511,45.73670731707317,43.94231707317073,1.7943902439024413,28.75963414634146,27.756585365853656,1.0030487804878057,15.28231707317073,14.00548780487805,1.2768292682926816,4.320731707317073,0.07573170731707318,4.244999999999999,4.320731707317073,0.07573170731707318,4.244999999999999,0.5,0.6,-0.09999999999999998,1540.7372939506045,1445.8306830081963,94.90661094240818
statline_pregame_svm,2025-26,22500012,2025-12-25,1610612747,1610612745,LAL,HOU,Los Angeles Lakers,Houston Rockets,LAL vs. HOU,HOU @ LAL,0,last_avg_15pct_current_momentum_85pct_plus_elo,0.85,0.15,20,0.4737456097560976,0.49199329268292685,-0.018247682926829267,0.3460120731707317,0.3859104878048781,-0.039898414634146395,0.7671284146341463,0.7776175609756097,-0.010489146341463473,115.18353658536586,118.03890243902438,-2.855365853658526,43.42402439024391,47.72951219512195,-4.305487804878041,23.193170731707315,25.85621951219512,-2.663048780487806,13.484512195121951,17.043536585365853,-3.559024390243902,-5.002073170731707,1.611829268292683,-6.61390243902439,-5.002073170731707,1.611829268292683,-6.61390243902439,0.5,0.4,0.09999999999999998,1592.7153044523238,1574.4685846170216,18.2467198353022
statline_pregame_svm,2025-26,22500013,2025-12-25,1610612743,1610612750,DEN,MIN,Denver Nuggets,Minnesota Timberwolves,DEN vs. MIN,MIN @ DEN,1,last_avg_15pct_current_momentum_85pct_plus_elo,0.85,0.15,20,0.5216639024390244,0.45876719512195124,0.06289670731707314,0.4226696341463414,0.3492991463414634,0.07337048780487798,0.7976617073170731,0.7567137804878048,0.04094792682926829,125.29841463414633,116.76390243902439,8.534512195121934,41.71158536585366,45.74756097560976,-4.0359756097561,30.49,26.18829268292683,4.30170731707317,11.998414634146341,13.474512195121951,-1.4760975609756102,6.363536585365853,5.0,1.3635365853658534,6.363536585365853,5.0,1.3635365853658534,0.7,0.8,-0.10000000000000009,1616.7336832392518,1618.1584912354385,-1.4248079961867006
statline_pregame_svm,2025-26,22500423,2025-12-26,1610612737,1610612748,ATL,MIA,Atlanta Hawks,Miami Heat,ATL vs. MIA,MIA @ ATL,0,last_avg_15pct_current_momentum_85pct_plus_elo,0.85,0.15,20,0.47207329268292686,0.4530617073170731,0.019011585365853734,0.36304414634146337,0.3505862195121951,0.012457926829268273,0.8083975609756098,0.7773439024390243,0.031053658536585482,118.53743902439024,110.59963414634146,7.93780487804878,41.269999999999996,44.16353658536585,-2.893536585365851,31.04280487804878,25.042195121951217,6.000609756097564,15.163658536585364,13.42780487804878,1.735853658536584,-6.460121951219512,-4.930853658536586,-1.529268292682926,-6.460121951219512,-4.930853658536586,-1.529268292682926,0.2,0.2,0.0,1461.7638733019817,1465.4580256483525,-3.6941523463708563
statline_pregame_svm,2025-26,22500424,2025-12-26,1610612753,1610612766,ORL,CHA,Orlando Magic,Charlotte Hornets,ORL vs. CHA,CHA @ ORL,0,last_avg_15pct_current_momentum_85pct_plus_elo,0.85,0.15,20,0.45311439024390243,0.4516476829268292,0.0014667073170732126,0.33377146341463415,0.3799560975609756,-0.04618463414634144,0.7488147560975609,0.7850789024390245,-0.03626414634146358,111.8640243902439,113.17463414634146,-1.3106097560975627,44.866219512195116,44.17926829268293,0.6869512195121885,26.061829268292684,27.192560975609755,-1.1307317073170715,13.77609756097561,16.01,-2.2339024390243925,-2.9082926829268287,-2.7264634146341464,-0.1818292682926823,-2.9082926829268287,-2.7264634146341464,-0.1818292682926823,0.5,0.4,0.09999999999999998,1538.1329104406414,1332.6973616543578,205.43554878628356
statline_pregame_svm,2025-26,22500425,2025-12-26,1610612764,1610612761,WAS,TOR,Washington Wizards,Toronto Raptors,WAS vs. TOR,TOR @ WAS,1,last_avg_15pct_current_momentum_85pct_plus_elo,0.85,0.15,20,0.45091646341463415,0.45646926829268286,-0.005552804878048712,0.32772634146341467,0.3531120731707317,-0.025385731707317005,0.7531052439024389,0.7506409756097561,0.0024642682926828696,112.08,105.62487804878049,6.45512195121951,45.14426829268292,42.46829268292682,2.675975609756101,25.269634146341463,28.67548780487805,-3.4058536585365857,13.214146341463415,16.06939024390244,-2.8552439024390246,-10.875853658536585,-4.29890243902439,-6.576951219512194,-10.875853658536585,-4.29890243902439,-6.576951219512194,0.3,0.4,-0.10000000000000003,1284.8059078400427,1481.2211080134473,-196.41520017340463
statline_pregame_svm,2025-26,22500426,2025-12-26,1610612754,1610612738,IND,BOS,Indiana Pacers,Boston Celtics,IND vs. BOS,BOS @ IND,0,last_avg_15pct_current_momentum_85pct_plus_elo,0.85,0.15,20,0.44913219512195124,0.4863082926829268,-0.03717609756097556,0.34011256097560977,0.36943597560975616,-0.029323414634146394,0.7932537804878049,0.8177842682926829,-0.024530487804877987,109.40487804878049,117.99524390243901,-8.590365853658525,40.86939024390244,43.77256097560976,-2.90317073170732,23.681585365853657,23.216951219512193,0.4646341463414636,12.349268292682925,13.084878048780487,-0.7356097560975616,-6.380243902439024,9.611463414634146,-15.991707317073171,-6.380243902439024,9.611463414634146,-15.991707317073171,0.2,0.8,-0.6000000000000001,1422.934273711072,1633.7975523467264,-210.86327863565452
statline_pregame_svm,2025-26,22500427,2025-12-26,1610612741,1610612755,CHI,PHI,Chicago Bulls,Philadelphia 76ers,CHI vs. PHI,PHI @ CHI,1,last_avg_15pct_current_momentum_85pct_plus_elo,0.85,0.15,20,0.48309280487804873,0.43084170731707316,0.05225109756097557,0.3539576829268293,0.33935207317073174,0.014605609756097537,0.7849889024390244,0.822205975609756,-0.03721707317073153,119.07573170731708,114.44646341463414,4.629268292682937,43.8530487804878,45.918902439024386,-2.0658536585365823,29.434146341463414,23.112439024390245,6.3217073170731695,15.120609756097561,13.263292682926828,1.8573170731707336,-3.3791463414634144,2.2952439024390245,-5.6743902439024385,-3.3791463414634144,2.2952439024390245,-5.6743902439024385,0.5,0.6,-0.09999999999999998,1481.1554620817285,1434.348887481411,46.80657460031739
statline_pregame_svm,2025-26,22500428,2025-12-26,1610612763,1610612749,MEM,MIL,Memphis Grizzlies,Milwaukee Bucks,MEM vs. MIL,MIL @ MEM,1,last_avg_15pct_current_momentum_85pct_plus_elo,0.85,0.15,20,0.48446658536585363,0.4813764634146342,0.0030901219512194378,0.3766990243902439,0.3749620731707317,0.0017369512195121728,0.7658635365853659,0.7643060975609756,0.001557439024390317,118.9810975609756,109.29682926829268,9.684268292682916,46.61341463414634,40.92987804878049,5.68353658536585,29.592195121951217,25.753170731707318,3.8390243902438996,16.63060975609756,15.776707317073171,0.8539024390243881,3.958048780487805,-2.263658536585366,6.221707317073171,3.958048780487805,-2.263658536585366,6.221707317073171,0.6,0.4,0.19999999999999996,1506.5646405364541,1480.4990053741637,26.06563516229039
statline_pregame_svm,2025-26,22500429,2025-12-26,1610612740,1610612756,NOP,PHX,New Orleans Pelicans,Phoenix Suns,NOP vs. PHX,PHX @ NOP,0,last_avg_15pct_current_momentum_85pct_plus_elo,0.85,0.15,20,0.48929951219512197,0.46841609756097563,0.020883414634146336,0.34880304878048785,0.3394556097560975,0.009347439024390336,0.8377174390243902,0.7800853658536585,0.05763207317073171,122.38439024390243,111.56329268292683,10.821097560975602,44.62146341463414,39.353170731707316,5.268292682926827,27.93121951219512,25.24524390243902,2.685975609756099,13.671951219512195,14.349146341463415,-0.67719512195122,-1.1590243902439026,-4.7,3.5409756097560976,-1.1590243902439026,-4.7,3.5409756097560976,0.5,0.4,0.09999999999999998,1349.4922812645352,1523.7029590752468,-174.21067781071156
statline_pregame_svm,2025-26,22500430,2025-12-26,1610612762,1610612765,UTA,DET,Utah Jazz,Detroit Pistons,UTA vs. DET,DET @ UTA,1,last_avg_15pct_current_momentum_85pct_plus_elo,0.85,0.15,20,0.4648619512195121,0.46656512195121946,-0.0017031707317073375,0.38485853658536584,0.32228402439024395,0.06257451219512189,0.7876101219512195,0.7385325609756098,0.04907756097560967,122.26853658536585,117.625,4.643536585365851,44.89219512195122,48.02341463414634,-3.1312195121951234,29.498658536585364,26.74036585365854,2.7582926829268253,13.887926829268292,14.979878048780488,-1.0919512195121968,-7.606219512195122,7.935365853658536,-15.541585365853658,-7.606219512195122,7.935365853658536,-15.541585365853658,0.4,0.8,-0.4,1356.8672596579777,1629.399427952931,-272.5321682949534
statline_pregame_svm,2025-26,22500431,2025-12-26,1610612757,1610612746,POR,LAC,Portland Trail Blazers,Los Angeles Clippers,POR vs. LAC,LAC @ POR,0,last_avg_15pct_current_momentum_85pct_plus_elo,0.85,0.15,20,0.45220743902439026,0.47485463414634144,-0.02264719512195118,0.3439760975609756,0.352900243902439,-0.008924146341463435,0.7665586585365853,0.8194362195121953,-0.052877560975609916,114.21353658536586,110.43170731707318,3.7818292682926824,43.94524390243902,41.92890243902439,2.0163414634146264,24.140731707317073,24.005609756097563,0.1351219512195101,18.03451219512195,16.08670731707317,1.9478048780487782,-4.186341463414634,-0.6612195121951221,-3.5251219512195124,-4.186341463414634,-0.6612195121951221,-3.5251219512195124,0.4,0.3,0.10000000000000003,1467.7689050088986,1477.6329670555829,-9.86406204668424
statline_pregame_svm,2025-26,22500432,2025-12-27,1610612758,1610612742,SAC,DAL,Sacramento Kings,Dallas Mavericks,SAC vs. DAL,DAL @ SAC,1,last_avg_15pct_current_momentum_85pct_plus_elo,0.85,0.15,20,0.4609041463414635,0.5065775609756097,-0.0456734146341462,0.3316808536585366,0.33605768292682925,-0.004376829268292637,0.7250042682926828,0.7720881707317073,-0.047083902439024494,112.55975609756098,118.53426829268292,-5.974512195121946,42.75426829268292,43.772317073170726,-1.0180487804878027,24.53768292682927,26.311585365853656,-1.7739024390243863,14.152560975609758,14.26048780487805,-0.10792682926829222,-7.408658536585366,-1.6242682926829266,-5.78439024390244,-7.408658536585366,-1.6242682926829266,-5.78439024390244,0.2,0.5,-0.3,1412.2847788414035,1438.496340234081,-26.211561392677368
statline_pregame_svm,2025-26,22500433,2025-12-27,1610612753,1610612743,ORL,DEN,Orlando Magic,Denver Nuggets,ORL vs. DEN,DEN @ ORL,1,last_avg_15pct_current_momentum_85pct_plus_elo,0.85,0.15,20,0.44350939024390246,0.5208139024390244,-0.07730451219512191,0.3372564634146342,0.43269963414634144,-0.09544317073170722,0.755784756097561,0.8038667073170731,-0.04808195121951209,110.1640243902439,127.08341463414632,-16.919390243902427,44.52621951219512,41.541585365853656,2.984634146341463,25.806829268292685,29.979999999999997,-4.173170731707312,13.01109756097561,12.763414634146342,0.24768292682926862,-4.608292682926829,7.553536585365853,-12.161829268292681,-4.608292682926829,7.553536585365853,-12.161829268292681,0.4,0.8,-0.4,1522.824675419434,1626.7746922800159,-103.95001686058185
statline_pregame_svm,2025-26,22500434,2025-12-27,1610612740,1610612756,NOP,PHX,New Orleans Pelicans,Phoenix Suns,NOP vs. PHX,PHX @ NOP,0,last_avg_15pct_current_momentum_85pct_plus_elo,0.85,0.15,20,0.48028951219512195,0.47071109756097557,0.009578414634146382,0.3172680487804878,0.3274706097560976,-0.010202560975609787,0.8154474390243902,0.7738803658536586,0.041567073170731605,119.49439024390243,111.22329268292683,8.271097560975605,44.28146341463414,39.43817073170732,4.843292682926823,27.59121951219512,25.755243902439023,1.8359756097560975,13.586951219512196,14.179146341463413,-0.5921951219512174,-1.1590243902439026,-3.7649999999999997,2.605975609756097,-1.1590243902439026,-3.7649999999999997,2.605975609756097,0.5,0.5,0.0,1344.1246023604597,1529.0706379793223,-184.94603561886265
statline_pregame_svm,2025-26,22500435,2025-12-27,1610612737,1610612752,ATL,NYK,Atlanta Hawks,New York Knicks,ATL vs. NYK,NYK @ ATL,0,last_avg_15pct_current_momentum_85pct_plus_elo,0.85,0.15,20,0.47581329268292694,0.4931556097560976,-0.017342317073170688,0.3615991463414634,0.390854756097561,-0.02925560975609759,0.8235275609756099,0.7762239024390244,0.04730365853658547,119.64243902439026,119.62207317073171,0.020365853658546484,41.949999999999996,46.17695121951219,-4.226951219512195,30.95780487804878,26.393170731707315,4.564634146341465,15.673658536585364,13.720243902439025,1.9534146341463394,-7.650121951219512,6.819634146341463,-14.469756097560975,-7.650121951219512,6.819634146341463,-14.469756097560975,0.2,0.8,-0.6000000000000001,1451.870195546889,1609.0116041464184,-157.14140859952954
statline_pregame_svm,2025-26,22500436,2025-12-27,1610612748,1610612754,MIA,IND,Miami Heat,Indiana Pacers,MIA vs. IND,IND @ MIA,1,last_avg_15pct_current_momentum_85pct_plus_elo,0.85,0.15,20,0.44804670731707313,0.4501521951219512,-0.00210548780487807,0.3322262195121951,0.34657256097560973,-0.014346341463414625,0.7867789024390244,0.7992037804878048,-0.012424878048780452,109.40963414634146,109.65987804878048,-0.25024390243902417,44.33353658536585,40.784390243902436,3.5491463414634126,24.61719512195122,24.53158536585366,0.08560975609756127,13.42780487804878,12.349268292682925,1.078536585365855,-5.100853658536585,-6.550243902439024,1.4493902439024389,-5.100853658536585,-6.550243902439024,1.4493902439024389,0.2,0.2,0.0,1475.3517034034453,1418.3537801573827,56.997923246062555
statline_pregame_svm,2025-26,22500437,2025-12-27,1610612741,1610612749,CHI,MIL,Chicago Bulls,Milwaukee Bucks,CHI vs. MIL,MIL @ CHI,0,last_avg_15pct_current_momentum_85pct_plus_elo,0.85,0.15,20,0.47816280487804874,0.4733014634146342,0.004861341463414548,0.34622268292682923,0.37062707317073174,-0.024404390243902507,0.7877939024390244,0.7680460975609756,0.019747804878048725,118.14073170731707,108.27682926829269,9.863902439024386,44.6180487804878,41.35487804878049,3.263170731707305,29.519146341463415,24.648170731707317,4.870975609756098,14.35560975609756,16.45670731707317,-2.10109756097561,-2.359146341463415,-5.493658536585366,3.1345121951219515,-2.359146341463415,-5.493658536585366,3.1345121951219515,0.6,0.3,0.3,1489.8163521848267,1471.2478302827801,18.56852190204654
statline_pregame_svm,2025-26,22500438,2025-12-27,1610612745,1610612739,HOU,CLE,Houston Rockets,Cleveland Cavaliers,HOU vs. CLE,CLE @ HOU,1,last_avg_15pct_current_momentum_85pct_plus_elo,0.85,0.15,20,0.49981329268292685,0.47491768292682923,0.024895609756097614,0.38922548780487803,0.3514514634146342,0.037774024390243854,0.7762575609756098,0.8334147560975609,-0.057157195121951054,117.52890243902438,121.56585365853658,-4.036951219512204,47.89951219512194,45.74036585365854,2.159146341463405,25.60121951219512,28.694634146341464,-3.0934146341463453,17.298536585365852,13.029268292682925,4.269268292682927,4.246829268292682,0.8354878048780487,3.4113414634146335,4.246829268292682,0.8354878048780487,3.4113414634146335,0.5,0.4,0.09999999999999998,1584.9932851149426,1554.323528802888,30.669756312054687
statline_pregame_svm,2025-26,22500439,2025-12-27,1610612750,1610612751,MIN,BKN,Minnesota Timberwolves,Brooklyn Nets,MIN vs. BKN,BKN @ MIN,0,last_avg_15pct_current_momentum_85pct_plus_elo,0.85,0.15,20,0.4579171951219513,0.45860292682926834,-0.000685731707317061,0.33867414634146337,0.3684880487804878,-0.02981390243902443,0.7514437804878048,0.7861287804878049,-0.03468500000000008,115.82890243902438,109.26646341463415,6.56243902439023,46.257560975609756,42.490731707317074,3.766829268292682,26.358292682926827,27.57378048780488,-1.2154878048780517,13.984512195121951,17.15060975609756,-3.166097560975608,4.0649999999999995,4.033536585365853,0.03146341463414615,4.0649999999999995,4.033536585365853,0.03146341463414615,0.7,0.6,0.09999999999999998,1608.1174821946745,1361.6481548952345,246.46932729944
statline_pregame_svm,2025-26,22500440,2025-12-27,1610612759,1610612762,SAS,UTA,San Antonio Spurs,Utah Jazz,SAS vs. UTA,UTA @ SAS,0,last_avg_15pct_current_momentum_85pct_plus_elo,0.85,0.15,20,0.48446329268292676,0.4639269512195121,0.020536341463414653,0.3747421951219512,0.3911485365853659,-0.016406341463414686,0.7569663414634147,0.8045251219512195,-0.04755878048780482,121.2140243902439,122.09853658536585,-0.8845121951219426,48.03060975609756,44.21219512195122,3.818414634146343,26.65012195121951,29.668658536585365,-3.0185365853658546,13.981707317073171,14.312926829268292,-0.3312195121951209,8.596585365853658,-8.116219512195121,16.71280487804878,8.596585365853658,-8.116219512195121,16.71280487804878,0.9,0.4,0.5,1600.6994938559492,1373.419569779639,227.27992407631018
statline_pregame_svm,2025-26,22500441,2025-12-28,1610612761,1610612744,TOR,GSW,Toronto Raptors,Golden State Warriors,TOR vs. GSW,GSW @ TOR,1,last_avg_15pct_current_momentum_85pct_plus_elo,0.85,0.15,20,0.4485642682926829,0.4526178048780488,-0.004053536585365891,0.3502220731707317,0.36054231707317075,-0.010320243902439075,0.7726559756097561,0.7913501219512196,-0.01869414634146349,105.28487804878048,114.47890243902438,-9.194024390243897,41.61829268292683,45.90670731707317,-4.288414634146342,28.08048780487805,29.184634146341462,-1.1041463414634123,15.474390243902437,15.367317073170732,0.10707317073170586,-6.33890243902439,4.490731707317074,-10.829634146341464,-6.33890243902439,4.490731707317074,-10.829634146341464,0.3,0.5,-0.2,1466.1019063108454,1548.0716367247198,-81.96973041387446
statline_pregame_svm,2025-26,22500442,2025-12-28,1610612760,1610612755,OKC,PHI,Oklahoma City Thunder,Philadelphia 76ers,OKC vs. PHI,PHI @ OKC,1,last_avg_15pct_current_momentum_85pct_plus_elo,0.85,0.15,20,0.4964609756097561,0.4255717073170732,0.07088926829268288,0.3824469512195122,0.3440270731707317,0.0384198780487805,0.8082973170731707,0.8250109756097561,-0.016713658536585463,119.56500000000001,111.72646341463414,7.838536585365873,44.28707317073171,45.918902439024386,-1.6318292682926767,25.108048780487803,22.77243902439024,2.3356097560975613,12.042926829268293,12.498292682926829,-0.4553658536585363,11.024878048780486,2.3802439024390245,8.644634146341462,11.024878048780486,2.3802439024390245,8.644634146341462,0.6,0.6,0.0,1745.145590509718,1425.687997378313,319.457593131405
statline_pregame_svm,2025-26,22500443,2025-12-28,1610612764,1610612763,WAS,MEM,Washington Wizards,Memphis Grizzlies,WAS vs. MEM,MEM @ WAS,1,last_avg_15pct_current_momentum_85pct_plus_elo,0.85,0.15,20,0.4571214634146341,0.4830215853658537,-0.0259001219512196,0.3357163414634146,0.3772940243902439,-0.041577682926829285,0.7672152439024389,0.7731735365853658,-0.005958292682926913,112.845,119.8310975609756,-6.986097560975608,45.56926829268293,45.763414634146336,-0.1941463414634086,25.014634146341464,29.592195121951217,-4.577560975609753,13.554146341463413,15.865609756097562,-2.311463414634149,-9.345853658536585,5.063048780487804,-14.40890243902439,-9.345853658536585,5.063048780487804,-14.40890243902439,0.3,0.6,-0.3,1299.9251095426446,1515.8158156278378,-215.8907060851932
statline_pregame_svm,2025-26,22500444,2025-12-28,1610612757,1610612738,POR,BOS,Portland Trail Blazers,Boston Celtics,POR vs. BOS,BOS @ POR,1,last_avg_15pct_current_momentum_85pct_plus_elo,0.85,0.15,20,0.4484674390243903,0.49242829268292687,-0.04396085365853658,0.34695109756097564,0.3832909756097561,-0.03633987804878047,0.7687686585365854,0.8154042682926829,-0.046635609756097485,112.93853658536585,119.95024390243901,-7.01170731707316,44.28524390243902,43.517560975609754,0.7676829268292664,24.140731707317073,23.811951219512192,0.328780487804881,18.03451219512195,12.659878048780488,5.37463414634146,-5.291341463414634,10.971463414634147,-16.262804878048783,-5.291341463414634,10.971463414634147,-16.262804878048783,0.4,0.8,-0.4,1458.052739279094,1638.3780459004156,-180.3253066213215
statline_pregame_svm,2025-26,22500445,2025-12-28,1610612746,1610612765,LAC,DET,Los Angeles Clippers,Detroit Pistons,LAC vs. DET,DET @ LAC,1,last_avg_15pct_current_momentum_85pct_plus_elo,0.85,0.15,20,0.4785946341463415,0.4733651219512195,0.005229512195122021,0.37160024390243895,0.34727402439024385,0.024326219512195102,0.8194362195121953,0.7302025609756098,0.08923365853658549,111.19670731707316,120.175,-8.978292682926835,40.73890243902439,46.40841463414634,-5.669512195121946,23.66560975609756,28.440365853658538,-4.774756097560978,15.661707317073171,14.469878048780487,1.1918292682926843,1.038780487804878,7.680365853658536,-6.641585365853658,1.038780487804878,7.680365853658536,-6.641585365853658,0.4,0.7,-0.29999999999999993,1487.3491327853874,1612.8471178312698,-125.49798504588239
statline_pregame_svm,2025-26,22500446,2025-12-28,1610612747,1610612758,LAL,SAC,Los Angeles Lakers,Sacramento Kings,LAL vs. SAC,SAC @ LAL,1,last_avg_15pct_current_momentum_85pct_plus_elo,0.85,0.15,20,0.47570060975609757,0.4588641463414634,0.016836463414634184,0.3460970731707317,0.34451585365853654,0.0015812195121951422,0.7470684146341463,0.7385192682926829,0.00854914634146342,112.03853658536585,113.06975609756097,-1.031219512195122,41.639024390243904,44.11426829268292,-2.4752439024390185,22.598170731707317,25.13268292682927,-2.534512195121952,14.07951219512195,14.407560975609757,-0.3280487804878067,-7.977073170731708,-6.218658536585366,-1.7584146341463418,-7.977073170731708,-6.218658536585366,-1.7584146341463418,0.4,0.3,0.10000000000000003,1582.1906039544028,1423.037780161398,159.15282379300493
statline_pregame_svm,2025-26,22500447,2025-12-29,1610612766,1610612749,CHA,MIL,Charlotte Hornets,Milwaukee Bucks,CHA vs. MIL,MIL @ CHA,0,last_avg_15pct_current_momentum_85pct_plus_elo,0.85,0.15,20,0.45368768292682926,0.4662464634146342,-0.012558780487804955,0.3894760975609756,0.3543070731707317,0.03516902439024394,0.7719889024390244,0.7827510975609755,-0.01076219512195109,114.61963414634145,107.08682926829268,7.532804878048779,45.11426829268293,42.374878048780495,2.7393902439024345,26.937560975609756,24.05317073170732,2.8843902439024376,15.754999999999999,16.03170731707317,-0.2767073170731713,-0.3464634146341463,-4.473658536585366,4.127195121951219,-0.3464634146341463,-4.473658536585366,4.127195121951219,0.5,0.4,0.09999999999999998,1348.0055966755651,1481.781767037369,-133.7761703618039
statline_pregame_svm,2025-26,22500448,2025-12-29,1610612764,1610612756,WAS,PHX,Washington Wizards,Phoenix Suns,WAS vs. PHX,PHX @ WAS,0,last_avg_15pct_current_momentum_85pct_plus_elo,0.85,0.15,20,0.4593314634146341,0.4720710975609756,-0.012739634146341494,0.33503634146341466,0.3378406097560976,-0.002804268292682932,0.787700243902439,0.7666553658536587,0.021044878048780302,114.035,112.15829268292684,1.876707317073155,45.65426829268293,41.39317073170732,4.261097560975607,25.269634146341463,26.010243902439022,-0.7406097560975589,13.894146341463413,15.029146341463415,-1.1350000000000016,-7.390853658536585,-1.47,-5.920853658536585,-7.390853658536585,-1.47,-5.920853658536585,0.4,0.6,-0.19999999999999996,1315.4460145289158,1534.1991320658544,-218.7531175369386
statline_pregame_svm,2025-26,22500449,2025-12-29,1610612751,1610612744,BKN,GSW,Brooklyn Nets,Golden State Warriors,BKN vs. GSW,GSW @ BKN,0,last_avg_15pct_current_momentum_85pct_plus_elo,0.85,0.15,20,0.46540292682926826,0.4521928048780488,0.013210121951219456,0.3594780487804878,0.35501731707317075,0.004460731707317034,0.8120537804878049,0.7992551219512196,0.012798658536585239,111.30646341463415,115.75390243902439,-4.447439024390235,43.170731707317074,45.82170731707317,-2.6509756097560953,28.338780487804875,28.75963414634146,-0.4208536585365863,16.810609756097563,15.792317073170732,1.0182926829268304,6.838536585365854,4.320731707317073,2.517804878048781,6.838536585365854,4.320731707317073,2.517804878048781,0.7,0.5,0.19999999999999996,1377.7511327232232,1535.7551791018025,-158.00404637857923
statline_pregame_svm,2025-26,22500450,2025-12-29,1610612748,1610612743,MIA,DEN,Miami Heat,Denver Nuggets,MIA vs. DEN,DEN @ MIA,1,last_avg_15pct_current_momentum_85pct_plus_elo,0.85,0.15,20,0.4580767073170732,0.5141839024390243,-0.05610719512195117,0.3398762195121951,0.4133196341463415,-0.07344341463414639,0.7874589024390244,0.8150017073170732,-0.027542804878048832,112.29963414634146,126.31841463414634,-14.018780487804875,45.01353658536585,42.47658536585365,2.536951219512197,24.957195121951216,30.319999999999997,-5.362804878048781,13.42780487804878,13.18841463414634,0.2393902439024398,-2.0408536585365855,6.1935365853658535,-8.234390243902439,-2.0408536585365855,6.1935365853658535,-8.234390243902439,0.3,0.7,-0.39999999999999997,1483.7257320295046,1613.8689603789949,-130.1432283494903
statline_pregame_svm,2025-26,22500451,2025-12-29,1610612761,1610612753,TOR,ORL,Toronto Raptors,Orlando Magic,TOR vs. ORL,ORL @ TOR,1,last_avg_15pct_current_momentum_85pct_plus_elo,0.85,0.15,20,0.4498392682926829,0.44877939024390245,0.0010598780487804382,0.3421470731707317,0.33827646341463413,0.0038706097560975428,0.779370975609756,0.755104756097561,0.024266219512194986,107.06987804878048,111.4390243902439,-4.36914634146342,42.808292682926826,43.42121951219512,-0.6129268292682966,28.16548780487805,26.231829268292685,1.9336585365853658,15.474390243902437,12.671097560975609,2.8032926829268288,-4.89390243902439,-4.3532926829268295,-0.5406097560975605,-4.89390243902439,-4.3532926829268295,-0.5406097560975605,0.4,0.5,-0.09999999999999998,1478.4183639337627,1535.730407320455,-57.31204338669227
statline_pregame_svm,2025-26,22500452,2025-12-29,1610612741,1610612750,CHI,MIN,Chicago Bulls,Minnesota Timberwolves,CHI vs. MIN,MIN @ CHI,0,last_avg_15pct_current_momentum_85pct_plus_elo,0.85,0.15,20,0.47790780487804874,0.45698219512195126,0.020925609756097474,0.35548768292682925,0.3407141463414634,0.014773536585365843,0.7835439024390244,0.7358887804878048,0.04765512195121957,118.14073170731707,114.29890243902439,3.8418292682926847,45.4680487804878,44.98256097560976,0.48548780487804066,30.199146341463415,26.10329268292683,4.0958536585365835,14.27060975609756,13.21951219512195,1.0510975609756095,-2.274146341463415,1.94,-4.214146341463415,-2.274146341463415,1.94,-4.214146341463415,0.6,0.6,0.0,1479.2824154302377,1592.0145043666857,-112.73208893644801
statline_pregame_svm,2025-26,22500453,2025-12-29,1610612745,1610612754,HOU,IND,Houston Rockets,Indiana Pacers,HOU vs. IND,IND @ HOU,1,last_avg_15pct_current_momentum_85pct_plus_elo,0.85,0.15,20,0.49658329268292684,0.4481121951219512,0.04847109756097562,0.40146548780487806,0.33399256097560975,0.06747292682926831,0.7661425609756097,0.795548780487805,-0.029406219512195242,117.18890243902439,109.31987804878048,7.869024390243908,46.96451219512195,41.379390243902435,5.585121951219513,25.85621951219512,25.04158536585366,0.8146341463414615,17.213536585365855,13.539268292682925,3.67426829268293,3.4818292682926826,-7.485243902439024,10.967073170731705,3.4818292682926826,-7.485243902439024,10.967073170731705,0.5,0.2,0.3,1594.1128243534092,1409.9797515313235,184.13307282208575
statline_pregame_svm,2025-26,22500454,2025-12-29,1610612740,1610612752,NOP,NYK,New Orleans Pelicans,New York Knicks,NOP vs. NYK,NYK @ NOP,0,last_avg_15pct_current_momentum_85pct_plus_elo,0.85,0.15,20,0.478929512195122,0.4911156097560975,-0.01218609756097555,0.3217730487804878,0.393659756097561,-0.0718867073170732,0.8149374390243902,0.7755439024390244,0.03939353658536582,119.32439024390243,120.3870731707317,-1.0626829268292681,44.28146341463414,47.11195121951219,-2.8304878048780537,26.48621951219512,26.30817073170732,0.17804878048779926,13.671951219512195,14.145243902439026,-0.47329268292683047,-1.1590243902439026,5.799634146341463,-6.958658536585365,-1.1590243902439026,5.799634146341463,-6.958658536585365,0.5,0.8,-0.30000000000000004,1338.9961082739276,1614.773813954853,-275.77770568092546
statline_pregame_svm,2025-26,22500455,2025-12-29,1610612760,1610612737,OKC,ATL,Oklahoma City Thunder,Atlanta Hawks,OKC vs. ATL,ATL @ OKC,1,last_avg_15pct_current_momentum_85pct_plus_elo,0.85,0.15,20,0.4958659756097562,0.48286829268292686,0.012997682926829346,0.3729269512195122,0.36686914634146345,0.006057804878048745,0.8100823170731708,0.8259925609756098,-0.015910243902439003,119.99000000000001,122.44743902439023,-2.4574390243902258,43.77707317073171,41.864999999999995,1.9120731707317162,25.363048780487805,32.06280487804878,-6.699756097560975,11.957926829268292,15.333658536585366,-3.3757317073170743,12.129878048780487,-5.950121951219511,18.08,12.129878048780487,-5.950121951219511,18.08,0.6,0.2,0.39999999999999997,1747.8891110498905,1446.1079857384543,301.7811253114362
statline_pregame_svm,2025-26,22500456,2025-12-29,1610612759,1610612739,SAS,CLE,San Antonio Spurs,Cleveland Cavaliers,SAS vs. CLE,CLE @ SAS,0,last_avg_15pct_current_momentum_85pct_plus_elo,0.85,0.15,20,0.4820832926829268,0.47687268292682916,0.005210609756097662,0.3649671951219512,0.35621146341463417,0.008755731707317027,0.7696313414634146,0.8130997560975609,-0.0434684146341463,121.2140243902439,120.71585365853659,0.49817073170731874,47.520609756097556,45.485365853658536,2.0352439024390208,27.500121951219512,28.694634146341464,-1.194512195121952,13.38670731707317,13.709268292682927,-0.32256097560975583,7.321585365853658,0.4104878048780487,6.91109756097561,7.321585365853658,0.4104878048780487,6.91109756097561,0.8,0.4,0.4,1584.9548277675954,1545.2039895644214,39.750838203174
statline_pregame_svm,2025-26,22500457,2025-12-29,1610612757,1610612742,POR,DAL,Portland Trail Blazers,Dallas Mavericks,POR vs. DAL,DAL @ POR,1,last_avg_15pct_current_momentum_85pct_plus_elo,0.85,0.15,20,0.45161243902439024,0.5027525609756097,-0.051140121951219475,0.34193609756097565,0.33444268292682927,0.007493414634146378,0.7431836585365854,0.7607831707317073,-0.017599512195121902,112.25853658536585,117.59926829268292,-5.340731707317076,43.77524390243903,43.857317073170734,-0.08207317073170373,24.055731707317072,25.631585365853656,-1.5758536585365839,18.62951219512195,14.770487804878048,3.8590243902439028,-5.801341463414634,-2.9842682926829265,-2.817073170731707,-5.801341463414634,-2.9842682926829265,-2.817073170731707,0.4,0.4,0.0,1472.822156385577,1427.7433389140865,45.07881747149054
statline_pregame_svm,2025-26,22500458,2025-12-30,1610612763,1610612755,MEM,PHI,Memphis Grizzlies,Philadelphia 76ers,MEM vs. PHI,PHI @ MEM,0,last_avg_15pct_current_momentum_85pct_plus_elo,0.85,0.15,20,0.4759665853658537,0.42310670731707317,0.052859878048780506,0.37176902439024384,0.3414770731707317,0.030291951219512114,0.7712185365853658,0.8338509756097561,-0.06263243902439031,119.2360975609756,110.28146341463415,8.954634146341448,45.16841463414634,44.81390243902439,0.35451219512194854,29.507195121951217,22.34743902439024,7.159756097560976,15.95060975609756,13.518292682926829,2.432317073170731,5.318048780487805,-1.3597560975609755,6.67780487804878,5.318048780487805,-1.3597560975609755,6.67780487804878,0.6,0.5,0.09999999999999998,1500.2949106415665,1422.9444768381404,77.35043380342609
statline_pregame_svm,2025-26,22500459,2025-12-30,1610612762,1610612738,UTA,BOS,Utah Jazz,Boston Celtics,UTA vs. BOS,BOS @ UTA,0,last_avg_15pct_current_momentum_85pct_plus_elo,0.85,0.15,20,0.46698695121951217,0.48197329268292677,-0.014986341463414599,0.3825635365853659,0.3807409756097561,0.0018225609756097882,0.7911801219512196,0.809624268292683,-0.018444146341463408,122.43853658536585,118.67524390243902,3.7632926829268314,44.04219512195122,43.602560975609755,0.4396341463414615,29.923658536585364,23.896951219512193,6.026707317073171,14.567926829268291,13.424878048780487,1.1430487804878044,-8.116219512195121,9.951463414634146,-18.067682926829267,-8.116219512195121,9.951463414634146,-18.067682926829267,0.4,0.7,-0.29999999999999993,1389.1642358679928,1623.6086287939327,-234.44439292593984
statline_pregame_svm,2025-26,22500460,2025-12-30,1610612747,1610612765,LAL,DET,Los Angeles Lakers,Detroit Pistons,LAL vs. DET,DET @ LAL,0,last_avg_15pct_current_momentum_85pct_plus_elo,0.85,0.15,20,0.47697560975609754,0.4746401219512195,0.0023354878048780225,0.3461820731707317,0.34004902439024387,0.006133048780487815,0.7489384146341462,0.7357275609756097,0.013210853658536581,113.48353658536584,119.325,-5.841463414634163,41.809024390243906,46.49341463414633,-4.684390243902428,23.193170731707315,27.84536585365854,-4.652195121951223,13.56951219512195,14.299878048780485,-0.7303658536585349,-4.492073170731707,6.915365853658536,-11.407439024390243,-4.492073170731707,6.915365853658536,-11.407439024390243,0.5,0.7,-0.19999999999999996,1587.9054343085052,1599.3843042479716,-11.478869939466449
statline_pregame_svm,2025-26,22500461,2025-12-30,1610612746,1610612758,LAC,SAC,Los Angeles Clippers,Sacramento Kings,LAC vs. SAC,SAC @ LAC,1,last_avg_15pct_current_momentum_85pct_plus_elo,0.85,0.15,20,0.4802096341463415,0.46481414634146345,0.015395487804878039,0.380270243902439,0.34298585365853657,0.037284390243902454,0.8335462195121951,0.7541592682926829,0.07938695121951223,110.26170731707316,113.57975609756097,-3.318048780487814,39.80390243902439,44.70926829268292,-4.90536585365853,23.240609756097562,25.387682926829267,-2.147073170731705,15.57670731707317,14.917560975609756,0.6591463414634138,3.5887804878048777,-6.048658536585366,9.637439024390243,3.5887804878048777,-6.048658536585366,9.637439024390243,0.5,0.3,0.2,1500.8119463686855,1417.3229498072956,83.48899656138997
statline_pregame_svm,2025-26,22500462,2025-12-31,1610612766,1610612744,CHA,GSW,Charlotte Hornets,Golden State Warriors,CHA vs. GSW,GSW @ CHA,0,last_avg_15pct_current_momentum_85pct_plus_elo,0.85,0.15,20,0.4562376829268292,0.4620528048780488,-0.005815121951219582,0.39457609756097567,0.3564623170731708,0.038113780487804894,0.7630639024390244,0.8055451219512195,-0.04248121951219508,115.38463414634147,117.62390243902439,-2.2392682926829224,45.369268292682925,45.56670731707317,-0.19743902439024197,27.702560975609757,28.674634146341464,-0.9720731707317078,15.754999999999999,15.877317073170731,-0.12231707317073237,0.0785365853658535,5.510731707317074,-5.432195121951221,0.0785365853658535,5.510731707317074,-5.432195121951221,0.5,0.6,-0.09999999999999998,1341.6763500111624,1541.4970406060618,-199.82069059489936
statline_pregame_svm,2025-26,22500463,2025-12-31,1610612737,1610612750,ATL,MIN,Atlanta Hawks,Minnesota Timberwolves,ATL vs. MIN,MIN @ ATL,1,last_avg_15pct_current_momentum_85pct_plus_elo,0.85,0.15,20,0.4792982926829268,0.46012719512195127,0.019171097560975514,0.36924914634146344,0.3377391463414634,0.03151000000000004,0.8062725609756097,0.7255187804878047,0.08075378048780502,122.10743902439023,116.59390243902439,5.513536585365841,41.269999999999996,45.91756097560976,-4.647560975609764,31.80780487804878,26.86829268292683,4.939512195121953,15.503658536585364,12.454512195121952,3.0491463414634126,-6.800121951219512,4.66,-11.460121951219513,-6.800121951219512,4.66,-11.460121951219513,0.2,0.6,-0.39999999999999997,1443.1145861516432,1598.8790819866522,-155.76449583500903
statline_pregame_svm,2025-26,22500464,2025-12-31,1610612754,1610612753,IND,ORL,Indiana Pacers,Orlando Magic,IND vs. ORL,ORL @ IND,0,last_avg_15pct_current_momentum_85pct_plus_elo,0.85,0.15,20,0.44505219512195127,0.44826939024390233,-0.0032171951219510664,0.33968756097560976,0.3321564634146341,0.007531097560975641,0.7870487804878048,0.763774756097561,0.02327402439024384,109.23487804878047,111.4390243902439,-2.204146341463428,40.86939024390244,44.271219512195124,-3.401829268292687,25.551585365853658,26.316829268292683,-0.7652439024390247,13.114268292682926,12.501097560975609,0.6131707317073172,-9.355243902439025,-4.523292682926829,-4.831951219512195,-9.355243902439025,-4.523292682926829,-4.831951219512195,0.1,0.4,-0.30000000000000004,1404.8333910998913,1524.0956351654359,-119.26224406554456
statline_pregame_svm,2025-26,22500465,2025-12-31,1610612739,1610612756,CLE,PHX,Cleveland Cavaliers,Phoenix Suns,CLE vs. PHX,PHX @ CLE,1,last_avg_15pct_current_momentum_85pct_plus_elo,0.85,0.15,20,0.4637826829268292,0.45855609756097565,0.0052265853658535755,0.35638146341463417,0.3369056097560975,0.019475853658536657,0.8250847560975609,0.7997203658536586,0.025364390243902357,119.27085365853657,111.30829268292683,7.962560975609733,45.400365853658535,42.923170731707316,2.477195121951219,28.43963414634146,25.16024390243902,3.2793902439024407,13.624268292682926,14.944146341463414,-1.3198780487804882,0.32548780487804874,-1.7249999999999999,2.0504878048780486,0.32548780487804874,-1.7249999999999999,2.0504878048780486,0.4,0.6,-0.19999999999999996,1556.3431444281728,1538.6212127019824,17.721931726190405
statline_pregame_svm,2025-26,22500466,2025-12-31,1610612741,1610612740,CHI,NOP,Chicago Bulls,New Orleans Pelicans,CHI vs. NOP,NOP @ CHI,1,last_avg_15pct_current_momentum_85pct_plus_elo,0.85,0.15,20,0.4751028048780488,0.47952451219512193,-0.0044217073170731425,0.35302268292682926,0.3242380487804878,0.02878463414634147,0.7860089024390244,0.8178274390243903,-0.03181853658536582,117.80073170731707,121.36439024390243,-3.563658536585365,45.1280487804878,45.471463414634144,-0.34341463414634177,30.539146341463415,26.23121951219512,4.307926829268293,14.100609756097562,13.246951219512194,0.8536585365853675,-3.974146341463415,-0.054024390243902376,-3.920121951219513,-3.974146341463415,-0.054024390243902376,-3.920121951219513,0.6,0.5,0.09999999999999998,1472.4178378102713,1335.6014013842464,136.8164364260249
statline_pregame_svm,2025-26,22500467,2025-12-31,1610612759,1610612752,SAS,NYK,San Antonio Spurs,New York Knicks,SAS vs. NYK,NYK @ SAS,1,last_avg_15pct_current_momentum_85pct_plus_elo,0.85,0.15,20,0.4764732926829269,0.48465560975609756,-0.008182317073170686,0.3545121951219512,0.389834756097561,-0.03532256097560982,0.7816163414634146,0.7808139024390244,0.0008024390243902557,119.8540243902439,119.02707317073171,0.826951219512182,48.710609756097554,46.7719512195122,1.9386585365853577,26.905121951219513,26.733170731707318,0.17195121951219505,13.72670731707317,13.805243902439024,-0.07853658536585328,7.406585365853658,3.3346341463414637,4.0719512195121945,7.406585365853658,3.3346341463414637,4.0719512195121945,0.8,0.8,0.0,1573.815672903844,1618.1685208445342,-44.35284794069025
statline_pregame_svm,2025-26,22500468,2025-12-31,1610612761,1610612743,TOR,DEN,Toronto Raptors,Denver Nuggets,TOR vs. DEN,DEN @ TOR,0,last_avg_15pct_current_momentum_85pct_plus_elo,0.85,0.15,20,0.45187926829268293,0.5141839024390243,-0.06230463414634141,0.33577207317073166,0.40677463414634146,-0.07100256097560981,0.782090975609756,0.816531707317073,-0.034440731707316985,108.85487804878048,125.38341463414633,-16.528536585365856,44.253292682926826,41.96658536585365,2.286707317073173,28.420487804878046,30.404999999999998,-1.984512195121951,14.284390243902438,13.018414634146342,1.2659756097560955,-2.6839024390243904,4.0685365853658535,-6.7524390243902435,-2.6839024390243904,4.0685365853658535,-6.7524390243902435,0.5,0.6,-0.09999999999999998,1490.053136088782,1600.2890273385792,-110.2358912497973
statline_pregame_svm,2025-26,22500469,2025-12-31,1610612749,1610612764,MIL,WAS,Milwaukee Bucks,Washington Wizards,MIL vs. WAS,WAS @ MIL,0,last_avg_15pct_current_momentum_85pct_plus_elo,0.85,0.15,20,0.4693064634146341,0.46315646341463407,0.006150000000000044,0.3692670731707317,0.34209134146341463,0.027175731707317075,0.7752710975609756,0.781070243902439,-0.00579914634146339,107.93682926829268,114.035,-6.098170731707313,41.60987804878049,46.16426829268293,-4.554390243902439,24.138170731707316,25.269634146341463,-1.1314634146341476,15.436707317073171,13.724146341463415,1.7125609756097564,-3.963658536585366,-4.755853658536585,0.7921951219512193,-3.963658536585366,-4.755853658536585,0.7921951219512193,0.4,0.4,0.0,1488.1110137017718,1311.023933892788,177.08707980898384
statline_pregame_svm,2025-26,22500470,2025-12-31,1610612760,1610612757,OKC,POR,Oklahoma City Thunder,Portland Trail Blazers,OKC vs. POR,POR @ OKC,1,last_avg_15pct_current_momentum_85pct_plus_elo,0.85,0.15,20,0.49425097560975606,0.4558624390243903,0.038388536585365785,0.3708019512195122,0.34754609756097554,0.023255853658536663,0.8124623170731706,0.7311986585365855,0.08126365853658513,120.67,113.02353658536586,7.646463414634141,44.28707317073171,43.77524390243903,0.5118292682926793,25.108048780487803,24.480731707317073,0.6273170731707296,12.637926829268293,18.28951219512195,-5.6515853658536574,11.279878048780487,-5.036341463414634,16.316219512195122,11.279878048780487,-5.036341463414634,16.316219512195122,0.6,0.5,0.09999999999999998,1750.8825106367017,1481.5319157313374,269.35059490536423
statline_pregame_svm,2025-26,22500471,2026-01-01,1610612751,1610612745,BKN,HOU,Brooklyn Nets,Houston Rockets,BKN vs. HOU,HOU @ BKN,0,last_avg_15pct_current_momentum_85pct_plus_elo,0.85,0.15,20,0.4655729268292683,0.49641329268292683,-0.030840365853658513,0.3623680487804878,0.385655487804878,-0.023287439024390233,0.8098437804878048,0.7538175609756097,0.05602621951219511,110.54146341463414,117.95390243902438,-7.412439024390238,42.405731707317074,47.81451219512195,-5.408780487804876,27.403780487804877,25.516219512195118,1.8875609756097589,17.15060975609756,16.87353658536585,0.27707317073170756,4.628536585365854,2.461829268292683,2.166707317073171,4.628536585365854,2.461829268292683,2.166707317073171,0.6,0.5,0.09999999999999998,1372.009271218964,1599.2591847848414,-227.24991356587748
statline_pregame_svm,2025-26,22500472,2026-01-01,1610612765,1610612748,DET,MIA,Detroit Pistons,Miami Heat,DET vs. MIA,MIA @ DET,0,last_avg_15pct_current_momentum_85pct_plus_elo,0.85,0.15,20,0.4890051219512195,0.4610517073170732,0.0279534146341463,0.3435340243902439,0.34922621951219507,-0.005692195121951182,0.7335175609756097,0.8009739024390242,-0.0674563414634145,119.835,115.86963414634147,3.9653658536585255,46.49341463414633,45.18353658536585,1.309878048780483,28.355365853658537,26.402195121951216,1.9531707317073206,14.809878048780487,13.00280487804878,1.807073170731707,8.275365853658537,0.08414634146341464,8.191219512195122,8.275365853658537,0.08414634146341464,8.191219512195122,0.7,0.4,0.29999999999999993,1609.0540359739225,1497.3056650699202,111.74837090400229
statline_pregame_svm,2025-26,22500473,2026-01-01,1610612742,1610612755,DAL,PHI,Dallas Mavericks,Philadelphia 76ers,DAL vs. PHI,PHI @ DAL,0,last_avg_15pct_current_momentum_85pct_plus_elo,0.85,0.15,20,0.5051325609756098,0.42310670731707317,0.0820258536585366,0.32696268292682923,0.34887207317073166,-0.021909390243902427,0.7728531707317072,0.836315975609756,-0.06346280487804878,118.53426829268292,113.68146341463415,4.852804878048772,44.36731707317074,44.30390243902439,0.06341463414634774,26.056585365853657,23.197439024390242,2.859146341463415,14.770487804878048,12.668292682926829,2.102195121951219,-1.4542682926829267,-1.1897560975609756,-0.2645121951219511,-1.4542682926829267,-1.1897560975609756,-0.2645121951219511,0.4,0.5,-0.09999999999999998,1419.033579568326,1435.1347334582115,-16.10115388988538
statline_pregame_svm,2025-26,22500474,2026-01-01,1610612758,1610612738,SAC,BOS,Sacramento Kings,Boston Celtics,SAC vs. BOS,BOS @ SAC,0,last_avg_15pct_current_momentum_85pct_plus_elo,0.85,0.15,20,0.45486914634146336,0.4790832926829268,-0.02421414634146346,0.3352508536585366,0.3696059756097561,-0.034355121951219536,0.7724342682926829,0.8107292682926829,-0.03829499999999997,110.43475609756098,117.23024390243903,-6.79548780487805,44.19926829268293,43.43256097560975,0.7667073170731769,24.87768292682927,23.216951219512193,1.6607317073170762,15.597560975609756,13.254878048780487,2.3426829268292693,-10.893658536585365,6.9764634146341455,-17.87012195121951,-10.893658536585365,6.9764634146341455,-17.87012195121951,0.2,0.7,-0.49999999999999994,1409.6807468534737,1627.7274410592406,-218.04669420576693
statline_pregame_svm,2025-26,22500475,2026-01-01,1610612746,1610612762,LAC,UTA,Los Angeles Clippers,Utah Jazz,LAC vs. UTA,UTA @ LAC,1,last_avg_15pct_current_momentum_85pct_plus_elo,0.85,0.15,20,0.48165463414634146,0.4728519512195122,0.008802682926829286,0.384945243902439,0.38460353658536583,0.0003417073170731699,0.8276812195121951,0.7970451219512195,0.030636097560975628,111.62170731707317,123.03353658536585,-11.411829268292678,38.78390243902439,44.29719512195122,-5.513292682926831,23.240609756097562,30.603658536585364,-7.3630487804878015,14.89670731707317,14.65292682926829,0.24378048780488015,5.118780487804878,-6.076219512195122,11.195,5.118780487804878,-6.076219512195122,11.195,0.5,0.4,0.09999999999999998,1508.4541493225074,1385.0454236026849,123.40872571982254
statline_pregame_svm,2025-26,22500476,2026-01-02,1610612754,1610612759,IND,SAS,Indiana Pacers,San Antonio Spurs,IND vs. SAS,SAS @ IND,0,last_avg_15pct_current_momentum_85pct_plus_elo,0.85,0.15,20,0.44479719512195115,0.4759632926829268,-0.03116609756097566,0.33484256097560977,0.3456721951219512,-0.010829634146341416,0.7771887804878049,0.7816163414634146,-0.004427560975609701,108.72487804878048,119.76902439024389,-11.044146341463403,40.699390243902435,49.135609756097566,-8.43621951219513,25.29658536585366,26.56512195121951,-1.268536585365851,13.284268292682926,13.38670731707317,-0.10243902439024488,-10.460243902439025,7.321585365853658,-17.781829268292682,-10.460243902439025,7.321585365853658,-17.781829268292682,0.0,0.8,-0.8,1398.1372764250118,1585.0853608091127,-186.94808438410087
statline_pregame_svm,2025-26,22500477,2026-01-02,1610612764,1610612751,WAS,BKN,Washington Wizards,Brooklyn Nets,WAS vs. BKN,BKN @ WAS,1,last_avg_15pct_current_momentum_85pct_plus_elo,0.85,0.15,20,0.4566114634146341,0.46217292682926825,-0.005561463414634149,0.34549134146341465,0.3555680487804878,-0.010076707317073164,0.760245243902439,0.7913137804878049,-0.031068536585365902,113.86500000000001,109.09646341463414,4.768536585365865,47.69426829268293,41.130731707317075,6.563536585365853,25.439634146341465,26.383780487804877,-0.9441463414634121,12.874146341463414,16.47060975609756,-3.5964634146341456,-3.395853658536585,1.7385365853658534,-5.1343902439024385,-3.395853658536585,1.7385365853658534,-5.1343902439024385,0.5,0.5,0.0,1325.7210292969849,1367.7533585616777,-42.03232926469286
statline_pregame_svm,2025-26,22500478,2026-01-02,1610612739,1610612743,CLE,DEN,Cleveland Cavaliers,Denver Nuggets,CLE vs. DEN,DEN @ CLE,1,last_avg_15pct_current_momentum_85pct_plus_elo,0.85,0.15,20,0.47687268292682927,0.5062789024390244,-0.02940621951219513,0.3697264634146341,0.4002296341463415,-0.030503170731707385,0.8238097560975609,0.8247767073170731,-0.0009669512195121799,122.24585365853659,124.61841463414633,-2.372560975609744,44.80536585365854,42.98658536585366,1.8187804878048865,29.799634146341464,29.384999999999998,0.41463414634146645,13.879268292682926,13.103414634146342,0.775853658536585,2.1104878048780487,3.5585365853658537,-1.448048780487805,2.1104878048780487,3.5585365853658537,-1.448048780487805,0.5,0.6,-0.09999999999999998,1565.8335081440466,1607.2185333261298,-41.385025182083155
statline_pregame_svm,2025-26,22500479,2026-01-02,1610612752,1610612737,NYK,ATL,New York Knicks,Atlanta Hawks,NYK vs. ATL,ATL @ NYK,0,last_avg_15pct_current_momentum_85pct_plus_elo,0.85,0.15,20,0.48890560975609754,0.47581329268292694,0.0130923170731706,0.399099756097561,0.3733291463414634,0.025770609756097573,0.7850639024390244,0.7637725609756097,0.021291341463414604,121.23707317073172,121.68243902439025,-0.44536585365852943,45.75195121951219,41.61,4.141951219512194,27.413170731707318,31.97780487804878,-4.5646341463414615,13.720243902439025,15.078658536585365,-1.3584146341463406,2.6546341463414636,-6.035121951219512,8.689756097560975,2.6546341463414636,-6.035121951219512,8.689756097560975,0.7,0.2,0.49999999999999994,1606.8988329392655,1457.3198083121824,149.57902462708307
statline_pregame_svm,2025-26,22500480,2026-01-02,1610612741,1610612753,CHI,ORL,Chicago Bulls,Orlando Magic,CHI vs. ORL,ORL @ CHI,1,last_avg_15pct_current_momentum_85pct_plus_elo,0.85,0.15,20,0.4879378048780488,0.4563443902439024,0.03159341463414639,0.3593126829268293,0.3200014634146341,0.039311219512195184,0.7769139024390244,0.776864756097561,4.91463414633575e-05,121.45573170731707,112.4590243902439,8.996707317073174,46.063048780487804,44.35621951219512,1.7068292682926867,31.304146341463415,26.741829268292683,4.562317073170732,13.59060975609756,13.09609756097561,0.4945121951219509,0.1058536585365854,-3.843292682926829,3.9491463414634143,0.1058536585365854,-3.843292682926829,3.9491463414634143,0.7,0.5,0.19999999999999996,1478.6716138507668,1530.7917498403153,-52.120135989548544
statline_pregame_svm,2025-26,22500481,2026-01-02,1610612749,1610612766,MIL,CHA,Milwaukee Bucks,Charlotte Hornets,MIL vs. CHA,CHA @ MIL,1,last_avg_15pct_current_momentum_85pct_plus_elo,0.85,0.15,20,0.4693064634146342,0.45759768292682923,0.011708780487804993,0.3748770731707317,0.3978910975609756,-0.023014024390243915,0.7702560975609756,0.7662939024390244,0.003962195121951173,108.95682926829268,116.57463414634145,-7.617804878048773,42.54487804878049,44.51926829268292,-1.974390243902434,23.968170731707318,28.467560975609757,-4.49939024390244,15.181707317073169,14.989999999999998,0.19170731707317046,-2.7736585365853657,-2.6414634146341465,-0.13219512195121919,-2.7736585365853657,-2.6414634146341465,-0.13219512195121919,0.4,0.4,0.0,1473.4139182975748,1336.8675193970726,136.54639890050225
statline_pregame_svm,2025-26,22500482,2026-01-02,1610612740,1610612757,NOP,POR,New Orleans Pelicans,Portland Trail Blazers,NOP vs. POR,POR @ NOP,0,last_avg_15pct_current_momentum_85pct_plus_elo,0.85,0.15,20,0.46668951219512195,0.4552674390243902,0.011422073170731739,0.3282330487804878,0.35188109756097563,-0.023648048780487818,0.8118774390243902,0.7254186585365854,0.08645878048780486,120.17439024390244,112.93853658536585,7.235853658536584,46.57646341463415,44.625243902439024,1.9512195121951237,25.38121951219512,24.395731707317072,0.9854878048780478,13.331951219512195,18.20451219512195,-4.872560975609755,-1.1590243902439026,-5.546341463414634,4.387317073170731,-1.1590243902439026,-5.546341463414634,4.387317073170731,0.5,0.5,0.0,1329.347625343751,1478.031653680484,-148.68402833673304
statline_pregame_svm,2025-26,22500483,2026-01-02,1610612756,1610612758,PHX,SAC,Phoenix Suns,Sacramento Kings,PHX vs. SAC,SAC @ PHX,1,last_avg_15pct_current_momentum_85pct_plus_elo,0.85,0.15,20,0.45940609756097556,0.45529414634146337,0.004111951219512189,0.3605356097560975,0.3365258536585366,0.024009756097560897,0.8070303658536585,0.7925792682926829,0.014451097560975623,112.58329268292684,110.51975609756097,2.063536585365867,44.45317073170732,42.58426829268292,1.8689024390243958,25.925243902439025,24.962682926829267,0.9625609756097582,15.029146341463415,14.747560975609757,0.28158536585365823,-1.47,-11.148658536585364,9.678658536585363,-1.47,-11.148658536585364,9.678658536585363,0.6,0.2,0.39999999999999997,1529.1308489861085,1405.2446439232333,123.8862050628752
statline_pregame_svm,2025-26,22500484,2026-01-02,1610612744,1610612760,GSW,OKC,Golden State Warriors,Oklahoma City Thunder,GSW vs. OKC,OKC @ GSW,0,last_avg_15pct_current_momentum_85pct_plus_elo,0.85,0.15,20,0.47650280487804875,0.486515975609756,-0.010013170731707266,0.36657731707317076,0.35609695121951224,0.010480365853658524,0.8115801219512195,0.8400873170731707,-0.028507195121951212,120.4289024390244,120.075,0.3539024390243952,44.80170731707317,44.03207317073171,0.7696341463414669,29.524634146341462,24.853048780487804,4.671585365853659,16.30231707317073,12.722926829268292,3.579390243902438,5.680731707317073,11.194878048780488,-5.514146341463415,5.680731707317073,11.194878048780488,-5.514146341463415,0.6,0.6,0.0,1546.3058712201516,1754.3827726875552,-208.07690146740356
statline_pregame_svm,2025-26,22500485,2026-01-02,1610612747,1610612763,LAL,MEM,Los Angeles Lakers,Memphis Grizzlies,LAL vs. MEM,MEM @ LAL,1,last_avg_15pct_current_momentum_85pct_plus_elo,0.85,0.15,20,0.4728106097560975,0.4773265853658536,-0.004515975609756084,0.3345370731707317,0.3736390243902439,-0.039101951219512154,0.7345734146341463,0.7850735365853658,-0.050500121951219556,112.03853658536585,121.7010975609756,-9.66256097560975,41.38402439024391,45.93341463414634,-4.54939024390243,23.363170731707317,29.507195121951217,-6.144024390243899,14.41951219512195,16.29060975609756,-1.8710975609756098,-6.617073170731707,4.298048780487805,-10.915121951219511,-6.617073170731707,4.298048780487805,-10.915121951219511,0.4,0.5,-0.09999999999999998,1578.2357025825543,1488.1046540214954,90.13104856105883
statline_pregame_svm,2025-26,22500486,2026-01-03,1610612748,1610612750,MIA,MIN,Miami Heat,Minnesota Timberwolves,MIA vs. MIN,MIN @ MIA,0,last_avg_15pct_current_momentum_85pct_plus_elo,0.85,0.15,20,0.45697170731707315,0.4563021951219512,0.0006695121951219574,0.3550912195121951,0.34521914634146345,0.009872073170731632,0.8243489024390243,0.7324887804878047,0.09186012195121951,116.46463414634147,116.33890243902438,0.12573170731708672,45.86353658536585,45.91756097560976,-0.05402439024391015,26.572195121951218,26.52829268292683,0.043902439024389395,13.597804878048779,12.53951219512195,1.0582926829268278,1.9541463414634148,2.875,-0.9208536585365852,1.9541463414634148,2.875,-0.9208536585365852,0.5,0.6,-0.09999999999999998,1510.4155346348296,1584.673859826113,-74.25832519128335
statline_pregame_svm,2025-26,22500487,2026-01-03,1610612752,1610612755,NYK,PHI,New York Knicks,Philadelphia 76ers,NYK vs. PHI,PHI @ NYK,0,last_avg_15pct_current_momentum_85pct_plus_elo,0.85,0.15,20,0.47581560975609766,0.42990670731707314,0.04590890243902451,0.37844475609756095,0.3459820731707317,0.032462682926829245,0.8063139024390243,0.8295159756097561,-0.023202073170731752,119.70707317073172,114.27646341463414,5.4306097560975815,46.0919512195122,44.38890243902439,1.703048780487805,28.093170731707318,22.942439024390243,5.150731707317075,13.805243902439024,12.413292682926828,1.3919512195121957,0.2746341463414634,-1.1897560975609756,1.464390243902439,0.2746341463414634,-1.1897560975609756,1.464390243902439,0.6,0.5,0.09999999999999998,1592.841249653956,1444.671636474031,148.16961317992514
statline_pregame_svm,2025-26,22500488,2026-01-03,1610612761,1610612737,TOR,ATL,Toronto Raptors,Atlanta Hawks,TOR vs. ATL,ATL @ TOR,1,last_avg_15pct_current_momentum_85pct_plus_elo,0.85,0.15,20,0.4417642682926829,0.47734329268292675,-0.03557902439024385,0.3237020731707317,0.3756241463414634,-0.05192207317073172,0.7780959756097561,0.7434575609756098,0.0346384146341463,108.00487804878048,121.34243902439025,-13.337560975609762,44.933292682926826,42.629999999999995,2.3032926829268305,28.845487804878047,32.23280487804878,-3.3873170731707347,13.859390243902437,14.483658536585367,-0.6242682926829293,-2.25890243902439,-2.720121951219512,0.4612195121951217,-2.25890243902439,-2.720121951219512,0.4612195121951217,0.5,0.3,0.2,1483.1236301012314,1471.3773915974919,11.746238503739505
statline_pregame_svm,2025-26,22500489,2026-01-03,1610612741,1610612766,CHI,CHA,Chicago Bulls,Charlotte Hornets,CHI vs. CHA,CHA @ CHI,0,last_avg_15pct_current_momentum_85pct_plus_elo,0.85,0.15,20,0.4834328048780487,0.4610826829268293,0.02235012195121938,0.35795268292682925,0.4103010975609756,-0.052348414634146356,0.7859239024390244,0.7713089024390244,0.014615000000000045,120.77573170731706,117.84963414634146,2.926097560975606,46.3180487804878,43.83926829268293,2.478780487804869,31.474146341463413,28.722560975609756,2.751585365853657,13.675609756097561,14.989999999999998,-1.3143902439024373,0.44585365853658543,-1.9614634146341463,2.4073170731707316,0.44585365853658543,-1.9614634146341463,2.4073170731707316,0.7,0.4,0.29999999999999993,1490.1605992276247,1330.6070598874753,159.55353934014943
statline_pregame_svm,2025-26,22500490,2026-01-03,1610612759,1610612757,SAS,POR,San Antonio Spurs,Portland Trail Blazers,SAS vs. POR,POR @ SAS,0,last_avg_15pct_current_momentum_85pct_plus_elo,0.85,0.15,20,0.47162829268292683,0.4556924390243903,0.01593585365853656,0.3317321951219512,0.3559610975609756,-0.024228902439024425,0.7799163414634147,0.7316236585365854,0.04829268292682931,119.0040243902439,113.10853658536584,5.895487804878059,49.05060975609756,45.05024390243902,4.000365853658536,26.395121951219508,24.395731707317072,1.999390243902436,13.471707317073172,17.694512195121952,-4.22280487804878,7.066585365853659,-2.486341463414634,9.552926829268294,7.066585365853659,-2.486341463414634,9.552926829268294,0.8,0.6,0.20000000000000007,1590.1700297920784,1483.9956117950067,106.17441799707171
statline_pregame_svm,2025-26,22500491,2026-01-03,1610612742,1610612745,DAL,HOU,Dallas Mavericks,Houston Rockets,DAL vs. HOU,HOU @ DAL,1,last_avg_15pct_current_momentum_85pct_plus_elo,0.85,0.15,20,0.4922975609756097,0.5021082926829268,-0.009810731707317055,0.31387268292682924,0.391520487804878,-0.07764780487804879,0.7771031707317073,0.7480375609756098,0.02906560975609751,117.34426829268293,118.88890243902439,-1.5446341463414655,45.04731707317073,48.49451219512195,-3.447195121951218,26.141585365853658,26.02621951219512,0.11536585365853824,14.770487804878048,16.363536585365853,-1.5930487804878055,-3.8342682926829266,5.606829268292683,-9.44109756097561,-3.8342682926829266,5.606829268292683,-9.44109756097561,0.3,0.6,-0.3,1409.4966765525066,1603.5150974421276,-194.01842088962098
statline_pregame_svm,2025-26,22500492,2026-01-03,1610612744,1610612762,GSW,UTA,Golden State Warriors,Utah Jazz,GSW vs. UTA,UTA @ GSW,1,last_avg_15pct_current_momentum_85pct_plus_elo,0.85,0.15,20,0.46426280487804883,0.4720869512195123,-0.007824146341463445,0.35187231707317074,0.37516853658536586,-0.023296219512195127,0.8162551219512195,0.7984901219512195,0.01776500000000003,117.9639024390244,123.03353658536585,-5.069634146341457,44.12170731707317,44.12719512195122,-0.005487804878050895,29.184634146341462,30.178658536585363,-0.9940243902439008,16.30231707317073,14.737926829268293,1.5643902439024373,-0.18426829268292694,-4.9712195121951215,4.786951219512194,-0.18426829268292694,-4.9712195121951215,4.786951219512194,0.5,0.4,0.09999999999999998,1541.668488350104,1378.4552043576157,163.2132839924884
statline_pregame_svm,2025-26,22500493,2026-01-03,1610612746,1610612738,LAC,BOS,Los Angeles Clippers,Boston Celtics,LAC vs. BOS,BOS @ LAC,0,last_avg_15pct_current_momentum_85pct_plus_elo,0.85,0.15,20,0.4825896341463415,0.4755132926829268,0.0070763414634146815,0.384605243902439,0.3595759756097561,0.02502926829268287,0.8295512195121951,0.8107292682926829,0.018821951219512245,113.32170731707316,116.72024390243902,-3.3985365853658607,39.63390243902439,43.602560975609755,-3.968658536585366,23.07060975609756,22.706951219512195,0.3636585365853655,14.55670731707317,12.999878048780486,1.5568292682926845,7.3287804878048775,6.381463414634147,0.9473170731707308,7.3287804878048775,6.381463414634147,0.9473170731707308,0.6,0.7,-0.09999999999999998,1515.0443685675766,1632.163543989481,-117.1191754219044
statline_pregame_svm,2025-26,22500494,2026-01-04,1610612739,1610612765,CLE,DET,Cleveland Cavaliers,Detroit Pistons,CLE vs. DET,DET @ CLE,0,last_avg_15pct_current_momentum_85pct_plus_elo,0.85,0.15,20,0.4834176829268293,0.48688012195121955,-0.0034624390243902514,0.3805214634146341,0.34106902439024395,0.03945243902439016,0.795079756097561,0.7444825609756097,0.050597195121951266,120.80085365853657,118.81500000000001,1.9858536585365556,45.400365853658535,45.388414634146336,0.011951219512198463,30.139634146341464,27.84536585365854,2.2942682926829256,14.729268292682926,15.234878048780487,-0.5056097560975612,2.1954878048780486,6.745365853658536,-4.549878048780488,2.1954878048780486,6.745365853658536,-4.549878048780488,0.5,0.6,-0.09999999999999998,1577.0190631164958,1595.9441664090132,-18.925103292517406
statline_pregame_svm,2025-26,22500495,2026-01-04,1610612753,1610612754,ORL,IND,Orlando Magic,Indiana Pacers,ORL vs. IND,IND @ ORL,1,last_avg_15pct_current_momentum_85pct_plus_elo,0.85,0.15,20,0.4558343902439025,0.4546571951219512,0.0011771951219513022,0.31736646341463415,0.33977256097560976,-0.022406097560975613,0.7591847560975609,0.7793137804878049,-0.020129024390244,112.2040243902439,109.40487804878049,2.7991463414634126,43.42121951219512,40.10439024390244,3.316829268292686,26.57182926829268,25.29658536585366,1.2752439024390227,12.58609756097561,13.879268292682926,-1.293170731707317,-5.203292682926829,-10.460243902439025,5.256951219512196,-5.203292682926829,-10.460243902439025,5.256951219512196,0.4,0.0,0.4,1519.3027644634574,1393.052607442046,126.25015702141127
statline_pregame_svm,2025-26,22500496,2026-01-04,1610612751,1610612743,BKN,DEN,Brooklyn Nets,Denver Nuggets,BKN vs. DEN,DEN @ BKN,1,last_avg_15pct_current_momentum_85pct_plus_elo,0.85,0.15,20,0.4594529268292683,0.49225390243902434,-0.03280097560975603,0.3508930487804878,0.39580963414634146,-0.044916585365853634,0.8023637804878049,0.8380367073170731,-0.03567292682926826,108.16146341463414,122.23841463414634,-14.076951219512196,40.19573170731707,41.79658536585366,-1.600853658536586,26.213780487804875,28.619999999999997,-2.406219512195122,16.30060975609756,12.84841463414634,3.4521951219512204,1.1435365853658537,0.4985365853658536,0.645,1.1435365853658537,0.4985365853658536,0.645,0.5,0.5,0.0,1356.5494386227754,1596.0329783536806,-239.48353973090525
statline_pregame_svm,2025-26,22500497,2026-01-04,1610612748,1610612740,MIA,NOP,Miami Heat,New Orleans Pelicans,MIA vs. NOP,NOP @ MIA,1,last_avg_15pct_current_momentum_85pct_plus_elo,0.85,0.15,20,0.4585867073170732,0.460824512195122,-0.0022378048780488102,0.3666512195121951,0.3190530487804878,0.0475981707317073,0.8262189024390243,0.7982774390243902,0.027941463414634105,117.05963414634147,117.28439024390242,-0.22475609756095594,45.693536585365855,45.30146341463414,0.3920731707317131,26.74219512195122,24.19121951219512,2.550975609756101,14.532804878048779,13.756951219512194,0.775853658536585,1.8691463414634146,-4.219024390243902,6.088170731707317,1.8691463414634146,-4.219024390243902,6.088170731707317,0.5,0.4,0.09999999999999998,1502.520899413219,1323.3836672292282,179.13723218399082
statline_pregame_svm,2025-26,22500498,2026-01-04,1610612764,1610612750,WAS,MIN,Washington Wizards,Minnesota Timberwolves,WAS vs. MIN,MIN @ WAS,0,last_avg_15pct_current_momentum_85pct_plus_elo,0.85,0.15,20,0.45856646341463414,0.45647219512195125,0.002094268292682888,0.3467663414634147,0.3396091463414634,0.0071571951219512875,0.765515243902439,0.7465987804878049,0.018916463414634044,113.27,116.16890243902438,-2.8989024390243827,47.86426829268293,45.57756097560976,2.286707317073173,25.014634146341464,26.18829268292683,-1.1736585365853642,13.129146341463414,12.794512195121952,0.3346341463414628,-1.3558536585365852,3.13,-4.485853658536585,-1.3558536585365852,3.13,-4.485853658536585,0.6,0.6,0.0,1336.9249492358872,1592.5684950477234,-255.64354581183625
statline_pregame_svm,2025-26,22500499,2026-01-04,1610612756,1610612760,PHX,OKC,Phoenix Suns,Oklahoma City Thunder,PHX vs. OKC,OKC @ PHX,1,last_avg_15pct_current_momentum_85pct_plus_elo,0.85,0.15,20,0.46850109756097563,0.4806509756097561,-0.012149878048780482,0.35152560975609753,0.3451319512195122,0.006393658536585356,0.8173153658536586,0.8466323170731708,-0.029316951219512166,114.36829268292684,119.48,-5.111707317073169,44.36817073170732,44.71207317073171,-0.3439024390243901,25.670243902439022,25.0230487804878,0.6471951219512206,15.284146341463414,12.637926829268293,2.6462195121951204,0.5700000000000001,10.174878048780487,-9.604878048780487,0.5700000000000001,10.174878048780487,-9.604878048780487,0.6,0.6,0.0,1535.7089288068657,1759.0201555576027,-223.31122675073698
statline_pregame_svm,2025-26,22500500,2026-01-04,1610612758,1610612749,SAC,MIL,Sacramento Kings,Milwaukee Bucks,SAC vs. MIL,MIL @ SAC,0,last_avg_15pct_current_momentum_85pct_plus_elo,0.85,0.15,20,0.45223414634146336,0.47585146341463413,-0.023617317073170774,0.34230585365853655,0.3758120731707317,-0.03350621951219512,0.7918992682926829,0.7873410975609757,0.004558170731707167,110.26475609756098,109.80682926829267,0.4579268292683025,42.924268292682925,42.54487804878049,0.37939024390243503,24.87768292682927,24.563170731707316,0.31451219512195294,15.172560975609755,15.096707317073172,0.07585365853658388,-10.808658536585366,-1.668658536585366,-9.14,-10.808658536585366,-1.668658536585366,-9.14,0.2,0.5,-0.3,1398.666564102476,1479.674377807172,-81.00781370469599
statline_pregame_svm,2025-26,22500501,2026-01-04,1610612747,1610612763,LAL,MEM,Los Angeles Lakers,Memphis Grizzlies,LAL vs. MEM,MEM @ LAL,1,last_avg_15pct_current_momentum_85pct_plus_elo,0.85,0.15,20,0.4859856097560976,0.47987658536585365,0.006109024390243967,0.3297770731707317,0.3776340243902439,-0.04785695121951222,0.7353384146341463,0.7772535365853658,-0.04191512195121949,113.99353658536586,121.87109756097561,-7.877560975609754,41.9790243902439,44.48841463414634,-2.5093902439024376,24.298170731707316,29.84719512195122,-5.549024390243904,14.92951219512195,15.61060975609756,-0.6810975609756103,-4.2370731707317075,1.7480487804878049,-5.985121951219512,-4.2370731707317075,1.7480487804878049,-5.985121951219512,0.5,0.4,0.09999999999999998,1585.6981916007671,1480.6421650032826,105.05602659748456
statline_pregame_svm,2025-26,22500502,2026-01-05,1610612765,1610612752,DET,NYK,Detroit Pistons,New York Knicks,DET vs. NYK,NYK @ DET,1,last_avg_15pct_current_momentum_85pct_plus_elo,0.85,0.15,20,0.47234512195121947,0.46051560975609757,0.011829512195121905,0.3377540243902439,0.38269475609756104,-0.04494073170731716,0.7591025609756098,0.8149839024390243,-0.0558813414634145,116.435,118.6020731707317,-2.1670731707316975,45.81341463414634,46.34695121951219,-0.5335365853658516,27.080365853658535,27.668170731707313,-0.5878048780487788,15.489878048780486,14.145243902439026,1.3446341463414608,4.790365853658536,-1.6803658536585364,6.470731707317073,4.790365853658536,-1.6803658536585364,6.470731707317073,0.6,0.5,0.09999999999999998,1605.3999962406788,1578.8176093760117,26.582386864667114
statline_pregame_svm,2025-26,22500503,2026-01-05,1610612738,1610612741,BOS,CHI,Boston Celtics,Chicago Bulls,BOS vs. CHI,CHI @ BOS,1,last_avg_15pct_current_momentum_85pct_plus_elo,0.85,0.15,20,0.48180329268292676,0.48640780487804874,-0.004604512195121979,0.3634009756097561,0.35820768292682925,0.005193292682926842,0.803334268292683,0.7716439024390244,0.031690365853658586,118.84524390243902,120.35073170731707,-1.5054878048780438,44.02756097560975,46.3180487804878,-2.2904878048780475,23.216951219512193,31.984146341463415,-8.767195121951222,12.574878048780487,13.50560975609756,-0.9307317073170722,8.336463414634146,0.19085365853658537,8.14560975609756,8.336463414634146,0.19085365853658537,8.14560975609756,0.7,0.7,0.0,1638.9147196015977,1475.8660185798879,163.0487010217098
statline_pregame_svm,2025-26,22500504,2026-01-05,1610612761,1610612737,TOR,ATL,Toronto Raptors,Atlanta Hawks,TOR vs. ATL,ATL @ TOR,1,last_avg_15pct_current_momentum_85pct_plus_elo,0.85,0.15,20,0.4502642682926829,0.4797232926829269,-0.029459024390244004,0.3320320731707317,0.3689091463414634,-0.03687707317073169,0.7998559756097561,0.7461775609756097,0.053678414634146354,110.80987804878048,121.08743902439025,-10.277560975609774,45.86829268292683,40.845,5.023292682926829,28.845487804878047,32.14780487804878,-3.302317073170734,13.859390243902437,14.398658536585364,-0.5392682926829266,0.5460975609756097,-4.420121951219512,4.966219512195122,0.5460975609756097,-4.420121951219512,4.966219512195122,0.6,0.2,0.39999999999999997,1492.7856749322027,1461.7153467665205,31.070328165682213
statline_pregame_svm,2025-26,22500505,2026-01-05,1610612745,1610612756,HOU,PHX,Houston Rockets,Phoenix Suns,HOU vs. PHX,PHX @ HOU,1,last_avg_15pct_current_momentum_85pct_plus_elo,0.85,0.15,20,0.4957332926829268,0.47275109756097555,0.022982195121951265,0.38225548780487806,0.3576456097560975,0.024609878048780565,0.7471875609756097,0.8097503658536586,-0.06256280487804888,117.95390243902438,115.98329268292683,1.970609756097545,48.49451219512195,45.38817073170732,3.10634146341463,25.85621951219512,25.415243902439023,0.44097560975609795,15.513536585365854,14.859146341463415,0.6543902439024389,4.926829268292683,4.99,-0.06317073170731735,4.926829268292683,4.99,-0.06317073170731735,0.5,0.7,-0.19999999999999996,1588.4469818650198,1551.3765611500467,37.070420714973125
statline_pregame_svm,2025-26,22500506,2026-01-05,1610612760,1610612766,OKC,CHA,Oklahoma City Thunder,Charlotte Hornets,OKC vs. CHA,CHA @ OKC,0,last_avg_15pct_current_momentum_85pct_plus_elo,0.85,0.15,20,0.4860059756097561,0.45283768292682924,0.03316829268292687,0.3510819512195122,0.4046910975609756,-0.05360914634146341,0.8471423170731708,0.7735189024390243,0.07362341463414646,119.14,116.65963414634146,2.4803658536585402,42.84207317073171,45.53926829268293,-2.697195121951218,25.0230487804878,28.127560975609757,-3.1045121951219556,12.127926829268292,15.245,-3.1170731707317074,10.089878048780488,-0.6014634146341463,10.691341463414634,10.089878048780488,-0.6014634146341463,10.691341463414634,0.6,0.5,0.09999999999999998,1743.3525232144218,1344.9016405352122,398.4508826792096
statline_pregame_svm,2025-26,22500507,2026-01-05,1610612755,1610612743,PHI,DEN,Philadelphia 76ers,Denver Nuggets,PHI vs. DEN,DEN @ PHI,0,last_avg_15pct_current_momentum_85pct_plus_elo,0.85,0.15,20,0.44614170731707314,0.4902139024390244,-0.04407219512195126,0.3554170731707317,0.3884996341463414,-0.03308256097560974,0.809710975609756,0.8353167073170731,-0.02560573170731706,116.14646341463414,121.13341463414633,-4.986951219512193,43.793902439024386,41.371585365853655,2.4223170731707313,23.282439024390243,29.044999999999998,-5.762560975609755,13.093292682926828,12.763414634146342,0.3298780487804862,0.08524390243902447,-0.7764634146341465,0.8617073170731709,0.08524390243902447,-0.7764634146341465,0.8617073170731709,0.6,0.4,0.19999999999999996,1458.6952767519754,1580.0577276494698,-121.36245089749445
statline_pregame_svm,2025-26,22500508,2026-01-05,1610612746,1610612744,LAC,GSW,Los Angeles Clippers,Golden State Warriors,LAC vs. GSW,GSW @ LAC,1,last_avg_15pct_current_momentum_85pct_plus_elo,0.85,0.15,20,0.4850546341463415,0.4673228048780488,0.017731829268292698,0.39183024390243903,0.3600323170731708,0.03179792682926824,0.851736219512195,0.8143001219512196,0.037436097560975434,114.08670731707318,118.21890243902439,-4.132195121951213,39.20890243902439,44.37670731707317,-5.167804878048777,23.920609756097562,29.60963414634146,-5.6890243902438975,14.471707317073172,16.47231707317073,-2.000609756097557,4.9487804878048784,1.1757317073170732,3.7730487804878052,4.9487804878048784,1.1757317073170732,3.7730487804878052,0.6,0.6,0.0,1508.29319295546,1547.288389358144,-38.99519640268409
statline_pregame_svm,2025-26,22500509,2026-01-05,1610612757,1610612762,POR,UTA,Portland Trail Blazers,Utah Jazz,POR vs. UTA,UTA @ POR,1,last_avg_15pct_current_momentum_85pct_plus_elo,0.85,0.15,20,0.4500824390243902,0.47727195121951216,-0.027189512195121945,0.34822609756097567,0.3759335365853659,-0.027707439024390212,0.7057836585365855,0.7956851219512194,-0.0899014634146339,111.32353658536584,121.67353658536585,-10.350000000000009,45.73024390243903,42.342195121951214,3.3880487804878143,23.88573170731707,30.093658536585362,-6.207926829268292,17.099512195121953,14.907926829268291,2.191585365853662,-2.486341463414634,-6.076219512195122,3.5898780487804878,-2.486341463414634,-6.076219512195122,3.5898780487804878,0.6,0.3,0.3,1496.9598517878665,1372.8353033495757,124.12454843829073
statline_pregame_svm,2025-26,22500510,2026-01-06,1610612754,1610612739,IND,CLE,Indiana Pacers,Cleveland Cavaliers,IND vs. CLE,CLE @ IND,0,last_avg_15pct_current_momentum_85pct_plus_elo,0.85,0.15,20,0.47021219512195117,0.48664768292682925,-0.01643548780487808,0.3554975609756098,0.38196646341463414,-0.026468902439024333,0.7752337804878048,0.801369756097561,-0.026135975609756223,112.63487804878048,120.71585365853659,-8.08097560975611,40.10439024390244,45.23036585365854,-5.125975609756104,26.826585365853656,29.799634146341464,-2.973048780487808,14.134268292682927,14.984268292682927,-0.8499999999999996,-9.525243902439025,2.5354878048780485,-12.060731707317073,-9.525243902439025,2.5354878048780485,-12.060731707317073,0.0,0.5,-0.5,1386.5344599939212,1567.5632332848302,-181.02877329090893
statline_pregame_svm,2025-26,22500511,2026-01-06,1610612764,1610612753,WAS,ORL,Washington Wizards,Orlando Magic,WAS vs. ORL,ORL @ WAS,1,last_avg_15pct_current_momentum_85pct_plus_elo,0.85,0.15,20,0.46094646341463413,0.46399439024390243,-0.0030479268292682993,0.34472634146341463,0.3308814634146342,0.013844878048780429,0.7893152439024389,0.7664097560975609,0.022905487804878,113.86500000000001,113.47902439024391,0.3859756097561018,46.079268292682926,42.99621951219512,3.0830487804878075,25.184634146341462,27.081829268292683,-1.8971951219512206,13.809146341463414,11.991097560975609,1.8180487804878052,-5.180853658536585,-3.5032926829268285,-1.6775609756097567,-5.180853658536585,-3.5032926829268285,-1.6775609756097567,0.5,0.5,0.0,1333.1909660893532,1525.8209119115822,-192.62994582222905
statline_pregame_svm,2025-26,22500512,2026-01-06,1610612763,1610612759,MEM,SAS,Memphis Grizzlies,San Antonio Spurs,MEM vs. SAS,SAS @ MEM,1,last_avg_15pct_current_momentum_85pct_plus_elo,0.85,0.15,20,0.47605158536585357,0.47324329268292686,0.002808292682926705,0.3590190243902439,0.33283719512195115,0.026181829268292767,0.7938285365853658,0.7901163414634146,0.0037121951219512006,120.8510975609756,118.91902439024389,1.9320731707317123,44.318414634146336,48.710609756097554,-4.392195121951218,29.592195121951217,26.905121951219513,2.687073170731704,15.525609756097559,12.366707317073171,3.158902439024388,1.578048780487805,6.471585365853659,-4.893536585365854,1.578048780487805,6.471585365853659,-4.893536585365854,0.4,0.7,-0.29999999999999993,1473.5770155979264,1577.2057897992186,-103.62877420129212
statline_pregame_svm,2025-26,22500513,2026-01-06,1610612750,1610612748,MIN,MIA,Minnesota Timberwolves,Miami Heat,MIN vs. MIA,MIA @ MIN,1,last_avg_15pct_current_momentum_85pct_plus_elo,0.85,0.15,20,0.46531219512195127,0.4622417073170731,0.0030704878048781747,0.3373141463414634,0.37676621951219513,-0.03945207317073174,0.7497437804878048,0.8247739024390244,-0.07503012195121961,118.20890243902438,119.52463414634146,-1.3157317073170702,45.83256097560976,45.523536585365854,0.3090243902439056,26.52829268292683,27.592195121951217,-1.063902439024389,12.964512195121952,14.27780487804878,-1.3132926829268285,4.15,4.3341463414634145,-0.18414634146341413,4.15,4.3341463414634145,-0.18414634146341413,0.6,0.6,0.0,1596.3024781942574,1507.777942315499,88.52453587875834
statline_pregame_svm,2025-26,22500514,2026-01-06,1610612740,1610612747,NOP,LAL,New Orleans Pelicans,Los Angeles Lakers,NOP vs. LAL,LAL @ NOP,0,last_avg_15pct_current_momentum_85pct_plus_elo,0.85,0.15,20,0.46124951219512195,0.48539060975609755,-0.0241410975609756,0.3324830487804878,0.32187207317073174,0.010610975609756046,0.7940274390243903,0.7502134146341463,0.043814024390244066,116.60439024390243,114.67353658536587,1.930853658536563,44.36646341463414,41.38402439024391,2.9824390243902315,24.78621951219512,24.723170731707317,0.06304878048780438,14.691951219512195,15.01451219512195,-0.32256097560975583,-6.684024390243902,-4.067073170731708,-2.6169512195121944,-6.684024390243902,-4.067073170731708,-2.6169512195121944,0.3,0.5,-0.2,1318.126624326948,1592.7633410061233,-274.63671667917515
statline_pregame_svm,2025-26,22500515,2026-01-06,1610612758,1610612742,SAC,DAL,Sacramento Kings,Dallas Mavericks,SAC vs. DAL,DAL @ SAC,0,last_avg_15pct_current_momentum_85pct_plus_elo,0.85,0.15,20,0.44951414634146336,0.4974825609756097,-0.04796841463414636,0.3223308536585366,0.3179526829268292,0.004378170731707376,0.7936842682926829,0.7775281707317073,0.01615609756097558,109.83975609756097,116.57926829268293,-6.739512195121961,43.094268292682926,45.64231707317073,-2.548048780487804,24.53768292682927,25.376585365853657,-0.8389024390243875,14.747560975609757,14.940487804878048,-0.1929268292682913,-11.063658536585365,-4.0042682926829265,-7.059390243902438,-11.063658536585365,-4.0042682926829265,-7.059390243902438,0.2,0.3,-0.09999999999999998,1390.9568044239713,1424.5647921296145,-33.607987705643154
statline_pregame_svm,2025-26,22500516,2026-01-07,1610612766,1610612761,CHA,TOR,Charlotte Hornets,Toronto Raptors,CHA vs. TOR,TOR @ CHA,0,last_avg_15pct_current_momentum_85pct_plus_elo,0.85,0.15,20,0.4607426829268293,0.45408926829268287,0.006653414634146426,0.41557109756097566,0.3255720731707317,0.08999902439024393,0.7869489024390244,0.796880975609756,-0.009932073170731637,117.08463414634146,111.82987804878049,5.254756097560971,45.454268292682926,45.95329268292683,-0.4990243902439033,27.872560975609755,28.930487804878048,-1.0579268292682933,15.499999999999998,13.349390243902437,2.1506097560975608,1.0135365853658536,1.2260975609756097,-0.21256097560975618,1.0135365853658536,1.2260975609756097,-0.21256097560975618,0.5,0.6,-0.09999999999999998,1363.0686652841534,1501.8937753292548,-138.82511004510138
statline_pregame_svm,2025-26,22500517,2026-01-07,1610612765,1610612741,DET,CHI,Detroit Pistons,Chicago Bulls,DET vs. CHI,CHI @ DET,1,last_avg_15pct_current_momentum_85pct_plus_elo,0.85,0.15,20,0.4796551219512195,0.47620780487804876,0.0034473170731707525,0.35092902439024387,0.35472268292682924,-0.0037936585365853648,0.7597825609756097,0.7867739024390243,-0.026991341463414642,117.2,118.14073170731707,-0.9407317073170702,46.23841463414634,46.4880487804878,-0.24963414634146375,27.420365853658538,31.134146341463413,-3.7137804878048755,15.914878048780487,13.25060975609756,2.6642682926829266,6.830365853658536,-2.359146341463415,9.189512195121951,6.830365853658536,-2.359146341463415,9.189512195121951,0.6,0.6,0.0,1614.636383080835,1470.2422885201636,144.39409456067142
statline_pregame_svm,2025-26,22500518,2026-01-07,1610612755,1610612764,PHI,WAS,Philadelphia 76ers,Washington Wizards,PHI vs. WAS,WAS @ PHI,1,last_avg_15pct_current_momentum_85pct_plus_elo,0.85,0.15,20,0.4483517073170732,0.46511146341463416,-0.016759756097560974,0.3600070731707317,0.3510163414634146,0.008990731707317123,0.8115809756097561,0.814475243902439,-0.002894268292682911,116.91146341463414,116.075,0.8364634146341388,43.11390243902439,45.994268292682925,-2.8803658536585317,23.79243902439024,24.844634146341463,-1.0521951219512218,13.178292682926829,13.894146341463413,-0.7158536585365844,-0.8497560975609756,-2.3758536585365855,1.52609756097561,-0.8497560975609756,-2.3758536585365855,1.52609756097561,0.5,0.6,-0.09999999999999998,1452.0529045163719,1348.2293229760835,103.82358154028839
statline_pregame_svm,2025-26,22500519,2026-01-07,1610612737,1610612740,ATL,NOP,Atlanta Hawks,New Orleans Pelicans,ATL vs. NOP,NOP @ ATL,1,last_avg_15pct_current_momentum_85pct_plus_elo,0.85,0.15,20,0.4687582926829269,0.4557245121951219,0.013033780487805013,0.3736691463414634,0.3191380487804878,0.05453109756097563,0.7455825609756097,0.7825524390243902,-0.03696987804878049,118.87743902439024,114.05439024390243,4.8230487804878095,41.779999999999994,44.62146341463414,-2.8414634146341484,31.89280487804878,24.87121951219512,7.02158536585366,14.398658536585364,15.031951219512194,-0.6332926829268306,-5.355121951219512,-7.7890243902439025,2.433902439024391,-5.355121951219512,-7.7890243902439025,2.433902439024391,0.2,0.2,0.0,1452.6072463694684,1314.7133651475756,137.8938812218928
statline_pregame_svm,2025-26,22500520,2026-01-07,1610612738,1610612743,BOS,DEN,Boston Celtics,Denver Nuggets,BOS vs. DEN,DEN @ BOS,0,last_avg_15pct_current_momentum_85pct_plus_elo,0.85,0.15,20,0.4833332926829268,0.48800390243902436,-0.004670609756097566,0.3718159756097561,0.39206963414634144,-0.02025365853658534,0.810644268292683,0.8310667073170732,-0.020422439024390227,120.03524390243902,121.04841463414633,-1.013170731707305,45.30256097560975,41.20158536585365,4.100975609756098,23.556951219512197,28.619999999999997,-5.063048780487801,12.064878048780487,13.103414634146342,-1.0385365853658541,10.801463414634146,-1.6264634146341463,12.427926829268293,10.801463414634146,-1.6264634146341463,12.427926829268293,0.8,0.4,0.4,1644.538449661322,1586.7000998850733,57.838349776248606
statline_pregame_svm,2025-26,22500521,2026-01-07,1610612751,1610612753,BKN,ORL,Brooklyn Nets,Orlando Magic,BKN vs. ORL,ORL @ BKN,0,last_avg_15pct_current_momentum_85pct_plus_elo,0.85,0.15,20,0.4575829268292683,0.4626343902439024,-0.005051463414634083,0.3529330487804878,0.33351646341463415,0.019416585365853667,0.8067837804878049,0.764284756097561,0.04249902439024389,108.84146341463415,113.2240243902439,-4.382560975609749,40.11073170731707,43.33621951219512,-3.2254878048780498,25.618780487804877,26.911829268292685,-1.2930487804878084,15.45060975609756,12.75609756097561,2.69451219512195,0.6335365853658537,-3.248292682926829,3.881829268292683,0.6335365853658537,-3.248292682926829,3.881829268292683,0.5,0.5,0.0,1372.5246893269862,1510.782555024852,-138.25786569786578
statline_pregame_svm,2025-26,22500522,2026-01-07,1610612752,1610612746,NYK,LAC,New York Knicks,Los Angeles Clippers,NYK vs. LAC,LAC @ NYK,1,last_avg_15pct_current_momentum_85pct_plus_elo,0.85,0.15,20,0.45660560975609754,0.48343963414634145,-0.026834024390243905,0.385924756097561,0.389875243902439,-0.003950487804878,0.8447339024390244,0.8599812195121952,-0.01524731707317084,116.56207317073171,113.23670731707315,3.3253658536585533,44.98695121951219,40.90890243902439,4.078048780487805,26.30817073170732,23.920609756097562,2.387560975609759,14.485243902439024,14.89670731707317,-0.41146341463414693,-4.4003658536585375,5.2037804878048775,-9.604146341463416,-4.4003658536585375,5.2037804878048775,-9.604146341463416,0.4,0.7,-0.29999999999999993,1569.5812225358554,1519.4108756465105,50.170346889344955
statline_pregame_svm,2025-26,22500523,2026-01-07,1610612759,1610612747,SAS,LAL,San Antonio Spurs,Los Angeles Lakers,SAS vs. LAL,LAL @ SAS,1,last_avg_15pct_current_momentum_85pct_plus_elo,0.85,0.15,20,0.4633832926829268,0.48641060975609757,-0.023027317073170794,0.3283321951219512,0.3153270731707317,0.0130051219512195,0.7929213414634146,0.7440934146341464,0.04882792682926829,117.7290243902439,113.99353658536586,3.7354878048780336,48.45560975609756,41.4690243902439,6.9865853658536565,26.65012195121951,24.978170731707316,1.671951219512195,12.366707317073171,15.35451219512195,-2.987804878048779,4.261585365853659,-2.282073170731707,6.543658536585365,4.261585365853659,-2.282073170731707,6.543658536585365,0.6,0.6,0.0,1564.308525603254,1596.1766001854958,-31.86807458224166
statline_pregame_svm,2025-26,22500524,2026-01-07,1610612763,1610612756,MEM,PHX,Memphis Grizzlies,Phoenix Suns,MEM vs. PHX,PHX @ MEM,0,last_avg_15pct_current_momentum_85pct_plus_elo,0.85,0.15,20,0.4654265853658537,0.4669710975609756,-0.0015445121951219165,0.35536402439024395,0.35679560975609753,-0.0014315853658535826,0.7755535365853659,0.8021003658536586,-0.02654682926829277,119.5760975609756,114.53829268292684,5.03780487804876,46.78341463414634,45.64317073170732,1.1402439024390176,29.16719512195122,24.90524390243902,4.2619512195121985,16.54560975609756,14.264146341463416,2.2814634146341426,0.13304878048780489,4.904999999999999,-4.771951219512195,0.13304878048780489,4.904999999999999,-4.771951219512195,0.4,0.7,-0.29999999999999993,1486.474279793891,1542.439503067178,-55.965223273287165
statline_pregame_svm,2025-26,22500525,2026-01-07,1610612760,1610612762,OKC,UTA,Oklahoma City Thunder,Utah Jazz,OKC vs. UTA,UTA @ OKC,1,last_avg_15pct_current_momentum_85pct_plus_elo,0.85,0.15,20,0.47674097560975615,0.4750619512195122,0.0016790243902439217,0.3443669512195122,0.38086353658536587,-0.03649658536585365,0.8347323170731707,0.7961951219512196,0.038537195121951195,117.015,119.71853658536584,-2.703536585365839,42.417073170731705,41.91719512195122,0.4998780487804879,24.173048780487804,30.008658536585365,-5.835609756097561,12.042926829268293,15.077926829268291,-3.0349999999999984,6.009878048780488,-8.37121951219512,14.381097560975608,6.009878048780488,-8.37121951219512,14.381097560975608,0.5,0.2,0.3,1725.1854984654806,1366.2632788972564,358.92221956822414
statline_pregame_svm,2025-26,22500526,2026-01-07,1610612744,1610612749,GSW,MIL,Golden State Warriors,Milwaukee Bucks,GSW vs. MIL,MIL @ GSW,1,last_avg_15pct_current_momentum_85pct_plus_elo,0.85,0.15,20,0.4566128048780488,0.4644614634146342,-0.007848658536585396,0.3373373170731707,0.3606820731707317,-0.02334475609756098,0.8133651219512195,0.7970310975609757,0.016334024390243784,115.75390243902439,109.72182926829268,6.032073170731707,44.71670731707317,43.22487804878049,1.4918292682926833,29.01463414634146,24.138170731707316,4.876463414634145,15.537317073170732,14.841707317073169,0.6956097560975625,1.515731707317073,-1.498658536585366,3.0143902439024393,1.515731707317073,-1.498658536585366,3.0143902439024393,0.6,0.5,0.09999999999999998,1536.1707066670936,1487.3841374856768,48.78656918141678
statline_pregame_svm,2025-26,22500527,2026-01-07,1610612757,1610612745,POR,HOU,Portland Trail Blazers,Houston Rockets,POR vs. HOU,HOU @ POR,1,last_avg_15pct_current_momentum_85pct_plus_elo,0.85,0.15,20,0.45441743902439025,0.48995329268292676,-0.03553585365853651,0.35358109756097567,0.36211048780487803,-0.008529390243902368,0.7326436585365854,0.7457425609756098,-0.01309890243902434,111.57853658536584,115.82890243902438,-4.250365853658536,45.81524390243902,48.919512195121946,-3.1042682926829244,24.055731707317072,25.09121951219512,-1.0354878048780485,16.504512195121954,15.513536585365854,0.9909756097561004,-0.8713414634146341,5.436829268292683,-6.308170731707317,-0.8713414634146341,5.436829268292683,-6.308170731707317,0.6,0.6,0.0,1503.5318762401857,1597.3840399478884,-93.85216370770263
statline_pregame_svm,2025-26,22500528,2026-01-08,1610612766,1610612754,CHA,IND,Charlotte Hornets,Indiana Pacers,CHA vs. IND,IND @ CHA,0,last_avg_15pct_current_momentum_85pct_plus_elo,0.85,0.15,20,0.44816268292682915,0.47021219512195117,-0.022049512195122023,0.40520109756097555,0.36680256097560976,0.038398536585365795,0.8014839024390245,0.7623137804878048,0.039170121951219605,113.93963414634146,112.88987804878047,1.0497560975609872,46.55926829268292,38.404390243902434,8.154878048780489,26.172560975609755,27.676585365853658,-1.5040243902439023,15.669999999999998,14.134268292682927,1.5357317073170709,0.3335365853658536,-9.780243902439025,10.11378048780488,0.3335365853658536,-9.780243902439025,10.11378048780488,0.4,0.0,0.4,1356.8644817877787,1381.3195036426546,-24.455021854875895
statline_pregame_svm,2025-26,22500530,2026-01-08,1610612750,1610612739,MIN,CLE,Minnesota Timberwolves,Cleveland Cavaliers,MIN vs. CLE,CLE @ MIN,1,last_avg_15pct_current_momentum_85pct_plus_elo,0.85,0.15,20,0.4704971951219512,0.49293768292682927,-0.022440487804878062,0.3427541463414634,0.38851146341463416,-0.04575731707317077,0.7564587804878048,0.7872597560975609,-0.030800975609756143,119.22890243902438,121.48085365853657,-2.2519512195121933,46.76756097560976,45.91036585365854,0.8571951219512215,26.61329268292683,30.394634146341463,-3.781341463414634,12.454512195121952,14.899268292682926,-2.4447560975609743,7.04,4.235487804878049,2.8045121951219514,7.04,4.235487804878049,2.8045121951219514,0.7,0.6,0.09999999999999998,1603.808279553691,1572.7781896360968,31.03008991759407
statline_pregame_svm,2025-26,22500531,2026-01-08,1610612762,1610612742,UTA,DAL,Utah Jazz,Dallas Mavericks,UTA vs. DAL,DAL @ UTA,1,last_avg_15pct_current_momentum_85pct_plus_elo,0.85,0.15,20,0.4685169512195122,0.4903425609756097,-0.021825609756097486,0.3623335365853659,0.3148076829268292,0.047525853658536676,0.8048651219512195,0.7761681707317072,0.028696951219512323,118.86853658536585,113.77426829268292,5.094268292682926,44.12719512195122,45.72731707317074,-1.6001219512195206,30.178658536585363,24.951585365853656,5.227073170731707,15.672926829268292,15.11048780487805,0.5624390243902422,-8.031219512195122,-3.239268292682927,-4.791951219512195,-8.031219512195122,-3.239268292682927,-4.791951219512195,0.2,0.4,-0.2,1364.0146106305342,1433.6004822923383,-69.58587166180405
statline_pregame_svm,2025-26,22500532,2026-01-09,1610612738,1610612761,BOS,TOR,Boston Celtics,Toronto Raptors,BOS vs. TOR,TOR @ BOS,1,last_avg_15pct_current_momentum_85pct_plus_elo,0.85,0.15,20,0.4824832926829268,0.44669426829268294,0.03578902439024384,0.3836309756097561,0.3115470731707317,0.0720839024390244,0.8018042682926829,0.802830975609756,-0.0010267073170731056,120.46024390243902,110.63987804878047,9.820365853658544,46.66256097560975,45.69829268292683,0.9642682926829238,23.556951219512197,27.825487804878048,-4.268536585365851,12.149878048780486,12.414390243902439,-0.26451219512195223,11.056463414634147,0.8010975609756096,10.255365853658537,11.056463414634147,0.8010975609756096,10.255365853658537,0.8,0.6,0.20000000000000007,1632.88893768787,1508.0979588256296,124.79097886224054
statline_pregame_svm,2025-26,22500533,2026-01-09,1610612753,1610612755,ORL,PHI,Orlando Magic,Philadelphia 76ers,ORL vs. PHI,PHI @ ORL,0,last_avg_15pct_current_momentum_85pct_plus_elo,0.85,0.15,20,0.4572793902439024,0.4619517073170732,-0.004672317073170784,0.3314764634146341,0.3568620731707317,-0.025385609756097605,0.7664097560975609,0.8129409756097561,-0.04653121951219519,111.1840243902439,118.10146341463414,-6.917439024390234,43.59121951219512,41.41390243902439,2.1773170731707268,26.57182926829268,24.21743902439024,2.35439024390244,13.181097560975608,13.008292682926829,0.17280487804877964,-3.248292682926829,1.1902439024390246,-4.438536585365854,-3.248292682926829,1.1902439024390246,-4.438536585365854,0.5,0.6,-0.09999999999999998,1517.0007214055065,1459.1505048091915,57.85021659631502
statline_pregame_svm,2025-26,22500534,2026-01-09,1610612764,1610612740,WAS,NOP,Washington Wizards,New Orleans Pelicans,WAS vs. NOP,NOP @ WAS,0,last_avg_15pct_current_momentum_85pct_plus_elo,0.85,0.15,20,0.4667264634146341,0.4483295121951219,0.01839695121951218,0.35169634146341466,0.31514304878048777,0.0365532926829269,0.837340243902439,0.7644474390243902,0.07289280487804883,114.375,111.67439024390244,2.7006097560975633,44.97426829268293,43.85646341463414,1.117804878048787,24.589634146341464,24.95621951219512,-0.36658536585365553,14.659146341463414,15.116951219512195,-0.45780487804878156,-4.840853658536585,-10.849024390243901,6.008170731707316,-4.840853658536585,-10.849024390243901,6.008170731707316,0.5,0.1,0.4,1341.131722683264,1308.4862172468409,32.645505436423036
statline_pregame_svm,2025-26,22500535,2026-01-09,1610612751,1610612746,BKN,LAC,Brooklyn Nets,Los Angeles Clippers,BKN vs. LAC,LAC @ BKN,0,last_avg_15pct_current_momentum_85pct_plus_elo,0.85,0.15,20,0.45469292682926826,0.48105963414634145,-0.02636670731707319,0.34417804878048774,0.389535243902439,-0.045357195121951244,0.7892737804878047,0.8697562195121951,-0.08048243902439034,108.16146341463414,113.91670731707316,-5.75524390243902,40.19573170731707,40.99390243902439,-0.7981707317073159,25.363780487804878,23.495609756097558,1.8681707317073197,15.790609756097561,14.131707317073172,1.6589024390243896,1.2285365853658536,5.713780487804879,-4.485243902439025,1.2285365853658536,5.713780487804879,-4.485243902439025,0.5,0.7,-0.19999999999999996,1366.3065229463316,1510.8449404777748,-144.5384175314432
statline_pregame_svm,2025-26,22500536,2026-01-09,1610612763,1610612760,MEM,OKC,Memphis Grizzlies,Oklahoma City Thunder,MEM vs. OKC,OKC @ MEM,0,last_avg_15pct_current_momentum_85pct_plus_elo,0.85,0.15,20,0.46423658536585366,0.48235097560975615,-0.01811439024390249,0.35536402439024395,0.33603695121951216,0.01932707317073179,0.7526885365853658,0.8242773170731708,-0.07158878048780493,118.04609756097561,118.88499999999999,-0.8389024390243804,46.18841463414634,42.332073170731704,3.856341463414637,29.16719512195122,25.0230487804878,4.1441463414634185,16.54560975609756,11.957926829268292,4.587682926829267,-1.9919512195121953,6.774878048780487,-8.766829268292682,-1.9919512195121953,6.774878048780487,-8.766829268292682,0.3,0.6,-0.3,1478.0712995910583,1727.4341667322028,-249.36286714114453
statline_pregame_svm,2025-26,22500537,2026-01-09,1610612743,1610612737,DEN,ATL,Denver Nuggets,Atlanta Hawks,DEN vs. ATL,ATL @ DEN,0,last_avg_15pct_current_momentum_85pct_plus_elo,0.85,0.15,20,0.49191390243902444,0.4737732926829269,0.018140609756097548,0.4072846341463414,0.38497414634146343,0.022310487804877988,0.817551707317073,0.7368275609756098,0.0807241463414633,122.15341463414634,120.49243902439025,1.6609756097560933,41.20158536585365,42.28999999999999,-1.0884146341463392,29.13,32.23280487804878,-3.102804878048783,12.933414634146342,14.738658536585366,-1.8052439024390239,-0.09646341463414643,-1.5301219512195123,1.4336585365853658,-0.09646341463414643,-1.5301219512195123,1.4336585365853658,0.5,0.3,0.2,1598.3496118585251,1458.8343942702031,139.515217588322
statline_pregame_svm,2025-26,22500538,2026-01-09,1610612756,1610612752,PHX,NYK,Phoenix Suns,New York Knicks,PHX vs. NYK,NYK @ PHX,1,last_avg_15pct_current_momentum_85pct_plus_elo,0.85,0.15,20,0.47164609756097564,0.4614506097560976,0.010195487804878056,0.36589060975609755,0.400714756097561,-0.03482414634146347,0.7895203658536586,0.8483039024390243,-0.058783536585365725,116.06829268292682,117.9220731707317,-1.853780487804869,45.81317073170732,44.22195121951219,1.5912195121951243,25.925243902439025,26.733170731707318,-0.8079268292682933,14.519146341463415,13.975243902439024,0.5439024390243912,6.435,-2.6153658536585365,9.050365853658537,6.435,-2.6153658536585365,9.050365853658537,0.7,0.5,0.19999999999999996,1550.8424832700107,1578.147157704591,-27.30467443458042
statline_pregame_svm,2025-26,22500539,2026-01-09,1610612744,1610612758,GSW,SAC,Golden State Warriors,Sacramento Kings,GSW vs. SAC,SAC @ GSW,1,last_avg_15pct_current_momentum_85pct_plus_elo,0.85,0.15,20,0.46519780487804874,0.4421191463414634,0.02307865853658536,0.3455823170731707,0.3201208536585366,0.025461463414634122,0.8039301219512196,0.7711592682926828,0.032770853658536825,117.62390243902439,106.86475609756097,10.75914634146342,43.61170731707317,43.17926829268292,0.4324390243902485,29.35463414634146,24.02768292682927,5.326951219512189,14.687317073170732,14.322560975609756,0.36475609756097604,2.1957317073170732,-11.148658536585364,13.344390243902437,2.1957317073170732,-11.148658536585364,13.344390243902437,0.7,0.2,0.49999999999999994,1544.7756731605734,1381.9211142612476,162.85455889932587
statline_pregame_svm,2025-26,22500540,2026-01-09,1610612757,1610612745,POR,HOU,Portland Trail Blazers,Houston Rockets,POR vs. HOU,HOU @ POR,1,last_avg_15pct_current_momentum_85pct_plus_elo,0.85,0.15,20,0.45458743902439025,0.4820482926829268,-0.027460853658536566,0.3498410975609756,0.35437548780487804,-0.004534390243902453,0.7394436585365853,0.7476975609756097,-0.008253902439024352,112.00353658536585,113.61890243902438,-1.6153658536585311,45.13524390243903,48.834512195121945,-3.699268292682916,24.31073170731707,24.24121951219512,0.06951219512195195,15.99451219512195,15.003536585365854,0.9909756097560969,-1.2113414634146342,5.7768292682926825,-6.988170731707317,-1.2113414634146342,5.7768292682926825,-6.988170731707317,0.6,0.6,0.0,1516.1693178430342,1584.74659834504,-68.5772805020058
statline_pregame_svm,2025-26,22500541,2026-01-09,1610612747,1610612749,LAL,MIL,Los Angeles Lakers,Milwaukee Bucks,LAL vs. MIL,MIL @ LAL,0,last_avg_15pct_current_momentum_85pct_plus_elo,0.85,0.15,20,0.4832656097560975,0.4771264634146341,0.006139146341463397,0.31889707317073174,0.37844707317073173,-0.05954999999999999,0.7329584146341462,0.7828360975609756,-0.04987768292682937,111.86853658536586,112.35682926829269,-0.4882926829268257,40.7040243902439,43.13987804878049,-2.435853658536587,24.638170731707316,24.903170731707316,-0.26500000000000057,14.92951219512195,14.161707317073173,0.7678048780487767,-3.8120731707317073,1.7313414634146342,-5.543414634146341,-3.8120731707317073,1.7313414634146342,-5.543414634146341,0.5,0.5,0.0,1585.2619269499628,1478.779170992197,106.4827559577659
statline_pregame_svm,2025-26,22500542,2026-01-10,1610612739,1610612750,CLE,MIN,Cleveland Cavaliers,Minnesota Timberwolves,CLE vs. MIN,MIN @ CLE,1,last_avg_15pct_current_momentum_85pct_plus_elo,0.85,0.15,20,0.49735768292682925,0.4873271951219512,0.01003048780487803,0.38630146341463417,0.35762914634146337,0.028672317073170805,0.7808847560975609,0.7417537804878048,0.03913097560975609,121.22585365853658,120.84390243902439,0.3819512195121888,45.23036585365854,45.74756097560976,-0.5171951219512181,30.394634146341463,27.71829268292683,2.6763414634146336,14.729268292682926,12.794512195121952,1.9347560975609746,4.405487804878049,7.38,-2.9745121951219513,4.405487804878049,7.38,-2.9745121951219513,0.6,0.7,-0.09999999999999998,1563.6689402902114,1612.9175288995764,-49.248588609365015
statline_pregame_svm,2025-26,22500543,2026-01-10,1610612754,1610612748,IND,MIA,Indiana Pacers,Miami Heat,IND vs. MIA,MIA @ IND,1,last_avg_15pct_current_momentum_85pct_plus_elo,0.85,0.15,20,0.47650219512195124,0.4534017073170732,0.023100487804878056,0.38839256097560976,0.3770212195121951,0.011371341463414675,0.7837337804878048,0.8214589024390244,-0.037725121951219576,113.31487804878049,118.50463414634147,-5.189756097560988,38.31939024390244,45.43853658536585,-7.119146341463413,27.42158536585366,28.017195121951218,-0.5956097560975593,14.644268292682925,14.61780487804878,0.026463414634145366,-7.995243902439024,1.0191463414634148,-9.014390243902438,-7.995243902439024,1.0191463414634148,-9.014390243902438,0.1,0.5,-0.4,1390.6167916458307,1500.2721409560656,-109.6553493102349
statline_pregame_svm,2025-26,22500544,2026-01-10,1610612765,1610612746,DET,LAC,Detroit Pistons,Los Angeles Clippers,DET vs. LAC,LAC @ DET,0,last_avg_15pct_current_momentum_85pct_plus_elo,0.85,0.15,20,0.4884951219512196,0.4899846341463414,-0.0014895121951218337,0.3663990243902439,0.412485243902439,-0.046086219512195103,0.7640325609756097,0.880126219512195,-0.11609365853658538,116.69000000000001,115.61670731707315,1.073292682926862,44.28341463414634,39.973902439024386,4.309512195121954,28.185365853658535,23.75060975609756,4.4347560975609746,15.659878048780488,13.026707317073171,2.6331707317073167,8.275365853658537,8.858780487804879,-0.583414634146342,8.275365853658537,8.858780487804879,-0.583414634146342,0.7,0.8,-0.10000000000000009,1620.704214286142,1516.909260589352,103.79495369678989
statline_pregame_svm,2025-26,22500545,2026-01-10,1610612738,1610612759,BOS,SAS,Boston Celtics,San Antonio Spurs,BOS vs. SAS,SAS @ BOS,0,last_avg_15pct_current_momentum_85pct_plus_elo,0.85,0.15,20,0.48273829268292684,0.4587082926829268,0.02403000000000005,0.3846509756097561,0.3112471951219512,0.07340378048780488,0.8070742682926829,0.8042263414634147,0.002847926829268266,120.12024390243901,116.11402439024388,4.0062195121951305,46.15256097560975,47.94560975609757,-1.7930487804878155,23.811951219512192,26.055121951219512,-2.2431707317073197,11.639878048780487,12.366707317073171,-0.7268292682926845,10.631463414634148,3.241585365853658,7.389878048780489,10.631463414634148,3.241585365853658,7.389878048780489,0.8,0.6,0.20000000000000007,1639.4440458850202,1575.223198838787,64.22084704623308
statline_pregame_svm,2025-26,22500546,2026-01-10,1610612741,1610612742,CHI,DAL,Chicago Bulls,Dallas Mavericks,CHI vs. DAL,DAL @ CHI,1,last_avg_15pct_current_momentum_85pct_plus_elo,0.85,0.15,20,0.4681328048780487,0.4962075609756097,-0.028074756097560993,0.3546376829268293,0.3345276829268292,0.020110000000000072,0.7754689024390243,0.7748931707317073,0.000575731707317062,114.48573170731707,113.60426829268292,0.8814634146341547,46.2330487804878,45.387317073170735,0.8457317073170643,30.539146341463415,25.631585365853656,4.9075609756097585,13.675609756097561,15.450487804878048,-1.7748780487804865,-4.569146341463415,-3.5792682926829267,-0.9898780487804881,-4.569146341463415,-3.5792682926829267,-0.9898780487804881,0.5,0.3,0.2,1464.1744573148567,1421.623997589588,42.55045972526864
statline_pregame_svm,2025-26,22500547,2026-01-10,1610612762,1610612766,UTA,CHA,Utah Jazz,Charlotte Hornets,UTA vs. CHA,CHA @ UTA,0,last_avg_15pct_current_momentum_85pct_plus_elo,0.85,0.15,20,0.4749769512195121,0.4598926829268293,0.015084268292682834,0.3596135365853659,0.40919609756097564,-0.04958256097560976,0.7915201219512195,0.7929839024390245,-0.0014637804878050442,117.93353658536584,116.14963414634146,1.7839024390243878,43.277195121951216,45.87926829268293,-2.602073170731714,30.008658536585365,26.852560975609755,3.15609756097561,15.417926829268291,15.075,0.34292682926829166,-7.776219512195122,2.373536585365854,-10.149756097560976,-7.776219512195122,2.373536585365854,-10.149756097560976,0.3,0.4,-0.10000000000000003,1375.9910953332844,1347.5671937846025,28.423901548681897
statline_pregame_svm,2025-26,22500548,2026-01-11,1610612753,1610612740,ORL,NOP,Orlando Magic,New Orleans Pelicans,ORL vs. NOP,NOP @ ORL,1,last_avg_15pct_current_momentum_85pct_plus_elo,0.85,0.15,20,0.4568543902439024,0.45538451219512194,0.0014698780487804597,0.3211914634146341,0.32270804878048776,-0.00151658536585364,0.7783947560975608,0.7451524390243902,0.0332423170731706,110.6740243902439,112.43939024390244,-1.7653658536585368,43.08121951219512,43.85646341463414,-0.7752439024390227,26.57182926829268,25.12621951219512,1.4456097560975607,13.26609756097561,15.626951219512195,-2.360853658536586,-2.313292682926829,-9.574024390243903,7.260731707317074,-2.313292682926829,-9.574024390243903,7.260731707317074,0.5,0.1,0.4,1505.3508771727118,1319.4230749577048,185.92780221500698
statline_pregame_svm,2025-26,22500549,2026-01-11,1610612763,1610612751,MEM,BKN,Memphis Grizzlies,Brooklyn Nets,MEM vs. BKN,BKN @ MEM,1,last_avg_15pct_current_momentum_85pct_plus_elo,0.85,0.15,20,0.4655965853658537,0.44372792682926826,0.021868658536585428,0.35340902439024396,0.3337230487804878,0.019685975609756157,0.7616985365853658,0.7860437804878049,-0.024345243902439084,117.5360975609756,106.29146341463414,11.244634146341468,46.52841463414634,39.85573170731708,6.6726829268292605,29.507195121951217,24.768780487804875,4.738414634146341,16.80060975609756,15.62060975609756,1.1800000000000015,-1.3969512195121951,-3.956463414634146,2.559512195121951,-1.3969512195121951,-3.956463414634146,2.559512195121951,0.3,0.4,-0.10000000000000003,1474.226274916187,1360.2422028347544,113.98407208143271
statline_pregame_svm,2025-26,22500550,2026-01-11,1610612761,1610612755,TOR,PHI,Toronto Raptors,Philadelphia 76ers,TOR vs. PHI,PHI @ TOR,1,last_avg_15pct_current_momentum_85pct_plus_elo,0.85,0.15,20,0.4530692682926829,0.45821170731707317,-0.005142439024390266,0.31520207317073173,0.33374207317073173,-0.01854,0.8175359756097561,0.810390975609756,0.007145000000000068,112.42487804878049,116.99646341463414,-4.57158536585365,45.18829268292683,42.77390243902439,2.4143902439024387,28.59048780487805,24.132439024390244,4.4580487804878075,11.989390243902438,13.178292682926829,-1.1889024390243907,1.4810975609756096,1.4452439024390245,0.035853658536585176,1.4810975609756096,1.4452439024390245,0.035853658536585176,0.6,0.6,0.0,1501.5428506284795,1470.8003490419862,30.74250158649329
statline_pregame_svm,2025-26,22500551,2026-01-11,1610612757,1610612752,POR,NYK,Portland Trail Blazers,New York Knicks,POR vs. NYK,NYK @ POR,0,last_avg_15pct_current_momentum_85pct_plus_elo,0.85,0.15,20,0.4520374390243903,0.4527806097560975,-0.00074317073170721,0.3621660975609756,0.38915475609756095,-0.02698865853658533,0.7597586585365854,0.8443089024390243,-0.08455024390243893,112.76853658536584,115.7970731707317,-3.028536585365856,45.560243902439026,45.4119512195122,0.1482926829268294,24.735731707317072,26.223170731707313,-1.4874390243902411,15.484512195121951,14.400243902439025,1.0842682926829266,-0.021341463414634165,-3.6353658536585365,3.614024390243902,-0.021341463414634165,-3.6353658536585365,3.614024390243902,0.7,0.4,0.29999999999999993,1528.1178910608623,1567.3628799699295,-39.24498890906716
statline_pregame_svm,2025-26,22500552,2026-01-11,1610612750,1610612759,MIN,SAS,Minnesota Timberwolves,San Antonio Spurs,MIN vs. SAS,SAS @ MIN,1,last_avg_15pct_current_momentum_85pct_plus_elo,0.85,0.15,20,0.5003321951219512,0.4576032926829269,0.042728902439024274,0.3742891463414634,0.3035971951219512,0.07069195121951216,0.7543337804878048,0.7973413414634146,-0.04300756097560987,123.47890243902438,114.07402439024389,9.404878048780489,45.23756097560975,47.26560975609756,-2.028048780487808,27.97329268292683,25.71512195121951,2.2581707317073203,13.304512195121951,12.196707317073171,1.1078048780487801,6.1049999999999995,2.7315853658536584,3.373414634146341,6.1049999999999995,2.7315853658536584,3.373414634146341,0.6,0.6,0.0,1601.5094586257208,1587.050855639426,14.458602986294864
statline_pregame_svm,2025-26,22500553,2026-01-11,1610612760,1610612748,OKC,MIA,Oklahoma City Thunder,Miami Heat,OKC vs. MIA,MIA @ OKC,1,last_avg_15pct_current_momentum_85pct_plus_elo,0.85,0.15,20,0.4809909756097561,0.45331670731707313,0.02767426829268299,0.32396695121951224,0.3553462195121951,-0.03137926829268284,0.8182423170731707,0.8286839024390242,-0.01044158536585349,118.715,117.05963414634147,1.6553658536585374,41.48207317073171,45.778536585365856,-4.296463414634147,25.363048780487805,27.167195121951217,-1.8041463414634116,11.362926829268293,15.12780487804878,-3.7648780487804867,5.499878048780488,0.08414634146341464,5.415731707317073,5.499878048780488,0.08414634146341464,5.415731707317073,0.6,0.5,0.09999999999999998,1731.279191407074,1487.216788692859,244.06240271421507
statline_pregame_svm,2025-26,22500554,2026-01-11,1610612743,1610612749,DEN,MIL,Denver Nuggets,Milwaukee Bucks,DEN vs. MIL,MIL @ DEN,1,last_avg_15pct_current_momentum_85pct_plus_elo,0.85,0.15,20,0.4848589024390244,0.47959146341463416,0.0052674390243902525,0.3930896341463414,0.3740270731707317,0.01906256097560971,0.8209517073170733,0.7741660975609755,0.0467856097560978,118.07341463414633,112.35682926829269,5.716585365853646,40.60658536585366,43.649878048780494,-3.0432926829268325,27.854999999999997,24.733170731707318,3.1218292682926787,13.613414634146341,14.24670731707317,-0.6332926829268288,-4.006463414634146,2.581341463414634,-6.58780487804878,-4.006463414634146,2.581341463414634,-6.58780487804878,0.4,0.6,-0.19999999999999996,1584.536807183581,1491.751503740734,92.78530344284695
statline_pregame_svm,2025-26,22500555,2026-01-11,1610612756,1610612764,PHX,WAS,Phoenix Suns,Washington Wizards,PHX vs. WAS,WAS @ PHX,1,last_avg_15pct_current_momentum_85pct_plus_elo,0.85,0.15,20,0.46909609756097553,0.4652814634146341,0.0038146341463414224,0.36912060975609756,0.3576463414634146,0.011474268292682943,0.7926653658536585,0.830285243902439,-0.03761987804878042,115.72829268292682,113.86500000000001,1.8632926829268115,46.06817073170732,44.719268292682926,1.3489024390243927,25.925243902439025,24.929634146341463,0.9956097560975614,14.179146341463413,15.849146341463415,-1.6700000000000017,7.115,-5.690853658536585,12.805853658536584,7.115,-5.690853658536585,12.805853658536584,0.8,0.5,0.30000000000000004,1561.6267610046723,1330.1948649724,231.43189603227233
statline_pregame_svm,2025-26,22500556,2026-01-11,1610612744,1610612737,GSW,ATL,Golden State Warriors,Atlanta Hawks,GSW vs. ATL,ATL @ GSW,0,last_avg_15pct_current_momentum_85pct_plus_elo,0.85,0.15,20,0.4728478048780488,0.47113829268292684,0.0017095121951219427,0.35195731707317074,0.3750291463414634,-0.023071829268292654,0.8251801219512196,0.7129425609756098,0.11223756097560977,119.15390243902439,117.09243902439025,2.0614634146341473,42.93170731707317,42.714999999999996,0.2167073170731726,30.204634146341462,31.55280487804878,-1.3481707317073166,13.837317073170732,14.398658536585364,-0.5613414634146316,4.8307317073170735,0.5948780487804879,4.235853658536586,4.8307317073170735,0.5948780487804879,4.235853658536586,0.7,0.4,0.29999999999999993,1550.4039220120767,1472.647198945147,77.75672306692968
statline_pregame_svm,2025-26,22500557,2026-01-11,1610612758,1610612745,SAC,HOU,Sacramento Kings,Houston Rockets,SAC vs. HOU,HOU @ SAC,1,last_avg_15pct_current_momentum_85pct_plus_elo,0.85,0.15,20,0.4524041463414634,0.4744832926829268,-0.022079146341463407,0.32564585365853654,0.32751548780487805,-0.0018696341463415034,0.7789792682926829,0.7342675609756097,0.04471170731707319,107.71475609756097,112.76890243902439,-5.054146341463422,41.564268292682925,49.599512195121946,-8.03524390243902,24.45268292682927,23.98621951219512,0.4664634146341484,13.897560975609757,14.493536585365854,-0.5959756097560973,-13.613658536585366,4.076829268292682,-17.690487804878046,-13.613658536585366,4.076829268292682,-17.690487804878046,0.2,0.5,-0.3,1376.2928654097443,1572.7980251272118,-196.50515971746745
statline_pregame_svm,2025-26,22500558,2026-01-12,1610612739,1610612762,CLE,UTA,Cleveland Cavaliers,Utah Jazz,CLE vs. UTA,UTA @ CLE,0,last_avg_15pct_current_momentum_85pct_plus_elo,0.85,0.15,20,0.5012676829268292,0.4734469512195122,0.027820731707317026,0.3811164634146341,0.34983853658536584,0.03127792682926828,0.7672847560975609,0.7847201219512194,-0.01743536585365857,121.82085365853658,116.48853658536585,5.332317073170728,45.315365853658534,41.74719512195122,3.568170731707312,30.56463414634146,29.328658536585365,1.235975609756096,14.474268292682925,15.502926829268292,-1.0286585365853664,4.830487804878048,-10.49621951219512,15.326707317073168,4.830487804878048,-10.49621951219512,15.326707317073168,0.6,0.3,0.3,1575.077010564067,1365.174809995366,209.9022005687009
statline_pregame_svm,2025-26,22500559,2026-01-12,1610612754,1610612738,IND,BOS,Indiana Pacers,Boston Celtics,IND vs. BOS,BOS @ IND,1,last_avg_15pct_current_momentum_85pct_plus_elo,0.85,0.15,20,0.4816871951219512,0.4781482926829268,0.003538902439024383,0.39689256097560976,0.38941097560975607,0.0074815853658536935,0.7776987804878048,0.8028242682926829,-0.02512548780487811,115.69487804878048,118.67524390243902,-2.9803658536585402,39.849390243902434,45.89756097560976,-6.048170731707323,28.951585365853656,23.811951219512192,5.139634146341464,15.069268292682926,11.554878048780488,3.5143902439024384,-5.275243902439024,8.846463414634147,-14.12170731707317,-5.275243902439024,8.846463414634147,-14.12170731707317,0.2,0.7,-0.49999999999999994,1403.6721439090375,1627.6163890843814,-223.9442451753439
statline_pregame_svm,2025-26,22500560,2026-01-12,1610612761,1610612755,TOR,PHI,Toronto Raptors,Philadelphia 76ers,TOR vs. PHI,PHI @ TOR,0,last_avg_15pct_current_momentum_85pct_plus_elo,0.85,0.15,20,0.45527926829268295,0.4603367073170732,-0.0050574390243902645,0.3048320731707317,0.3301720731707317,-0.02534000000000003,0.806400975609756,0.8151509756097561,-0.008750000000000147,115.39987804878048,116.48646341463414,-1.086585365853665,45.95329268292683,42.51890243902439,3.434390243902442,29.10048780487805,22.77243902439024,6.3280487804878085,11.989390243902438,14.19829268292683,-2.208902439024392,2.841097560975609,0.7652439024390244,2.0758536585365848,2.841097560975609,0.7652439024390244,2.0758536585365848,0.7,0.5,0.19999999999999996,1510.660312359164,1461.6828873113018,48.9774250478622
statline_pregame_svm,2025-26,22500561,2026-01-12,1610612742,1610612751,DAL,BKN,Dallas Mavericks,Brooklyn Nets,DAL vs. BKN,BKN @ DAL,1,last_avg_15pct_current_momentum_85pct_plus_elo,0.85,0.15,20,0.4866025609756097,0.44551292682926824,0.04108963414634148,0.35186768292682924,0.3465580487804878,0.0053096341463414465,0.7481181707317073,0.7667487804878048,-0.018630609756097538,113.00926829268292,106.54646341463415,6.462804878048772,45.21731707317073,39.34573170731707,5.871585365853662,25.716585365853657,24.853780487804876,0.8628048780487809,15.11048780487805,15.36560975609756,-0.2551219512195111,-4.514268292682927,-3.446463414634146,-1.067804878048781,-4.514268292682927,-3.446463414634146,-1.067804878048781,0.3,0.4,-0.10000000000000003,1412.8426117204394,1353.4100808234914,59.43253089694804
statline_pregame_svm,2025-26,22500562,2026-01-12,1610612758,1610612747,SAC,LAL,Sacramento Kings,Los Angeles Lakers,SAC vs. LAL,LAL @ SAC,1,last_avg_15pct_current_momentum_85pct_plus_elo,0.85,0.15,20,0.45418914634146335,0.47493560975609755,-0.02074646341463421,0.32335085365853655,0.3260370731707317,-0.002686219512195165,0.7837392682926829,0.7117084146341464,0.07203085365853656,106.52475609756098,108.29853658536587,-1.7737804878048848,40.71426829268293,40.449024390243906,0.26524390243902474,24.11268292682927,24.298170731707316,-0.18548780487804706,13.727560975609757,15.43951219512195,-1.7119512195121924,-12.593658536585364,-4.832073170731708,-7.761585365853656,-12.593658536585364,-4.832073170731708,-7.761585365853656,0.2,0.4,-0.2,1391.413977559803,1572.2895942014256,-180.87561664162263
statline_pregame_svm,2025-26,22500563,2026-01-12,1610612746,1610612766,LAC,CHA,Los Angeles Clippers,Charlotte Hornets,LAC vs. CHA,CHA @ LAC,1,last_avg_15pct_current_momentum_85pct_plus_elo,0.85,0.15,20,0.4904946341463415,0.46295268292682923,0.02754195121951225,0.411040243902439,0.40129109756097564,0.009749146341463344,0.858366219512195,0.7963839024390245,0.06198231707317059,115.19170731707317,117.67963414634147,-2.4879268292683037,39.03890243902439,47.66426829268293,-8.625365853658536,23.325609756097563,27.362560975609757,-4.0369512195121935,13.28170731707317,14.48,-1.19829268292683,8.093780487804878,7.643536585365854,0.45024390243902435,8.093780487804878,7.643536585365854,0.45024390243902435,0.8,0.5,0.30000000000000004,1529.8109057139936,1358.3834791225208,171.4274265914728
statline_pregame_svm,2025-26,22500564,2026-01-13,1610612748,1610612756,MIA,PHX,Miami Heat,Phoenix Suns,MIA vs. PHX,PHX @ MIA,1,last_avg_15pct_current_momentum_85pct_plus_elo,0.85,0.15,20,0.45892670731707313,0.4549010975609756,0.004025609756097559,0.3591712195121951,0.3618956097560976,-0.0027243902439024748,0.8112589024390243,0.7832303658536586,0.02802853658536575,115.95463414634148,114.02829268292683,1.9263414634146443,45.09853658536585,47.173170731707316,-2.0746341463414666,27.932195121951217,25.670243902439022,2.261951219512195,16.14780487804878,14.349146341463415,1.798658536585366,-0.34085365853658534,6.6899999999999995,-7.030853658536585,-0.34085365853658534,6.6899999999999995,-7.030853658536585,0.5,0.8,-0.30000000000000004,1483.2761088715556,1565.8025787550844,-82.52646988352876
statline_pregame_svm,2025-26,22500565,2026-01-13,1610612745,1610612741,HOU,CHI,Houston Rockets,Chicago Bulls,HOU vs. CHI,CHI @ HOU,1,last_avg_15pct_current_momentum_85pct_plus_elo,0.85,0.15,20,0.47023329268292674,0.4629478048780487,0.0072854878048780325,0.31153548780487805,0.3418876829268293,-0.030352195121951253,0.7261925609756097,0.7895789024390244,-0.06338634146341471,110.5589024390244,112.19073170731707,-1.6318292682926767,49.34451219512194,47.2530487804878,2.0914634146341413,23.30621951219512,29.689146341463413,-6.382926829268293,14.323536585365854,14.015609756097561,0.3079268292682933,3.0568292682926828,-3.2091463414634145,6.265975609756097,3.0568292682926828,-3.2091463414634145,6.265975609756097,0.5,0.5,0.0,1557.676912977153,1472.9558431840053,84.72106979314776
statline_pregame_svm,2025-26,22500566,2026-01-13,1610612749,1610612750,MIL,MIN,Milwaukee Bucks,Minnesota Timberwolves,MIL vs. MIN,MIN @ MIL,0,last_avg_15pct_current_momentum_85pct_plus_elo,0.85,0.15,20,0.4834164634146342,0.4987171951219511,-0.015300731707316939,0.3844820731707317,0.3727591463414634,0.011722926829268288,0.7614160975609756,0.7427737804878047,0.018642317073170878,112.69682926829269,122.54390243902438,-9.84707317073169,43.05487804878049,45.91756097560976,-2.8626829268292724,24.903170731707316,27.80329268292683,-2.900121951219514,13.651707317073171,13.134512195121951,0.5171951219512199,2.496341463414634,5.255,-2.758658536585366,2.496341463414634,5.255,-2.758658536585366,0.6,0.6,0.0,1484.3603515580648,1611.0935466473559,-126.73319508929103
statline_pregame_svm,2025-26,22500567,2026-01-13,1610612740,1610612743,NOP,DEN,New Orleans Pelicans,Denver Nuggets,NOP vs. DEN,DEN @ NOP,0,last_avg_15pct_current_momentum_85pct_plus_elo,0.85,0.15,20,0.465414512195122,0.47015390243902444,-0.004739390243902464,0.3324830487804878,0.3856096341463414,-0.05312658536585363,0.7417524390243903,0.8017417073170732,-0.05998926829268292,112.43939024390244,116.20341463414634,-3.764024390243904,42.41146341463415,41.541585365853656,0.8698780487804925,25.21121951219512,26.494999999999997,-1.2837804878048757,15.626951219512195,13.103414634146342,2.5235365853658536,-8.469024390243902,-3.5814634146341464,-4.887560975609755,-8.469024390243902,-3.5814634146341464,-4.887560975609755,0.1,0.5,-0.4,1314.3161027500023,1591.9279593662502,-277.6118566162479
statline_pregame_svm,2025-26,22500568,2026-01-13,1610612760,1610612759,OKC,SAS,Oklahoma City Thunder,San Antonio Spurs,OKC vs. SAS,SAS @ OKC,1,last_avg_15pct_current_momentum_85pct_plus_elo,0.85,0.15,20,0.47793097560975606,0.4418782926829268,0.03605268292682928,0.3149569512195122,0.29492719512195126,0.02002975609756097,0.8060873170731707,0.8083913414634146,-0.0023040243902439084,119.905,111.7790243902439,8.125975609756097,42.332073170731704,48.54060975609755,-6.208536585365849,25.363048780487805,24.44012195121951,0.9229268292682953,11.192926829268291,12.62170731707317,-1.4287804878048789,8.219878048780487,0.9465853658536587,7.273292682926828,8.219878048780487,0.9465853658536587,7.273292682926828,0.7,0.5,0.19999999999999996,1735.2198712283773,1577.4667676177908,157.75310361058655
statline_pregame_svm,2025-26,22500569,2026-01-13,1610612747,1610612737,LAL,ATL,Los Angeles Lakers,Atlanta Hawks,LAL vs. ATL,ATL @ LAL,1,last_avg_15pct_current_momentum_85pct_plus_elo,0.85,0.15,20,0.48360560975609757,0.4697782926829268,0.013827317073170753,0.3314770731707317,0.37944914634146343,-0.04797207317073171,0.7267534146341462,0.7154925609756098,0.011260853658536463,110.33853658536586,117.17743902439025,-6.838902439024395,40.10902439024391,43.394999999999996,-3.285975609756086,24.723170731707317,31.127804878048778,-6.404634146341461,15.35451219512195,14.143658536585365,1.2108536585365854,-4.577073170731707,1.9548780487804878,-6.531951219512195,-4.577073170731707,1.9548780487804878,-6.531951219512195,0.4,0.5,-0.09999999999999998,1557.5079501418547,1484.8485856696955,72.65936447215927
statline_pregame_svm,2025-26,22500570,2026-01-13,1610612744,1610612757,GSW,POR,Golden State Warriors,Portland Trail Blazers,GSW vs. POR,POR @ GSW,1,last_avg_15pct_current_momentum_85pct_plus_elo,0.85,0.15,20,0.4685978048780488,0.4524624390243903,0.01613536585365849,0.34694231707317075,0.36446109756097567,-0.01751878048780492,0.8338501219512195,0.7674936585365852,0.0663564634146343,118.38890243902438,113.44853658536584,4.940365853658534,43.01670731707317,45.05024390243902,-2.0335365853658516,29.77963414634146,24.820731707317073,4.9589024390243885,14.092317073170731,15.314512195121951,-1.22219512195122,1.770731707317073,-0.44634146341463415,2.217073170731707,1.770731707317073,-0.44634146341463415,2.217073170731707,0.6,0.7,-0.09999999999999998,1538.2025352875282,1519.2426729728759,18.959862314652355
statline_pregame_svm,2025-26,22500571,2026-01-14,1610612754,1610612761,IND,TOR,Indiana Pacers,Toronto Raptors,IND vs. TOR,TOR @ IND,0,last_avg_15pct_current_momentum_85pct_plus_elo,0.85,0.15,20,0.4865321951219512,0.4489042682926829,0.037627926829268354,0.41168256097560973,0.2873220731707317,0.12436048780487802,0.7828837804878048,0.8056359756097562,-0.02275219512195137,116.03487804878048,114.54987804878049,1.4849999999999994,39.849390243902434,44.933292682926826,-5.083902439024392,29.716585365853657,29.10048780487805,0.6160975609756072,15.069268292682926,11.309390243902438,3.7598780487804877,-3.6602439024390243,-0.04890243902439029,-3.611341463414634,-3.6602439024390243,-0.04890243902439029,-3.611341463414634,0.3,0.6,-0.3,1419.3521306623936,1499.2598928981245,-79.90776223573084
statline_pregame_svm,2025-26,22500572,2026-01-14,1610612755,1610612739,PHI,CLE,Philadelphia 76ers,Cleveland Cavaliers,PHI vs. CLE,CLE @ PHI,0,last_avg_15pct_current_momentum_85pct_plus_elo,0.85,0.15,20,0.4705367073170732,0.4938726829268292,-0.023335975609755977,0.3458970731707317,0.38171146341463413,-0.03581439024390243,0.8189759756097561,0.7827547560975608,0.03622121951219526,117.25146341463413,119.35585365853657,-2.1043902439024436,41.92390243902439,43.70036585365854,-1.7764634146341507,23.36743902439024,29.969634146341463,-6.6021951219512225,14.113292682926827,14.559268292682926,-0.44597560975609873,2.550243902439024,1.9404878048780487,0.6097560975609753,2.550243902439024,1.9404878048780487,0.6097560975609753,0.6,0.5,0.09999999999999998,1473.0833067723413,1559.6770708168956,-86.59376404455429
statline_pregame_svm,2025-26,22500573,2026-01-14,1610612741,1610612762,CHI,UTA,Chicago Bulls,Utah Jazz,CHI vs. UTA,UTA @ CHI,1,last_avg_15pct_current_momentum_85pct_plus_elo,0.85,0.15,20,0.4570828048780488,0.47667695121951215,-0.019594146341463337,0.34112268292682923,0.3568935365853659,-0.015770853658536643,0.7960389024390243,0.7850601219512195,0.010978780487804762,111.08573170731708,116.06353658536585,-4.977804878048772,46.5730487804878,42.59719512195122,3.975853658536579,28.754146341463414,29.583658536585364,-0.82951219512195,13.25060975609756,16.01292682926829,-2.762317073170731,-3.974146341463415,-8.79621951219512,4.822073170731706,-3.974146341463415,-8.79621951219512,4.822073170731706,0.4,0.4,0.0,1465.3471026281363,1380.5747497425375,84.77235288559882
statline_pregame_svm,2025-26,22500574,2026-01-14,1610612740,1610612751,NOP,BKN,New Orleans Pelicans,Brooklyn Nets,NOP vs. BKN,BKN @ NOP,1,last_avg_15pct_current_momentum_85pct_plus_elo,0.85,0.15,20,0.4662645121951219,0.4443229268292683,0.021941585365853555,0.3476980487804878,0.3332130487804878,0.014485000000000026,0.7652124390243903,0.7794987804878049,-0.014286341463414565,113.11939024390243,107.31146341463415,5.807926829268283,43.516463414634146,38.920731707317074,4.595731707317071,25.12621951219512,24.343780487804878,0.7824390243902428,15.881951219512196,14.94060975609756,0.941341463414636,-8.384024390243901,-5.401463414634146,-2.982560975609755,-8.384024390243901,-5.401463414634146,-2.982560975609755,0.1,0.3,-0.19999999999999998,1310.9510505802593,1345.1041944884264,-34.15314390816707
statline_pregame_svm,2025-26,22500575,2026-01-14,1610612742,1610612743,DAL,DEN,Dallas Mavericks,Denver Nuggets,DAL vs. DEN,DEN @ DAL,0,last_avg_15pct_current_momentum_85pct_plus_elo,0.85,0.15,20,0.4920425609756097,0.47210890243902437,0.019933658536585352,0.36359768292682926,0.38203963414634146,-0.018441951219512198,0.7673281707317072,0.7938367073170731,-0.026508536585365894,113.00926829268292,114.50341463414634,-1.49414634146342,43.51731707317073,40.43658536585365,3.080731707317078,25.631585365853656,25.9,-0.2684146341463425,14.855487804878049,12.253414634146342,2.602073170731707,-3.324268292682927,-3.4114634146341465,0.0871951219512197,-3.324268292682927,-3.4114634146341465,0.0871951219512197,0.4,0.5,-0.09999999999999998,1421.1484980555044,1595.2930115359932,-174.14451348048874
statline_pregame_svm,2025-26,22500576,2026-01-14,1610612758,1610612752,SAC,NYK,Sacramento Kings,New York Knicks,SAC vs. NYK,NYK @ SAC,1,last_avg_15pct_current_momentum_85pct_plus_elo,0.85,0.15,20,0.46506914634146335,0.4605156097560975,0.004553536585365836,0.35063585365853656,0.389409756097561,-0.038773902439024455,0.7770242682926829,0.8457539024390243,-0.06872963414634137,106.26975609756097,117.4120731707317,-11.14231707317073,39.86426829268292,44.561951219512196,-4.697682926829273,23.857682926829266,27.243170731707316,-3.38548780487805,13.897560975609757,13.805243902439024,0.09231707317073301,-10.808658536585366,-1.9353658536585363,-8.873292682926829,-10.808658536585366,-1.9353658536585363,-8.873292682926829,0.3,0.5,-0.2,1406.195621619374,1576.238098057916,-170.04247643854205
statline_pregame_svm,2025-26,22500577,2026-01-14,1610612746,1610612764,LAC,WAS,Los Angeles Clippers,Washington Wizards,LAC vs. WAS,WAS @ LAC,1,last_avg_15pct_current_momentum_85pct_plus_elo,0.85,0.15,20,0.48207963414634153,0.4638364634146341,0.018243170731707448,0.396250243902439,0.3531413414634146,0.04310890243902443,0.8516512195121951,0.8450752439024389,0.006575975609756202,114.25670731707316,112.505,1.7517073170731692,39.29390243902439,44.719268292682926,-5.425365853658533,23.07060975609756,24.929634146341463,-1.8590243902439028,12.856707317073171,17.294146341463417,-4.437439024390246,7.0737804878048784,-5.860853658536586,12.934634146341464,7.0737804878048784,-5.860853658536586,12.934634146341464,0.8,0.5,0.30000000000000004,1535.2417360421107,1326.0190472219879,209.2226888201228
statline_pregame_svm,2025-26,22500579,2026-01-15,1610612765,1610612756,DET,PHX,Detroit Pistons,Phoenix Suns,DET vs. PHX,PHX @ DET,1,last_avg_15pct_current_momentum_85pct_plus_elo,0.85,0.15,20,0.4848401219512195,0.4503960975609756,0.03444402439024391,0.36767402439024394,0.3697156097560975,-0.002041585365853582,0.7614825609756097,0.7993803658536585,-0.037897804878048724,114.99000000000001,114.53829268292684,0.451707317073172,43.093414634146335,46.83317073170732,-3.739756097560985,28.015365853658537,25.330243902439022,2.6851219512195144,16.08487804878049,13.924146341463414,2.1607317073170744,5.555365853658536,5.584999999999999,-0.029634146341463108,5.555365853658536,5.584999999999999,-0.029634146341463108,0.6,0.7,-0.09999999999999998,1607.8025691615003,1553.470962379349,54.33160678215131
statline_pregame_svm,2025-26,22500580,2026-01-15,1610612748,1610612738,MIA,BOS,Miami Heat,Boston Celtics,MIA vs. BOS,BOS @ MIA,0,last_avg_15pct_current_momentum_85pct_plus_elo,0.85,0.15,20,0.4691267073170732,0.48052829268292685,-0.011401585365853673,0.36554621951219507,0.3860109756097561,-0.020464756097561043,0.8085389024390244,0.7973842682926829,0.011154634146341436,119.01463414634146,118.08024390243902,0.9343902439024419,45.18353658536585,45.642560975609754,-0.4590243902439042,28.78219512195122,24.066951219512195,4.715243902439024,15.63780487804878,11.469878048780487,4.167926829268293,1.9541463414634148,7.996463414634146,-6.042317073170731,1.9541463414634148,7.996463414634146,-6.042317073170731,0.6,0.6,0.0,1495.607725247291,1611.9364023310252,-116.32867708373419
statline_pregame_svm,2025-26,22500581,2026-01-15,1610612745,1610612760,HOU,OKC,Houston Rockets,Oklahoma City Thunder,HOU vs. OKC,OKC @ HOU,0,last_avg_15pct_current_momentum_85pct_plus_elo,0.85,0.15,20,0.47116829268292676,0.48898097560975606,-0.017812682926829304,0.31085548780487804,0.3249019512195122,-0.01404646341463417,0.7293375609756098,0.8238523170731706,-0.09451475609756088,111.49390243902438,121.35,-9.856097560975613,50.02451219512194,41.90707317073171,8.117439024390237,23.22121951219512,25.618048780487804,-2.3968292682926844,13.983536585365854,11.532926829268293,2.4506097560975615,5.266829268292683,11.279878048780487,-6.013048780487805,5.266829268292683,11.279878048780487,-6.013048780487805,0.6,0.8,-0.20000000000000007,1565.285653533022,1740.9676476603477,-175.68199412732565
statline_pregame_svm,2025-26,22500582,2026-01-15,1610612759,1610612749,SAS,MIL,San Antonio Spurs,Milwaukee Bucks,SAS vs. MIL,MIL @ SAS,1,last_avg_15pct_current_momentum_85pct_plus_elo,0.85,0.15,20,0.4303182926829269,0.4808664634146341,-0.050548170731707254,0.2925471951219512,0.3868620731707317,-0.09431487804878047,0.8038013414634148,0.7504510975609756,0.05335024390243914,110.1640243902439,112.27182926829268,-2.107804878048782,47.94560975609757,41.69487804878049,6.25073170731708,24.52512195121951,25.668170731707317,-1.1430487804878062,12.536707317073171,14.076707317073168,-1.5399999999999974,-2.1134146341463413,-1.7536585365853659,-0.3597560975609755,-2.1134146341463413,-1.7536585365853659,-0.3597560975609755,0.4,0.5,-0.09999999999999998,1571.7189911858204,1477.8544156475548,93.86457553826563
statline_pregame_svm,2025-26,22500583,2026-01-15,1610612742,1610612762,DAL,UTA,Dallas Mavericks,Utah Jazz,DAL vs. UTA,UTA @ DAL,1,last_avg_15pct_current_momentum_85pct_plus_elo,0.85,0.15,20,0.4810775609756097,0.48160695121951225,-0.0005293902439025278,0.34149768292682925,0.34091353658536583,0.0005841463414634207,0.7447181707317073,0.7788551219512194,-0.0341369512195121,111.13926829268291,115.63853658536584,-4.4992682926829275,44.45231707317073,42.08719512195122,2.365121951219514,24.101585365853655,29.158658536585364,-5.057073170731709,14.430487804878048,15.587926829268293,-1.1574390243902446,-4.174268292682927,-9.13621951219512,4.961951219512193,-4.174268292682927,-9.13621951219512,4.961951219512193,0.3,0.3,0.0,1415.779323302683,1372.967400781483,42.811922521199904
statline_pregame_svm,2025-26,22500584,2026-01-15,1610612744,1610612752,GSW,NYK,Golden State Warriors,New York Knicks,GSW vs. NYK,NYK @ GSW,1,last_avg_15pct_current_momentum_85pct_plus_elo,0.85,0.15,20,0.47097780487804874,0.45388560975609754,0.017092195121951204,0.35748231707317074,0.365439756097561,-0.007957439024390278,0.8338501219512195,0.8354689024390245,-0.0016187804878049494,117.79390243902438,115.2870731707317,2.5068292682926767,41.74170731707317,44.7319512195122,-2.990243902439026,29.864634146341462,26.81817073170732,3.046463414634143,14.347317073170732,13.465243902439024,0.882073170731708,2.790731707317073,-3.0403658536585363,5.831097560975609,2.790731707317073,-3.0403658536585363,5.831097560975609,0.6,0.4,0.19999999999999996,1547.6573676420796,1561.7005257102026,-14.04315806812292
statline_pregame_svm,2025-26,22500585,2026-01-15,1610612757,1610612737,POR,ATL,Portland Trail Blazers,Atlanta Hawks,POR vs. ATL,ATL @ POR,1,last_avg_15pct_current_momentum_85pct_plus_elo,0.85,0.15,20,0.45110243902439023,0.4679932926829268,-0.016890853658536542,0.3549410975609756,0.3751991463414634,-0.020258048780487814,0.7645186585365853,0.6999375609756098,0.06458109756097552,112.93853658536585,117.60243902439024,-4.663902439024383,45.22024390243902,42.545,2.6752439024390213,24.56573170731707,31.46780487804878,-6.902073170731711,15.909512195121952,12.868658536585365,3.0408536585365873,-0.9563414634146341,1.1048780487804877,-2.061219512195122,-0.9563414634146341,1.1048780487804877,-2.061219512195122,0.7,0.5,0.19999999999999996,1509.7878406183245,1476.9099262575373,32.877914360787145
statline_pregame_svm,2025-26,22500586,2026-01-15,1610612747,1610612766,LAL,CHA,Los Angeles Lakers,Charlotte Hornets,LAL vs. CHA,CHA @ LAL,0,last_avg_15pct_current_momentum_85pct_plus_elo,0.85,0.15,20,0.4918506097560975,0.4660976829268293,0.02575292682926822,0.3471170731707317,0.3930460975609756,-0.04592902439024388,0.7476634146341463,0.7921339024390244,-0.044470487804878056,113.14353658536584,116.23463414634146,-3.0910975609756264,40.8740243902439,47.494268292682925,-6.620243902439022,25.913170731707314,26.427560975609758,-0.5143902439024437,15.26951219512195,14.905,0.3645121951219501,-0.4120731707317073,5.518536585365854,-5.930609756097561,-0.4120731707317073,5.518536585365854,-5.930609756097561,0.5,0.4,0.09999999999999998,1565.4466095540129,1352.9526487944038,212.49396075960908
statline_pregame_svm,2025-26,22500587,2026-01-16,1610612751,1610612741,BKN,CHI,Brooklyn Nets,Chicago Bulls,BKN vs. CHI,CHI @ BKN,1,last_avg_15pct_current_momentum_85pct_plus_elo,0.85,0.15,20,0.44831792682926824,0.4629478048780487,-0.014629878048780465,0.3327030487804878,0.3457126829268293,-0.013009634146341487,0.7595237804878048,0.8002889024390243,-0.04076512195121951,107.22646341463414,112.70073170731708,-5.474268292682936,39.26073170731707,45.8080487804878,-6.547317073170731,24.343780487804878,29.179146341463415,-4.835365853658537,14.26060975609756,13.335609756097561,0.9249999999999989,-6.336463414634146,-4.399146341463415,-1.937317073170731,-6.336463414634146,-4.399146341463415,-1.937317073170731,0.2,0.4,-0.2,1334.124342067066,1472.9544515891907,-138.83010952212476
statline_pregame_svm,2025-26,22500588,2026-01-16,1610612754,1610612740,IND,NOP,Indiana Pacers,New Orleans Pelicans,IND vs. NOP,NOP @ IND,1,last_avg_15pct_current_momentum_85pct_plus_elo,0.85,0.15,20,0.47718219512195115,0.46677451219512195,0.010407682926829198,0.4012275609756098,0.3476980487804878,0.053529512195121975,0.777953780487805,0.7550974390243903,0.022856341463414642,114.24987804878049,113.28939024390243,0.9604878048780563,40.784390243902436,44.36646341463414,-3.5820731707317037,29.461585365853658,25.80621951219512,3.6553658536585374,14.814268292682925,15.541951219512194,-0.727682926829269,-3.320243902439024,-7.364024390243903,4.043780487804879,-3.320243902439024,-7.364024390243903,4.043780487804879,0.3,0.2,0.09999999999999998,1411.6123480238866,1321.9309030016198,89.68144502226687
statline_pregame_svm,2025-26,22500589,2026-01-16,1610612755,1610612739,PHI,CLE,Philadelphia 76ers,Cleveland Cavaliers,PHI vs. CLE,CLE @ PHI,0,last_avg_15pct_current_momentum_85pct_plus_elo,0.85,0.15,20,0.4729167073170732,0.4941276829268292,-0.02121097560975599,0.3456420731707317,0.3812014634146341,-0.03555939024390242,0.8198259756097561,0.7739147560975609,0.045911219512195234,117.67646341463414,120.12085365853659,-2.444390243902447,41.583902439024385,44.29536585365854,-2.711463414634153,23.36743902439024,30.90463414634146,-7.537195121951221,14.368292682926828,14.729268292682926,-0.3609756097560979,0.9352439024390246,4.320487804878049,-3.385243902439024,0.9352439024390246,4.320487804878049,-3.385243902439024,0.6,0.6,0.0,1465.5253186887662,1567.2350589004707,-101.70974021170446
statline_pregame_svm,2025-26,22500590,2026-01-16,1610612761,1610612746,TOR,LAC,Toronto Raptors,Los Angeles Clippers,TOR vs. LAC,LAC @ TOR,0,last_avg_15pct_current_momentum_85pct_plus_elo,0.85,0.15,20,0.4534942682926829,0.4789346341463415,-0.02544036585365861,0.2893620731707317,0.385880243902439,-0.09651817073170732,0.7825159756097562,0.8571762195121951,-0.07466024390243897,114.37987804878048,114.25670731707316,0.12317073170731874,46.293292682926825,39.973902439024386,6.31939024390244,29.44048780487805,23.410609756097564,6.0298780487804855,11.394390243902437,12.60170731707317,-1.2073170731707332,2.9260975609756095,6.9037804878048785,-3.977682926829269,2.9260975609756095,6.9037804878048785,-3.977682926829269,0.7,0.8,-0.10000000000000009,1506.9996755366315,1539.8556658831462,-32.85599034651477
statline_pregame_svm,2025-26,22500591,2026-01-16,1610612745,1610612750,HOU,MIN,Houston Rockets,Minnesota Timberwolves,HOU vs. MIN,MIN @ HOU,1,last_avg_15pct_current_momentum_85pct_plus_elo,0.85,0.15,20,0.45450829268292686,0.5078971951219512,-0.05338890243902433,0.307370487804878,0.3946041463414634,-0.08723365853658538,0.7323125609756096,0.7243287804878048,0.007983780487804792,109.11390243902439,122.62890243902439,-13.515,51.044512195121946,45.66256097560976,5.381951219512189,22.62621951219512,28.31329268292683,-5.687073170731708,13.983536585365854,13.21951219512195,0.7640243902439039,1.611829268292683,8.399999999999999,-6.788170731707316,1.611829268292683,8.399999999999999,-6.788170731707316,0.5,0.7,-0.19999999999999996,1559.9511700205567,1617.599482557866,-57.648312537309266
statline_pregame_svm,2025-26,22500592,2026-01-16,1610612758,1610612764,SAC,WAS,Sacramento Kings,Washington Wizards,SAC vs. WAS,WAS @ SAC,1,last_avg_15pct_current_momentum_85pct_plus_elo,0.85,0.15,20,0.4684691463414634,0.4521914634146342,0.01627768292682924,0.34409085365853653,0.33682134146341464,0.007269512195121897,0.784844268292683,0.8392952439024389,-0.05445097560975598,106.18475609756098,109.7,-3.5152439024390247,39.69426829268292,44.29426829268292,-4.600000000000001,23.09268292682927,24.844634146341463,-1.7519512195121933,14.407560975609757,17.039146341463415,-2.631585365853658,-10.383658536585365,-8.835853658536584,-1.5478048780487814,-10.383658536585365,-8.835853658536584,-1.5478048780487814,0.3,0.4,-0.10000000000000003,1420.7331939670873,1321.4051173809523,99.32807658613501
statline_pregame_svm,2025-26,22500593,2026-01-17,1610612742,1610612762,DAL,UTA,Dallas Mavericks,Utah Jazz,DAL vs. UTA,UTA @ DAL,1,last_avg_15pct_current_momentum_85pct_plus_elo,0.85,0.15,20,0.48243756097560975,0.47718695121951216,0.005250609756097591,0.35229268292682925,0.32552853658536585,0.026764146341463402,0.7550881707317073,0.7800451219512194,-0.024956951219512136,113.51926829268292,115.21353658536584,-1.6942682926829207,44.87731707317073,42.25719512195122,2.6201219512195095,25.716585365853657,29.073658536585363,-3.357073170731706,14.600487804878048,15.672926829268292,-1.0724390243902437,-1.4542682926829267,-12.11121951219512,10.656951219512194,-1.4542682926829267,-12.11121951219512,10.656951219512194,0.4,0.2,0.2,1424.5532961041292,1364.1934279800369,60.35986812409237
statline_pregame_svm,2025-26,22500594,2026-01-17,1610612737,1610612738,ATL,BOS,Atlanta Hawks,Boston Celtics,ATL vs. BOS,BOS @ ATL,0,last_avg_15pct_current_momentum_85pct_plus_elo,0.85,0.15,20,0.4636582926829268,0.4707532926829268,-0.007095000000000018,0.3686541463414634,0.3707109756097561,-0.0020568292682927036,0.6963675609756098,0.813959268292683,-0.11759170731707314,115.56243902439024,116.29524390243901,-0.7328048780487677,42.8,46.322560975609754,-3.522560975609757,30.61780487804878,23.726951219512195,6.890853658536585,13.548658536585364,11.384878048780488,2.1637804878048765,-0.00012195121951216747,6.891463414634146,-6.891585365853658,-0.00012195121951216747,6.891463414634146,-6.891585365853658,0.5,0.6,-0.09999999999999998,1467.8534141066168,1618.7079438523879,-150.85452974577106
statline_pregame_svm,2025-26,22500595,2026-01-17,1610612765,1610612754,DET,IND,Detroit Pistons,Indiana Pacers,DET vs. IND,IND @ DET,1,last_avg_15pct_current_momentum_85pct_plus_elo,0.85,0.15,20,0.48764512195121956,0.4788821951219512,0.00876292682926838,0.3717540243902439,0.40403256097560974,-0.032278536585365836,0.7612275609756097,0.7708987804878048,-0.009671219512195073,114.82000000000001,115.18487804878049,-0.3648780487804828,43.60341463414634,40.614390243902434,2.9890243902439053,27.760365853658538,30.056585365853657,-2.296219512195119,16.679878048780488,13.199268292682925,3.4806097560975626,5.130365853658536,-0.4302439024390244,5.560609756097561,5.130365853658536,-0.4302439024390244,5.560609756097561,0.6,0.4,0.19999999999999996,1616.2514035076354,1419.0869484001707,197.16445510746462
statline_pregame_svm,2025-26,22500596,2026-01-17,1610612752,1610612756,NYK,PHX,New York Knicks,Phoenix Suns,NYK vs. PHX,PHX @ NYK,0,last_avg_15pct_current_momentum_85pct_plus_elo,0.85,0.15,20,0.45465060975609756,0.44657109756097557,0.008079512195121985,0.36705475609756094,0.36249060975609754,0.004564146341463404,0.8307939024390243,0.7956403658536585,0.0351535365853658,114.0120731707317,113.00829268292684,1.0037804878048604,43.5419512195122,45.64317073170732,-2.1012195121951223,26.90317073170732,24.90524390243902,1.9979268292682981,13.295243902439024,13.669146341463414,-0.37390243902438947,-4.4003658536585375,4.565,-8.965365853658538,-4.4003658536585375,4.565,-8.965365853658538,0.3,0.6,-0.3,1551.296551101412,1545.022128033214,6.274423068198075
statline_pregame_svm,2025-26,22500597,2026-01-17,1610612748,1610612760,MIA,OKC,Miami Heat,Oklahoma City Thunder,MIA vs. OKC,OKC @ MIA,1,last_avg_15pct_current_momentum_85pct_plus_elo,0.85,0.15,20,0.4671717073170732,0.4792909756097561,-0.012119268292682894,0.3698812195121951,0.3277069512195122,0.04217426829268289,0.7944289024390244,0.8329473170731706,-0.03851841463414618,117.99463414634147,119.82000000000001,-1.825365853658539,44.16353658536585,42.67207317073171,1.49146341463414,28.44219512195122,25.448048780487802,2.9941463414634164,15.46780487804878,11.362926829268293,4.104878048780487,0.25414634146341464,10.854878048780487,-10.600731707317072,0.25414634146341464,10.854878048780487,-10.600731707317072,0.5,0.8,-0.30000000000000004,1488.8361837259283,1746.302131172813,-257.4659474468847
statline_pregame_svm,2025-26,22500598,2026-01-17,1610612759,1610612750,SAS,MIN,San Antonio Spurs,Minnesota Timberwolves,SAS vs. MIN,MIN @ SAS,1,last_avg_15pct_current_momentum_85pct_plus_elo,0.85,0.15,20,0.43643829268292683,0.5093421951219512,-0.07290390243902439,0.3099721951219512,0.39018414634146337,-0.08021195121951219,0.8033763414634146,0.7121737804878048,0.09120256097560986,110.5890243902439,122.45890243902438,-11.869878048780478,48.28560975609756,46.59756097560975,1.6880487804878044,24.355121951219516,27.80329268292683,-3.4481707317073145,12.961707317073172,13.644512195121951,-0.6828048780487794,0.5215853658536587,9.334999999999999,-8.81341463414634,0.5215853658536587,9.334999999999999,-8.81341463414634,0.5,0.7,-0.19999999999999996,1579.0812171949524,1605.9552919505973,-26.87407475564487
statline_pregame_svm,2025-26,22500599,2026-01-17,1610612744,1610612766,GSW,CHA,Golden State Warriors,Charlotte Hornets,GSW vs. CHA,CHA @ GSW,1,last_avg_15pct_current_momentum_85pct_plus_elo,0.85,0.15,20,0.4787128048780488,0.4722176829268292,0.006495121951219596,0.3642823170731707,0.39117609756097554,-0.02689378048780483,0.8233101219512196,0.8141489024390244,0.009161219512195173,117.7089024390244,117.50963414634147,0.19926829268293034,41.40170731707317,47.23926829268293,-5.837560975609762,29.949634146341463,27.362560975609757,2.5870731707317063,13.582317073170731,14.735,-1.152682926829268,5.085731707317073,5.773536585365854,-0.6878048780487802,5.085731707317073,5.773536585365854,-0.6878048780487802,0.7,0.4,0.29999999999999993,1558.0613422508702,1368.4052204515583,189.6561217993119
statline_pregame_svm,2025-26,22500600,2026-01-17,1610612743,1610612764,DEN,WAS,Denver Nuggets,Washington Wizards,DEN vs. WAS,WAS @ DEN,1,last_avg_15pct_current_momentum_85pct_plus_elo,0.85,0.15,20,0.47057890243902434,0.4577164634146342,0.01286243902439016,0.3856096341463414,0.34379134146341467,0.04181829268292675,0.786866707317073,0.8224652439024389,-0.035598536585365936,113.82341463414633,109.61500000000001,4.208414634146322,39.58658536585366,42.594268292682926,-3.0076829268292684,25.389999999999997,24.589634146341464,0.8003658536585334,11.658414634146341,16.359146341463415,-4.700731707317074,-2.5614634146341464,-10.280853658536586,7.719390243902439,-2.5614634146341464,-10.280853658536586,7.719390243902439,0.6,0.3,0.3,1600.6621862888146,1314.1885858542798,286.4736004345348
statline_pregame_svm,2025-26,22500601,2026-01-17,1610612757,1610612747,POR,LAL,Portland Trail Blazers,Los Angeles Lakers,POR vs. LAL,LAL @ POR,1,last_avg_15pct_current_momentum_85pct_plus_elo,0.85,0.15,20,0.4494874390243902,0.48811060975609755,-0.038623170731707346,0.3507760975609756,0.34720207317073165,0.0035740243902439572,0.7761636585365852,0.7564184146341463,0.019745243902438925,113.19353658536585,114.92853658536586,-1.7350000000000136,45.73024390243903,41.724024390243905,4.006219512195123,24.31073170731707,25.828170731707317,-1.5174390243902458,15.484512195121951,14.67451219512195,0.8100000000000005,-0.10634146341463413,0.012926829268292667,-0.1192682926829268,-0.10634146341463413,0.012926829268292667,-0.1192682926829268,0.7,0.5,0.19999999999999996,1518.844352769245,1549.9940378968583,-31.14968512761334
statline_pregame_svm,2025-26,22500603,2026-01-18,1610612741,1610612751,CHI,BKN,Chicago Bulls,Brooklyn Nets,CHI vs. BKN,BKN @ CHI,1,last_avg_15pct_current_momentum_85pct_plus_elo,0.85,0.15,20,0.4678778048780487,0.43820292682926826,0.02967487804878044,0.3433326829268293,0.3497030487804878,-0.006370365853658522,0.8045389024390244,0.7535737804878049,0.050965121951219494,113.21073170731708,106.29146341463414,6.919268292682943,44.87304878048781,39.94073170731708,4.932317073170729,29.179146341463415,24.173780487804876,5.005365853658539,12.740609756097559,14.09060975609756,-1.3500000000000014,-3.889146341463414,-7.441463414634146,3.552317073170732,-3.889146341463414,-7.441463414634146,3.552317073170732,0.4,0.2,0.2,1459.1585119226531,1347.9202817336036,111.23823018904955
statline_pregame_svm,2025-26,22500604,2026-01-18,1610612745,1610612740,HOU,NOP,Houston Rockets,New Orleans Pelicans,HOU vs. NOP,NOP @ HOU,1,last_avg_15pct_current_momentum_85pct_plus_elo,0.85,0.15,20,0.4523832926829268,0.47034451219512197,-0.017961219512195148,0.304990487804878,0.3502480487804879,-0.0452575609756099,0.7216025609756097,0.7506774390243902,-0.029074878048780506,108.51890243902439,112.77939024390243,-4.260487804878039,50.279512195121946,43.68646341463415,6.593048780487798,21.94621951219512,25.38121951219512,-3.4349999999999987,13.728536585365854,15.286951219512195,-1.5584146341463416,0.5918292682926829,-7.6190243902439025,8.210853658536585,0.5918292682926829,-7.6190243902439025,8.210853658536585,0.5,0.2,0.3,1571.5953606278254,1314.4563026253356,257.1390580024897
statline_pregame_svm,2025-26,22500605,2026-01-18,1610612743,1610612766,DEN,CHA,Denver Nuggets,Charlotte Hornets,DEN vs. CHA,CHA @ DEN,0,last_avg_15pct_current_momentum_85pct_plus_elo,0.85,0.15,20,0.47066390243902445,0.47451268292682924,-0.0038487804878047926,0.38943463414634144,0.39066609756097564,-0.001231463414634204,0.7801517073170732,0.8161889024390244,-0.03603719512195125,113.65341463414634,117.76463414634146,-4.11121951219512,39.75658536585366,46.98426829268293,-7.227682926829267,25.56,27.277560975609756,-1.7175609756097572,11.913414634146342,15.075,-3.1615853658536572,-0.011463414634146352,4.923536585365854,-4.9350000000000005,-0.011463414634146352,4.923536585365854,-4.9350000000000005,0.7,0.4,0.29999999999999993,1603.8868674611113,1363.3794367153098,240.50743074580146
statline_pregame_svm,2025-26,22500606,2026-01-18,1610612758,1610612757,SAC,POR,Sacramento Kings,Portland Trail Blazers,SAC vs. POR,POR @ SAC,0,last_avg_15pct_current_momentum_85pct_plus_elo,0.85,0.15,20,0.4767991463414633,0.45365243902439034,0.023146707317072968,0.36177085365853656,0.3500110975609757,0.011759756097560858,0.780509268292683,0.7754836585365854,0.00502560975609756,108.47975609756098,113.78853658536585,-5.308780487804867,40.204268292682926,45.22024390243902,-5.015975609756097,24.11268292682927,24.055731707317072,0.056951219512196616,14.407560975609757,15.399512195121952,-0.9919512195121953,-7.2386585365853655,0.9986585365853657,-8.23731707317073,-7.2386585365853655,0.9986585365853657,-8.23731707317073,0.4,0.7,-0.29999999999999993,1427.9497254937598,1529.7385182334763,-101.78879273971643
statline_pregame_svm,2025-26,22500607,2026-01-18,1610612747,1610612761,LAL,TOR,Los Angeles Lakers,Toronto Raptors,LAL vs. TOR,TOR @ LAL,1,last_avg_15pct_current_momentum_85pct_plus_elo,0.85,0.15,20,0.4852206097560976,0.4512842682926829,0.033936341463414677,0.3492420731707317,0.2913170731707317,0.057925000000000004,0.7577784146341463,0.778860975609756,-0.021082560975609677,114.16353658536585,112.33987804878048,1.82365853658537,40.53402439024391,44.67829268292683,-4.1442682926829235,25.828170731707317,28.59048780487805,-2.7623170731707347,14.58951219512195,11.649390243902438,2.9401219512195116,-3.387073170731707,1.3960975609756097,-4.783170731707317,-3.387073170731707,1.3960975609756097,-4.783170731707317,0.4,0.6,-0.19999999999999996,1539.099872432627,1497.9425379753134,41.15733445731371
statline_pregame_svm,2025-26,22500014,2026-01-19,1610612737,1610612749,ATL,MIL,Atlanta Hawks,Milwaukee Bucks,ATL vs. MIL,MIL @ ATL,0,last_avg_15pct_current_momentum_85pct_plus_elo,0.85,0.15,20,0.45507329268292684,0.4776364634146341,-0.02256317073170727,0.3570091463414634,0.3864370731707317,-0.029427926829268314,0.7113275609756098,0.7484960975609757,-0.0371685365853659,113.60743902439023,112.01682926829268,1.5906097560975496,43.565,40.759878048780486,2.805121951219512,30.36280487804878,26.17817073170732,4.1846341463414625,13.208658536585366,13.311707317073171,-0.1030487804878053,-1.2751219512195122,-1.498658536585366,0.22353658536585375,-1.2751219512195122,-1.498658536585366,0.22353658536585375,0.5,0.5,0.0,1461.941619372454,1470.4921896384228,-8.550570265968872
statline_pregame_svm,2025-26,22500015,2026-01-19,1610612739,1610612760,CLE,OKC,Cleveland Cavaliers,Oklahoma City Thunder,CLE vs. OKC,OKC @ CLE,0,last_avg_15pct_current_momentum_85pct_plus_elo,0.85,0.15,20,0.5018626829268292,0.4796309756097562,0.022231707317073024,0.3976914634146342,0.3339119512195122,0.06377951219512196,0.7798647560975609,0.8213873170731707,-0.0415225609756098,121.56585365853658,118.12,3.4458536585365778,44.29536585365854,42.417073170731705,1.8782926829268334,32.179634146341456,25.108048780487803,7.071585365853654,14.984268292682927,11.447926829268292,3.536341463414635,5.935487804878049,9.749878048780488,-3.814390243902439,5.935487804878049,9.749878048780488,-3.814390243902439,0.7,0.7,0.0,1574.3884730878651,1730.0043606191355,-155.61588753127035
statline_pregame_svm,2025-26,22500016,2026-01-19,1610612752,1610612742,NYK,DAL,New York Knicks,Dallas Mavericks,NYK vs. DAL,DAL @ NYK,0,last_avg_15pct_current_momentum_85pct_plus_elo,0.85,0.15,20,0.4476806097560976,0.48906756097560977,-0.04138695121951219,0.355409756097561,0.34872268292682923,0.00668707317073175,0.8148989024390244,0.7475231707317073,0.06737573170731714,111.3770731707317,116.15426829268291,-4.777195121951209,43.9669512195122,44.28231707317073,-0.315365853658534,25.628170731707314,26.821585365853657,-1.1934146341463432,13.975243902439024,13.750487804878048,0.22475609756097548,-5.420365853658536,0.5857317073170731,-6.0060975609756095,-5.420365853658536,0.5857317073170731,-6.0060975609756095,0.2,0.5,-0.3,1541.1159783186256,1432.833269341804,108.2827089768216
statline_pregame_svm,2025-26,22500017,2026-01-19,1610612765,1610612738,DET,BOS,Detroit Pistons,Boston Celtics,DET vs. BOS,BOS @ DET,1,last_avg_15pct_current_momentum_85pct_plus_elo,0.85,0.15,20,0.4840751219512196,0.4762782926829268,0.007796829268292782,0.37455902439024386,0.38159097560975613,-0.007031951219512278,0.7586775609756097,0.816424268292683,-0.05774670731707332,113.545,118.33524390243902,-4.790243902439016,44.36841463414633,47.68256097560975,-3.3141463414634202,27.250365853658536,24.406951219512194,2.8434146341463418,17.019878048780487,11.214878048780486,5.8050000000000015,8.020365853658536,9.611463414634146,-1.5910975609756104,8.020365853658536,9.611463414634146,-1.5910975609756104,0.6,0.7,-0.09999999999999998,1621.1163055369532,1624.6197385865507,-3.503433049597561
statline_pregame_svm,2025-26,22500608,2026-01-19,1610612764,1610612746,WAS,LAC,Washington Wizards,Los Angeles Clippers,WAS vs. LAC,LAC @ WAS,0,last_avg_15pct_current_momentum_85pct_plus_elo,0.85,0.15,20,0.45737646341463417,0.4833546341463415,-0.02597817073170733,0.34047634146341466,0.38154524390243905,-0.04106890243902439,0.804615243902439,0.8487612195121951,-0.04414597560975608,110.80499999999999,115.02170731707318,-4.216707317073187,43.01926829268292,40.058902439024386,2.960365853658537,24.504634146341463,24.005609756097563,0.4990243902438998,15.934146341463414,12.94170731707317,2.9924390243902437,-9.600853658536584,6.138780487804878,-15.739634146341462,-9.600853658536584,6.138780487804878,-15.739634146341462,0.3,0.8,-0.5,1310.9639046819832,1548.9128034444643,-237.94889876248112
statline_pregame_svm,2025-26,22500609,2026-01-19,1610612755,1610612754,PHI,IND,Philadelphia 76ers,Indiana Pacers,PHI vs. IND,IND @ PHI,1,last_avg_15pct_current_momentum_85pct_plus_elo,0.85,0.15,20,0.47725170731707317,0.46647219512195115,0.01077951219512202,0.34394207317073167,0.3785325609756097,-0.034590487804878056,0.8270509756097562,0.7597637804878049,0.06728719512195125,118.61146341463414,111.69987804878048,6.911585365853668,41.498902439024384,41.71939024390244,-0.2204878048780543,23.962439024390243,29.036585365853657,-5.074146341463415,13.348292682926829,14.559268292682926,-1.2109756097560975,2.8902439024390243,-3.490243902439024,6.380487804878048,2.8902439024390243,-3.490243902439024,6.380487804878048,0.6,0.4,0.19999999999999996,1458.3719045013718,1414.222046370853,44.14985813051885
statline_pregame_svm,2025-26,22500610,2026-01-19,1610612751,1610612756,BKN,PHX,Brooklyn Nets,Phoenix Suns,BKN vs. PHX,PHX @ BKN,0,last_avg_15pct_current_momentum_85pct_plus_elo,0.85,0.15,20,0.4388829268292682,0.44733609756097564,-0.008453170731707427,0.3499580487804878,0.3567106097560976,-0.006752560975609778,0.7474537804878048,0.7924953658536585,-0.04504158536585379,105.86646341463414,112.24329268292684,-6.3768292682926955,40.280731707317074,44.45317073170732,-4.172439024390243,25.10878048780488,24.650243902439023,0.45853658536585584,13.75060975609756,13.839146341463415,-0.08853658536585485,-8.206463414634147,3.9699999999999998,-12.176463414634146,-8.206463414634147,3.9699999999999998,-12.176463414634146,0.2,0.6,-0.39999999999999997,1341.016882257258,1555.2027008160003,-214.1858185587423
statline_pregame_svm,2025-26,22500611,2026-01-19,1610612759,1610612762,SAS,UTA,San Antonio Spurs,Utah Jazz,SAS vs. UTA,UTA @ SAS,1,last_avg_15pct_current_momentum_85pct_plus_elo,0.85,0.15,20,0.4461282926829268,0.4829669512195123,-0.03683865853658547,0.3243371951219512,0.32059853658536586,0.0037386585365853375,0.7841663414634146,0.7681451219512195,0.01602121951219504,112.7140243902439,115.29853658536585,-2.5845121951219454,47.520609756097556,42.342195121951214,5.178414634146343,25.545121951219514,28.988658536585366,-3.4435365853658517,12.366707317073171,15.842926829268292,-3.4762195121951205,1.7965853658536586,-12.791219512195122,14.58780487804878,1.7965853658536586,-12.791219512195122,14.58780487804878,0.6,0.2,0.39999999999999997,1589.8531763158483,1355.913454742362,233.93972157348617
statline_pregame_svm,2025-26,22500612,2026-01-19,1610612744,1610612748,GSW,MIA,Golden State Warriors,Miami Heat,GSW vs. MIA,MIA @ GSW,1,last_avg_15pct_current_momentum_85pct_plus_elo,0.85,0.15,20,0.4800728048780487,0.4548467073170731,0.025226097560975602,0.37609731707317073,0.37098621951219507,0.005111097560975664,0.8251801219512196,0.7741989024390243,0.05098121951219525,119.06890243902438,116.29463414634147,2.774268292682919,41.48670731707317,44.33353658536585,-2.84682926829268,30.62963414634146,28.187195121951216,2.442439024390243,13.412317073170732,14.872804878048779,-1.4604878048780474,5.680731707317073,-1.7858536585365854,7.466585365853659,5.680731707317073,-1.7858536585365854,7.466585365853659,0.7,0.5,0.19999999999999996,1563.0871259871187,1505.1339542796059,57.953171707512865
statline_pregame_svm,2025-26,22500613,2026-01-20,1610612755,1610612756,PHI,PHX,Philadelphia 76ers,Phoenix Suns,PHI vs. PHX,PHX @ PHI,0,last_avg_15pct_current_momentum_85pct_plus_elo,0.85,0.15,20,0.47878170731707315,0.4618710975609756,0.01691060975609754,0.3385870731707317,0.36487060975609753,-0.026283536585365808,0.8144709756097561,0.7846753658536585,0.02979560975609763,116.40146341463414,113.34829268292683,3.0531707317073113,41.41390243902439,43.00817073170732,-1.5942682926829264,23.027439024390244,25.16024390243902,-2.132804878048777,13.348292682926829,13.754146341463414,-0.4058536585365857,3.4002439024390245,6.095,-2.6947560975609752,3.4002439024390245,6.095,-2.6947560975609752,0.6,0.7,-0.09999999999999998,1467.1079653506504,1559.7160019183893,-92.60803656773896
statline_pregame_svm,2025-26,22500614,2026-01-20,1610612741,1610612746,CHI,LAC,Chicago Bulls,Los Angeles Clippers,CHI vs. LAC,LAC @ CHI,1,last_avg_15pct_current_momentum_85pct_plus_elo,0.85,0.15,20,0.4773978048780487,0.47918963414634147,-0.001791829268292744,0.3512376829268293,0.36548024390243905,-0.014242560975609775,0.7883889024390243,0.856156219512195,-0.06776731707317074,115.16573170731708,113.23670731707315,1.9290243902439244,45.0430487804878,40.14390243902439,4.899146341463414,30.539146341463415,23.240609756097562,7.298536585365852,12.06060975609756,13.961707317073172,-1.9010975609756127,0.9558536585365853,2.993780487804878,-2.037926829268293,0.9558536585365853,2.993780487804878,-2.037926829268293,0.5,0.8,-0.30000000000000004,1466.0619113989987,1552.9660277526289,-86.90411635363012
statline_pregame_svm,2025-26,22500615,2026-01-20,1610612745,1610612759,HOU,SAS,Houston Rockets,San Antonio Spurs,HOU vs. SAS,SAS @ HOU,1,last_avg_15pct_current_momentum_85pct_plus_elo,0.85,0.15,20,0.44473329268292683,0.4514832926829268,-0.006749999999999978,0.304225487804878,0.3288421951219512,-0.02461670731707316,0.7196475609756097,0.7807663414634147,-0.06111878048780506,107.92390243902439,111.7790243902439,-3.855121951219516,50.02451219512194,46.67060975609756,3.353902439024381,22.031219512195122,26.140121951219513,-4.108902439024391,13.388536585365854,12.62170731707317,0.7668292682926836,0.7618292682926828,2.7315853658536584,-1.9697560975609756,0.7618292682926828,2.7315853658536584,-1.9697560975609756,0.5,0.6,-0.09999999999999998,1575.3032704282698,1593.981498136116,-18.67822770784619
statline_pregame_svm,2025-26,22500616,2026-01-20,1610612762,1610612750,UTA,MIN,Utah Jazz,Minnesota Timberwolves,UTA vs. MIN,MIN @ UTA,1,last_avg_15pct_current_momentum_85pct_plus_elo,0.85,0.15,20,0.47786695121951217,0.5033921951219512,-0.025525243902439043,0.33156353658536586,0.3907791463414634,-0.05921560975609752,0.7753701219512196,0.7234787804878048,0.051891341463414786,116.06353658536585,121.35390243902438,-5.290365853658528,42.93719512195122,46.172560975609755,-3.2353658536585357,29.923658536585364,26.95329268292683,2.970365853658535,15.502926829268292,14.154512195121951,1.3484146341463408,-12.45121951219512,6.1049999999999995,-18.55621951219512,-12.45121951219512,6.1049999999999995,-18.55621951219512,0.2,0.6,-0.39999999999999997,1351.7851329220944,1595.1833328297014,-243.39819990760702
statline_pregame_svm,2025-26,22500617,2026-01-20,1610612743,1610612747,DEN,LAL,Denver Nuggets,Los Angeles Lakers,DEN vs. LAL,LAL @ DEN,0,last_avg_15pct_current_momentum_85pct_plus_elo,0.85,0.15,20,0.4689639024390244,0.4878556097560976,-0.01889170731707318,0.38237963414634146,0.3583370731707317,0.02404256097560975,0.7809167073170731,0.7702734146341462,0.010643292682926853,112.03841463414633,114.50353658536585,-2.4651219512195155,38.22658536585366,41.809024390243906,-3.582439024390247,25.9,25.573170731707318,0.32682926829268055,11.658414634146341,14.07951219512195,-2.4210975609756087,-2.221463414634146,-0.07207317073170733,-2.1493902439024386,-2.221463414634146,-0.07207317073170733,-2.1493902439024386,0.6,0.5,0.09999999999999998,1587.8927020064498,1547.9207793155417,39.97192269090806
statline_pregame_svm,2025-26,22500618,2026-01-20,1610612744,1610612761,GSW,TOR,Golden State Warriors,Toronto Raptors,GSW vs. TOR,TOR @ GSW,0,last_avg_15pct_current_momentum_85pct_plus_elo,0.85,0.15,20,0.47684280487804875,0.45332426829268296,0.02351853658536579,0.3744823170731707,0.28995707317073166,0.08452524390243904,0.8102201219512195,0.7740159756097561,0.036204146341463406,119.32390243902438,111.14987804878048,8.1740243902439,42.25170731707317,43.403292682926825,-1.1515853658536557,30.88463414634146,29.270487804878048,1.6141463414634138,12.987317073170733,11.989390243902438,0.9979268292682946,7.040731707317073,-0.13390243902439025,7.174634146341464,7.040731707317073,-0.13390243902439025,7.174634146341464,0.7,0.5,0.19999999999999996,1571.4343992692664,1489.1216310923987,82.31276817686762
statline_pregame_svm,2025-26,22500619,2026-01-20,1610612758,1610612748,SAC,MIA,Sacramento Kings,Miami Heat,SAC vs. MIA,MIA @ SAC,0,last_avg_15pct_current_momentum_85pct_plus_elo,0.85,0.15,20,0.48342914634146333,0.44286170731707314,0.040567439024390195,0.36364085365853654,0.35492121951219513,0.008719634146341415,0.7723492682926829,0.7783639024390243,-0.006014634146341402,110.17975609756097,113.31963414634146,-3.1398780487804885,40.289268292682934,45.01353658536585,-4.724268292682915,25.047682926829268,27.33719512195122,-2.289512195121951,14.152560975609758,15.63780487804878,-1.4852439024390218,-4.348658536585366,-5.780853658536586,1.43219512195122,-4.348658536585366,-5.780853658536586,1.43219512195122,0.4,0.4,0.0,1420.7984021156649,1496.7866809974582,-75.98827888179335
statline_pregame_svm,2025-26,22500620,2026-01-21,1610612766,1610612739,CHA,CLE,Charlotte Hornets,Cleveland Cavaliers,CHA vs. CLE,CLE @ CHA,0,last_avg_15pct_current_momentum_85pct_plus_elo,0.85,0.15,20,0.4726426829268292,0.49735768292682925,-0.024715000000000042,0.38420609756097557,0.39080646341463415,-0.006600365853658585,0.8230739024390243,0.7713647560975608,0.05170914634146351,116.48963414634146,120.80085365853657,-4.311219512195109,48.259268292682926,44.89036585365854,3.3689024390243887,26.852560975609755,31.414634146341463,-4.562073170731708,14.905,15.579268292682926,-0.6742682926829264,7.473536585365854,2.1954878048780486,5.278048780487805,7.473536585365854,2.1954878048780486,5.278048780487805,0.5,0.6,-0.09999999999999998,1379.3736021699713,1568.59017371594,-189.2165715459687
statline_pregame_svm,2025-26,22500621,2026-01-21,1610612738,1610612754,BOS,IND,Boston Celtics,Indiana Pacers,BOS vs. IND,IND @ BOS,1,last_avg_15pct_current_momentum_85pct_plus_elo,0.85,0.15,20,0.4666732926829268,0.47004219512195117,-0.0033689024390243794,0.3834609756097561,0.38184756097560973,0.0016134146341463818,0.810474268292683,0.7574687804878047,0.05300548780487824,116.12524390243901,111.18987804878049,4.935365853658524,47.767560975609754,42.31439024390244,5.453170731707317,23.216951219512193,29.20658536585366,-5.989634146341466,11.724878048780486,15.239268292682926,-3.51439024390244,8.676463414634146,-4.085243902439024,12.76170731707317,8.676463414634146,-4.085243902439024,12.76170731707317,0.6,0.4,0.19999999999999996,1614.5189050952094,1405.4859855215743,209.03291957363513
statline_pregame_svm,2025-26,22500622,2026-01-21,1610612752,1610612751,NYK,BKN,New York Knicks,Brooklyn Nets,NYK vs. BKN,BKN @ NYK,1,last_avg_15pct_current_momentum_85pct_plus_elo,0.85,0.15,20,0.4409656097560976,0.44389792682926826,-0.002932317073170654,0.34410475609756097,0.3552280487804878,-0.011123292682926833,0.7893989024390243,0.7773737804878048,0.01202512195121952,108.40207317073171,107.65146341463414,0.7506097560975746,45.071951219512194,40.365731707317074,4.706219512195119,24.77817073170732,25.95878048780488,-1.1806097560975601,14.570243902439024,13.32560975609756,1.2446341463414647,-6.6953658536585365,-6.9314634146341465,0.23609756097560997,-6.6953658536585365,-6.9314634146341465,0.23609756097560997,0.2,0.2,0.0,1528.0964888034894,1336.503581154869,191.59290764862044
statline_pregame_svm,2025-26,22500623,2026-01-21,1610612763,1610612737,MEM,ATL,Memphis Grizzlies,Atlanta Hawks,MEM vs. ATL,ATL @ MEM,0,last_avg_15pct_current_momentum_85pct_plus_elo,0.85,0.15,20,0.4598165853658537,0.4479332926829268,0.011883292682926871,0.3469490243902439,0.3489341463414634,-0.001985121951219526,0.7867735365853658,0.7396325609756098,0.04714097560975594,115.4110975609756,112.24743902439025,3.163658536585359,46.86841463414633,43.735,3.133414634146334,28.65719512195122,29.93780487804878,-1.2806097560975616,16.03560975609756,13.208658536585366,2.8269512195121944,-1.3119512195121952,-3.485121951219512,2.173170731707317,-1.3119512195121952,-3.485121951219512,2.173170731707317,0.3,0.4,-0.10000000000000003,1483.2672360594815,1452.187674893069,31.07956116641253
statline_pregame_svm,2025-26,22500624,2026-01-21,1610612740,1610612765,NOP,DET,New Orleans Pelicans,Detroit Pistons,NOP vs. DET,DET @ NOP,0,last_avg_15pct_current_momentum_85pct_plus_elo,0.85,0.15,20,0.476379512195122,0.47642512195121944,-4.560975609746443e-05,0.3561130487804878,0.35993902439024394,-0.0038259756097561715,0.7494024390243902,0.7660725609756096,-0.01667012195121942,112.09939024390243,111.42,0.6793902439024322,43.09146341463414,44.36841463414633,-1.276951219512192,25.55121951219512,26.060365853658535,-0.5091463414634134,15.626951219512195,16.254878048780487,-0.6279268292682918,-7.024024390243902,8.275365853658537,-15.299390243902439,-7.024024390243902,8.275365853658537,-15.299390243902439,0.2,0.7,-0.49999999999999994,1310.7483928248912,1631.2171390282945,-320.46874620340327
statline_pregame_svm,2025-26,22500625,2026-01-21,1610612749,1610612760,MIL,OKC,Milwaukee Bucks,Oklahoma City Thunder,MIL vs. OKC,OKC @ MIL,0,last_avg_15pct_current_momentum_85pct_plus_elo,0.85,0.15,20,0.48010146341463417,0.4853259756097562,-0.005224512195122044,0.3934920731707317,0.34768195121951223,0.045810121951219474,0.7423760975609757,0.8112723170731707,-0.06889621951219504,112.01682926829268,119.14,-7.123170731707319,40.759878048780486,42.16207317073171,-1.4021951219512232,26.348170731707317,25.363048780487805,0.9851219512195115,13.396707317073172,11.277926829268292,2.11878048780488,-2.093658536585366,10.004878048780487,-12.098536585365853,-2.093658536585366,10.004878048780487,-12.098536585365853,0.5,0.7,-0.19999999999999996,1480.2461341178077,1735.8026599910606,-255.5565258732529
statline_pregame_svm,2025-26,22500626,2026-01-21,1610612758,1610612761,SAC,TOR,Sacramento Kings,Toronto Raptors,SAC vs. TOR,TOR @ SAC,0,last_avg_15pct_current_momentum_85pct_plus_elo,0.85,0.15,20,0.48640414634146334,0.47227926829268296,0.014124878048780376,0.36653085365853655,0.31979207317073166,0.04673878048780489,0.7658892682926829,0.7901659756097561,-0.02427670731707321,111.11475609756097,114.71987804878049,-3.605121951219516,41.73426829268293,42.29829268292682,-0.564024390243894,24.87768292682927,30.545487804878046,-5.667804878048777,14.747560975609757,12.754390243902439,1.993170731707318,-4.263658536585366,1.6510975609756096,-5.914756097560975,-4.263658536585366,1.6510975609756096,-5.914756097560975,0.4,0.6,-0.19999999999999996,1412.951301676236,1501.4474301908847,-88.49612851464872
statline_pregame_svm,2025-26,22500627,2026-01-22,1610612753,1610612766,ORL,CHA,Orlando Magic,Charlotte Hornets,ORL vs. CHA,CHA @ ORL,0,last_avg_15pct_current_momentum_85pct_plus_elo,0.85,0.15,20,0.4609343902439025,0.4598076829268293,0.0011267073170732056,0.32306146341463415,0.3604060975609756,-0.03734463414634143,0.8020247560975609,0.8146589024390244,-0.012634146341463537,111.7790243902439,113.59963414634146,-1.8206097560975536,44.781219512195115,48.939268292682925,-4.15804878048781,26.996829268292682,26.257560975609756,0.7392682926829259,14.626097560975609,14.819999999999999,-0.19390243902438975,-1.4632926829268291,6.963536585365854,-8.426829268292684,-1.4632926829268291,6.963536585365854,-8.426829268292684,0.5,0.5,0.0,1508.2490102483828,1374.3382914529104,133.91071879547235
statline_pregame_svm,2025-26,22500628,2026-01-22,1610612755,1610612745,PHI,HOU,Philadelphia 76ers,Houston Rockets,PHI vs. HOU,HOU @ PHI,1,last_avg_15pct_current_momentum_85pct_plus_elo,0.85,0.15,20,0.46909170731707317,0.4400582926829268,0.02903341463414638,0.33544207317073166,0.30048548780487805,0.03495658536585361,0.8062259756097563,0.7114875609756097,0.09473841463414656,115.29646341463413,107.15890243902439,8.137560975609745,41.92390243902439,49.85451219512195,-7.93060975609756,22.857439024390242,22.11621951219512,0.7412195121951228,13.94329268292683,13.388536585365854,0.5547560975609755,1.6152439024390244,-0.8531707317073172,2.4684146341463418,1.6152439024390244,-0.8531707317073172,2.4684146341463418,0.5,0.5,0.0,1459.712057641416,1585.8403557146687,-126.12829807325261
statline_pregame_svm,2025-26,22500629,2026-01-22,1610612764,1610612743,WAS,DEN,Washington Wizards,Denver Nuggets,WAS vs. DEN,DEN @ WAS,0,last_avg_15pct_current_momentum_85pct_plus_elo,0.85,0.15,20,0.4568664634146342,0.47083390243902445,-0.013967439024390238,0.3306163414634146,0.3860346341463414,-0.055418292682926806,0.8228052439024388,0.771651707317073,0.05115353658536581,110.125,111.95341463414634,-1.8284146341463412,43.104268292682924,38.14158536585366,4.962682926829267,24.164634146341463,25.985,-1.8203658536585365,16.784146341463412,11.318414634146341,5.465731707317071,-10.025853658536585,-2.4764634146341464,-7.5493902439024385,-10.025853658536585,-2.4764634146341464,-7.5493902439024385,0.2,0.6,-0.39999999999999997,1306.9106803738186,1576.7472668508972,-269.8365864770785
statline_pregame_svm,2025-26,22500630,2026-01-22,1610612742,1610612744,DAL,GSW,Dallas Mavericks,Golden State Warriors,DAL vs. GSW,GSW @ DAL,1,last_avg_15pct_current_momentum_85pct_plus_elo,0.85,0.15,20,0.48762256097560974,0.4904428048780487,-0.002820243902438957,0.3593476829268292,0.3810273170731707,-0.021679634146341498,0.7379181707317073,0.8029951219512195,-0.06507695121951218,115.47426829268292,122.12890243902439,-6.654634146341465,44.96231707317072,41.65670731707317,3.305609756097553,26.141585365853658,31.309634146341462,-5.168048780487805,14.175487804878047,13.15731707317073,1.0181707317073165,2.285731707317073,8.655731707317074,-6.370000000000001,2.285731707317073,8.655731707317074,-6.370000000000001,0.6,0.7,-0.09999999999999998,1445.8527588569402,1559.1086001707804,-113.25584131384016
statline_pregame_svm,2025-26,22500631,2026-01-22,1610612750,1610612741,MIN,CHI,Minnesota Timberwolves,Chicago Bulls,MIN vs. CHI,CHI @ MIN,0,last_avg_15pct_current_momentum_85pct_plus_elo,0.85,0.15,20,0.5046671951219511,0.4819878048780489,0.022679390243902253,0.3863591463414634,0.36679268292682926,0.01956646341463414,0.7203337804878048,0.7896639024390244,-0.06933012195121957,123.05390243902438,115.50573170731707,7.548170731707316,46.172560975609755,44.4480487804878,1.724512195121953,27.463292682926827,31.134146341463413,-3.6708536585365863,13.72951219512195,12.315609756097562,1.4139024390243886,7.719999999999999,1.9758536585365853,5.744146341463414,7.719999999999999,1.9758536585365853,5.744146341463414,0.6,0.5,0.09999999999999998,1579.1361249770837,1478.5123214466755,100.62380353040817
statline_pregame_svm,2025-26,22500632,2026-01-22,1610612762,1610612759,UTA,SAS,Utah Jazz,San Antonio Spurs,UTA vs. SAS,SAS @ UTA,0,last_avg_15pct_current_momentum_85pct_plus_elo,0.85,0.15,20,0.4803319512195122,0.44646829268292687,0.03386365853658535,0.3352185365853659,0.3285871951219512,0.006631341463414653,0.7825101219512195,0.7989563414634145,-0.01644621951219505,117.16853658536584,110.33402439024391,6.834512195121931,43.61719512195122,46.33060975609756,-2.713414634146339,29.838658536585367,26.225121951219514,3.6135365853658534,15.672926829268292,12.28170731707317,3.3912195121951214,-11.26121951219512,1.4565853658536587,-12.71780487804878,-11.26121951219512,1.4565853658536587,-12.71780487804878,0.3,0.5,-0.2,1367.832340774712,1583.444412849717,-215.61207207500502
statline_pregame_svm,2025-26,22500633,2026-01-22,1610612746,1610612747,LAC,LAL,Los Angeles Clippers,Los Angeles Lakers,LAC vs. LAL,LAL @ LAC,1,last_avg_15pct_current_momentum_85pct_plus_elo,0.85,0.15,20,0.48071963414634145,0.4812256097560975,-0.0005059756097560708,0.3670952439024391,0.3630970731707317,0.0039981707317073845,0.8542862195121952,0.7519984146341463,0.1022878048780489,112.55670731707318,113.39853658536586,-0.8418292682926847,39.63390243902439,42.574024390243906,-2.940121951219517,23.58060975609756,25.403170731707316,-1.8225609756097576,14.21670731707317,13.484512195121951,0.7321951219512197,-0.831219512195122,0.012926829268292667,-0.8441463414634147,-0.831219512195122,0.012926829268292667,-0.8441463414634147,0.7,0.5,0.19999999999999996,1540.515617704952,1559.0662144710943,-18.550596766142235
statline_pregame_svm,2025-26,22500634,2026-01-22,1610612757,1610612748,POR,MIA,Portland Trail Blazers,Miami Heat,POR vs. MIA,MIA @ POR,1,last_avg_15pct_current_momentum_85pct_plus_elo,0.85,0.15,20,0.4613874390243903,0.44677170731707316,0.014615731707317114,0.33726109756097555,0.3669062195121951,-0.029645121951219544,0.7851736585365854,0.7549889024390244,0.030184756097560994,115.65853658536585,114.33963414634147,1.3189024390243844,44.625243902439024,44.75853658536585,-0.13329268292682883,23.88573170731707,28.017195121951218,-4.131463414634148,14.549512195121952,14.78780487804878,-0.23829268292682748,4.058658536585366,-5.185853658536585,9.24451219512195,4.058658536585366,-5.185853658536585,9.24451219512195,0.8,0.4,0.4,1536.8898416115712,1504.6337814368871,32.25606017468408
statline_pregame_svm,2025-26,22500635,2026-01-23,1610612765,1610612745,DET,HOU,Detroit Pistons,Houston Rockets,DET vs. HOU,HOU @ DET,0,last_avg_15pct_current_momentum_85pct_plus_elo,0.85,0.15,20,0.4788051219512195,0.4466882926829268,0.03211682926829268,0.3721790243902439,0.31799548780487796,0.054183536585365955,0.7605475609756097,0.6859875609756098,0.07455999999999996,112.525,108.68890243902439,3.8360975609756167,44.538414634146335,49.429512195121944,-4.891097560975609,26.74036585365854,22.88121951219512,3.8591463414634184,16.849878048780486,14.068536585365853,2.7813414634146323,10.060365853658537,-0.8531707317073172,10.913536585365854,10.060365853658537,-0.8531707317073172,10.913536585365854,0.8,0.5,0.30000000000000004,1633.9469101101322,1572.361585711182,61.585324398950206
statline_pregame_svm,2025-26,22500636,2026-01-23,1610612737,1610612756,ATL,PHX,Atlanta Hawks,Phoenix Suns,ATL vs. PHX,PHX @ ATL,1,last_avg_15pct_current_momentum_85pct_plus_elo,0.85,0.15,20,0.4470832926829268,0.45099109756097566,-0.0039078048780488706,0.3583691463414634,0.3777906097560976,-0.019421463414634188,0.7523825609756097,0.7998903658536586,-0.04750780487804884,113.35243902439024,112.24329268292684,1.1091463414634006,43.13999999999999,43.00817073170732,0.13182926829267672,30.19280487804878,25.330243902439022,4.862560975609757,13.548658536585364,14.604146341463414,-1.0554878048780498,-4.335121951219512,4.31,-8.645121951219512,-4.335121951219512,4.31,-8.645121951219512,0.4,0.7,-0.29999999999999993,1463.0798381285367,1567.1119096276236,-104.0320714990869
statline_pregame_svm,2025-26,22500637,2026-01-23,1610612751,1610612738,BKN,BOS,Brooklyn Nets,Boston Celtics,BKN vs. BOS,BOS @ BKN,0,last_avg_15pct_current_momentum_85pct_plus_elo,0.85,0.15,20,0.4350579268292683,0.46420829268292685,-0.029150365853658544,0.36100804878048776,0.38108097560975607,-0.02007292682926831,0.7602887804878048,0.8178692682926829,-0.05758048780487812,104.84646341463414,116.04024390243902,-11.193780487804872,39.85573170731708,48.95756097560975,-9.101829268292676,25.53378048780488,23.131951219512196,2.4018292682926834,13.155609756097562,11.979878048780487,1.175731707317075,-9.821463414634147,8.761463414634147,-18.582926829268295,-9.821463414634147,8.761463414634147,-18.582926829268295,0.2,0.6,-0.39999999999999997,1331.5196332240225,1619.136713562823,-287.6170803388004
statline_pregame_svm,2025-26,22500638,2026-01-23,1610612739,1610612758,CLE,SAC,Cleveland Cavaliers,Sacramento Kings,CLE vs. SAC,SAC @ CLE,1,last_avg_15pct_current_momentum_85pct_plus_elo,0.85,0.15,20,0.4880926829268293,0.4909941463414634,-0.002901463414634098,0.3742314634146341,0.35939085365853657,0.014840609756097523,0.7655847560975609,0.7769392682926829,-0.011354512195121957,117.82585365853657,111.70975609756097,6.116097560975604,45.400365853658535,41.98926829268292,3.4110975609756125,30.47963414634146,25.30268292682927,5.1769512195121905,16.089268292682927,14.322560975609756,1.7667073170731715,1.4304878048780487,-3.073658536585366,4.504146341463414,1.4304878048780487,-3.073658536585366,4.504146341463414,0.6,0.4,0.19999999999999996,1573.6254844330008,1405.444733536464,168.1807508965369
statline_pregame_svm,2025-26,22500639,2026-01-23,1610612763,1610612740,MEM,NOP,Memphis Grizzlies,New Orleans Pelicans,MEM vs. NOP,NOP @ MEM,0,last_avg_15pct_current_momentum_85pct_plus_elo,0.85,0.15,20,0.46364158536585365,0.4738295121951219,-0.010187926829268279,0.3522190243902439,0.3520330487804878,0.00018597560975608385,0.7934885365853658,0.7588374390243903,0.03465109756097551,116.2610975609756,111.67439024390244,4.586707317073163,46.86841463414633,43.431463414634145,3.4369512195121885,28.57219512195122,25.29621951219512,3.2759756097561024,16.205609756097562,15.966951219512195,0.2386585365853673,-1.1419512195121952,-6.599024390243902,5.457073170731707,-1.1419512195121952,-6.599024390243902,5.457073170731707,0.3,0.2,0.09999999999999998,1472.3750728240138,1308.0186217430535,164.35645108096037
statline_pregame_svm,2025-26,22500640,2026-01-23,1610612749,1610612743,MIL,DEN,Milwaukee Bucks,Denver Nuggets,MIL vs. DEN,DEN @ MIL,0,last_avg_15pct_current_momentum_85pct_plus_elo,0.85,0.15,20,0.47755146341463417,0.4677739024390244,0.009777560975609778,0.38660707317073173,0.3852696341463414,0.001337439024390319,0.7256310975609757,0.7832967073170731,-0.05766560975609747,110.23182926829269,111.27341463414633,-1.0415853658536491,41.43987804878049,39.246585365853655,2.193292682926838,26.433170731707317,25.389999999999997,1.0431707317073204,13.991707317073171,11.658414634146341,2.33329268292683,-4.643658536585367,-0.6064634146341463,-4.03719512195122,-4.643658536585367,-0.6064634146341463,-4.03719512195122,0.4,0.7,-0.29999999999999993,1476.5106294914406,1580.2394577206944,-103.72882822925385
statline_pregame_svm,2025-26,22500641,2026-01-23,1610612760,1610612754,OKC,IND,Oklahoma City Thunder,Indiana Pacers,OKC vs. IND,IND @ OKC,0,last_avg_15pct_current_momentum_85pct_plus_elo,0.85,0.15,20,0.48719597560975614,0.4600121951219512,0.027183780487804954,0.3449619512195122,0.3705425609756098,-0.025580609756097605,0.7829673170731707,0.7503287804878048,0.03263853658536586,118.375,110.42487804878047,7.950121951219529,41.39707317073171,42.56939024390244,-1.1723170731707313,24.513048780487804,29.631585365853656,-5.118536585365852,10.767926829268292,15.239268292682926,-4.471341463414634,8.559878048780487,-4.510243902439024,13.07012195121951,8.559878048780487,-4.510243902439024,13.07012195121951,0.7,0.4,0.29999999999999993,1739.5381646174278,1400.8681770539608,338.669987563467
statline_pregame_svm,2025-26,22500642,2026-01-23,1610612757,1610612761,POR,TOR,Portland Trail Blazers,Toronto Raptors,POR vs. TOR,TOR @ POR,0,last_avg_15pct_current_momentum_85pct_plus_elo,0.85,0.15,20,0.4659774390243902,0.46581926829268294,0.00015817073170726337,0.34236109756097555,0.32038707317073173,0.021974024390243818,0.7890836585365852,0.7899109756097561,-0.0008273170731708523,116.08353658536586,113.69987804878048,2.3836585365853864,44.96524390243903,42.21329268292683,2.7519512195122005,23.800731707317073,30.71548780487805,-6.9147560975609785,15.484512195121951,12.499390243902438,2.9851219512195133,4.398658536585366,1.3110975609756097,3.087560975609756,4.398658536585366,1.3110975609756097,3.087560975609756,0.8,0.6,0.20000000000000007,1545.9640958157843,1508.9539983306568,37.01009748512752
statline_pregame_svm,2025-26,22500643,2026-01-24,1610612755,1610612752,PHI,NYK,Philadelphia 76ers,New York Knicks,PHI vs. NYK,NYK @ PHI,0,last_avg_15pct_current_momentum_85pct_plus_elo,0.85,0.15,20,0.46968670731707324,0.4583056097560976,0.011381097560975661,0.3245620731707317,0.36841475609756097,-0.043852682926829256,0.8242459756097562,0.7765639024390244,0.04768207317073181,115.12646341463413,110.18707317073171,4.939390243902423,41.838902439024395,45.4119512195122,-3.5730487804878024,24.21743902439024,24.863170731707314,-0.6457317073170721,14.028292682926828,14.315243902439024,-0.28695121951219527,1.1902439024390246,-1.0853658536585367,2.275609756097561,1.1902439024390246,-1.0853658536585367,2.275609756097561,0.5,0.3,0.2,1473.1908276449028,1533.0804367343358,-59.88960908943295
statline_pregame_svm,2025-26,22500645,2026-01-24,1610612766,1610612764,CHA,WAS,Charlotte Hornets,Washington Wizards,CHA vs. WAS,WAS @ CHA,1,last_avg_15pct_current_momentum_85pct_plus_elo,0.85,0.15,20,0.46958268292682914,0.4458164634146342,0.02376621951219493,0.3694160975609756,0.32407134146341465,0.045344756097560945,0.8158489024390243,0.8192352439024388,-0.003386341463414544,114.61963414634145,108.255,6.364634146341459,48.51426829268293,42.33926829268293,6.174999999999997,26.512560975609755,23.824634146341467,2.6879268292682887,15.075,16.359146341463415,-1.2841463414634156,8.153536585365853,-12.575853658536584,20.729390243902436,8.153536585365853,-12.575853658536584,20.729390243902436,0.5,0.1,0.4,1388.0123951144692,1303.4184895040214,84.59390561044779
statline_pregame_svm,2025-26,22500646,2026-01-24,1610612753,1610612739,ORL,CLE,Orlando Magic,Cleveland Cavaliers,ORL vs. CLE,CLE @ ORL,0,last_avg_15pct_current_momentum_85pct_plus_elo,0.85,0.15,20,0.4618693902439024,0.4845226829268292,-0.022653292682926818,0.3313064634146341,0.3700664634146342,-0.03876000000000007,0.795309756097561,0.7856447560975609,0.009665000000000146,111.0140243902439,118.67585365853657,-7.661829268292664,42.99621951219512,44.80536585365854,-1.8091463414634248,26.996829268292682,29.714634146341464,-2.7178048780487813,14.966097560975609,15.239268292682926,-0.2731707317073173,-3.673292682926829,1.4304878048780487,-5.103780487804878,-3.673292682926829,1.4304878048780487,-5.103780487804878,0.5,0.6,-0.09999999999999998,1494.574906586824,1579.1305672898632,-84.55566070303917
statline_pregame_svm,2025-26,22500647,2026-01-24,1610612741,1610612738,CHI,BOS,Chicago Bulls,Boston Celtics,CHI vs. BOS,BOS @ CHI,1,last_avg_15pct_current_momentum_85pct_plus_elo,0.85,0.15,20,0.4770578048780488,0.45553829268292684,0.021519512195121937,0.37486768292682926,0.3776809756097561,-0.002813292682926849,0.7831189024390244,0.799424268292683,-0.016305365853658604,115.42073170731707,114.68024390243903,0.7404878048780432,44.1080487804878,48.532560975609755,-4.424512195121956,30.879146341463414,23.556951219512197,7.322195121951218,12.23060975609756,12.234878048780487,-0.0042682926829265,1.8058536585365854,6.466463414634146,-4.660609756097561,1.8058536585365854,6.466463414634146,-4.660609756097561,0.5,0.6,-0.09999999999999998,1491.3301586753946,1622.343630648314,-131.01347197291943
statline_pregame_svm,2025-26,22500648,2026-01-24,1610612742,1610612747,DAL,LAL,Dallas Mavericks,Los Angeles Lakers,DAL vs. LAL,LAL @ DAL,0,last_avg_15pct_current_momentum_85pct_plus_elo,0.85,0.15,20,0.49212756097560983,0.47952560975609754,0.012601951219512297,0.3726926829268292,0.36862207317073165,0.004070609756097576,0.7294181707317073,0.7449434146341464,-0.015525243902439034,116.74926829268293,112.03853658536585,4.7107317073170805,46.23731707317073,41.639024390243904,4.598292682926825,26.311585365853656,24.893170731707315,1.418414634146341,14.940487804878048,13.39951219512195,1.5409756097560976,4.240731707317073,-1.1770731707317075,5.417804878048781,4.240731707317073,-1.1770731707317075,5.417804878048781,0.7,0.4,0.29999999999999993,1459.001767625133,1548.5327921739581,-89.53102454882514
statline_pregame_svm,2025-26,22500649,2026-01-24,1610612762,1610612748,UTA,MIA,Utah Jazz,Miami Heat,UTA vs. MIA,MIA @ UTA,0,last_avg_15pct_current_momentum_85pct_plus_elo,0.85,0.15,20,0.4793969512195122,0.44558170731707314,0.03381524390243906,0.33360353658536585,0.35177621951219507,-0.01817268292682922,0.7843801219512195,0.7486139024390244,0.03576621951219516,116.48853658536585,113.91463414634147,2.57390243902438,43.78719512195122,45.01353658536585,-1.2263414634146272,29.753658536585366,28.017195121951218,1.736463414634148,15.842926829268292,14.44780487804878,1.3951219512195117,-11.006219512195122,-5.780853658536586,-5.225365853658536,-11.006219512195122,-5.780853658536586,-5.225365853658536,0.3,0.4,-0.10000000000000003,1363.3476680066658,1495.559527232674,-132.2118592260083
statline_pregame_svm,2025-26,22500644,2026-01-25,1610612750,1610612744,MIN,GSW,Minnesota Timberwolves,Golden State Warriors,MIN vs. GSW,GSW @ MIN,0,last_avg_15pct_current_momentum_85pct_plus_elo,0.85,0.15,20,0.4979521951219512,0.48653280487804884,0.011419390243902372,0.3929041463414635,0.3728673170731707,0.020036829268292755,0.7248387804878048,0.8053751219512195,-0.0805363414634147,122.20390243902438,121.44890243902438,0.7549999999999955,46.59756097560975,40.80670731707317,5.790853658536584,27.71829268292683,31.05463414634146,-3.3363414634146302,13.72951219512195,12.732317073170732,0.9971951219512185,6.445,7.210731707317073,-0.7657317073170731,6.445,7.210731707317073,-0.7657317073170731,0.5,0.6,-0.09999999999999998,1566.3182877483646,1545.9595914025876,20.358696345776934
statline_pregame_svm,2025-26,22500650,2026-01-25,1610612765,1610612758,DET,SAC,Detroit Pistons,Sacramento Kings,DET vs. SAC,SAC @ DET,1,last_avg_15pct_current_momentum_85pct_plus_elo,0.85,0.15,20,0.46554512195121955,0.49498914634146335,-0.029444024390243795,0.3518640243902439,0.3758808536585366,-0.024016829268292683,0.7591875609756097,0.7917292682926829,-0.032541707317073176,110.485,113.40975609756097,-2.924756097560973,44.36841463414633,42.414268292682934,1.9541463414633995,26.060365853658535,26.067682926829267,-0.007317073170732158,16.594878048780487,14.407560975609757,2.18731707317073,7.595365853658536,-2.053658536585366,9.649024390243902,7.595365853658536,-2.053658536585366,9.649024390243902,0.7,0.4,0.29999999999999993,1622.1926762790256,1399.9396506796015,222.25302559942406
statline_pregame_svm,2025-26,22500653,2026-01-25,1610612760,1610612761,OKC,TOR,Oklahoma City Thunder,Toronto Raptors,OKC vs. TOR,TOR @ OKC,0,last_avg_15pct_current_momentum_85pct_plus_elo,0.85,0.15,20,0.48821597560975616,0.4664142682926829,0.02180170731707326,0.3412219512195122,0.31919707317073165,0.02202487804878056,0.7833923170731707,0.791185975609756,-0.007793658536585313,119.14,113.01987804878048,6.120121951219517,42.417073170731705,42.21329268292683,0.20378048780487745,24.343048780487802,30.20548780487805,-5.862439024390248,10.767926829268292,12.584390243902439,-1.8164634146341463,8.559878048780487,0.8010975609756096,7.758780487804877,8.559878048780487,0.8010975609756096,7.758780487804877,0.7,0.6,0.09999999999999998,1722.0302325857729,1520.0152235908554,202.01500899491748
statline_pregame_svm,2025-26,22500654,2026-01-25,1610612759,1610612740,SAS,NOP,San Antonio Spurs,New Orleans Pelicans,SAS vs. NOP,NOP @ SAS,0,last_avg_15pct_current_momentum_85pct_plus_elo,0.85,0.15,20,0.45292829268292684,0.4736595121951219,-0.020731219512195087,0.3367471951219512,0.34871804878048784,-0.011970853658536618,0.7958113414634146,0.7671674390243902,0.02864390243902437,111.6940243902439,113.96939024390244,-2.275365853658542,45.73560975609756,44.026463414634144,1.7091463414634163,26.480121951219516,25.38121951219512,1.0989024390243962,12.706707317073171,14.606951219512196,-1.9002439024390245,3.3265853658536586,-4.474024390243903,7.800609756097561,3.3265853658536586,-4.474024390243903,7.800609756097561,0.6,0.3,0.3,1587.9290856177633,1322.4252728391914,265.50381277857196
statline_pregame_svm,2025-26,22500655,2026-01-25,1610612756,1610612748,PHX,MIA,Phoenix Suns,Miami Heat,PHX vs. MIA,MIA @ PHX,0,last_avg_15pct_current_momentum_85pct_plus_elo,0.85,0.15,20,0.4509060975609756,0.4430317073170731,0.007874390243902518,0.37175560975609756,0.35135121951219506,0.020404390243902504,0.8139153658536585,0.7560939024390243,0.05782146341463423,111.81829268292682,115.78463414634146,-3.9663414634146363,42.41317073170732,46.79853658536585,-4.385365853658534,25.58524390243902,28.44219512195122,-2.8569512195121973,14.349146341463415,14.27780487804878,0.07134146341463499,3.46,-4.760853658536585,8.220853658536585,3.46,-4.760853658536585,8.220853658536585,0.6,0.4,0.19999999999999996,1554.2040155594595,1501.9277958262783,52.27621973318128
statline_pregame_svm,2025-26,22500656,2026-01-25,1610612746,1610612751,LAC,BKN,Los Angeles Clippers,Brooklyn Nets,LAC vs. BKN,BKN @ LAC,1,last_avg_15pct_current_momentum_85pct_plus_elo,0.85,0.15,20,0.47867963414634146,0.4296179268292683,0.049061707317073155,0.36641524390243896,0.3500430487804878,0.01637219512195115,0.8552212195121951,0.7615637804878048,0.09365743902439028,112.30170731707318,104.76146341463415,7.54024390243903,41.24890243902439,41.045731707317074,0.20317073170731703,23.325609756097563,24.938780487804877,-1.6131707317073136,15.06670731707317,13.83560975609756,1.231097560975611,2.4837804878048777,-11.181463414634147,13.665243902439023,2.4837804878048777,-11.181463414634147,13.665243902439023,0.8,0.1,0.7000000000000001,1551.0490400020883,1328.3127161385314,222.7363238635569
statline_pregame_svm,2025-26,22500657,2026-01-26,1610612766,1610612755,CHA,PHI,Charlotte Hornets,Philadelphia 76ers,CHA vs. PHI,PHI @ CHA,1,last_avg_15pct_current_momentum_85pct_plus_elo,0.85,0.15,20,0.46847768292682923,0.47283170731707314,-0.004354024390243905,0.35879109756097566,0.3187820731707317,0.04000902439024395,0.8028439024390245,0.8216959756097562,-0.018852073170731676,114.19463414634146,113.85146341463414,0.3431707317073176,48.00426829268293,41.41390243902439,6.59036585365854,26.937560975609756,23.87743902439024,3.0601219512195144,15.075,14.028292682926828,1.0467073170731709,6.198536585365854,1.0202439024390242,5.1782926829268305,6.198536585365854,1.0202439024390242,5.1782926829268305,0.5,0.5,0.0,1395.6245867638286,1464.897716649769,-69.27312988594053
statline_pregame_svm,2025-26,22500658,2026-01-26,1610612739,1610612753,CLE,ORL,Cleveland Cavaliers,Orlando Magic,CLE vs. ORL,ORL @ CLE,1,last_avg_15pct_current_momentum_85pct_plus_elo,0.85,0.15,20,0.49242768292682926,0.4558343902439024,0.03659329268292688,0.37924646341463414,0.3425264634146341,0.03672000000000003,0.7814797560975609,0.7998997560975609,-0.018419999999999992,119.44085365853658,110.41902439024389,9.021829268292691,44.29536585365854,41.976219512195115,2.319146341463423,30.054634146341463,26.401829268292683,3.65280487804878,15.239268292682926,14.71109756097561,0.5281707317073163,2.9604878048780487,-5.03329268292683,7.993780487804878,2.9604878048780487,-5.03329268292683,7.993780487804878,0.7,0.4,0.29999999999999993,1586.7437969812108,1486.9616768954763,99.7821200857345
statline_pregame_svm,2025-26,22500659,2026-01-26,1610612737,1610612754,ATL,IND,Atlanta Hawks,Indiana Pacers,ATL vs. IND,IND @ ATL,1,last_avg_15pct_current_momentum_85pct_plus_elo,0.85,0.15,20,0.4529482926829268,0.4529571951219512,-8.90243902440524e-06,0.3638091463414634,0.36884256097560975,-0.00503341463414636,0.7392925609756098,0.7323087804878048,0.006983780487805014,112.75743902439024,109.57487804878048,3.1825609756097606,44.16,43.41939024390244,0.7406097560975553,29.85280487804878,29.29158536585366,0.5612195121951196,13.973658536585365,15.239268292682926,-1.265609756097561,-2.295121951219512,-3.575243902439024,1.2801219512195119,-2.295121951219512,-3.575243902439024,1.2801219512195119,0.5,0.5,0.0,1475.9877321967008,1418.3761090856158,57.61162311108501
statline_pregame_svm,2025-26,22500660,2026-01-26,1610612738,1610612757,BOS,POR,Boston Celtics,Portland Trail Blazers,BOS vs. POR,POR @ BOS,1,last_avg_15pct_current_momentum_85pct_plus_elo,0.85,0.15,20,0.45893829268292685,0.4624074390243903,-0.003469146341463447,0.3720709756097561,0.33105609756097565,0.041014878048780457,0.803079268292683,0.7981786585365853,0.004900609756097629,114.34024390243901,114.63853658536584,-0.298292682926828,47.172560975609755,44.45524390243902,2.717317073170733,24.066951219512195,23.630731707317075,0.43621951219511956,12.064878048780487,15.824512195121951,-3.7596341463414635,5.021463414634146,2.953658536585366,2.0678048780487805,5.021463414634146,2.953658536585366,2.0678048780487805,0.5,0.7,-0.19999999999999996,1608.7418796761924,1534.9028705555857,73.83900912060676
statline_pregame_svm,2025-26,22500661,2026-01-26,1610612741,1610612747,CHI,LAL,Chicago Bulls,Los Angeles Lakers,CHI vs. LAL,LAL @ CHI,0,last_avg_15pct_current_momentum_85pct_plus_elo,0.85,0.15,20,0.48198780487804876,0.47425560975609754,0.007732195121951224,0.3917826829268293,0.3734670731707317,0.018315609756097584,0.7968039024390243,0.7527634146341462,0.044040487804878126,116.69573170731707,112.46353658536586,4.232195121951207,44.1930487804878,42.7440243902439,1.449024390243899,30.879146341463414,24.55317073170732,6.325975609756096,12.57060975609756,13.484512195121951,-0.9139024390243904,3.1658536585365855,-1.3470731707317074,4.512926829268293,3.1658536585365855,-1.3470731707317074,4.512926829268293,0.6,0.4,0.19999999999999996,1504.9319096475162,1556.0114463256318,-51.07953667811557
statline_pregame_svm,2025-26,22500662,2026-01-26,1610612745,1610612763,HOU,MEM,Houston Rockets,Memphis Grizzlies,HOU vs. MEM,MEM @ HOU,1,last_avg_15pct_current_momentum_85pct_plus_elo,0.85,0.15,20,0.4515332926829268,0.45811658536585365,-0.0065832926829268446,0.32675048780487803,0.3525590243902439,-0.02580853658536586,0.6932975609756098,0.7917035365853659,-0.09840597560975606,109.62390243902438,115.49609756097561,-5.872195121951236,48.749512195121945,46.52841463414634,2.2210975609756076,22.96621951219512,29.08219512195122,-6.115975609756099,14.153536585365853,16.12060975609756,-1.9670731707317088,-0.5131707317073171,-1.3969512195121951,0.8837804878048781,-0.5131707317073171,-1.3969512195121951,0.8837804878048781,0.5,0.3,0.2,1584.1158195422886,1457.968421727876,126.14739781441267
statline_pregame_svm,2025-26,22500663,2026-01-26,1610612750,1610612744,MIN,GSW,Minnesota Timberwolves,Golden State Warriors,MIN vs. GSW,GSW @ MIN,1,last_avg_15pct_current_momentum_85pct_plus_elo,0.85,0.15,20,0.48256719512195123,0.4900178048780488,-0.00745060975609757,0.3967291463414634,0.37881731707317073,0.017911829268292656,0.7128537804878048,0.8158301219512194,-0.10297634146341461,117.44390243902438,122.2139024390244,-4.77000000000001,46.51256097560975,41.231707317073166,5.280853658536586,26.61329268292683,31.394634146341463,-4.781341463414634,14.749512195121952,13.15731707317073,1.592195121951221,2.025,9.505731707317073,-7.480731707317073,2.025,9.505731707317073,-7.480731707317073,0.4,0.7,-0.29999999999999993,1555.7329871096972,1556.544892041255,-0.8119049315578195
statline_pregame_svm,2025-26,22500664,2026-01-27,1610612764,1610612757,WAS,POR,Washington Wizards,Portland Trail Blazers,WAS vs. POR,POR @ WAS,1,last_avg_15pct_current_momentum_85pct_plus_elo,0.85,0.15,20,0.44318146341463416,0.45246243902439026,-0.009280975609756104,0.32619634146341464,0.3186460975609756,0.0075502439024390244,0.8187252439024391,0.7739536585365854,0.04477158536585368,108.255,110.98353658536584,-2.7285365853658448,42.25426829268292,44.540243902439016,-2.2859756097560933,25.014634146341464,22.355731707317073,2.6589024390243914,15.849146341463415,16.16451219512195,-0.31536585365853576,-10.705853658536585,0.5736585365853659,-11.279512195121951,-10.705853658536585,0.5736585365853659,-11.279512195121951,0.1,0.6,-0.5,1295.806297854662,1526.9966984822063,-231.19040062754425
statline_pregame_svm,2025-26,22500665,2026-01-27,1610612752,1610612758,NYK,SAC,New York Knicks,Sacramento Kings,NYK vs. SAC,SAC @ NYK,1,last_avg_15pct_current_momentum_85pct_plus_elo,0.85,0.15,20,0.45949560975609754,0.5034891463414634,-0.04399353658536581,0.363399756097561,0.38863085365853656,-0.02523109756097558,0.7520839024390245,0.7883292682926828,-0.03624536585365834,109.59207317073171,114.93975609756097,-5.347682926829265,46.17695121951219,41.564268292682925,4.612682926829265,25.203170731707317,26.832682926829268,-1.6295121951219507,13.890243902439025,14.917560975609756,-1.0273170731707317,0.1046341463414634,-3.8386585365853656,3.943292682926829,0.1046341463414634,-3.8386585365853656,3.943292682926829,0.4,0.4,0.0,1541.3735477294695,1395.586573428173,145.78697430129637
statline_pregame_svm,2025-26,22500666,2026-01-27,1610612755,1610612749,PHI,MIL,Philadelphia 76ers,Milwaukee Bucks,PHI vs. MIL,MIL @ PHI,1,last_avg_15pct_current_momentum_85pct_plus_elo,0.85,0.15,20,0.46067670731707316,0.47236646341463406,-0.0116897560975609,0.31215207317073174,0.3779370731707317,-0.06578499999999998,0.8126009756097561,0.7306460975609756,0.08195487804878043,110.62146341463414,109.12682926829268,1.494634146341454,41.32890243902439,41.69487804878049,-0.36597560975609866,23.027439024390244,26.433170731707317,-3.4057317073170736,14.623292682926829,13.651707317073171,0.9715853658536577,-3.9097560975609755,-4.728658536585366,0.8189024390243902,-3.9097560975609755,-4.728658536585366,0.8189024390243902,0.4,0.4,0.0,1452.9298832755483,1469.4105315203622,-16.480648244813892
statline_pregame_svm,2025-26,22500667,2026-01-27,1610612760,1610612740,OKC,NOP,Oklahoma City Thunder,New Orleans Pelicans,OKC vs. NOP,NOP @ OKC,1,last_avg_15pct_current_momentum_85pct_plus_elo,0.85,0.15,20,0.49450597560975607,0.4704295121951219,0.024076463414634153,0.33901195121951216,0.34999304878048787,-0.010981097560975706,0.7924873170731708,0.7708224390243903,0.021664878048780478,119.48,114.05439024390243,5.425609756097572,42.75707317073171,45.21646341463414,-2.4593902439024333,24.598048780487805,24.95621951219512,-0.3581707317073146,11.022926829268293,14.096951219512196,-3.0740243902439026,10.684878048780488,-3.0290243902439027,13.713902439024391,10.684878048780488,-3.0290243902439027,13.713902439024391,0.7,0.4,0.29999999999999993,1706.793076873062,1338.8606057700995,367.9324711029626
statline_pregame_svm,2025-26,22500668,2026-01-27,1610612743,1610612765,DEN,DET,Denver Nuggets,Detroit Pistons,DEN vs. DET,DET @ DEN,0,last_avg_15pct_current_momentum_85pct_plus_elo,0.85,0.15,20,0.4568089024390244,0.47183512195121946,-0.015026219512195071,0.36886463414634146,0.3663140243902439,0.002550609756097555,0.7934967073170731,0.7549375609756097,0.0385591463414634,109.31841463414634,112.78,-3.461585365853665,40.011585365853655,44.62341463414634,-4.611829268292688,25.474999999999998,26.570365853658537,-1.0953658536585387,10.72341463414634,16.424878048780485,-5.701463414634144,-0.5214634146341464,10.060365853658537,-10.581829268292683,-0.5214634146341464,10.060365853658537,-10.581829268292683,0.7,0.8,-0.10000000000000009,1587.3395556917728,1626.545753530454,-39.20619783868119
statline_pregame_svm,2025-26,22500669,2026-01-27,1610612756,1610612751,PHX,BKN,Phoenix Suns,Brooklyn Nets,PHX vs. BKN,BKN @ PHX,1,last_avg_15pct_current_momentum_85pct_plus_elo,0.85,0.15,20,0.4466560975609756,0.4229879268292683,0.023668170731707294,0.35977060975609754,0.3395030487804878,0.020267560975609722,0.8188453658536585,0.7823037804878049,0.03654158536585361,112.24329268292684,103.57146341463414,8.671829268292697,43.77317073170732,40.365731707317074,3.407439024390243,24.820243902439024,24.938780487804877,-0.11853658536585243,14.179146341463413,13.49560975609756,0.6835365853658537,2.95,-14.241463414634145,17.191463414634146,2.95,-14.241463414634145,17.191463414634146,0.6,0.1,0.5,1542.7106376265808,1323.969106161402,218.74153146517892
statline_pregame_svm,2025-26,22500670,2026-01-27,1610612762,1610612746,UTA,LAC,Utah Jazz,Los Angeles Clippers,UTA vs. LAC,LAC @ UTA,0,last_avg_15pct_current_momentum_85pct_plus_elo,0.85,0.15,20,0.48254195121951216,0.4857346341463415,-0.0031926829268293377,0.33462353658536587,0.37789024390243897,-0.043266707317073105,0.7833601219512195,0.854541219512195,-0.07118109756097546,115.72353658536585,114.25670731707316,1.4668292682926847,41.152195121951216,41.503902439024394,-0.3517073170731777,30.008658536585365,22.90060975609756,7.108048780487806,15.332926829268292,14.981707317073171,0.3512195121951205,-13.301219512195122,5.543780487804877,-18.845,-13.301219512195122,5.543780487804877,-18.845,0.3,0.8,-0.5,1356.9793994130616,1555.3926499792178,-198.4132505661562
statline_pregame_svm,2025-26,22500671,2026-01-28,1610612739,1610612747,CLE,LAL,Cleveland Cavaliers,Los Angeles Lakers,CLE vs. LAL,LAL @ CLE,1,last_avg_15pct_current_momentum_85pct_plus_elo,0.85,0.15,20,0.4903026829268292,0.48836560975609755,0.0019370731707316624,0.3839214634146341,0.3950570731707317,-0.011135609756097564,0.7846247560975609,0.7602434146341464,0.02438134146341453,118.93085365853659,115.69353658536585,3.2373170731707432,44.040365853658535,41.8940243902439,2.146341463414636,29.204634146341462,25.403170731707316,3.8014634146341457,14.984268292682927,12.71951219512195,2.2647560975609764,3.9804878048780488,0.9479268292682927,3.032560975609756,3.9804878048780488,0.9479268292682927,3.032560975609756,0.7,0.5,0.19999999999999996,1593.9482769778697,1564.551760749923,29.396516227946677
statline_pregame_svm,2025-26,22500672,2026-01-28,1610612754,1610612741,IND,CHI,Indiana Pacers,Chicago Bulls,IND vs. CHI,CHI @ IND,1,last_avg_15pct_current_momentum_85pct_plus_elo,0.85,0.15,20,0.4529571951219512,0.48895780487804874,-0.036000609756097535,0.3543075609756097,0.3933976829268293,-0.03909012195121958,0.7376637804878048,0.7864339024390243,-0.04877012195121955,109.57487804878048,118.14073170731707,-8.565853658536597,44.26939024390244,43.7680487804878,0.50134146341464,29.20658536585366,31.389146341463416,-2.182560975609757,15.494268292682927,12.740609756097559,2.753658536585368,-4.595243902439024,3.4208536585365854,-8.01609756097561,-4.595243902439024,3.4208536585365854,-8.01609756097561,0.5,0.6,-0.09999999999999998,1410.0192722161632,1496.391595223225,-86.37232300706182
statline_pregame_svm,2025-26,22500673,2026-01-28,1610612738,1610612737,BOS,ATL,Boston Celtics,Atlanta Hawks,BOS vs. ATL,ATL @ BOS,0,last_avg_15pct_current_momentum_85pct_plus_elo,0.85,0.15,20,0.4572382926829269,0.4620432926829269,-0.004805000000000004,0.37096597560975614,0.36941914634146344,0.0015468292682926932,0.804014268292683,0.7464325609756097,0.05758170731707324,113.66024390243902,115.47743902439024,-1.8171951219512152,46.15256097560975,44.16,1.9925609756097558,24.746951219512194,30.44780487804878,-5.700853658536587,12.319878048780486,13.888658536585364,-1.5687804878048777,6.041463414634146,0.5948780487804879,5.446585365853658,6.041463414634146,0.5948780487804879,5.446585365853658,0.6,0.6,0.0,1616.6480517495718,1484.3445690661533,132.30348268341845
statline_pregame_svm,2025-26,22500674,2026-01-28,1610612748,1610612753,MIA,ORL,Miami Heat,Orlando Magic,MIA vs. ORL,ORL @ MIA,0,last_avg_15pct_current_momentum_85pct_plus_elo,0.85,0.15,20,0.44830170731707314,0.44767439024390243,0.0006273170731707078,0.3456562195121951,0.32926646341463417,0.016389756097560937,0.7627239024390243,0.805509756097561,-0.04278585365853671,117.22963414634147,109.0590243902439,8.170609756097562,47.56353658536585,42.48621951219512,5.077317073170732,27.84719512195122,25.806829268292685,2.0403658536585354,13.76780487804878,14.796097560975609,-1.0282926829268284,-1.6158536585365852,-5.798292682926829,4.182439024390243,-1.6158536585365852,-5.798292682926829,4.182439024390243,0.5,0.4,0.09999999999999998,1513.421173759157,1479.7571968988175,33.66397686033952
statline_pregame_svm,2025-26,22500675,2026-01-28,1610612761,1610612752,TOR,NYK,Toronto Raptors,New York Knicks,TOR vs. NYK,NYK @ TOR,0,last_avg_15pct_current_momentum_85pct_plus_elo,0.85,0.15,20,0.4678592682926829,0.46400060975609764,0.0038586585365852355,0.3316920731707316,0.36110475609756093,-0.029412682926829303,0.7841309756097562,0.7486839024390244,0.03544707317073181,113.52987804878047,110.6970731707317,2.8328048780487762,42.97829268292683,47.366951219512195,-4.388658536585368,31.055487804878048,25.968170731707318,5.0873170731707305,13.009390243902438,13.975243902439024,-0.9658536585365862,0.8860975609756098,4.0996341463414625,-3.2135365853658526,0.8860975609756098,4.0996341463414625,-3.2135365853658526,0.6,0.5,0.09999999999999998,1535.2523793035662,1547.40754090033,-12.155161596763946
statline_pregame_svm,2025-26,22500676,2026-01-28,1610612763,1610612766,MEM,CHA,Memphis Grizzlies,Charlotte Hornets,MEM vs. CHA,CHA @ MEM,0,last_avg_15pct_current_momentum_85pct_plus_elo,0.85,0.15,20,0.4489365853658537,0.4834376829268292,-0.034501097560975524,0.34031902439024386,0.36278609756097563,-0.022467073170731766,0.8063235365853659,0.7931539024390245,0.013169634146341425,113.62609756097561,117.08463414634146,-3.4585365853658487,48.05841463414634,48.259268292682926,-0.20085365853658743,28.57219512195122,28.212560975609755,0.35963414634146673,15.95060975609756,15.669999999999998,0.28060975609756156,-1.566951219512195,9.428536585365853,-10.995487804878048,-1.566951219512195,9.428536585365853,-10.995487804878048,0.3,0.6,-0.3,1451.4476749288397,1407.5924201380494,43.85525479079024
statline_pregame_svm,2025-26,22500677,2026-01-28,1610612742,1610612750,DAL,MIN,Dallas Mavericks,Minnesota Timberwolves,DAL vs. MIN,MIN @ DAL,0,last_avg_15pct_current_momentum_85pct_plus_elo,0.85,0.15,20,0.4806525609756097,0.4823971951219512,-0.0017446341463415171,0.3696326829268292,0.4002141463414634,-0.03058146341463419,0.7278031707317073,0.7116637804878049,0.01613939024390243,116.74926829268293,116.25390243902439,0.4953658536585408,45.897317073170726,45.91756097560976,-0.0202439024390344,26.141585365853658,26.783292682926827,-0.6417073170731697,14.515487804878049,15.599512195121951,-1.0840243902439024,3.220731707317073,1.77,1.4507317073170731,3.220731707317073,1.77,1.4507317073170731,0.6,0.4,0.19999999999999996,1451.5231134734593,1565.756355569564,-114.23324209610473
statline_pregame_svm,2025-26,22500678,2026-01-28,1610612762,1610612744,UTA,GSW,Utah Jazz,Golden State Warriors,UTA vs. GSW,GSW @ UTA,0,last_avg_15pct_current_momentum_85pct_plus_elo,0.85,0.15,20,0.4788019512195122,0.47752280487804877,0.0012791463414634219,0.3386185365853659,0.36589731707317075,-0.027278780487804855,0.7975551219512195,0.8019751219512194,-0.0044199999999999795,114.61853658536585,119.06890243902438,-4.450365853658539,40.98219512195122,41.57170731707317,-0.589512195121948,29.668658536585365,30.544634146341462,-0.8759756097560967,16.01292682926829,13.922317073170731,2.0906097560975603,-14.491219512195121,6.7857317073170735,-21.276951219512195,-14.491219512195121,6.7857317073170735,-21.276951219512195,0.2,0.6,-0.39999999999999997,1352.1409137838523,1546.5215235813882,-194.38060979753595
statline_pregame_svm,2025-26,22500679,2026-01-28,1610612745,1610612759,HOU,SAS,Houston Rockets,San Antonio Spurs,HOU vs. SAS,SAS @ HOU,0,last_avg_15pct_current_momentum_85pct_plus_elo,0.85,0.15,20,0.45765329268292687,0.4547982926829268,0.002855000000000052,0.333125487804878,0.33411219512195117,-0.0009867073170731766,0.6983975609756098,0.7754963414634146,-0.07709878048780483,110.1339024390244,110.8440243902439,-0.7101219512195058,48.749512195121945,45.395609756097556,3.353902439024388,23.73121951219512,26.140121951219513,-2.4089024390243914,14.323536585365854,12.536707317073171,1.7868292682926832,0.33682926829268284,2.6465853658536584,-2.3097560975609754,0.33682926829268284,2.6465853658536584,-2.3097560975609754,0.6,0.6,0.0,1590.6365663413249,1571.4937526868553,19.14281365446959
statline_pregame_svm,2025-26,22500529,2026-01-29,1610612741,1610612748,CHI,MIA,Chicago Bulls,Miami Heat,CHI vs. MIA,MIA @ CHI,0,last_avg_15pct_current_momentum_85pct_plus_elo,0.85,0.15,20,0.4933778048780488,0.45756670731707316,0.03581109756097561,0.3949276829268293,0.3718362195121951,0.023091463414634195,0.7958689024390244,0.7729239024390243,0.022945000000000104,119.58573170731708,119.35463414634147,0.23109756097561274,43.938048780487804,47.30853658536585,-3.370487804878046,31.389146341463416,28.697195121951218,2.691951219512198,12.23060975609756,13.68280487804878,-1.4521951219512186,4.440853658536585,-0.34085365853658534,4.78170731707317,4.440853658536585,-0.34085365853658534,4.78170731707317,0.6,0.5,0.09999999999999998,1483.9555777405767,1502.4552674345007,-18.499689693923983
statline_pregame_svm,2025-26,22500680,2026-01-29,1610612755,1610612758,PHI,SAC,Philadelphia 76ers,Sacramento Kings,PHI vs. SAC,SAC @ PHI,1,last_avg_15pct_current_momentum_85pct_plus_elo,0.85,0.15,20,0.47036670731707314,0.49515914634146335,-0.02479243902439021,0.34453707317073173,0.38081085365853656,-0.03627378048780483,0.8005309756097561,0.7958092682926828,0.0047217073170732204,113.68146341463415,113.57975609756097,0.1017073170731777,40.81890243902439,42.66926829268293,-1.8503658536585377,24.302439024390242,26.407682926829267,-2.1052439024390246,14.113292682926827,15.257560975609756,-1.1442682926829288,-3.4847560975609753,-2.308658536585366,-1.1760975609756095,-3.4847560975609753,-2.308658536585366,-1.1760975609756095,0.4,0.4,0.0,1463.403879004914,1389.5525802573125,73.8512987476015
statline_pregame_svm,2025-26,22500681,2026-01-29,1610612764,1610612749,WAS,MIL,Washington Wizards,Milwaukee Bucks,WAS vs. MIL,MIL @ WAS,1,last_avg_15pct_current_momentum_85pct_plus_elo,0.85,0.15,20,0.43935646341463414,0.47194146341463417,-0.03258500000000003,0.3357163414634146,0.3787020731707317,-0.042985731707317065,0.8117552439024389,0.7149210975609755,0.09683414634146337,107.83,109.12682926829268,-1.296829268292683,42.33926829268293,41.86487804878049,0.474390243902441,25.184634146341462,26.263170731707316,-1.0785365853658533,15.764146341463414,13.736707317073172,2.027439024390242,-11.045853658536585,-6.258658536585366,-4.7871951219512185,-11.045853658536585,-6.258658536585366,-4.7871951219512185,0.1,0.3,-0.19999999999999998,1311.6258852349245,1458.9365357909965,-147.310650556072
statline_pregame_svm,2025-26,22500682,2026-01-29,1610612737,1610612745,ATL,HOU,Atlanta Hawks,Houston Rockets,ATL vs. HOU,HOU @ ATL,0,last_avg_15pct_current_momentum_85pct_plus_elo,0.85,0.15,20,0.4638282926829269,0.45569829268292683,0.008130000000000082,0.3733291463414634,0.34341048780487804,0.029918658536585374,0.7502575609756098,0.7066425609756097,0.04361500000000007,115.47743902439024,109.62390243902438,5.853536585365859,43.224999999999994,47.89951219512194,-4.674512195121949,30.36280487804878,23.90121951219512,6.4615853658536615,12.868658536585365,14.408536585365853,-1.5398780487804888,0.08487804878048782,-0.17317073170731712,0.25804878048780494,0.08487804878048782,-0.17317073170731712,0.25804878048780494,0.6,0.6,0.0,1497.9785895641305,1580.0861487344816,-82.10755917035112
statline_pregame_svm,2025-26,22500683,2026-01-29,1610612742,1610612766,DAL,CHA,Dallas Mavericks,Charlotte Hornets,DAL vs. CHA,CHA @ DAL,0,last_avg_15pct_current_momentum_85pct_plus_elo,0.85,0.15,20,0.4845625609756098,0.48649768292682927,-0.0019351219512194762,0.3586676829268292,0.36627109756097564,-0.007603414634146433,0.7278031707317073,0.8037789024390244,-0.07597573170731708,117.17426829268292,117.08463414634146,0.08963414634146716,45.47231707317073,48.939268292682925,-3.4669512195121968,26.396585365853657,27.872560975609755,-1.475975609756098,14.685487804878049,15.924999999999999,-1.23951219512195,1.9457317073170732,10.873536585365853,-8.92780487804878,1.9457317073170732,10.873536585365853,-8.92780487804878,0.5,0.7,-0.19999999999999996,1444.6974419737298,1418.848014492139,25.849427481590737
statline_pregame_svm,2025-26,22500684,2026-01-29,1610612743,1610612751,DEN,BKN,Denver Nuggets,Brooklyn Nets,DEN vs. BKN,BKN @ DEN,1,last_avg_15pct_current_momentum_85pct_plus_elo,0.85,0.15,20,0.4591889024390243,0.43208292682926824,0.027105975609756083,0.35951463414634144,0.3468980487804878,0.012616585365853639,0.7996167073170732,0.7631787804878049,0.036437926829268386,108.72341463414634,103.31646341463414,5.4069512195121945,40.86158536585366,40.02573170731707,0.8358536585365854,25.049999999999997,25.10878048780488,-0.05878048780488143,11.23341463414634,14.34560975609756,-3.1121951219512187,-1.0314634146341464,-13.221463414634147,12.190000000000001,-1.0314634146341464,-13.221463414634147,12.190000000000001,0.6,0.1,0.5,1578.4632352183758,1319.546795801415,258.91643941696066
statline_pregame_svm,2025-26,22500685,2026-01-29,1610612756,1610612765,PHX,DET,Phoenix Suns,Detroit Pistons,PHX vs. DET,DET @ PHX,1,last_avg_15pct_current_momentum_85pct_plus_elo,0.85,0.15,20,0.45464609756097557,0.47668012195121956,-0.02203402439024399,0.34761560975609757,0.35092902439024387,-0.0033134146341463055,0.8294703658536585,0.7407425609756096,0.08872780487804888,111.30829268292683,112.355,-1.0467073170731709,42.15817073170732,44.28341463414634,-2.125243902439017,24.05524390243902,26.485365853658536,-2.4301219512195154,13.924146341463414,15.574878048780487,-1.6507317073170729,1.675,9.890365853658537,-8.215365853658536,1.675,9.890365853658537,-8.215365853658536,0.6,0.8,-0.20000000000000007,1547.1329479865676,1635.422074003851,-88.28912601728348
statline_pregame_svm,2025-26,22500686,2026-01-29,1610612750,1610612760,MIN,OKC,Minnesota Timberwolves,Oklahoma City Thunder,MIN vs. OKC,OKC @ MIN,1,last_avg_15pct_current_momentum_85pct_plus_elo,0.85,0.15,20,0.4725371951219512,0.4916159756097561,-0.019078780487804925,0.38550914634146344,0.35244195121951216,0.033067195121951276,0.7296837804878048,0.8012423170731707,-0.07155853658536593,115.14890243902438,117.355,-2.2060975609756213,45.66256097560976,42.92707317073171,2.7354878048780478,26.18829268292683,24.513048780487804,1.6752439024390249,15.174512195121952,11.447926829268292,3.7265853658536603,2.1100000000000003,11.109878048780487,-8.999878048780488,2.1100000000000003,11.109878048780487,-8.999878048780488,0.4,0.7,-0.29999999999999993,1572.5820270692934,1708.9402886278735,-136.35826155858012
statline_pregame_svm,2025-26,22500687,2026-01-30,1610612753,1610612761,ORL,TOR,Orlando Magic,Toronto Raptors,ORL vs. TOR,TOR @ ORL,1,last_avg_15pct_current_momentum_85pct_plus_elo,0.85,0.15,20,0.44257439024390244,0.4585942682926829,-0.016019878048780467,0.3251864634146342,0.32200207317073165,0.003184390243902546,0.805509756097561,0.7809009756097561,0.024608780487804904,108.8890243902439,111.40487804878047,-2.515853658536571,42.99621951219512,43.998292682926824,-1.0020731707317054,25.976829268292683,29.44048780487805,-3.463658536585367,14.796097560975609,14.114390243902438,0.6817073170731707,-5.71329268292683,-0.7289024390243902,-4.98439024390244,-5.71329268292683,-0.7289024390243902,-4.98439024390244,0.4,0.6,-0.19999999999999996,1490.7231032234738,1525.602090309618,-34.87898708614421
statline_pregame_svm,2025-26,22500688,2026-01-30,1610612764,1610612747,WAS,LAL,Washington Wizards,Los Angeles Lakers,WAS vs. LAL,LAL @ WAS,0,last_avg_15pct_current_momentum_85pct_plus_elo,0.85,0.15,20,0.4310264634146342,0.4927856097560976,-0.0617591463414634,0.3216913414634146,0.38349707317073173,-0.061805731707317124,0.802660243902439,0.7684034146341463,0.034256829268292655,107.745,115.52353658536586,-7.778536585365856,43.954268292682926,41.129024390243906,2.82524390243902,24.504634146341463,24.808170731707317,-0.3035365853658547,14.999146341463414,12.974512195121951,2.0246341463414623,-8.410853658536585,-1.2620731707317072,-7.148780487804878,-8.410853658536585,-1.2620731707317072,-7.148780487804878,0.2,0.5,-0.3,1325.628784554941,1555.3958472323188,-229.7670626773779
statline_pregame_svm,2025-26,22500689,2026-01-30,1610612738,1610612758,BOS,SAC,Boston Celtics,Sacramento Kings,BOS vs. SAC,SAC @ BOS,1,last_avg_15pct_current_momentum_85pct_plus_elo,0.85,0.15,20,0.45145829268292675,0.4965191463414633,-0.04506085365853657,0.3509909756097561,0.38395585365853657,-0.032964878048780455,0.7970442682926829,0.8022692682926827,-0.005224999999999813,112.04524390243901,113.57975609756097,-1.5345121951219625,47.087560975609755,42.75426829268292,4.333292682926832,24.151951219512195,26.067682926829267,-1.9157317073170717,12.829878048780486,15.852560975609757,-3.0226829268292708,4.426463414634147,-3.5836585365853657,8.010121951219512,4.426463414634147,-3.5836585365853657,8.010121951219512,0.5,0.3,0.2,1603.0140312515946,1381.646746397663,221.36728485393155
statline_pregame_svm,2025-26,22500690,2026-01-30,1610612752,1610612757,NYK,POR,New York Knicks,Portland Trail Blazers,NYK vs. POR,POR @ NYK,1,last_avg_15pct_current_momentum_85pct_plus_elo,0.85,0.15,20,0.46400060975609764,0.4482974390243903,0.01570317073170735,0.356344756097561,0.3244260975609756,0.031918658536585376,0.7445189024390243,0.7573786585365854,-0.01285975609756107,110.35707317073172,111.66353658536585,-1.3064634146341234,47.366951219512195,47.17524390243902,0.191707317073174,26.05317073170732,22.18573170731707,3.8674390243902472,14.485243902439024,16.67451219512195,-2.189268292682925,5.374634146341463,0.14865853658536582,5.225975609756097,5.374634146341463,0.14865853658536582,5.225975609756097,0.5,0.5,0.0,1557.0578298942783,1511.1771111019439,45.88071879233439
statline_pregame_svm,2025-26,22500691,2026-01-30,1610612740,1610612763,NOP,MEM,New Orleans Pelicans,Memphis Grizzlies,NOP vs. MEM,MEM @ NOP,1,last_avg_15pct_current_momentum_85pct_plus_elo,0.85,0.15,20,0.4620145121951219,0.45208158536585363,0.009932926829268274,0.3469330487804878,0.3493290243902439,-0.0023959756097560736,0.7821274390243902,0.7928085365853658,-0.010681097560975572,113.62939024390244,112.1810975609756,1.4482926829268337,46.40646341463414,46.52841463414634,-0.1219512195121979,24.87121951219512,28.402195121951216,-3.530975609756098,13.246951219512194,16.29060975609756,-3.0436585365853652,-2.3490243902439025,-2.331951219512195,-0.017073170731707332,-2.3490243902439025,-2.331951219512195,-0.017073170731707332,0.4,0.3,0.10000000000000003,1336.713394015288,1440.19208057475,-103.47868655946195
statline_pregame_svm,2025-26,22500693,2026-01-30,1610612756,1610612739,PHX,CLE,Phoenix Suns,Cleveland Cavaliers,PHX vs. CLE,CLE @ PHX,1,last_avg_15pct_current_momentum_85pct_plus_elo,0.85,0.15,20,0.4564310975609756,0.4902176829268292,-0.033786585365853605,0.3476156097560975,0.38842646341463416,-0.04081085365853665,0.8259003658536586,0.789299756097561,0.03660060975609758,111.47829268292682,119.52585365853659,-8.04756097560977,43.00817073170732,44.72036585365854,-1.7121951219512255,23.970243902439023,29.289634146341463,-5.31939024390244,14.519146341463415,14.729268292682926,-0.21012195121951116,2.7800000000000002,7.295487804878049,-4.515487804878049,2.7800000000000002,7.295487804878049,-4.515487804878049,0.6,0.8,-0.20000000000000007,1559.6207914280326,1603.1041904954739,-43.48339906744127
statline_pregame_svm,2025-26,22500694,2026-01-30,1610612762,1610612751,UTA,BKN,Utah Jazz,Brooklyn Nets,UTA vs. BKN,BKN @ UTA,0,last_avg_15pct_current_momentum_85pct_plus_elo,0.85,0.15,20,0.4856019512195122,0.4342929268292683,0.05130902439024393,0.3529835365853659,0.3471530487804878,0.005830487804878104,0.8071601219512194,0.7914837804878048,0.015676341463414678,117.08353658536585,103.74146341463414,13.342073170731709,41.49219512195122,40.53573170731707,0.9564634146341504,31.028658536585365,25.023780487804878,6.004878048780487,16.35292682926829,14.26060975609756,2.0923170731707312,-11.176219512195122,-13.136463414634145,1.9602439024390232,-11.176219512195122,-13.136463414634145,1.9602439024390232,0.2,0.1,0.1,1347.2167722517222,1315.8696904071392,31.347081844583045
statline_pregame_svm,2025-26,22500695,2026-01-30,1610612743,1610612746,DEN,LAC,Denver Nuggets,Los Angeles Clippers,DEN vs. LAC,LAC @ DEN,1,last_avg_15pct_current_momentum_85pct_plus_elo,0.85,0.15,20,0.4641189024390243,0.48836963414634144,-0.02425073170731712,0.37277463414634143,0.38078024390243903,-0.008005609756097598,0.7928167073170731,0.8436612195121952,-0.050844512195122094,110.42341463414633,114.59670731707317,-4.173292682926842,40.60658536585366,41.41890243902439,-0.8123170731707319,25.22,23.410609756097564,1.8093902439024347,10.213414634146341,15.06670731707317,-4.8532926829268295,1.2635365853658538,7.583780487804878,-6.3202439024390245,1.2635365853658538,7.583780487804878,-6.3202439024390245,0.7,0.9,-0.20000000000000007,1582.1403406126517,1560.2311356084272,21.909205004224532
statline_pregame_svm,2025-26,22500696,2026-01-30,1610612744,1610612765,GSW,DET,Golden State Warriors,Detroit Pistons,GSW vs. DET,DET @ GSW,0,last_avg_15pct_current_momentum_85pct_plus_elo,0.85,0.15,20,0.47650280487804875,0.46631012195121957,0.010192682926829177,0.36623731707317075,0.32466402439024383,0.04157329268292692,0.7877801219512195,0.7470325609756097,0.04074756097560983,119.32390243902438,110.23,9.093902439024376,41.65670731707317,43.68841463414634,-2.0317073170731703,30.544634146341462,26.570365853658537,3.9742682926829254,14.687317073170732,14.979878048780488,-0.29256097560975647,5.255731707317073,5.725365853658537,-0.4696341463414635,5.255731707317073,5.725365853658537,-0.4696341463414635,0.6,0.7,-0.09999999999999998,1551.4456651135183,1622.9342305623861,-71.4885654488678
statline_pregame_svm,2025-26,22500692,2026-01-31,1610612748,1610612741,MIA,CHI,Miami Heat,Chicago Bulls,MIA vs. CHI,CHI @ MIA,0,last_avg_15pct_current_momentum_85pct_plus_elo,0.85,0.15,20,0.4503417073170731,0.48309280487804873,-0.032751097560975606,0.3550062195121951,0.4007926829268293,-0.045786463414634215,0.7979989024390244,0.7954439024390243,0.002555000000000085,119.69463414634146,118.56573170731707,1.1289024390243867,48.32853658536585,43.938048780487804,4.390487804878049,28.187195121951216,30.879146341463414,-2.691951219512198,12.91780487804878,12.23060975609756,0.6871951219512198,0.9341463414634146,2.655853658536585,-1.7217073170731703,0.9341463414634146,2.655853658536585,-1.7217073170731703,0.6,0.5,0.09999999999999998,1511.9233062029568,1474.4875389721205,37.43576723083629
statline_pregame_svm,2025-26,22500697,2026-01-31,1610612766,1610612759,CHA,SAS,Charlotte Hornets,San Antonio Spurs,CHA vs. SAS,SAS @ CHA,1,last_avg_15pct_current_momentum_85pct_plus_elo,0.85,0.15,20,0.4820776829268293,0.4589632926829268,0.023114390243902494,0.3731560975609756,0.3401471951219512,0.033008902439024435,0.8160189024390244,0.7658913414634146,0.050127560975609775,114.78963414634146,111.1840243902439,3.60560975609755,47.23926829268293,45.05560975609755,2.1836585365853765,27.277560975609756,26.480121951219516,0.7974390243902398,15.669999999999998,12.536707317073171,3.133292682926827,6.368536585365853,2.3065853658536586,4.061951219512195,6.368536585365853,2.3065853658536586,4.061951219512195,0.7,0.6,0.09999999999999998,1429.5906510504335,1582.0441702936985,-152.45351924326496
statline_pregame_svm,2025-26,22500698,2026-01-31,1610612754,1610612737,IND,ATL,Indiana Pacers,Atlanta Hawks,IND vs. ATL,ATL @ IND,1,last_avg_15pct_current_momentum_85pct_plus_elo,0.85,0.15,20,0.4484521951219512,0.4533732926829268,-0.004921097560975585,0.3520125609756098,0.36788914634146336,-0.01587658536585357,0.7315437804878048,0.7806025609756098,-0.04905878048780499,109.48987804878047,113.43743902439024,-3.9475609756097754,44.43939024390244,43.735,0.7043902439024379,29.631585365853656,29.34280487804878,0.28878048780487475,14.304268292682925,13.378658536585364,0.9256097560975611,-4.510243902439024,-3.400121951219512,-1.110121951219512,-4.510243902439024,-3.400121951219512,-1.110121951219512,0.5,0.5,0.0,1422.4552896988116,1490.2988010024949,-67.84351130368327
statline_pregame_svm,2025-26,22500699,2026-01-31,1610612755,1610612740,PHI,NOP,Philadelphia 76ers,New Orleans Pelicans,PHI vs. NOP,NOP @ PHI,1,last_avg_15pct_current_momentum_85pct_plus_elo,0.85,0.15,20,0.4776767073170732,0.45793451219512193,0.019742195121951245,0.34980707317073173,0.33996304878048783,0.0098440243902439,0.8060559756097561,0.7943674390243903,0.011688536585365727,113.51146341463414,112.43939024390244,1.0720731707316986,39.11890243902439,45.641463414634146,-6.522560975609757,25.49243902439024,24.36121951219512,1.1312195121951198,13.008292682926829,12.991951219512195,0.016341463414633495,-3.2297560975609754,-3.4540243902439025,0.22426829268292714,-3.2297560975609754,-3.4540243902439025,0.22426829268292714,0.5,0.4,0.09999999999999998,1471.3097128645634,1349.6067004624636,121.70301240209983
statline_pregame_svm,2025-26,22500700,2026-01-31,1610612763,1610612750,MEM,MIN,Memphis Grizzlies,Minnesota Timberwolves,MEM vs. MIN,MIN @ MEM,0,last_avg_15pct_current_momentum_85pct_plus_elo,0.85,0.15,20,0.4548015853658536,0.46684219512195124,-0.012040609756097664,0.3430390243902439,0.38278914634146344,-0.03975012195121952,0.8154185365853659,0.7136187804878048,0.10179975609756109,112.1810975609756,114.21390243902438,-2.032804878048779,45.25341463414634,46.172560975609755,-0.9191463414634171,28.232195121951218,25.763292682926828,2.46890243902439,16.03560975609756,15.51451219512195,0.5210975609756101,-3.096951219512195,4.15,-7.246951219512195,-3.096951219512195,4.15,-7.246951219512195,0.2,0.5,-0.3,1427.2987741275745,1586.3169088351308,-159.01813470755633
statline_pregame_svm,2025-26,22500701,2026-01-31,1610612745,1610612742,HOU,DAL,Houston Rockets,Dallas Mavericks,HOU vs. DAL,DAL @ HOU,1,last_avg_15pct_current_momentum_85pct_plus_elo,0.85,0.15,20,0.4552732926829268,0.4801425609756098,-0.02486926829268299,0.35650048780487803,0.3515276829268293,0.004972804878048742,0.7104675609756097,0.7302681707317072,-0.019800609756097542,110.1339024390244,117.76926829268292,-7.635365853658527,49.17451219512194,45.72731707317074,3.4471951219512036,23.90121951219512,26.056585365853657,-2.1553658536585374,14.323536585365854,13.580487804878048,0.7430487804878059,2.461829268292683,1.9457317073170732,0.5160975609756098,2.461829268292683,1.9457317073170732,0.5160975609756098,0.7,0.5,0.19999999999999996,1587.7659372961173,1433.9548054154354,153.81113188068184
statline_pregame_svm,2025-26,22500702,2026-02-01,1610612738,1610612749,BOS,MIL,Boston Celtics,Milwaukee Bucks,BOS vs. MIL,MIL @ BOS,1,last_avg_15pct_current_momentum_85pct_plus_elo,0.85,0.15,20,0.4551132926829268,0.46939146341463417,-0.014278170731707396,0.35192597560975614,0.3781070731707317,-0.026181097560975586,0.7864192682926829,0.7045510975609757,0.08186817073170727,113.49024390243902,107.76682926829268,5.723414634146337,46.407560975609755,41.43987804878049,4.967682926829262,24.406951219512194,26.433170731707317,-2.026219512195123,12.574878048780487,13.396707317073172,-0.8218292682926851,6.466463414634146,-8.553658536585365,15.020121951219512,6.466463414634146,-8.553658536585365,15.020121951219512,0.6,0.2,0.39999999999999997,1607.384497813426,1444.93363647098,162.45086134244593
statline_pregame_svm,2025-26,22500703,2026-02-01,1610612759,1610612753,SAS,ORL,San Antonio Spurs,Orlando Magic,SAS vs. ORL,ORL @ SAS,1,last_avg_15pct_current_momentum_85pct_plus_elo,0.85,0.15,20,0.46533829268292676,0.4473343902439024,0.018003902439024333,0.3533221951219512,0.3367464634146342,0.016575731707316965,0.7824663414634146,0.8246347560975609,-0.04216841463414622,111.6940243902439,110.41902439024389,1.2750000000000057,43.61060975609756,41.891219512195114,1.7193902439024455,26.820121951219512,25.976829268292683,0.8432926829268297,12.79170731707317,14.201097560975608,-1.409390243902438,1.4565853658536587,-4.1832926829268295,5.6398780487804885,1.4565853658536587,-4.1832926829268295,5.6398780487804885,0.5,0.5,0.0,1567.917706618252,1501.7236422450765,66.19406437317548
statline_pregame_svm,2025-26,22500704,2026-02-01,1610612765,1610612751,DET,BKN,Detroit Pistons,Brooklyn Nets,DET vs. BKN,BKN @ DET,1,last_avg_15pct_current_momentum_85pct_plus_elo,0.85,0.15,20,0.46588512195121956,0.4362479268292683,0.029637195121951287,0.32644902439024387,0.35624804878048777,-0.0297990243902439,0.7517925609756098,0.7665787804878048,-0.014786219512195053,112.185,104.08146341463414,8.103536585365859,44.87841463414634,40.87573170731707,4.002682926829266,26.230365853658537,25.363780487804878,0.8665853658536591,15.574878048780487,13.83560975609756,1.7392682926829277,5.045365853658536,-11.606463414634145,16.65182926829268,5.045365853658536,-11.606463414634145,16.65182926829268,0.7,0.2,0.49999999999999994,1630.9051787028902,1326.7694916929977,304.13568700989254
statline_pregame_svm,2025-26,22500705,2026-02-01,1610612748,1610612741,MIA,CHI,Miami Heat,Chicago Bulls,MIA vs. CHI,CHI @ MIA,1,last_avg_15pct_current_momentum_85pct_plus_elo,0.85,0.15,20,0.44269170731707314,0.4904878048780487,-0.04779609756097558,0.3494812195121951,0.41575268292682926,-0.06627146341463419,0.7915389024390244,0.7866039024390243,0.004935000000000023,118.92963414634147,119.58573170731708,-0.6560975609756099,48.83853658536585,44.1930487804878,4.6454878048780515,28.017195121951218,31.729146341463416,-3.7119512195121978,13.51280487804878,13.675609756097561,-0.16280487804878163,-0.17085365853658535,3.7608536585365853,-3.9317073170731707,-0.17085365853658535,3.7608536585365853,-3.9317073170731707,0.5,0.6,-0.09999999999999998,1500.8499687427009,1485.5608764323765,15.28909231032435
statline_pregame_svm,2025-26,22500706,2026-02-01,1610612761,1610612762,TOR,UTA,Toronto Raptors,Utah Jazz,TOR vs. UTA,UTA @ TOR,1,last_avg_15pct_current_momentum_85pct_plus_elo,0.85,0.15,20,0.46930426829268296,0.48713195121951225,-0.01782768292682929,0.3299920731707317,0.34499353658536586,-0.015001463414634153,0.7840459756097561,0.7804701219512195,0.003575853658536632,111.74487804878049,115.04353658536584,-3.29865853658535,43.14829268292682,40.04719512195122,3.101097560975603,29.78048780487805,30.518658536585363,-0.7381707317073136,14.029390243902439,15.672926829268292,-1.6435365853658528,-1.6639024390243904,-12.96121951219512,11.29731707317073,-1.6639024390243904,-12.96121951219512,11.29731707317073,0.5,0.1,0.4,1514.6015512880153,1336.3169709658637,178.28458032215167
statline_pregame_svm,2025-26,22500707,2026-02-01,1610612764,1610612758,WAS,SAC,Washington Wizards,Sacramento Kings,WAS vs. SAC,SAC @ WAS,1,last_avg_15pct_current_momentum_85pct_plus_elo,0.85,0.15,20,0.43264146341463416,0.4784991463414634,-0.045857682926829235,0.32330634146341464,0.35582085365853655,-0.032514512195121914,0.805465243902439,0.813064268292683,-0.007599024390243958,108.085,110.94475609756097,-2.8597560975609753,43.869268292682925,44.02926829268293,-0.1600000000000037,24.844634146341463,25.72768292682927,-0.8830487804878082,14.999146341463414,15.937560975609754,-0.9384146341463406,-9.260853658536584,-6.218658536585366,-3.0421951219512184,-9.260853658536584,-6.218658536585366,-3.0421951219512184,0.2,0.2,0.0,1321.4212149073135,1377.2762798358317,-55.85506492851823
statline_pregame_svm,2025-26,22500708,2026-02-01,1610612752,1610612747,NYK,LAL,New York Knicks,Los Angeles Lakers,NYK vs. LAL,LAL @ NYK,1,last_avg_15pct_current_momentum_85pct_plus_elo,0.85,0.15,20,0.4668906097560975,0.5033256097560975,-0.03643500000000005,0.359064756097561,0.40066707317073175,-0.04160231707317075,0.7485139024390245,0.7653434146341463,-0.016829512195121854,112.05707317073171,118.07353658536584,-6.016463414634131,47.5369512195122,41.724024390243905,5.812926829268292,26.648170731707317,26.253170731707318,0.3949999999999996,14.145243902439026,13.56951219512195,0.5757317073170753,8.349634146341463,2.392926829268293,5.956707317073171,8.349634146341463,2.392926829268293,5.956707317073171,0.6,0.6,0.0,1565.744899688992,1559.6034168799463,6.141482809045783
statline_pregame_svm,2025-26,22500709,2026-02-01,1610612756,1610612746,PHX,LAC,Phoenix Suns,Los Angeles Clippers,PHX vs. LAC,LAC @ PHX,0,last_avg_15pct_current_momentum_85pct_plus_elo,0.85,0.15,20,0.4656110975609756,0.4775746341463415,-0.01196353658536592,0.36053560975609755,0.36097524390243896,-0.0004396341463414055,0.8202053658536587,0.8282762195121951,-0.008070853658536437,112.66829268292683,113.57670731707316,-0.9084146341463253,42.32817073170732,41.16390243902439,1.1642682926829266,23.885243902439022,23.495609756097558,0.3896341463414643,15.029146341463415,14.471707317073172,0.5574390243902432,2.2700000000000005,5.118780487804878,-2.848780487804878,2.2700000000000005,5.118780487804878,-2.848780487804878,0.6,0.8,-0.20000000000000007,1570.8658502348173,1550.8608986821864,20.004951552630928
statline_pregame_svm,2025-26,22500710,2026-02-01,1610612757,1610612739,POR,CLE,Portland Trail Blazers,Cleveland Cavaliers,POR vs. CLE,CLE @ POR,0,last_avg_15pct_current_momentum_85pct_plus_elo,0.85,0.15,20,0.4496574390243902,0.4788276829268293,-0.029170243902439108,0.3191560975609756,0.37389146341463414,-0.05473536585365851,0.7424186585365853,0.7796947560975609,-0.03727609756097561,110.47353658536585,116.72085365853658,-6.247317073170734,46.665243902439016,45.74036585365854,0.924878048780478,21.930731707317072,28.949634146341463,-7.018902439024391,17.26951219512195,15.749268292682926,1.5202439024390255,-2.911341463414634,5.170487804878049,-8.081829268292683,-2.911341463414634,5.170487804878049,-8.081829268292683,0.4,0.7,-0.29999999999999993,1502.49004130723,1591.859131688689,-89.36909038145905
statline_pregame_svm,2025-26,22500711,2026-02-01,1610612743,1610612760,DEN,OKC,Denver Nuggets,Oklahoma City Thunder,DEN vs. OKC,OKC @ DEN,0,last_avg_15pct_current_momentum_85pct_plus_elo,0.85,0.15,20,0.47652890243902435,0.4919559756097561,-0.015427073170731775,0.3873096341463414,0.3619619512195122,0.025347682926829207,0.7961317073170731,0.8109323170731708,-0.01480060975609776,111.61341463414634,116.845,-5.231585365853661,40.43658536585365,42.92707317073171,-2.4904878048780574,25.814999999999998,24.768048780487803,1.046951219512195,10.553414634146343,12.297926829268292,-1.744512195121949,2.0285365853658535,10.004878048780487,-7.9763414634146335,2.0285365853658535,10.004878048780487,-7.9763414634146335,0.7,0.6,0.09999999999999998,1591.5105775388924,1695.2054068620362,-103.69482932314372
statline_pregame_svm,2025-26,22500712,2026-02-02,1610612766,1610612740,CHA,NOP,Charlotte Hornets,New Orleans Pelicans,CHA vs. NOP,NOP @ CHA,1,last_avg_15pct_current_momentum_85pct_plus_elo,0.85,0.15,20,0.4781676829268292,0.4460345121951219,0.032133170731707295,0.37893609756097557,0.32967804878048784,0.04925804878048773,0.8282589024390243,0.7998074390243902,0.028451463414634115,114.95963414634146,112.09939024390243,2.8602439024390236,47.409268292682924,47.34146341463414,0.06780487804878277,27.787560975609754,24.02121951219512,3.7663414634146335,15.84,12.481951219512196,3.3580487804878043,7.473536585365854,-3.4540243902439025,10.927560975609756,7.473536585365854,-3.4540243902439025,10.927560975609756,0.8,0.4,0.4,1443.71711472588,1342.9730224494274,100.74409227645265
statline_pregame_svm,2025-26,22500713,2026-02-02,1610612754,1610612745,IND,HOU,Indiana Pacers,Houston Rockets,IND vs. HOU,HOU @ IND,0,last_avg_15pct_current_momentum_85pct_plus_elo,0.85,0.15,20,0.45610219512195116,0.44728329268292677,0.00881890243902439,0.35575256097560976,0.364405487804878,-0.00865292682926827,0.734858780487805,0.7082575609756098,0.026601219512195184,109.99987804878049,109.45390243902438,0.5459756097561126,44.18439024390244,49.429512195121944,-5.245121951219502,28.951585365853656,24.66621951219512,4.285365853658536,14.729268292682926,14.068536585365853,0.6607317073170726,-6.125243902439024,2.291829268292683,-8.417073170731708,-6.125243902439024,2.291829268292683,-8.417073170731708,0.5,0.7,-0.19999999999999996,1434.383536903956,1593.6071043600407,-159.22356745608477
statline_pregame_svm,2025-26,22500714,2026-02-02,1610612763,1610612750,MEM,MIN,Memphis Grizzlies,Minnesota Timberwolves,MEM vs. MIN,MIN @ MEM,1,last_avg_15pct_current_momentum_85pct_plus_elo,0.85,0.15,20,0.4603265853658536,0.4749171951219513,-0.014590609756097717,0.3384490243902439,0.3979191463414634,-0.059470121951219534,0.823578536585366,0.7333387804878049,0.09023975609756107,113.5410975609756,116.5089024390244,-2.9678048780487956,44.913414634146335,45.74756097560976,-0.8341463414634234,28.74219512195122,26.18829268292683,2.553902439024391,15.780609756097562,16.02451219512195,-0.24390243902438868,-2.926951219512195,5.51,-8.436951219512196,-2.926951219512195,5.51,-8.436951219512196,0.2,0.5,-0.3,1421.5807784435679,1592.0349045191374,-170.45412607556955
statline_pregame_svm,2025-26,22500715,2026-02-02,1610612746,1610612755,LAC,PHI,Los Angeles Clippers,Philadelphia 76ers,LAC vs. PHI,PHI @ LAC,0,last_avg_15pct_current_momentum_85pct_plus_elo,0.85,0.15,20,0.4849696341463414,0.47359670731707315,0.01137292682926827,0.362675243902439,0.35218707317073167,0.010488170731707325,0.824281219512195,0.791265975609756,0.03301524390243904,115.19170731707317,114.27646341463414,0.9152439024390304,43.37390243902439,40.47890243902439,2.895000000000003,24.175609756097558,26.00243902439024,-1.826829268292684,14.131707317073172,12.498292682926829,1.6334146341463427,6.648780487804878,-3.4847560975609753,10.133536585365853,6.648780487804878,-3.4847560975609753,10.133536585365853,0.8,0.5,0.30000000000000004,1561.4360520058406,1477.9433908775995,83.49266112824102
statline_pregame_svm,2025-26,22500716,2026-02-03,1610612765,1610612743,DET,DEN,Detroit Pistons,Denver Nuggets,DET vs. DEN,DEN @ DET,1,last_avg_15pct_current_momentum_85pct_plus_elo,0.85,0.15,20,0.4800801219512195,0.47703890243902447,0.003041219512195048,0.3388590243902439,0.39215463414634144,-0.05329560975609754,0.7551075609756096,0.7872067073170732,-0.0320991463414636,115.415,110.67841463414634,4.736585365853671,44.538414634146335,41.03158536585366,3.5068292682926767,27.250365853658536,26.24,1.0103658536585378,14.129878048780487,11.488414634146341,2.6414634146341456,10.060365853658537,0.6685365853658536,9.391829268292684,10.060365853658537,0.6685365853658536,9.391829268292684,0.8,0.6,0.20000000000000007,1633.8642419451655,1584.4095832671417,49.45465867802386
statline_pregame_svm,2025-26,22500717,2026-02-03,1610612754,1610612762,IND,UTA,Indiana Pacers,Utah Jazz,IND vs. UTA,UTA @ IND,0,last_avg_15pct_current_momentum_85pct_plus_elo,0.85,0.15,20,0.45865219512195116,0.47089695121951214,-0.012244756097560983,0.3583025609756097,0.33955353658536586,0.01874902439024384,0.7429337804878049,0.7749451219512195,-0.032011341463414555,111.35987804878047,112.83353658536585,-1.4736585365853756,43.589390243902436,41.74719512195122,1.8421951219512138,29.29158536585366,29.668658536585365,-0.37707317073170543,14.559268292682926,16.607926829268294,-2.048658536585368,-6.635243902439023,-13.38621951219512,6.750975609756098,-6.635243902439023,-13.38621951219512,6.750975609756098,0.4,0.1,0.30000000000000004,1428.6703686764256,1331.0408853646006,97.62948331182497
statline_pregame_svm,2025-26,22500718,2026-02-03,1610612764,1610612752,WAS,NYK,Washington Wizards,New York Knicks,WAS vs. NYK,NYK @ WAS,0,last_avg_15pct_current_momentum_85pct_plus_elo,0.85,0.15,20,0.4435214634146341,0.46417060975609753,-0.02064914634146342,0.33911634146341463,0.364079756097561,-0.024963414634146364,0.7827702439024389,0.7465589024390243,0.03621134146341454,110.04,111.12207317073171,-1.0820731707317037,43.274268292682926,47.6219512195122,-4.347682926829272,25.609634146341463,26.478170731707316,-0.8685365853658524,14.489146341463416,13.975243902439024,0.5139024390243918,-7.305853658536586,8.604634146341464,-15.91048780487805,-7.305853658536586,8.604634146341464,-15.91048780487805,0.3,0.6,-0.3,1333.015144801674,1575.5681520130524,-242.55300721137837
statline_pregame_svm,2025-26,22500719,2026-02-03,1610612751,1610612747,BKN,LAL,Brooklyn Nets,Los Angeles Lakers,BKN vs. LAL,LAL @ BKN,0,last_avg_15pct_current_momentum_85pct_plus_elo,0.85,0.15,20,0.4239229268292683,0.4926156097560976,-0.06869268292682928,0.34383804878048774,0.3774620731707317,-0.03362402439024398,0.7862987804878048,0.7453684146341463,0.0409303658536585,101.02146341463414,114.58853658536586,-13.567073170731717,40.87573170731707,40.7890243902439,0.08670731707317003,24.768780487804875,24.978170731707316,-0.20939024390244043,15.02560975609756,13.14451219512195,1.8810975609756113,-15.856463414634145,-0.7520731707317074,-15.104390243902438,-15.856463414634145,-0.7520731707317074,-15.104390243902438,0.2,0.5,-0.3,1323.8104284507224,1549.780164555886,-225.96973610516352
statline_pregame_svm,2025-26,22500720,2026-02-03,1610612748,1610612737,MIA,ATL,Miami Heat,Atlanta Hawks,MIA vs. ATL,ATL @ MIA,0,last_avg_15pct_current_momentum_85pct_plus_elo,0.85,0.15,20,0.4475367073170732,0.4520982926829268,-0.004561585365853604,0.3504162195121951,0.36856914634146337,-0.01815292682926828,0.7854189024390243,0.7865525609756098,-0.0011336585365854246,120.62963414634147,113.43743902439024,7.1921951219512295,50.028536585365856,43.13999999999999,6.888536585365863,29.632195121951217,28.662804878048778,0.9693902439024384,13.42780487804878,13.463658536585365,-0.03585365853658473,3.909146341463414,-4.930121951219512,8.839268292682926,3.909146341463414,-4.930121951219512,8.839268292682926,0.6,0.4,0.19999999999999996,1510.4101971263892,1478.3705537973506,32.039643329038654
statline_pregame_svm,2025-26,22500721,2026-02-03,1610612742,1610612738,DAL,BOS,Dallas Mavericks,Boston Celtics,DAL vs. BOS,BOS @ DAL,0,last_avg_15pct_current_momentum_85pct_plus_elo,0.85,0.15,20,0.48158756097560973,0.4543482926829268,0.027239268292682917,0.35696768292682923,0.3604259756097561,-0.0034582926829268557,0.7249131707317072,0.7856542682926829,-0.060741097560975676,117.76926829268292,114.42524390243902,3.344024390243902,46.23731707317073,46.91756097560976,-0.680243902439031,25.54658536585366,24.576951219512196,0.9696341463414626,13.325487804878048,12.404878048780487,0.9206097560975603,3.135731707317073,9.016463414634146,-5.880731707317072,3.135731707317073,9.016463414634146,-5.880731707317072,0.5,0.7,-0.19999999999999996,1428.113638351512,1613.022150072748,-184.90851172123598
statline_pregame_svm,2025-26,22500722,2026-02-03,1610612749,1610612741,MIL,CHI,Milwaukee Bucks,Chicago Bulls,MIL vs. CHI,CHI @ MIL,1,last_avg_15pct_current_momentum_85pct_plus_elo,0.85,0.15,20,0.4534964634146341,0.4744228048780488,-0.020926341463414655,0.3658670731707317,0.3945876829268293,-0.02872060975609758,0.7173010975609756,0.7902589024390243,-0.0729578048780487,104.87682926829268,116.44073170731707,-11.563902439024389,41.77987804878049,44.533048780487796,-2.753170731707307,25.413170731707318,30.199146341463415,-4.785975609756097,13.311707317073171,14.18560975609756,-0.8739024390243877,-10.338658536585365,-0.06414634146341461,-10.27451219512195,-10.338658536585365,-0.06414634146341461,-10.27451219512195,0.2,0.5,-0.3,1439.295984211658,1476.0006480486882,-36.70466383703024
statline_pregame_svm,2025-26,22500723,2026-02-03,1610612760,1610612753,OKC,ORL,Oklahoma City Thunder,Orlando Magic,OKC vs. ORL,ORL @ OKC,1,last_avg_15pct_current_momentum_85pct_plus_elo,0.85,0.15,20,0.4890659756097562,0.44843939024390245,0.04062658536585373,0.3706319512195122,0.3418464634146341,0.028785487804878107,0.8195173170731707,0.8369597560975608,-0.017442439024390133,116.59,110.3340243902439,6.255975609756106,42.332073170731704,40.10621951219512,2.225853658536586,24.768048780487803,25.636829268292686,-0.8687804878048837,12.297926829268292,13.946097560975609,-1.6481707317073173,9.834878048780489,-5.03329268292683,14.86817073170732,9.834878048780489,-5.03329268292683,14.86817073170732,0.6,0.4,0.19999999999999996,1702.306401133787,1493.6061381947104,208.70026293907654
statline_pregame_svm,2025-26,22500724,2026-02-03,1610612744,1610612755,GSW,PHI,Golden State Warriors,Philadelphia 76ers,GSW vs. PHI,PHI @ GSW,0,last_avg_15pct_current_momentum_85pct_plus_elo,0.85,0.15,20,0.4745478048780488,0.4799717073170731,-0.005423902439024297,0.3754173170731707,0.3655320731707317,0.009885243902439,0.7820851219512195,0.7972159756097561,-0.015130853658536614,120.4289024390244,116.06146341463415,4.367439024390251,41.146707317073165,40.39390243902439,0.7528048780487779,30.799634146341464,26.767439024390242,4.032195121951222,14.857317073170732,11.988292682926827,2.8690243902439043,5.765731707317073,0.00024390243902450148,5.765487804878049,5.765731707317073,0.00024390243902450148,5.765487804878049,0.6,0.6,0.0,1543.4747169730142,1490.301287534685,53.17342943832932
statline_pregame_svm,2025-26,22500725,2026-02-03,1610612757,1610612756,POR,PHX,Portland Trail Blazers,Phoenix Suns,POR vs. PHX,PHX @ POR,0,last_avg_15pct_current_momentum_85pct_plus_elo,0.85,0.15,20,0.4473624390243902,0.4572810975609756,-0.009918658536585412,0.32000609756097564,0.37082060975609754,-0.0508145121951219,0.7313686585365853,0.7961503658536586,-0.06478170731707333,110.21853658536585,110.28829268292684,-0.06975609756098322,47.34524390243902,41.22317073170732,6.122073170731703,21.930731707317072,23.800243902439025,-1.8695121951219527,17.94951219512195,14.349146341463415,3.600365853658536,-3.761341463414634,0.74,-4.501341463414634,-3.761341463414634,0.74,-4.501341463414634,0.4,0.6,-0.19999999999999996,1495.0070221011274,1560.2906969111632,-65.28367481003579
statline_pregame_svm,2025-26,22500726,2026-02-04,1610612752,1610612743,NYK,DEN,New York Knicks,Denver Nuggets,NYK vs. DEN,DEN @ NYK,1,last_avg_15pct_current_momentum_85pct_plus_elo,0.85,0.15,20,0.47539060975609754,0.4729589024390244,0.0024317073170731507,0.386519756097561,0.38467463414634145,0.0018451219512195527,0.7572689024390244,0.7907767073170731,-0.03350780487804861,113.7570731707317,110.93341463414633,2.82365853658537,48.046951219512195,41.371585365853655,6.6753658536585405,27.413170731707318,26.154999999999998,1.2581707317073203,13.975243902439024,11.57341463414634,2.4018292682926834,12.174634146341463,-0.35146341463414643,12.52609756097561,12.174634146341463,-0.35146341463414643,12.52609756097561,0.7,0.5,0.19999999999999996,1579.5363975369999,1575.8234666330734,3.7129309039264626
statline_pregame_svm,2025-26,22500727,2026-02-04,1610612761,1610612750,TOR,MIN,Toronto Raptors,Minnesota Timberwolves,TOR vs. MIN,MIN @ TOR,0,last_avg_15pct_current_momentum_85pct_plus_elo,0.85,0.15,20,0.47057926829268293,0.4656521951219512,0.004927073170731711,0.34537707317073163,0.3865291463414634,-0.04115207317073177,0.7800509756097561,0.7495737804878048,0.03047719512195135,112.16987804878049,115.57390243902438,-3.4040243902438903,43.488292682926826,45.407560975609755,-1.9192682926829292,29.18548780487805,25.083292682926828,4.1021951219512225,14.879390243902439,15.429512195121951,-0.5501219512195128,0.03609756097560979,1.94,-1.9039024390243902,0.03609756097560979,1.94,-1.9039024390243902,0.6,0.4,0.19999999999999996,1519.8776368892784,1577.4879285010181,-57.61029161173974
statline_pregame_svm,2025-26,22500728,2026-02-04,1610612745,1610612738,HOU,BOS,Houston Rockets,Boston Celtics,HOU vs. BOS,BOS @ HOU,0,last_avg_15pct_current_momentum_85pct_plus_elo,0.85,0.15,20,0.4577382926829268,0.45766329268292677,7.500000000004725e-05,0.366615487804878,0.3604259756097561,0.006189512195121927,0.7094475609756097,0.755054268292683,-0.04560670731707328,111.74890243902438,113.66024390243902,-1.9113414634146437,49.08951219512195,46.57756097560975,2.5119512195121985,25.00621951219512,25.001951219512193,0.0042682926829265,14.068536585365853,12.149878048780486,1.918658536585367,4.331829268292683,9.441463414634146,-5.109634146341463,4.331829268292683,9.441463414634146,-5.109634146341463,0.8,0.7,0.10000000000000009,1599.320272587571,1618.1514679204188,-18.831195332847756
statline_pregame_svm,2025-26,22500729,2026-02-04,1610612749,1610612740,MIL,NOP,Milwaukee Bucks,New Orleans Pelicans,MIL vs. NOP,NOP @ MIL,1,last_avg_15pct_current_momentum_85pct_plus_elo,0.85,0.15,20,0.4563864634146341,0.4409345121951219,0.015451951219512206,0.3872870731707317,0.3250030487804878,0.062284024390243886,0.6969010975609756,0.7869724390243902,-0.09007134146341456,107.08682926829268,110.31439024390244,-3.2275609756097623,42.374878048780495,45.89646341463414,-3.521585365853646,26.263170731707316,24.19121951219512,2.071951219512197,13.056707317073169,11.886951219512195,1.169756097560974,-9.318658536585366,-3.5390243902439025,-5.779634146341463,-9.318658536585366,-3.5390243902439025,-5.779634146341463,0.2,0.4,-0.2,1450.3485165811849,1335.7940466506057,114.55446993057922
statline_pregame_svm,2025-26,22500730,2026-02-04,1610612759,1610612760,SAS,OKC,San Antonio Spurs,Oklahoma City Thunder,SAS vs. OKC,OKC @ SAS,1,last_avg_15pct_current_momentum_85pct_plus_elo,0.85,0.15,20,0.47502829268292684,0.48881097560975617,-0.013782682926829326,0.34771219512195123,0.3685919512195122,-0.020879756097560986,0.7661463414634146,0.8093173170731708,-0.043170975609756135,112.45902439024391,117.355,-4.895975609756093,43.525609756097566,43.097073170731704,0.4285365853658618,27.500121951219512,25.363048780487805,2.137073170731707,13.04670731707317,12.297926829268292,0.7487804878048792,2.3065853658536586,11.109878048780487,-8.803292682926829,2.3065853658536586,11.109878048780487,-8.803292682926829,0.6,0.6,0.0,1576.035210668618,1706.9310141567225,-130.89580348810455
statline_pregame_svm,2025-26,22500731,2026-02-04,1610612758,1610612763,SAC,MEM,Sacramento Kings,Memphis Grizzlies,SAC vs. MEM,MEM @ SAC,0,last_avg_15pct_current_momentum_85pct_plus_elo,0.85,0.15,20,0.47773414634146333,0.46321658536585364,0.014517560975609689,0.35675585365853657,0.34881902439024387,0.0079368292682927,0.8177392682926828,0.8256185365853658,-0.007879268292682928,110.94475609756097,115.3260975609756,-4.381341463414628,43.094268292682926,44.318414634146336,-1.2241463414634097,25.55768292682927,28.402195121951216,-2.844512195121947,15.682560975609757,15.18560975609756,0.4969512195121979,-7.493658536585366,-2.076951219512195,-5.416707317073172,-7.493658536585366,-2.076951219512195,-5.416707317073172,0.1,0.3,-0.19999999999999998,1365.682349941471,1436.1277544616871,-70.44540452021602
statline_pregame_svm,2025-26,22500732,2026-02-04,1610612746,1610612739,LAC,CLE,Los Angeles Clippers,Cleveland Cavaliers,LAC vs. CLE,CLE @ LAC,0,last_avg_15pct_current_momentum_85pct_plus_elo,0.85,0.15,20,0.4972096341463415,0.48758268292682927,0.009626951219512236,0.36089024390243896,0.3786514634146341,-0.01776121951219517,0.8064312195121951,0.757339756097561,0.04909146341463411,114.85170731707316,118.25085365853658,-3.399146341463421,43.28890243902439,46.50536585365854,-3.2164634146341484,24.34560975609756,29.629634146341463,-5.2840243902439035,14.89670731707317,15.749268292682926,-0.8525609756097552,4.693780487804878,7.720487804878049,-3.0267073170731713,4.693780487804878,7.720487804878049,-3.0267073170731713,0.7,0.8,-0.10000000000000009,1549.0781553487552,1599.3421508947918,-50.26399554603654
statline_pregame_svm,2025-26,22500733,2026-02-05,1610612765,1610612764,DET,WAS,Detroit Pistons,Washington Wizards,DET vs. WAS,WAS @ DET,0,last_avg_15pct_current_momentum_85pct_plus_elo,0.85,0.15,20,0.4790601219512195,0.43935646341463414,0.03970365853658536,0.35016402439024386,0.3469363414634146,0.003227682926829234,0.7759325609756097,0.7708702439024389,0.005062317073170841,116.775,109.7,7.075000000000003,43.60341463414634,43.35926829268293,0.24414634146341285,27.420365853658538,25.099634146341465,2.320731707317073,13.449878048780487,14.659146341463414,-1.2092682926829266,10.060365853658537,-8.750853658536585,18.811219512195123,10.060365853658537,-8.750853658536585,18.811219512195123,0.8,0.3,0.5,1642.4503585792338,1329.0468992777267,313.40345930150716
statline_pregame_svm,2025-26,22500734,2026-02-05,1610612753,1610612751,ORL,BKN,Orlando Magic,Brooklyn Nets,ORL vs. BKN,BKN @ ORL,1,last_avg_15pct_current_momentum_85pct_plus_elo,0.85,0.15,20,0.4461443902439024,0.4281729268292683,0.017971463414634126,0.3570614634146342,0.3242030487804878,0.032858414634146405,0.851154756097561,0.7659837804878049,0.08517097560975606,110.41902439024389,100.76646341463415,9.652560975609745,39.766219512195114,40.96073170731707,-1.194512195121959,25.636829268292686,24.598780487804877,1.0380487804878094,13.691097560975608,15.53560975609756,-1.8445121951219523,-7.07329268292683,-17.471463414634147,10.398170731707317,-7.07329268292683,-17.471463414634147,10.398170731707317,0.4,0.1,0.30000000000000004,1488.9815251717748,1319.5297743939823,169.45175077779254
statline_pregame_svm,2025-26,22500735,2026-02-05,1610612737,1610612762,ATL,UTA,Atlanta Hawks,Utah Jazz,ATL vs. UTA,UTA @ ATL,1,last_avg_15pct_current_momentum_85pct_plus_elo,0.85,0.15,20,0.45507329268292696,0.4775269512195123,-0.02245365853658532,0.3802141463414634,0.3540035365853658,0.02621060975609757,0.7774575609756098,0.7672101219512195,0.010247439024390292,114.37243902439025,113.59853658536585,0.7739024390243969,44.41499999999999,41.66219512195122,2.752804878048771,29.002804878048778,30.093658536585362,-1.0908536585365844,13.718658536585366,16.01292682926829,-2.2942682926829256,-1.7851219512195122,-10.75121951219512,8.966097560975609,-1.7851219512195122,-10.75121951219512,8.966097560975609,0.5,0.2,0.3,1489.2901236429361,1343.7791911007776,145.51093254215857
statline_pregame_svm,2025-26,22500736,2026-02-05,1610612761,1610612741,TOR,CHI,Toronto Raptors,Chicago Bulls,TOR vs. CHI,CHI @ TOR,1,last_avg_15pct_current_momentum_85pct_plus_elo,0.85,0.15,20,0.47346926829268293,0.4712778048780488,0.0021914634146341094,0.3561720731707317,0.39960268292682927,-0.04343060975609758,0.784640975609756,0.7814189024390245,0.003222073170731532,113.10487804878048,116.95073170731708,-3.8458536585365977,42.808292682926826,44.7030487804878,-1.8947560975609719,29.270487804878048,30.029146341463413,-0.7586585365853651,14.964390243902438,14.35560975609756,0.6087804878048768,-1.3239024390243903,-1.1691463414634147,-0.15475609756097564,-1.3239024390243903,-1.1691463414634147,-0.15475609756097564,0.5,0.5,0.0,1511.5207627309028,1464.9481156791612,46.57264705174157
statline_pregame_svm,2025-26,22500737,2026-02-05,1610612745,1610612766,HOU,CHA,Houston Rockets,Charlotte Hornets,HOU vs. CHA,CHA @ HOU,0,last_avg_15pct_current_momentum_85pct_plus_elo,0.85,0.15,20,0.4535732926829268,0.4660126829268292,-0.012439390243902393,0.361345487804878,0.3598110975609756,0.0015343902439023949,0.7135275609756098,0.8178039024390245,-0.10427634146341469,110.30390243902438,112.15463414634146,-1.850731707317081,48.749512195121945,48.17426829268293,0.5752439024390128,24.75121951219512,26.257560975609756,-1.5063414634146355,13.728536585365854,16.18,-2.451463414634146,2.1218292682926827,6.538536585365854,-4.416707317073172,2.1218292682926827,6.538536585365854,-4.416707317073172,0.7,0.8,-0.10000000000000009,1589.8617478318074,1450.8960905247018,138.96565730710563
statline_pregame_svm,2025-26,22500738,2026-02-05,1610612742,1610612759,DAL,SAS,Dallas Mavericks,San Antonio Spurs,DAL vs. SAS,SAS @ DAL,0,last_avg_15pct_current_momentum_85pct_plus_elo,0.85,0.15,20,0.4739375609756097,0.4789382926829268,-0.00500073170731713,0.34336768292682923,0.34618219512195114,-0.00281451219512191,0.7268681707317073,0.7569663414634147,-0.030098170731707397,116.66426829268292,113.98902439024388,2.6752439024390355,47.257317073170725,45.31060975609756,1.9467073170731624,24.951585365853656,27.92512195121951,-2.973536585365853,12.900487804878049,13.21670731707317,-0.3162195121951221,1.6057317073170732,4.941585365853658,-3.3358536585365854,1.6057317073170732,4.941585365853658,-3.3358536585365854,0.4,0.7,-0.29999999999999993,1422.9843205038412,1589.6340138626617,-166.6496933588205
statline_pregame_svm,2025-26,22500739,2026-02-05,1610612756,1610612744,PHX,GSW,Phoenix Suns,Golden State Warriors,PHX vs. GSW,GSW @ PHX,0,last_avg_15pct_current_momentum_85pct_plus_elo,0.85,0.15,20,0.46586609756097563,0.4747178048780488,-0.008851707317073187,0.3808506097560975,0.3747373170731707,0.006113292682926819,0.7984453658536586,0.7461301219512195,0.052315243902439024,112.41329268292684,118.3039024390244,-5.890609756097561,41.56317073170732,41.061707317073164,0.5014634146341521,24.225243902439026,30.204634146341462,-5.9793902439024365,14.094146341463414,15.367317073170732,-1.2731707317073173,1.4200000000000002,2.280731707317073,-0.860731707317073,1.4200000000000002,2.280731707317073,-0.860731707317073,0.7,0.5,0.19999999999999996,1568.433487911241,1531.956100974027,36.47738693721385
statline_pregame_svm,2025-26,22500740,2026-02-05,1610612747,1610612755,LAL,PHI,Los Angeles Lakers,Philadelphia 76ers,LAL vs. PHI,PHI @ LAL,1,last_avg_15pct_current_momentum_85pct_plus_elo,0.85,0.15,20,0.4993306097560975,0.47818670731707313,0.021143902439024365,0.36539207317073175,0.3627270731707317,0.0026650000000000285,0.7392484146341464,0.785910975609756,-0.04666256097560961,115.26853658536584,115.89146341463415,-0.6229268292683088,41.29902439024391,42.00890243902439,-0.7098780487804817,25.573170731707318,26.34243902439024,-0.7692682926829235,13.39951219512195,12.15829268292683,1.241219512195121,2.1379268292682925,1.7852439024390248,0.3526829268292677,2.1379268292682925,1.7852439024390248,0.3526829268292677,0.6,0.7,-0.09999999999999998,1554.060818612626,1501.819903533672,52.240915078954
statline_pregame_svm,2025-26,22500741,2026-02-06,1610612738,1610612748,BOS,MIA,Boston Celtics,Miami Heat,BOS vs. MIA,MIA @ BOS,1,last_avg_15pct_current_momentum_85pct_plus_elo,0.85,0.15,20,0.4515432926829268,0.4534017073170732,-0.001858414634146377,0.3561759756097561,0.33766621951219505,0.01850975609756106,0.757774268292683,0.7999539024390243,-0.042179634146341294,112.13024390243902,120.03463414634146,-7.904390243902441,46.74756097560975,50.19853658536585,-3.4509756097560995,24.916951219512192,29.207195121951216,-4.290243902439023,11.979878048780487,14.192804878048781,-2.2129268292682944,9.016463414634146,2.7191463414634143,6.297317073170731,9.016463414634146,2.7191463414634143,6.297317073170731,0.7,0.5,0.19999999999999996,1627.6099926761824,1499.4906272808037,128.11936539537874
statline_pregame_svm,2025-26,22500742,2026-02-06,1610612765,1610612752,DET,NYK,Detroit Pistons,New York Knicks,DET vs. NYK,NYK @ DET,1,last_avg_15pct_current_momentum_85pct_plus_elo,0.85,0.15,20,0.47659512195121945,0.47862060975609755,-0.002025487804878101,0.3333340243902439,0.385839756097561,-0.052505731707317094,0.7847725609756097,0.7617739024390243,0.022998658536585337,116.435,115.5420731707317,0.8929268292683048,43.263414634146336,48.38695121951219,-5.123536585365855,26.570365853658537,27.413170731707318,-0.8428048780487813,13.109878048780487,13.975243902439024,-0.8653658536585365,5.640365853658536,13.874634146341464,-8.234268292682927,5.640365853658536,13.874634146341464,-8.234268292682927,0.7,0.8,-0.10000000000000009,1625.2774240483711,1589.4295348631692,35.84788918520189
statline_pregame_svm,2025-26,22500743,2026-02-06,1610612749,1610612754,MIL,IND,Milwaukee Bucks,Indiana Pacers,MIL vs. IND,IND @ MIL,1,last_avg_15pct_current_momentum_85pct_plus_elo,0.85,0.15,20,0.4701564634146342,0.4715721951219512,-0.001415731707317014,0.3902620731707317,0.3645075609756097,0.02575451219512198,0.7054010975609757,0.7365587804878049,-0.03115768292682919,110.23182926829269,113.1448780487805,-2.913048780487813,42.289878048780494,42.909390243902436,-0.619512195121942,26.858170731707318,29.88658536585366,-3.0284146341463405,13.396707317073172,14.899268292682926,-1.5025609756097538,-8.638658536585366,-6.210243902439024,-2.4284146341463417,-8.638658536585366,-6.210243902439024,-2.4284146341463417,0.3,0.4,-0.10000000000000003,1457.1658764705162,1415.9320629402487,41.233813530267525
statline_pregame_svm,2025-26,22500744,2026-02-06,1610612750,1610612740,MIN,NOP,Minnesota Timberwolves,New Orleans Pelicans,MIN vs. NOP,NOP @ MIN,0,last_avg_15pct_current_momentum_85pct_plus_elo,0.85,0.15,20,0.4692221951219513,0.443994512195122,0.02522768292682931,0.39018414634146337,0.3410680487804878,0.04911609756097557,0.7486387804878049,0.7897774390243902,-0.04113865853658538,117.52890243902438,112.09939024390243,5.429512195121944,45.492560975609756,44.62146341463414,0.8710975609756133,25.50829268292683,24.87121951219512,0.6370731707317105,14.919512195121952,11.801951219512196,3.1175609756097558,2.535,-4.134024390243903,6.669024390243903,2.535,-4.134024390243903,6.669024390243903,0.5,0.3,0.2,1585.8448026593937,1328.9766867612743,256.8681158981194
statline_pregame_svm,2025-26,22500745,2026-02-06,1610612757,1610612763,POR,MEM,Portland Trail Blazers,Memphis Grizzlies,POR vs. MEM,MEM @ POR,1,last_avg_15pct_current_momentum_85pct_plus_elo,0.85,0.15,20,0.45254743902439026,0.47001658536585367,-0.017469146341463404,0.3240860975609756,0.3585940243902439,-0.03450792682926829,0.7377436585365853,0.8043685365853658,-0.06662487804878048,112.59853658536585,117.5360975609756,-4.937560975609756,47.515243902439025,43.468414634146335,4.04682926829269,22.86573170731707,28.65719512195122,-5.791463414634148,17.52451219512195,15.015609756097561,2.5089024390243893,-2.316341463414634,-2.161951219512195,-0.15439024390243938,-2.316341463414634,-2.161951219512195,-0.15439024390243938,0.4,0.3,0.10000000000000003,1486.8642311010497,1444.1275085220482,42.73672257900148
statline_pregame_svm,2025-26,22500746,2026-02-06,1610612758,1610612746,SAC,LAC,Sacramento Kings,Los Angeles Clippers,SAC vs. LAC,LAC @ SAC,0,last_avg_15pct_current_momentum_85pct_plus_elo,0.85,0.15,20,0.46668414634146344,0.49661463414634155,-0.029930487804878114,0.3416258536585366,0.346950243902439,-0.0053243902439024104,0.8367792682926829,0.7993762195121952,0.037403048780487724,110.68975609756097,112.47170731707317,-1.7819512195121945,43.17926829268292,43.03390243902439,0.14536585365853227,24.962682926829267,23.920609756097562,1.0420731707317046,15.172560975609755,16.08670731707317,-0.9141463414634146,-8.938658536585365,0.698780487804878,-9.637439024390243,-8.938658536585365,0.698780487804878,-9.637439024390243,0.0,0.6,-0.6,1357.68259588111,1540.514860070378,-182.83226418926802
statline_pregame_svm,2025-26,22500747,2026-02-07,1610612751,1610612764,BKN,WAS,Brooklyn Nets,Washington Wizards,BKN vs. WAS,WAS @ BKN,1,last_avg_15pct_current_momentum_85pct_plus_elo,0.85,0.15,20,0.4245179268292683,0.44352146341463417,-0.019003536585365854,0.3136630487804878,0.35671134146341466,-0.04304829268292687,0.7620737804878047,0.7533602439024389,0.008713536585365778,100.42646341463414,110.63499999999999,-10.208536585365849,40.79073170731707,43.784268292682924,-2.9935365853658524,23.663780487804875,25.694634146341464,-2.0308536585365893,16.215609756097557,15.169146341463414,1.0464634146341432,-17.301463414634146,-6.880853658536585,-10.42060975609756,-17.301463414634146,-6.880853658536585,-10.42060975609756,0.1,0.4,-0.30000000000000004,1314.0538346092505,1346.2198338085893,-32.165999199338785
statline_pregame_svm,2025-26,22500748,2026-02-07,1610612760,1610612745,OKC,HOU,Oklahoma City Thunder,Houston Rockets,OKC vs. HOU,HOU @ OKC,0,last_avg_15pct_current_momentum_85pct_plus_elo,0.85,0.15,20,0.48345597560975606,0.45000329268292677,0.03345268292682929,0.36978195121951224,0.360240487804878,0.009541463414634244,0.8145873170731707,0.7154825609756097,0.09910475609756098,116.92999999999999,108.60390243902438,8.326097560975612,43.267073170731706,48.154512195121946,-4.88743902439024,25.448048780487802,24.92121951219512,0.5268292682926834,12.467926829268292,13.983536585365854,-1.5156097560975628,8.559878048780487,0.5068292682926828,8.053048780487805,8.559878048780487,0.5068292682926828,8.053048780487805,0.5,0.6,-0.09999999999999998,1693.3322109626788,1576.062469436864,117.26974152581488
statline_pregame_svm,2025-26,22500749,2026-02-07,1610612759,1610612742,SAS,DAL,San Antonio Spurs,Dallas Mavericks,SAS vs. DAL,DAL @ SAS,1,last_avg_15pct_current_momentum_85pct_plus_elo,0.85,0.15,20,0.4788532926829268,0.47767756097560965,0.0011757317073171625,0.34473719512195117,0.36376768292682926,-0.019030487804878093,0.7593463414634146,0.7424231707317073,0.01692317073170735,115.3490243902439,117.85426829268292,-2.5052439024390196,45.31060975609756,46.747317073170734,-1.4367073170731715,28.435121951219507,25.54658536585366,2.8885365853658485,12.961707317073172,13.155487804878048,-0.1937804878048759,4.431585365853659,1.3507317073170733,3.0808536585365855,4.431585365853659,1.3507317073170733,3.0808536585365855,0.7,0.4,0.29999999999999993,1595.1743301633167,1417.4440042031863,177.73032596013036
statline_pregame_svm,2025-26,22500750,2026-02-07,1610612753,1610612762,ORL,UTA,Orlando Magic,Utah Jazz,ORL vs. UTA,UTA @ ORL,1,last_avg_15pct_current_momentum_85pct_plus_elo,0.85,0.15,20,0.4472493902439024,0.47123695121951215,-0.023987560975609723,0.3420164634146341,0.36054853658536584,-0.018532073170731744,0.841974756097561,0.7629601219512195,0.07901463414634147,109.5690243902439,113.51353658536584,-3.944512195121945,40.021219512195124,42.342195121951214,-2.32097560975609,26.061829268292684,29.158658536585364,-3.09682926829268,14.03109756097561,15.672926829268292,-1.6418292682926818,-6.22329268292683,-9.391219512195121,3.167926829268292,-6.22329268292683,-9.391219512195121,3.167926829268292,0.4,0.2,0.2,1494.4574649565066,1337.7385004051146,156.718964551392
statline_pregame_svm,2025-26,22500751,2026-02-07,1610612737,1610612766,ATL,CHA,Atlanta Hawks,Charlotte Hornets,ATL vs. CHA,CHA @ ATL,0,last_avg_15pct_current_momentum_85pct_plus_elo,0.85,0.15,20,0.46000329268292683,0.4623576829268292,-0.0023543902439023823,0.3726491463414634,0.3624460975609756,0.010203048780487778,0.7745675609756097,0.8250289024390244,-0.05046134146341463,116.07243902439023,111.55963414634147,4.512804878048769,45.26499999999999,48.344268292682926,-3.079268292682933,29.93780487804878,25.747560975609755,4.1902439024390254,12.868658536585365,16.605,-3.736341463414636,-0.2551219512195122,9.088536585365853,-9.343658536585366,-0.2551219512195122,9.088536585365853,-9.343658536585366,0.6,0.9,-0.30000000000000004,1495.330814338599,1464.6953689196453,30.63544541895385
statline_pregame_svm,2025-26,22500752,2026-02-07,1610612741,1610612743,CHI,DEN,Chicago Bulls,Denver Nuggets,CHI vs. DEN,DEN @ CHI,0,last_avg_15pct_current_momentum_85pct_plus_elo,0.85,0.15,20,0.4653278048780488,0.46522390243902434,0.00010390243902447249,0.39382268292682926,0.37277463414634143,0.021048048780487827,0.7990989024390245,0.797236707317073,0.0018621951219515154,115.50573170731707,111.44341463414634,4.062317073170732,44.1930487804878,42.47658536585365,1.7164634146341484,28.924146341463413,25.985,2.939146341463413,15.03560975609756,11.828414634146341,3.2071951219512194,-4.399146341463415,-1.4564634146341464,-2.9426829268292685,-4.399146341463415,-1.4564634146341464,-2.9426829268292685,0.4,0.4,0.0,1456.280612741517,1565.930329306904,-109.64971656538705
statline_pregame_svm,2025-26,22500753,2026-02-07,1610612747,1610612744,LAL,GSW,Los Angeles Lakers,Golden State Warriors,LAL vs. GSW,GSW @ LAL,1,last_avg_15pct_current_momentum_85pct_plus_elo,0.85,0.15,20,0.5046856097560976,0.46579280487804875,0.0388928048780488,0.36037707317073175,0.36793731707317073,-0.007560243902438979,0.7315984146341463,0.7445151219512194,-0.012916707317073062,115.52353658536586,116.1789024390244,-0.6553658536585374,42.574024390243906,41.65670731707317,0.9173170731707359,25.743170731707316,29.949634146341463,-4.206463414634147,13.99451219512195,15.622317073170732,-1.6278048780487815,3.8379268292682926,1.515731707317073,2.3221951219512196,3.8379268292682926,1.515731707317073,2.3221951219512196,0.7,0.5,0.19999999999999996,1562.56843418251,1543.00216381296,19.56627036955001
statline_pregame_svm,2025-26,22500754,2026-02-07,1610612756,1610612755,PHX,PHI,Phoenix Suns,Philadelphia 76ers,PHX vs. PHI,PHI @ PHX,0,last_avg_15pct_current_momentum_85pct_plus_elo,0.85,0.15,20,0.46994609756097566,0.48320170731707324,-0.013255609756097575,0.38212560975609755,0.3554170731707317,0.026708536585365872,0.7968303658536585,0.803165975609756,-0.006335609756097482,111.64829268292682,116.06146341463415,-4.413170731707325,41.56317073170732,40.98890243902439,0.5742682926829232,24.225243902439026,26.937439024390244,-2.7121951219512184,14.094146341463414,12.668292682926829,1.4258536585365853,0.4850000000000001,0.6802439024390244,-0.19524390243902434,0.4850000000000001,0.6802439024390244,-0.19524390243902434,0.6,0.6,0.0,1557.3874250723081,1493.312287963788,64.07513710852004
statline_pregame_svm,2025-26,22500755,2026-02-07,1610612757,1610612763,POR,MEM,Portland Trail Blazers,Memphis Grizzlies,POR vs. MEM,MEM @ POR,1,last_avg_15pct_current_momentum_85pct_plus_elo,0.85,0.15,20,0.4602824390243903,0.4716315853658536,-0.011349146341463279,0.3326710975609757,0.3495840243902439,-0.016912926829268204,0.7584836585365853,0.7962935365853658,-0.037809878048780554,114.12853658536585,117.87609756097561,-3.7475609756097583,46.83524390243903,43.468414634146335,3.3668292682926975,23.54573170731707,28.74219512195122,-5.196463414634149,17.779512195121953,15.015609756097561,2.763902439024392,-1.9763414634146341,-3.2669512195121952,1.2906097560975611,-1.9763414634146341,-3.2669512195121952,1.2906097560975611,0.4,0.3,0.10000000000000003,1495.6403358529146,1435.3514037701832,60.288932082731435
statline_pregame_svm,2025-26,22500756,2026-02-07,1610612758,1610612739,SAC,CLE,Sacramento Kings,Cleveland Cavaliers,SAC vs. CLE,CLE @ SAC,0,last_avg_15pct_current_momentum_85pct_plus_elo,0.85,0.15,20,0.46311414634146336,0.48622268292682935,-0.02310853658536599,0.33440085365853656,0.37482646341463416,-0.0404256097560976,0.839414268292683,0.7482447560975608,0.09116951219512215,110.77475609756098,117.48585365853657,-6.711097560975588,43.34926829268292,45.82536585365854,-2.4760975609756173,24.367682926829268,28.694634146341464,-4.326951219512196,14.747560975609757,15.154268292682925,-0.40670731707316854,-8.598658536585365,8.315487804878048,-16.914146341463415,-8.598658536585365,8.315487804878048,-16.914146341463415,0.0,0.8,-0.8,1352.5075633112483,1607.905446173169,-255.3978828619206
statline_pregame_svm,2025-26,22500757,2026-02-08,1610612738,1610612752,BOS,NYK,Boston Celtics,New York Knicks,BOS vs. NYK,NYK @ BOS,0,last_avg_15pct_current_momentum_85pct_plus_elo,0.85,0.15,20,0.45315829268292684,0.4745406097560976,-0.02138231707317073,0.3528609756097561,0.379379756097561,-0.026518780487804927,0.7563292682926829,0.7672139024390243,-0.010884634146341443,111.70524390243902,113.92707317073169,-2.221829268292666,47.172560975609755,47.366951219512195,-0.19439024390243986,25.256951219512196,27.58317073170732,-2.3262195121951237,12.149878048780486,13.805243902439024,-1.6553658536585374,9.271463414634146,11.239634146341464,-1.9681707317073176,9.271463414634146,11.239634146341464,-1.9681707317073176,0.8,0.8,0.0,1634.080951185229,1580.457674183076,53.62327700215292
statline_pregame_svm,2025-26,22500758,2026-02-08,1610612764,1610612748,WAS,MIA,Washington Wizards,Miami Heat,WAS vs. MIA,MIA @ WAS,0,last_avg_15pct_current_momentum_85pct_plus_elo,0.85,0.15,20,0.4443714634146342,0.4553567073170732,-0.01098524390243899,0.35671134146341466,0.3407262195121951,0.01598512195121954,0.7857452439024389,0.7869489024390244,-0.001203658536585439,110.465,118.67463414634146,-8.209634146341457,42.25426829268292,49.178536585365855,-6.924268292682932,25.524634146341466,28.612195121951217,-3.087560975609751,15.594146341463414,13.597804878048779,1.9963414634146357,-7.560853658536585,4.504146341463414,-12.065,-7.560853658536585,4.504146341463414,-12.065,0.4,0.5,-0.09999999999999998,1335.2966580226823,1493.019668771757,-157.72301074907477
statline_pregame_svm,2025-26,22500759,2026-02-08,1610612761,1610612754,TOR,IND,Toronto Raptors,Indiana Pacers,TOR vs. IND,IND @ TOR,1,last_avg_15pct_current_momentum_85pct_plus_elo,0.85,0.15,20,0.48026926829268296,0.4654521951219512,0.014817073170731776,0.36288707317073166,0.35855756097560976,0.0043295121951218984,0.784640975609756,0.7487137804878048,0.035927195121951194,113.61487804878048,110.76487804878047,2.8500000000000085,42.723292682926825,42.39939024390244,0.323902439024387,29.69548780487805,28.951585365853656,0.7439024390243922,14.45439024390244,15.069268292682926,-0.6148780487804864,0.37609756097560976,-7.400243902439024,7.776341463414633,0.37609756097560976,-7.400243902439024,7.776341463414633,0.6,0.3,0.3,1520.188265668547,1407.1133266425916,113.07493902595547
statline_pregame_svm,2025-26,22500760,2026-02-08,1610612750,1610612746,MIN,LAC,Minnesota Timberwolves,Los Angeles Clippers,MIN vs. LAC,LAC @ MIN,0,last_avg_15pct_current_momentum_85pct_plus_elo,0.85,0.15,20,0.4653121951219512,0.49678463414634155,-0.03147243902439034,0.38278914634146344,0.352730243902439,0.030058902439024426,0.7446437804878049,0.798866219512195,-0.05422243902439017,116.84890243902439,111.87670731707317,4.972195121951216,46.002560975609754,43.37390243902439,2.6286585365853625,25.50829268292683,23.66560975609756,1.8426829268292693,14.83451219512195,16.08670731707317,-1.2521951219512193,2.45,0.613780487804878,1.8362195121951221,2.45,0.613780487804878,1.8362195121951221,0.5,0.6,-0.09999999999999998,1569.5574257180322,1545.6898926402398,23.86753307779236
statline_pregame_svm,2025-26,22500761,2026-02-09,1610612766,1610612765,CHA,DET,Charlotte Hornets,Detroit Pistons,CHA vs. DET,DET @ CHA,0,last_avg_15pct_current_momentum_85pct_plus_elo,0.85,0.15,20,0.4615076829268292,0.4849251219512195,-0.023417439024390307,0.3741760975609756,0.34276902439024387,0.031407073170731714,0.8381189024390243,0.7956525609756097,0.04246634146341466,112.91963414634147,117.625,-4.7053658536585345,48.08926829268293,43.51841463414634,4.570853658536592,25.83256097560976,27.165365853658535,-1.3328048780487762,16.86,13.534878048780488,3.3251219512195114,7.728536585365853,8.785365853658536,-1.0568292682926836,7.728536585365853,8.785365853658536,-1.0568292682926836,0.9,0.7,0.20000000000000007,1475.5748497813481,1634.2492847284643,-158.6744349471162
statline_pregame_svm,2025-26,22500762,2026-02-09,1610612751,1610612741,BKN,CHI,Brooklyn Nets,Chicago Bulls,BKN vs. CHI,CHI @ BKN,1,last_avg_15pct_current_momentum_85pct_plus_elo,0.85,0.15,20,0.4281729268292682,0.4552128048780487,-0.027039878048780497,0.3091580487804878,0.38192268292682924,-0.07276463414634143,0.7437987804878049,0.8118489024390244,-0.06805012195121951,101.27646341463414,113.97573170731707,-12.69926829268293,42.23573170731707,43.7680487804878,-1.5323170731707307,24.343780487804878,27.649146341463414,-3.305365853658536,16.64060975609756,15.460609756097561,1.1799999999999997,-15.346463414634146,-8.139146341463414,-7.2073170731707314,-15.346463414634146,-8.139146341463414,-7.2073170731707314,0.2,0.3,-0.09999999999999998,1324.9770103951575,1449.3358180150763,-124.35880761991871
statline_pregame_svm,2025-26,22500763,2026-02-09,1610612748,1610612762,MIA,UTA,Miami Heat,Utah Jazz,MIA vs. UTA,UTA @ MIA,0,last_avg_15pct_current_momentum_85pct_plus_elo,0.85,0.15,20,0.45459170731707316,0.47769695121951217,-0.02310524390243901,0.3362212195121951,0.3581685365853659,-0.021947317073170824,0.8075189024390245,0.7607501219512195,0.04676878048780497,118.84463414634146,114.10853658536585,4.736097560975608,50.36853658536585,43.36219512195122,7.0063414634146355,28.697195121951218,29.073658536585363,-0.376463414634145,14.107804878048778,16.52292682926829,-2.4151219512195112,6.034146341463415,-8.541219512195122,14.575365853658536,6.034146341463415,-8.541219512195122,14.575365853658536,0.5,0.2,0.3,1498.7681547613604,1331.966310145472,166.80184461588829
statline_pregame_svm,2025-26,22500764,2026-02-09,1610612753,1610612749,ORL,MIL,Orlando Magic,Milwaukee Bucks,ORL vs. MIL,MIL @ ORL,1,last_avg_15pct_current_momentum_85pct_plus_elo,0.85,0.15,20,0.4469943902439024,0.46854146341463415,-0.021547073170731734,0.3370864634146341,0.3852470731707317,-0.048160609756097594,0.8335597560975609,0.7128810975609757,0.12067865853658521,109.7390243902439,110.14682926829268,-0.4078048780487791,38.66121951219512,43.649878048780494,-4.988658536585376,25.891829268292682,26.60317073170732,-0.7113414634146373,13.86109756097561,12.716707317073169,1.144390243902441,-6.563292682926829,-5.323658536585366,-1.239634146341463,-6.563292682926829,-5.323658536585366,-1.239634146341463,0.4,0.4,0.0,1500.229655216149,1465.9846127681733,34.24504244797572
statline_pregame_svm,2025-26,22500765,2026-02-09,1610612750,1610612737,MIN,ATL,Minnesota Timberwolves,Atlanta Hawks,MIN vs. ATL,ATL @ MIN,1,last_avg_15pct_current_momentum_85pct_plus_elo,0.85,0.15,20,0.4658221951219513,0.4698632926829268,-0.004041097560975537,0.3780291463414634,0.3862491463414634,-0.008220000000000005,0.7357187804878049,0.7745675609756097,-0.038848780487804824,114.63890243902439,117.17743902439025,-2.5385365853658612,45.57756097560976,43.82,1.7575609756097563,24.57329268292683,30.02280487804878,-5.449512195121951,15.684512195121952,12.698658536585365,2.9858536585365876,1.26,1.3598780487804878,-0.09987804878048778,1.26,1.3598780487804878,-0.09987804878048778,0.5,0.6,-0.09999999999999998,1558.871541492204,1484.4513334768963,74.42020801530771
statline_pregame_svm,2025-26,22500766,2026-02-09,1610612740,1610612758,NOP,SAC,New Orleans Pelicans,Sacramento Kings,NOP vs. SAC,SAC @ NOP,1,last_avg_15pct_current_momentum_85pct_plus_elo,0.85,0.15,20,0.44722451219512194,0.46353914634146337,-0.016314634146341433,0.34293804878048784,0.33992585365853656,0.0030121951219512777,0.7913074390243903,0.8260692682926829,-0.03476182926829263,112.09939024390243,111.53975609756097,0.559634146341466,44.36646341463414,42.75426829268292,1.612195121951217,25.46621951219512,24.62268292682927,0.8435365853658503,12.396951219512195,14.662560975609756,-2.265609756097561,-3.1140243902439027,-8.003658536585364,4.889634146341462,-3.1140243902439027,-8.003658536585364,4.889634146341462,0.4,0.0,0.4,1345.264063702636,1348.7692836992833,-3.5052199966473836
statline_pregame_svm,2025-26,22500767,2026-02-09,1610612743,1610612739,DEN,CLE,Denver Nuggets,Cleveland Cavaliers,DEN vs. CLE,CLE @ DEN,0,last_avg_15pct_current_momentum_85pct_plus_elo,0.85,0.15,20,0.4797589024390244,0.48664768292682925,-0.006888780487804835,0.3960646341463414,0.3590164634146341,0.0370481707317073,0.7831267073170731,0.7652447560975609,0.017881951219512193,115.60841463414634,118.76085365853658,-3.152439024390233,43.496585365853655,45.485365853658536,-1.9887804878048811,27.345,28.014634146341464,-0.6696341463414655,12.338414634146341,14.644268292682925,-2.3058536585365843,1.8585365853658535,8.655487804878048,-6.796951219512194,1.8585365853658535,8.655487804878048,-6.796951219512194,0.5,0.8,-0.30000000000000004,1572.8751240333447,1611.643725785134,-38.76860175178922
statline_pregame_svm,2025-26,22500768,2026-02-09,1610612744,1610612763,GSW,MEM,Golden State Warriors,Memphis Grizzlies,GSW vs. MEM,MEM @ GSW,1,last_avg_15pct_current_momentum_85pct_plus_elo,0.85,0.15,20,0.45525280487804876,0.46933658536585365,-0.014083780487804898,0.3537423170731707,0.3538340243902439,-9.170731707319746e-05,0.7266651219512195,0.7991835365853658,-0.07251841463414632,113.03390243902439,116.94109756097559,-3.9071951219512044,41.31670731707317,42.958414634146344,-1.6417073170731769,29.184634146341462,27.72219512195122,1.4624390243902425,15.707317073170731,15.27060975609756,0.43670731707317145,-0.6942682926829269,-5.306951219512195,4.612682926829268,-0.6942682926829269,-5.306951219512195,4.612682926829268,0.4,0.2,0.2,1533.5647317377727,1427.069449163195,106.49528257457769
statline_pregame_svm,2025-26,22500769,2026-02-09,1610612747,1610612760,LAL,OKC,Los Angeles Lakers,Oklahoma City Thunder,LAL vs. OKC,OKC @ LAL,0,last_avg_15pct_current_momentum_85pct_plus_elo,0.85,0.15,20,0.5068106097560975,0.4754659756097561,0.031344634146341366,0.36190707317073173,0.36476695121951225,-0.0028598780487805175,0.7295584146341464,0.7994573170731707,-0.0698989024390243,115.09853658536585,115.74000000000001,-0.6414634146341598,41.9790243902439,42.92707317073171,-0.9480487804878095,26.08317073170732,25.618048780487804,0.4651219512195155,14.67451219512195,12.637926829268293,2.0365853658536572,2.902926829268293,8.219878048780487,-5.316951219512194,2.902926829268293,8.219878048780487,-5.316951219512194,0.7,0.5,0.19999999999999996,1572.005866257697,1680.0795108895936,-108.07364463189651
statline_pregame_svm,2025-26,22500770,2026-02-09,1610612757,1610612755,POR,PHI,Portland Trail Blazers,Philadelphia 76ers,POR vs. PHI,PHI @ POR,1,last_avg_15pct_current_momentum_85pct_plus_elo,0.85,0.15,20,0.45696743902439035,0.48779170731707316,-0.03082426829268281,0.3353060975609756,0.3600920731707318,-0.02478597560975615,0.7481136585365853,0.8070759756097563,-0.05896231707317101,113.27853658536586,115.97646341463414,-2.697926829268283,47.34524390243902,41.07390243902439,6.271341463414636,24.055731707317072,26.767439024390242,-2.71170731707317,17.94951219512195,12.583292682926828,5.366219512195123,-2.741341463414634,1.7002439024390243,-4.441585365853658,-2.741341463414634,1.7002439024390243,-4.441585365853658,0.4,0.7,-0.29999999999999993,1503.9222904599028,1505.1358906738321,-1.2136002139293396
statline_pregame_svm,2025-26,22500771,2026-02-10,1610612752,1610612754,NYK,IND,New York Knicks,Indiana Pacers,NYK vs. IND,IND @ NYK,0,last_avg_15pct_current_momentum_85pct_plus_elo,0.85,0.15,20,0.4815106097560976,0.47352719512195124,0.007983414634146369,0.388729756097561,0.3700325609756097,0.018697195121951282,0.7763939024390244,0.7774437804878048,-0.0010498780487804282,115.11707317073171,112.97487804878048,2.1421951219512323,46.7719512195122,42.22939024390244,4.54256097560976,27.668170731707313,29.631585365853656,-1.9634146341463428,13.040243902439023,14.559268292682926,-1.519024390243903,14.554634146341462,-5.275243902439024,19.829878048780486,14.554634146341462,-5.275243902439024,19.829878048780486,0.9,0.3,0.6000000000000001,1591.9889367439625,1400.2576441739104,191.73129257005212
statline_pregame_svm,2025-26,22500772,2026-02-10,1610612745,1610612746,HOU,LAC,Houston Rockets,Los Angeles Clippers,HOU vs. LAC,LAC @ HOU,1,last_avg_15pct_current_momentum_85pct_plus_elo,0.85,0.15,20,0.44490329268292683,0.5011196341463414,-0.05621634146341459,0.358455487804878,0.38163024390243905,-0.023174756097561033,0.7212625609756097,0.7948712195121951,-0.07360865853658538,108.68890243902439,112.30170731707318,-3.6128048780487916,47.984512195121944,42.86390243902439,5.120609756097551,24.58121951219512,24.090609756097557,0.4906097560975624,14.068536585365853,16.00170731707317,-1.9331707317073157,0.5918292682926829,1.888780487804878,-1.296951219512195,0.5918292682926829,1.888780487804878,-1.296951219512195,0.6,0.6,0.0,1589.315169509949,1556.375776866068,32.93939264388109
statline_pregame_svm,2025-26,22500773,2026-02-10,1610612756,1610612742,PHX,DAL,Phoenix Suns,Dallas Mavericks,PHX vs. DAL,DAL @ PHX,1,last_avg_15pct_current_momentum_85pct_plus_elo,0.85,0.15,20,0.4552410975609756,0.46671256097560976,-0.011471463414634175,0.3588356097560976,0.36308768292682925,-0.004252073170731674,0.8015903658536585,0.7391081707317073,0.06248219512195119,109.69329268292682,116.23926829268292,-6.545975609756098,41.988170731707314,46.32231707317072,-4.334146341463409,23.630243902439023,25.376585365853657,-1.746341463414634,14.179146341463413,12.645487804878048,1.5336585365853654,-0.79,-1.6242682926829266,0.8342682926829266,-0.79,-1.6242682926829266,0.8342682926829266,0.5,0.3,0.2,1545.563822362264,1412.1555164520746,133.40830591018948
statline_pregame_svm,2025-26,22500774,2026-02-10,1610612747,1610612759,LAL,SAS,Los Angeles Lakers,San Antonio Spurs,LAL vs. SAS,SAS @ LAL,0,last_avg_15pct_current_momentum_85pct_plus_elo,0.85,0.15,20,0.5063006097560976,0.48361329268292685,0.022687317073170732,0.3553620731707317,0.3451621951219512,0.01019987804878053,0.7329584146341462,0.7672513414634147,-0.03429292682926843,114.67353658536587,116.36902439024391,-1.6954878048780415,40.7890243902439,46.07560975609756,-5.286585365853661,26.168170731707317,28.350121951219514,-2.1819512195121966,14.84451219512195,13.55670731707317,1.2878048780487799,1.4579268292682925,5.281585365853659,-3.8236585365853664,1.4579268292682925,5.281585365853659,-3.8236585365853664,0.6,0.7,-0.09999999999999998,1565.0198860455052,1600.4628179144283,-35.4429318689231
statline_pregame_svm,2025-26,22500775,2026-02-11,1610612766,1610612737,CHA,ATL,Charlotte Hornets,Atlanta Hawks,CHA vs. ATL,ATL @ CHA,1,last_avg_15pct_current_momentum_85pct_plus_elo,0.85,0.15,20,0.4681376829268292,0.4696932926829268,-0.0015556097560975868,0.3940660975609756,0.38837414634146344,0.005691951219512159,0.8617489024390244,0.7705725609756098,0.09117634146341458,114.36463414634146,117.68743902439024,-3.3228048780487853,47.409268292682924,43.48,3.929268292682927,26.002560975609757,28.91780487804878,-2.9152439024390233,17.54,13.463658536585365,4.076341463414634,7.813536585365854,-0.34012195121951216,8.153658536585366,7.813536585365854,-0.34012195121951216,8.153658536585366,0.9,0.6,0.30000000000000004,1469.8487720427977,1476.5611506513508,-6.712378608553081
statline_pregame_svm,2025-26,22500776,2026-02-11,1610612739,1610612764,CLE,WAS,Cleveland Cavaliers,Washington Wizards,CLE vs. WAS,WAS @ CLE,1,last_avg_15pct_current_momentum_85pct_plus_elo,0.85,0.15,20,0.4945526829268293,0.44343646341463416,0.05111621951219514,0.3678564634146341,0.35348134146341464,0.014375121951219483,0.7667747560975609,0.770785243902439,-0.004010487804878116,120.03585365853658,110.04,9.995853658536575,44.21036585365854,41.99926829268293,2.2110975609756096,28.43963414634146,25.184634146341462,3.254999999999999,13.879268292682926,15.509146341463413,-1.629878048780487,11.545487804878048,-9.855853658536585,21.40134146341463,11.545487804878048,-9.855853658536585,21.40134146341463,0.9,0.4,0.5,1620.5324840082371,1329.548172033079,290.9843119751581
statline_pregame_svm,2025-26,22500777,2026-02-11,1610612753,1610612749,ORL,MIL,Orlando Magic,Milwaukee Bucks,ORL vs. MIL,MIL @ ORL,0,last_avg_15pct_current_momentum_85pct_plus_elo,0.85,0.15,20,0.44894939024390246,0.4750864634146342,-0.026137073170731717,0.33963646341463416,0.38609707317073166,-0.046460609756097504,0.829394756097561,0.7117760975609756,0.11761865853658537,110.5040243902439,109.97682926829268,0.5271951219512232,38.83121951219512,43.649878048780494,-4.8186585365853745,25.636829268292686,26.00817073170732,-0.3713414634146339,13.351097560975608,13.311707317073171,0.03939024390243695,-3.5032926829268285,-5.408658536585365,1.905365853658537,-3.5032926829268285,-5.408658536585365,1.905365853658537,0.5,0.4,0.09999999999999998,1509.24718320558,1456.9670847787422,52.28009842683787
statline_pregame_svm,2025-26,22500778,2026-02-11,1610612738,1610612741,BOS,CHI,Boston Celtics,Chicago Bulls,BOS vs. CHI,CHI @ BOS,1,last_avg_15pct_current_momentum_85pct_plus_elo,0.85,0.15,20,0.44406329268292677,0.45504280487804877,-0.010979512195121999,0.3345009756097561,0.36849268292682924,-0.03399170731707313,0.7574342682926829,0.8087039024390243,-0.05126963414634145,109.15524390243903,113.55073170731707,-4.395487804878044,46.322560975609754,43.4280487804878,2.894512195121955,25.086951219512194,26.969146341463414,-1.88219512195122,11.639878048780487,15.97060975609756,-4.330731707317073,6.126463414634146,-9.244146341463415,15.370609756097561,6.126463414634146,-9.244146341463415,15.370609756097561,0.7,0.2,0.49999999999999994,1622.5496886243425,1435.9018936367922,186.64779498755024
statline_pregame_svm,2025-26,22500779,2026-02-11,1610612751,1610612754,BKN,IND,Brooklyn Nets,Indiana Pacers,BKN vs. IND,IND @ BKN,0,last_avg_15pct_current_momentum_85pct_plus_elo,0.85,0.15,20,0.4468729268292683,0.4768421951219512,-0.02996926829268287,0.3265830487804878,0.3715625609756097,-0.04497951219512192,0.7425237804878049,0.772768780487805,-0.030245000000000077,106.12146341463414,115.77987804878049,-9.658414634146354,43.93573170731707,41.974390243902434,1.9613414634146338,25.44878048780488,30.141585365853658,-4.692804878048779,17.15060975609756,13.454268292682926,3.696341463414633,-10.076463414634146,-4.255243902439024,-5.821219512195122,-10.076463414634146,-4.255243902439024,-5.821219512195122,0.3,0.4,-0.10000000000000003,1338.4109347734416,1415.2766765222702,-76.86574174882867
statline_pregame_svm,2025-26,22500780,2026-02-11,1610612755,1610612752,PHI,NYK,Philadelphia 76ers,New York Knicks,PHI vs. NYK,NYK @ PHI,0,last_avg_15pct_current_momentum_85pct_plus_elo,0.85,0.15,20,0.4808217073170732,0.47513560975609753,0.005686097560975656,0.3620470731707317,0.372069756097561,-0.010022682926829285,0.8068209756097562,0.7793689024390243,0.02745207317073184,115.12646341463413,116.30707317073171,-1.1806097560975815,39.96890243902439,45.921951219512195,-5.953048780487805,25.237439024390245,28.093170731707318,-2.855731707317073,12.498292682926829,13.040243902439023,-0.5419512195121943,-0.2547560975609755,9.709634146341463,-9.964390243902438,-0.2547560975609755,9.709634146341463,-9.964390243902438,0.6,0.8,-0.20000000000000007,1495.1009605938768,1576.9699043956027,-81.86894380172589
statline_pregame_svm,2025-26,22500781,2026-02-11,1610612761,1610612765,TOR,DET,Toronto Raptors,Detroit Pistons,TOR vs. DET,DET @ TOR,0,last_avg_15pct_current_momentum_85pct_plus_elo,0.85,0.15,20,0.48502926829268284,0.48730512195121944,-0.0022758536585366085,0.3754670731707317,0.32704402439024394,0.048423048780487754,0.787445975609756,0.7981175609756097,-0.010671585365853664,116.07987804878049,117.455,-1.375121951219512,43.65829268292683,43.00841463414634,0.6498780487804865,29.610487804878048,26.655365853658537,2.9551219512195104,14.709390243902439,12.684878048780487,2.024512195121952,3.3510975609756097,8.615365853658536,-5.264268292682926,3.3510975609756097,8.615365853658536,-5.264268292682926,0.7,0.7,0.0,1527.0439481372282,1639.9753624670147,-112.93141432978655
statline_pregame_svm,2025-26,22500782,2026-02-11,1610612745,1610612746,HOU,LAC,Houston Rockets,Los Angeles Clippers,HOU vs. LAC,LAC @ HOU,0,last_avg_15pct_current_momentum_85pct_plus_elo,0.85,0.15,20,0.4441382926829268,0.4961896341463415,-0.05205134146341467,0.362705487804878,0.37602024390243904,-0.013314756097561053,0.7543275609756097,0.7802512195121952,-0.025923658536585514,106.98890243902439,111.02670731707317,-4.037804878048789,47.81451219512195,43.20390243902439,4.61060975609756,23.391219512195118,24.090609756097557,-0.6993902439024389,14.153536585365853,15.661707317073171,-1.5081707317073185,1.6968292682926829,3.673780487804878,-1.9769512195121952,1.6968292682926829,3.673780487804878,-1.9769512195121952,0.7,0.6,0.09999999999999998,1598.369927954371,1547.3210184216462,51.04890953272479
statline_pregame_svm,2025-26,22500783,2026-02-11,1610612750,1610612757,MIN,POR,Minnesota Timberwolves,Portland Trail Blazers,MIN vs. POR,POR @ MIN,1,last_avg_15pct_current_momentum_85pct_plus_elo,0.85,0.15,20,0.47738219512195124,0.45722243902439025,0.020159756097560988,0.37930414634146337,0.34865109756097556,0.0306530487804878,0.7049487804878048,0.7379986585365852,-0.033049878048780346,116.59390243902439,114.80853658536586,1.7853658536585328,45.23756097560975,48.02524390243903,-2.7876829268292767,25.16829268292683,25.58573170731707,-0.41743902439024083,15.769512195121951,18.20451219512195,-2.4349999999999987,3.5549999999999997,-1.891341463414634,5.446341463414633,3.5549999999999997,-1.891341463414634,5.446341463414633,0.6,0.4,0.19999999999999996,1566.7617243177494,1513.957220539858,52.80450377789134
statline_pregame_svm,2025-26,22500784,2026-02-11,1610612740,1610612748,NOP,MIA,New Orleans Pelicans,Miami Heat,NOP vs. MIA,MIA @ NOP,0,last_avg_15pct_current_momentum_85pct_plus_elo,0.85,0.15,20,0.45062451219512195,0.45127670731707314,-0.0006521951219511934,0.3450630487804878,0.34752621951219514,-0.0024631707317073204,0.7764324390243902,0.7984239024390244,-0.021991463414634205,112.94939024390243,118.92963414634147,-5.980243902439042,44.36646341463414,50.62353658536585,-6.257073170731708,25.72121951219512,28.44219512195122,-2.720975609756099,12.311951219512196,14.02280487804878,-1.7108536585365837,-0.13902439024390256,7.139146341463415,-7.278170731707318,-0.13902439024390256,7.139146341463415,-7.278170731707318,0.5,0.5,0.0,1355.3649486212155,1484.3049634644383,-128.9400148432228
statline_pregame_svm,2025-26,22500785,2026-02-11,1610612756,1610612760,PHX,OKC,Phoenix Suns,Oklahoma City Thunder,PHX vs. OKC,OKC @ PHX,0,last_avg_15pct_current_momentum_85pct_plus_elo,0.85,0.15,20,0.4590660975609756,0.4692609756097561,-0.010194878048780498,0.3511856097560975,0.3592419512195122,-0.008056341463414662,0.7732853658536586,0.8057473170731708,-0.03246195121951223,110.03329268292684,114.295,-4.26170731707316,42.58317073170732,43.52207317073171,-0.938902439024389,24.225243902439026,24.853048780487804,-0.6278048780487779,13.499146341463415,12.892926829268292,0.606219512195123,-0.5349999999999999,6.264878048780488,-6.799878048780488,-0.5349999999999999,6.264878048780488,-6.799878048780488,0.5,0.5,0.0,1551.902233903975,1687.0654911017855,-135.16325719781048
statline_pregame_svm,2025-26,22500786,2026-02-11,1610612762,1610612758,UTA,SAC,Utah Jazz,Sacramento Kings,UTA vs. SAC,SAC @ UTA,1,last_avg_15pct_current_momentum_85pct_plus_elo,0.85,0.15,20,0.46681695121951217,0.4582691463414633,0.008547804878048848,0.3466085365853659,0.32768585365853653,0.01892268292682936,0.7726501219512195,0.8132342682926829,-0.040584146341463345,113.08853658536584,110.26475609756098,2.823780487804868,44.467195121951214,43.17926829268292,1.2879268292682937,28.903658536585365,24.11268292682927,4.790975609756096,16.097926829268292,14.747560975609757,1.350365853658536,-8.62621951219512,-9.108658536585365,0.4824390243902439,-8.62621951219512,-9.108658536585365,0.4824390243902439,0.2,0.0,0.2,1346.4295014423942,1338.6683987807037,7.761102661690529
statline_pregame_svm,2025-26,22500787,2026-02-11,1610612743,1610612763,DEN,MEM,Denver Nuggets,Memphis Grizzlies,DEN vs. MEM,MEM @ DEN,1,last_avg_15pct_current_momentum_85pct_plus_elo,0.85,0.15,20,0.4796739024390244,0.4730765853658536,0.006597317073170794,0.38926463414634144,0.3512840243902439,0.037980609756097516,0.7884817073170731,0.7909385365853658,-0.002456829268292715,116.45841463414634,116.1760975609756,0.28231707317073074,44.77158536585366,42.44841463414634,2.3231707317073216,27.174999999999997,27.72219512195122,-0.5471951219512228,13.103414634146342,15.27060975609756,-2.1671951219512184,2.3685365853658533,-5.221951219512196,7.590487804878049,2.3685365853658533,-5.221951219512196,7.590487804878049,0.5,0.2,0.3,1563.9863658102415,1420.04211059993,143.94425521031144
statline_pregame_svm,2025-26,22500788,2026-02-11,1610612744,1610612759,GSW,SAS,Golden State Warriors,San Antonio Spurs,GSW vs. SAS,SAS @ GSW,0,last_avg_15pct_current_momentum_85pct_plus_elo,0.85,0.15,20,0.4564428048780488,0.4842932926829268,-0.027850487804878032,0.34201231707317076,0.3428671951219512,-0.0008548780487804275,0.7287051219512195,0.7672513414634146,-0.03854621951219506,111.24890243902439,117.4740243902439,-6.225121951219506,40.80670731707317,46.67060975609756,-5.863902439024393,28.58963414634146,28.520121951219508,0.06951219512195195,16.47231707317073,13.471707317073172,3.000609756097557,-2.564268292682927,6.556585365853658,-9.120853658536586,-2.564268292682927,6.556585365853658,-9.120853658536586,0.4,0.7,-0.29999999999999993,1540.5920703010377,1609.4462123719616,-68.8541420709239
statline_pregame_svm,2025-26,22500789,2026-02-12,1610612760,1610612749,OKC,MIL,Oklahoma City Thunder,Milwaukee Bucks,OKC vs. MIL,MIL @ OKC,0,last_avg_15pct_current_momentum_85pct_plus_elo,0.85,0.15,20,0.47266097560975606,0.4739814634146342,-0.0013204878048781454,0.36162195121951224,0.3814220731707317,-0.01980012195121944,0.8251273170731708,0.7355760975609756,0.08955121951219513,115.485,110.3168292682927,5.168170731707306,43.097073170731704,43.649878048780494,-0.5528048780487893,25.193048780487803,25.838170731707315,-0.6451219512195117,12.892926829268292,13.56670731707317,-0.6737804878048781,6.859878048780487,-4.898658536585366,11.758536585365853,6.859878048780487,-4.898658536585366,11.758536585365853,0.5,0.4,0.09999999999999998,1693.3602444042301,1468.4605718594955,224.89967254473459
statline_pregame_svm,2025-26,22500790,2026-02-12,1610612762,1610612757,UTA,POR,Utah Jazz,Portland Trail Blazers,UTA vs. POR,POR @ UTA,0,last_avg_15pct_current_momentum_85pct_plus_elo,0.85,0.15,20,0.4726819512195122,0.45093243902439023,0.021749512195121945,0.34703353658536584,0.3449110975609756,0.0021224390243902436,0.7791951219512195,0.7351936585365852,0.04400146341463429,114.10853658536585,113.27853658536586,0.8299999999999983,45.14719512195122,48.02524390243903,-2.878048780487809,29.158658536585364,25.330731707317074,3.8279268292682893,16.182926829268293,18.71451219512195,-2.5315853658536582,-4.8012195121951216,-5.376341463414634,0.5751219512195123,-4.8012195121951216,-5.376341463414634,0.5751219512195123,0.3,0.3,0.0,1356.2061560995633,1505.4654612196528,-149.2593051200895
statline_pregame_svm,2025-26,22500791,2026-02-12,1610612747,1610612742,LAL,DAL,Los Angeles Lakers,Dallas Mavericks,LAL vs. DAL,DAL @ LAL,1,last_avg_15pct_current_momentum_85pct_plus_elo,0.85,0.15,20,0.5085956097560975,0.46186756097560977,0.04672804878048775,0.36445707317073167,0.3450676829268292,0.01938939024390246,0.7353384146341463,0.7489681707317073,-0.013629756097561008,115.01353658536584,113.94426829268292,1.0692682926829207,40.7890243902439,46.152317073170735,-5.363292682926833,26.08317073170732,23.84658536585366,2.23658536585366,15.52451219512195,13.070487804878049,2.4540243902439016,-0.2420731707317073,-3.919268292682927,3.6771951219512196,-0.2420731707317073,-3.919268292682927,3.6771951219512196,0.6,0.2,0.39999999999999997,1556.036491587972,1405.8171049103637,150.21938667760833
statline_pregame_svm,2025-26,22500792,2026-02-19,1610612766,1610612745,CHA,HOU,Charlotte Hornets,Houston Rockets,CHA vs. HOU,HOU @ CHA,0,last_avg_15pct_current_momentum_85pct_plus_elo,0.85,0.15,20,0.45377268292682915,0.4415032926829268,0.012269390243902334,0.3856510975609756,0.36160048780487797,0.02405060975609763,0.8636189024390245,0.7524575609756097,0.11116134146341483,113.17463414634146,106.22390243902439,6.950731707317075,47.66426829268293,47.984512195121944,-0.32024390243901735,25.577560975609757,23.73121951219512,1.8463414634146353,17.625,14.493536585365854,3.131463414634146,5.773536585365854,0.8468292682926829,4.926707317073171,5.773536585365854,0.8468292682926829,4.926707317073171,0.9,0.6,0.30000000000000004,1480.041945795646,1586.9111051274763,-106.86915933183036
statline_pregame_svm,2025-26,22500793,2026-02-19,1610612739,1610612751,CLE,BKN,Cleveland Cavaliers,Brooklyn Nets,CLE vs. BKN,BKN @ CLE,1,last_avg_15pct_current_momentum_85pct_plus_elo,0.85,0.15,20,0.5073876829268292,0.4472979268292683,0.060089756097560953,0.3866414634146342,0.3375480487804878,0.049093414634146404,0.7765497560975608,0.7353837804878048,0.04116597560975599,123.77585365853659,104.76146341463415,19.01439024390244,43.44536585365854,43.00073170731707,0.44463414634146403,29.289634146341463,25.703780487804877,3.5858536585365854,13.879268292682926,17.065609756097558,-3.1863414634146316,13.075487804878048,-10.161463414634145,23.236951219512193,13.075487804878048,-10.161463414634145,23.236951219512193,0.9,0.3,0.6000000000000001,1623.6875505296111,1330.5879060235618,293.09964450604934
statline_pregame_svm,2025-26,22500794,2026-02-19,1610612755,1610612737,PHI,ATL,Philadelphia 76ers,Atlanta Hawks,PHI vs. ATL,ATL @ PHI,0,last_avg_15pct_current_momentum_85pct_plus_elo,0.85,0.15,20,0.46968670731707324,0.46739829268292676,0.002288414634146474,0.3516770731707317,0.37426414634146343,-0.02258707317073172,0.8111559756097559,0.7720175609756097,0.039138414634146246,113.42646341463414,116.24243902439025,-2.8159756097561086,40.05390243902439,43.394999999999996,-3.341097560975605,24.55743902439024,28.40780487804878,-3.8503658536585377,12.838292682926829,13.123658536585365,-0.2853658536585364,-4.164756097560976,-0.7651219512195122,-3.3996341463414637,-4.164756097560976,-0.7651219512195122,-3.3996341463414637,0.6,0.5,0.09999999999999998,1487.4146728205903,1466.3679768985025,21.046695922087792
statline_pregame_svm,2025-26,22500795,2026-02-19,1610612764,1610612754,WAS,IND,Washington Wizards,Indiana Pacers,WAS vs. IND,IND @ WAS,1,last_avg_15pct_current_momentum_85pct_plus_elo,0.85,0.15,20,0.44539146341463415,0.4849171951219512,-0.03952573170731705,0.35365134146341465,0.37921256097560974,-0.025561219512195088,0.770785243902439,0.7669037804878048,0.0038814634146341342,111.4,116.71487804878049,-5.314878048780486,41.829268292682926,41.974390243902434,-0.1451219512195081,25.694634146341464,29.97158536585366,-4.2769512195121955,15.594146341463414,13.284268292682926,2.3098780487804884,-11.130853658536585,-2.555243902439024,-8.575609756097561,-11.130853658536585,-2.555243902439024,-8.575609756097561,0.4,0.5,-0.09999999999999998,1326.393105511705,1423.09970527215,-96.70659976044499
statline_pregame_svm,2025-26,22500796,2026-02-19,1610612752,1610612765,NYK,DET,New York Knicks,Detroit Pistons,NYK vs. DET,DET @ NYK,0,last_avg_15pct_current_momentum_85pct_plus_elo,0.85,0.15,20,0.48244560975609757,0.4860301219512194,-0.0035845121951218473,0.38175975609756096,0.3434490243902439,0.03831073170731708,0.8013839024390242,0.7957375609756097,0.005646341463414584,118.51707317073169,118.22,0.2970731707316929,45.75195121951219,44.02841463414634,1.7235365853658564,29.283170731707315,26.825365853658536,2.45780487804878,13.380243902439025,12.599878048780486,0.7803658536585392,13.619634146341465,10.740365853658536,2.8792682926829283,13.619634146341465,10.740365853658536,2.8792682926829283,0.8,0.8,0.0,1584.6561921688892,1646.8347679736537,-62.17857580476448
statline_pregame_svm,2025-26,22500797,2026-02-19,1610612741,1610612761,CHI,TOR,Chicago Bulls,Toronto Raptors,CHI vs. TOR,TOR @ CHI,0,last_avg_15pct_current_momentum_85pct_plus_elo,0.85,0.15,20,0.45121780487804886,0.4709192682926829,-0.019701463414634024,0.3571026829268293,0.3495420731707317,0.007560609756097569,0.8062389024390244,0.780050975609756,0.026187926829268404,112.78573170731708,111.82987804878049,0.9558536585365971,42.5780487804878,43.488292682926826,-0.9102439024390279,26.374146341463412,27.91048780487805,-1.5363414634146366,15.800609756097561,14.709390243902439,1.0912195121951225,-11.114146341463416,0.2910975609756098,-11.405243902439025,-11.114146341463416,0.2910975609756098,-11.405243902439025,0.1,0.6,-0.5,1430.8106670418697,1520.1845426305892,-89.37387558871956
statline_pregame_svm,2025-26,22500798,2026-02-19,1610612759,1610612756,SAS,PHX,San Antonio Spurs,Phoenix Suns,SAS vs. PHX,PHX @ SAS,1,last_avg_15pct_current_momentum_85pct_plus_elo,0.85,0.15,20,0.4932182926829268,0.46119109756097565,0.032027195121951124,0.3408271951219512,0.35399060975609753,-0.013163414634146331,0.7550963414634146,0.7499953658536586,0.0051009756097560865,119.17402439024389,110.54329268292683,8.630731707317054,46.58560975609757,42.66817073170732,3.917439024390248,29.45512195121951,24.395243902439024,5.059878048780487,13.55670731707317,13.414146341463415,0.1425609756097561,8.086585365853658,-2.235,10.321585365853657,8.086585365853658,-2.235,10.321585365853657,0.8,0.5,0.30000000000000004,1617.4899741966167,1545.6074806015304,71.88249359508632
statline_pregame_svm,2025-26,22500799,2026-02-19,1610612744,1610612738,GSW,BOS,Golden State Warriors,Boston Celtics,GSW vs. BOS,BOS @ GSW,0,last_avg_15pct_current_momentum_85pct_plus_elo,0.85,0.15,20,0.4518528048780488,0.4496732926829268,0.002179512195122024,0.33929231707317076,0.3318659756097561,0.007426341463414643,0.7381401219512196,0.7565842682926829,-0.018444146341463297,110.0589024390244,108.64524390243902,1.4136585365853733,41.146707317073165,46.91756097560976,-5.770853658536595,29.35463414634146,24.576951219512196,4.777682926829264,15.877317073170731,12.064878048780487,3.812439024390244,-2.1392682926829267,7.401463414634145,-9.540731707317072,-2.1392682926829267,7.401463414634145,-9.540731707317072,0.4,0.7,-0.29999999999999993,1532.5483084763825,1627.640915219265,-95.09260674288248
statline_pregame_svm,2025-26,22500800,2026-02-19,1610612758,1610612753,SAC,ORL,Sacramento Kings,Orlando Magic,SAC vs. ORL,ORL @ SAC,0,last_avg_15pct_current_momentum_85pct_plus_elo,0.85,0.15,20,0.44738914634146343,0.4497143902439025,-0.0023252439024390448,0.31221585365853655,0.34371646341463413,-0.031500609756097586,0.8024392682926829,0.8365347560975611,-0.034095487804878255,108.13975609756098,111.4390243902439,-3.2992682926829247,43.094268292682926,38.74621951219512,4.348048780487808,23.942682926829267,26.146829268292684,-2.2041463414634173,14.917560975609756,13.09609756097561,1.821463414634147,-11.063658536585365,-1.8882926829268294,-9.175365853658535,-11.063658536585365,-1.8882926829268294,-9.175365853658535,0.0,0.5,-0.5,1328.8917441235346,1497.7536961248268,-168.86195200129214
statline_pregame_svm,2025-26,22500801,2026-02-19,1610612746,1610612743,LAC,DEN,Los Angeles Clippers,Denver Nuggets,LAC vs. DEN,DEN @ LAC,1,last_avg_15pct_current_momentum_85pct_plus_elo,0.85,0.15,20,0.49550963414634147,0.48689890243902434,0.008610731707317132,0.37653024390243905,0.3985296341463414,-0.02199939024390235,0.7712412195121952,0.7791317073170732,-0.007890487804878,110.43170731707318,117.73341463414634,-7.301707317073166,41.75890243902439,44.77158536585366,-3.012682926829271,23.920609756097562,27.769999999999996,-3.849390243902434,14.89670731707317,13.18841463414634,1.70829268292683,3.248780487804878,2.0285365853658535,1.2202439024390244,3.248780487804878,2.0285365853658535,1.2202439024390244,0.6,0.5,0.09999999999999998,1558.7798412485408,1570.0651480786805,-11.285306830139689
statline_pregame_svm,2025-26,22500802,2026-02-20,1610612766,1610612739,CHA,CLE,Charlotte Hornets,Cleveland Cavaliers,CHA vs. CLE,CLE @ CHA,0,last_avg_15pct_current_momentum_85pct_plus_elo,0.85,0.15,20,0.4461226829268292,0.5119776829268292,-0.065855,0.3808910975609756,0.38511146341463415,-0.0042203658536585364,0.8692289024390245,0.7582747560975609,0.11095414634146361,111.64463414634146,122.84085365853659,-11.196219512195128,47.66426829268293,44.125365853658536,3.5389024390243904,25.152560975609756,29.629634146341463,-4.477073170731707,17.2,14.474268292682925,2.725731707317074,5.093536585365854,15.030487804878048,-9.936951219512194,5.093536585365854,15.030487804878048,-9.936951219512194,0.8,0.9,-0.09999999999999998,1473.024414207171,1626.8103937020753,-153.78597949490427
statline_pregame_svm,2025-26,22500803,2026-02-20,1610612764,1610612754,WAS,IND,Washington Wizards,Indiana Pacers,WAS vs. IND,IND @ WAS,1,last_avg_15pct_current_momentum_85pct_plus_elo,0.85,0.15,20,0.4437764634146341,0.4799021951219512,-0.03612573170731709,0.34846634146341465,0.37377256097560974,-0.025306219512195083,0.758970243902439,0.7894287804878048,-0.030458536585365903,111.145,115.69487804878048,-4.549878048780485,42.84926829268293,41.88939024390243,0.9598780487804959,25.269634146341463,28.951585365853656,-3.681951219512193,15.339146341463415,14.304268292682925,1.0348780487804898,-10.195853658536585,-3.4052439024390244,-6.7906097560975605,-10.195853658536585,-3.4052439024390244,-6.7906097560975605,0.5,0.4,0.09999999999999998,1339.1068224543317,1410.3859883295233,-71.27916587519167
statline_pregame_svm,2025-26,22500804,2026-02-20,1610612763,1610612762,MEM,UTA,Memphis Grizzlies,Utah Jazz,MEM vs. UTA,UTA @ MEM,1,last_avg_15pct_current_momentum_85pct_plus_elo,0.85,0.15,20,0.4707815853658537,0.4731069512195122,-0.002325365853658501,0.35145402439024387,0.3545135365853659,-0.003059512195122016,0.7863485365853659,0.7769851219512195,0.009363414634146361,115.2410975609756,114.36353658536585,0.8775609756097538,40.91841463414634,45.48719512195122,-4.568780487804879,27.21219512195122,28.478658536585364,-1.2664634146341456,14.16560975609756,16.607926829268294,-2.4423170731707344,-5.221951219512196,-3.526219512195122,-1.6957317073170737,-5.221951219512196,-3.526219512195122,-1.6957317073170737,0.2,0.3,-0.09999999999999998,1413.963328331491,1350.2560493081291,63.707279023361934
statline_pregame_svm,2025-26,22500805,2026-02-20,1610612737,1610612748,ATL,MIA,Atlanta Hawks,Miami Heat,ATL vs. MIA,MIA @ ATL,0,last_avg_15pct_current_momentum_85pct_plus_elo,0.85,0.15,20,0.4585582926829268,0.44932170731707316,0.009236585365853645,0.3583691463414634,0.33851621951219507,0.019852926829268314,0.7794125609756097,0.7940039024390243,-0.014591341463414564,116.83743902439025,116.88963414634146,-0.052195121951214674,43.65,49.943536585365855,-6.293536585365857,28.06780487804878,27.592195121951217,0.47560975609756184,12.528658536585365,13.51280487804878,-0.9841463414634148,-0.5101219512195122,5.524146341463415,-6.034268292682927,-0.5101219512195122,5.524146341463415,-6.034268292682927,0.5,0.5,0.0,1476.9730096061692,1490.7552607346604,-13.782251128491225
statline_pregame_svm,2025-26,22500806,2026-02-20,1610612750,1610612742,MIN,DAL,Minnesota Timberwolves,Dallas Mavericks,MIN vs. DAL,DAL @ MIN,1,last_avg_15pct_current_momentum_85pct_plus_elo,0.85,0.15,20,0.4890271951219512,0.4623775609756098,0.026649634146341417,0.3852541463414634,0.32806768292682925,0.057186463414634126,0.7244137804878048,0.7558531707317073,-0.03143939024390252,120.67390243902439,113.09426829268293,7.579634146341462,44.64256097560976,44.36731707317074,0.27524390243902275,26.018292682926827,23.591585365853657,2.42670731707317,14.83451219512195,12.900487804878049,1.934024390243902,7.805000000000001,-7.064268292682927,14.869268292682928,7.805000000000001,-7.064268292682927,14.869268292682928,0.7,0.1,0.6,1575.2534836379548,1399.8900732805616,175.36341035739315
statline_pregame_svm,2025-26,22500807,2026-02-20,1610612740,1610612749,NOP,MIL,New Orleans Pelicans,Milwaukee Bucks,NOP vs. MIL,MIL @ NOP,0,last_avg_15pct_current_momentum_85pct_plus_elo,0.85,0.15,20,0.4538545121951219,0.4713464634146342,-0.017491951219512303,0.35662304878048784,0.3826970731707317,-0.026074024390243866,0.7771974390243903,0.7395710975609756,0.0376263414634147,113.54439024390243,110.99682926829269,2.5475609756097413,44.36646341463414,44.499878048780495,-0.13341463414635513,26.40121951219512,25.413170731707318,0.9880487804878015,11.801951219512196,13.14170731707317,-1.339756097560974,-0.4790243902439024,-1.7536585365853659,1.2746341463414634,-0.4790243902439024,-1.7536585365853659,1.2746341463414634,0.5,0.5,0.0,1348.9146513509934,1484.1591569978675,-135.24450564687413
statline_pregame_svm,2025-26,22500808,2026-02-20,1610612760,1610612751,OKC,BKN,Oklahoma City Thunder,Brooklyn Nets,OKC vs. BKN,BKN @ OKC,1,last_avg_15pct_current_momentum_85pct_plus_elo,0.85,0.15,20,0.4628859756097561,0.4476379268292683,0.0152480487804878,0.3670619512195122,0.3440930487804878,0.022968902439024386,0.8166273170731707,0.7137087804878048,0.10291853658536587,113.7,104.33646341463414,9.363536585365864,43.60707317073171,43.00073170731707,0.6063414634146369,25.533048780487803,25.873780487804876,-0.34073170731707236,13.487926829268293,16.64060975609756,-3.152682926829268,5.669878048780488,-9.396463414634146,15.066341463414634,5.669878048780488,-9.396463414634146,15.066341463414634,0.5,0.3,0.2,1677.6616592658581,1327.4650628510976,350.1965964147605
statline_pregame_svm,2025-26,22500809,2026-02-20,1610612747,1610612746,LAL,LAC,Los Angeles Lakers,Los Angeles Clippers,LAL vs. LAC,LAC @ LAL,1,last_avg_15pct_current_momentum_85pct_plus_elo,0.85,0.15,20,0.5182856097560975,0.48760463414634153,0.030680975609755967,0.3568920731707317,0.356300243902439,0.0005918292682927095,0.7436684146341463,0.765801219512195,-0.022132804878048695,115.69353658536585,109.49670731707317,6.196829268292674,39.684024390243906,41.24890243902439,-1.5648780487804856,26.848170731707317,24.51560975609756,2.3325609756097556,15.26951219512195,14.471707317073172,0.7978048780487779,0.9479268292682927,0.188780487804878,0.7591463414634148,0.9479268292682927,0.188780487804878,0.7591463414634148,0.6,0.6,0.0,1561.963523217774,1569.1045443035391,-7.141021085765033
statline_pregame_svm,2025-26,22500810,2026-02-20,1610612757,1610612743,POR,DEN,Portland Trail Blazers,Denver Nuggets,POR vs. DEN,DEN @ POR,0,last_avg_15pct_current_momentum_85pct_plus_elo,0.85,0.15,20,0.4605374390243902,0.49123390243902443,-0.030696463414634223,0.35358109756097555,0.40124963414634146,-0.047668536585365906,0.7401236585365853,0.7682517073170732,-0.028128048780487802,116.42353658536587,118.75341463414634,-2.329878048780472,48.620243902439015,44.60158536585365,4.018658536585363,25.67073170731707,27.939999999999998,-2.269268292682927,19.224512195121953,13.953414634146341,5.271097560975612,-2.996341463414634,1.7735365853658536,-4.7698780487804875,-2.996341463414634,1.7735365853658536,-4.7698780487804875,0.4,0.4,0.0,1511.4155680110869,1559.7404450236822,-48.32487701259538
statline_pregame_svm,2025-26,22500811,2026-02-21,1610612756,1610612753,PHX,ORL,Phoenix Suns,Orlando Magic,PHX vs. ORL,ORL @ PHX,1,last_avg_15pct_current_momentum_85pct_plus_elo,0.85,0.15,20,0.46127609756097565,0.4576193902439024,0.003656707317073238,0.3613006097560975,0.36624146341463415,-0.004940853658536637,0.7380103658536585,0.8321997560975611,-0.0941893902439026,109.86329268292683,113.6490243902439,-3.785731707317069,41.81817073170732,39.08621951219512,2.7319512195121973,25.075243902439023,26.741829268292683,-1.6665853658536598,13.584146341463414,12.58609756097561,0.9980487804878049,-3.7649999999999997,2.446707317073171,-6.21170731707317,-3.7649999999999997,2.446707317073171,-6.21170731707317,0.5,0.6,-0.09999999999999998,1537.6474013213508,1503.243147594808,34.40425372654272
statline_pregame_svm,2025-26,22500812,2026-02-21,1610612740,1610612755,NOP,PHI,New Orleans Pelicans,Philadelphia 76ers,NOP vs. PHI,PHI @ NOP,1,last_avg_15pct_current_momentum_85pct_plus_elo,0.85,0.15,20,0.46022951219512187,0.4689217073170731,-0.00869219512195124,0.33953804878048777,0.3544820731707317,-0.014944024390243948,0.7658074390243902,0.8174459756097563,-0.0516385365853661,112.26939024390244,114.61646341463414,-2.3470731707317043,43.346463414634144,41.15890243902439,2.187560975609756,25.80621951219512,24.302439024390242,1.5037804878048782,12.141951219512194,12.753292682926828,-0.6113414634146341,-2.774024390243903,-1.8697560975609755,-0.9042682926829273,-2.774024390243903,-1.8697560975609755,-0.9042682926829273,0.4,0.6,-0.19999999999999996,1342.6219153403154,1476.8096401129237,-134.18772477260836
statline_pregame_svm,2025-26,22500813,2026-02-21,1610612748,1610612763,MIA,MEM,Miami Heat,Memphis Grizzlies,MIA vs. MEM,MEM @ MIA,1,last_avg_15pct_current_momentum_85pct_plus_elo,0.85,0.15,20,0.4579067073170731,0.48081158536585367,-0.022904878048780553,0.3482062195121951,0.36632902439024384,-0.018122804878048737,0.7904339024390243,0.7703685365853659,0.02006536585365848,118.33463414634147,117.2810975609756,1.053536585365876,49.858536585365854,40.32341463414634,9.535121951219516,28.44219512195122,27.467195121951217,0.9750000000000014,13.257804878048779,14.505609756097563,-1.2478048780487843,7.394146341463414,-3.691951219512195,11.08609756097561,7.394146341463414,-3.691951219512195,11.08609756097561,0.5,0.3,0.2,1500.358783602107,1422.149963300741,78.2088203013659
statline_pregame_svm,2025-26,22500814,2026-02-21,1610612741,1610612765,CHI,DET,Chicago Bulls,Detroit Pistons,CHI vs. DET,DET @ CHI,0,last_avg_15pct_current_momentum_85pct_plus_elo,0.85,0.15,20,0.4422928048780488,0.48322512195121947,-0.04093231707317069,0.3514076829268292,0.3363940243902439,0.015013658536585317,0.8089589024390244,0.7982025609756098,0.010756341463414532,111.34073170731708,117.11500000000001,-5.774268292682933,43.0880487804878,44.11341463414634,-1.0253658536585348,25.609146341463415,26.74036585365854,-1.1312195121951234,16.48060975609756,12.25987804878049,4.220731707317071,-10.944146341463414,10.060365853658537,-21.00451219512195,-10.944146341463414,10.060365853658537,-21.00451219512195,0.1,0.8,-0.7000000000000001,1423.3277768392377,1655.06398942609,-231.7362125868524
statline_pregame_svm,2025-26,22500815,2026-02-21,1610612759,1610612758,SAS,SAC,San Antonio Spurs,Sacramento Kings,SAS vs. SAC,SAC @ SAS,1,last_avg_15pct_current_momentum_85pct_plus_elo,0.85,0.15,20,0.49415329268292685,0.43744414634146345,0.0567091463414634,0.33504719512195125,0.2999758536585366,0.035071341463414674,0.7607913414634148,0.8188442682926829,-0.0580529268292681,118.7490243902439,106.26975609756097,12.479268292682931,47.350609756097555,44.36926829268292,2.981341463414637,29.45512195121951,23.09268292682927,6.362439024390241,13.64170731707317,14.917560975609756,-1.2758536585365867,8.936585365853658,-12.253658536585364,21.190243902439022,8.936585365853658,-12.253658536585364,21.190243902439022,0.8,0.0,0.8,1625.4500534767963,1323.4022926535533,302.0477608232429
statline_pregame_svm,2025-26,22500816,2026-02-21,1610612752,1610612745,NYK,HOU,New York Knicks,Houston Rockets,NYK vs. HOU,HOU @ NYK,1,last_avg_15pct_current_momentum_85pct_plus_elo,0.85,0.15,20,0.48219060975609757,0.44558329268292685,0.03660731707317072,0.366714756097561,0.36024048780487805,0.006474268292682939,0.7895689024390243,0.7671625609756096,0.022406341463414692,119.1970731707317,105.96890243902439,13.228170731707309,45.241951219512195,46.45451219512195,-1.2125609756097546,29.283170731707315,22.88121951219512,6.4019512195121955,12.615243902439024,14.068536585365853,-1.4532926829268291,10.984634146341463,0.42182926829268286,10.56280487804878,10.984634146341463,0.42182926829268286,10.56280487804878,0.7,0.6,0.09999999999999998,1576.4269707164528,1593.9286367159511,-17.5016659994983
statline_pregame_svm,2025-26,22500817,2026-02-22,1610612760,1610612739,OKC,CLE,Oklahoma City Thunder,Cleveland Cavaliers,OKC vs. CLE,CLE @ OKC,1,last_avg_15pct_current_momentum_85pct_plus_elo,0.85,0.15,20,0.46135597560975605,0.5120626829268293,-0.050706707317073274,0.3768369512195123,0.38808646341463415,-0.01124951219512188,0.8256373170731708,0.767709756097561,0.057927560975609804,114.04,122.75585365853658,-8.715853658536574,44.457073170731704,44.21036585365854,0.24670731707316662,25.618048780487804,29.374634146341464,-3.7565853658536597,14.167926829268293,14.049268292682925,0.11865853658536807,7.454878048780487,14.265487804878047,-6.81060975609756,7.454878048780487,14.265487804878047,-6.81060975609756,0.6,0.9,-0.30000000000000004,1680.012544537973,1632.6521595153383,47.36038502263477
statline_pregame_svm,2025-26,22500818,2026-02-22,1610612737,1610612751,ATL,BKN,Atlanta Hawks,Brooklyn Nets,ATL vs. BKN,BKN @ ATL,1,last_avg_15pct_current_momentum_85pct_plus_elo,0.85,0.15,20,0.4482732926829268,0.43573792682926826,0.012535365853658553,0.3585391463414634,0.32411804878048783,0.034421097560975555,0.7504275609756098,0.7242487804878048,0.026178780487804976,113.86243902439023,102.97646341463414,10.885975609756088,43.65,43.42573170731707,0.22426829268292892,27.30280487804878,25.10878048780488,2.1940243902439,12.443658536585366,16.55560975609756,-4.1119512195121946,-4.505121951219512,-10.671463414634147,6.166341463414635,-4.505121951219512,-10.671463414634147,6.166341463414635,0.4,0.3,0.10000000000000003,1467.3694867387226,1325.1141775789827,142.2553091597399
statline_pregame_svm,2025-26,22500819,2026-02-22,1610612749,1610612761,MIL,TOR,Milwaukee Bucks,Toronto Raptors,MIL vs. TOR,TOR @ MIL,0,last_avg_15pct_current_momentum_85pct_plus_elo,0.85,0.15,20,0.48817646341463417,0.4679442682926829,0.02023219512195129,0.39196207317073173,0.34189207317073167,0.05007000000000006,0.7427160975609756,0.775885975609756,-0.033169878048780466,114.31182926829268,110.80987804878048,3.5019512195122076,43.30987804878049,43.403292682926825,-0.09341463414633466,25.753170731707318,27.31548780487805,-1.5623170731707319,13.48170731707317,14.964390243902438,-1.482682926829268,0.20134146341463413,-0.04890243902439029,0.2502439024390244,0.20134146341463413,-0.04890243902439029,0.2502439024390244,0.6,0.6,0.0,1490.4518930085455,1527.6674328332213,-37.215539824675716
statline_pregame_svm,2025-26,22500820,2026-02-22,1610612744,1610612743,GSW,DEN,Golden State Warriors,Denver Nuggets,GSW vs. DEN,DEN @ GSW,1,last_avg_15pct_current_momentum_85pct_plus_elo,0.85,0.15,20,0.4518528048780488,0.4994789024390244,-0.04762609756097558,0.3425223170731707,0.4154446341463415,-0.07292231707317076,0.7145101219512195,0.7745417073170731,-0.06003158536585351,109.63390243902438,123.00341463414634,-13.369512195121956,41.57170731707317,45.536585365853654,-3.964878048780484,29.43963414634146,29.555,-0.11536585365853824,15.792317073170732,14.038414634146342,1.7539024390243902,-2.3942682926829266,6.533536585365853,-8.92780487804878,-2.3942682926829266,6.533536585365853,-8.92780487804878,0.4,0.5,-0.09999999999999998,1525.2189379843835,1568.3584438829553,-43.13950589857177
statline_pregame_svm,2025-26,22500821,2026-02-22,1610612754,1610612742,IND,DAL,Indiana Pacers,Dallas Mavericks,IND vs. DAL,DAL @ IND,0,last_avg_15pct_current_momentum_85pct_plus_elo,0.85,0.15,20,0.4812621951219512,0.45583256097560976,0.025429634146341418,0.38065756097560977,0.3237326829268293,0.05692487804878049,0.7781237804878048,0.7493931707317073,0.028730609756097536,115.86487804878047,112.07426829268292,3.7906097560975525,41.71939024390244,43.60231707317074,-1.8829268292682997,29.036585365853657,23.251585365853657,5.785,14.644268292682925,12.050487804878047,2.593780487804878,-3.1502439024390236,-8.679268292682927,5.529024390243904,-3.1502439024390236,-8.679268292682927,5.529024390243904,0.4,0.0,0.4,1398.3627160454641,1394.548413067948,3.8143029775160358
statline_pregame_svm,2025-26,22500822,2026-02-22,1610612764,1610612766,WAS,CHA,Washington Wizards,Charlotte Hornets,WAS vs. CHA,CHA @ WAS,0,last_avg_15pct_current_momentum_85pct_plus_elo,0.85,0.15,20,0.45831146341463425,0.43124768292682925,0.027063780487805,0.32900134146341464,0.37596109756097557,-0.04695975609756092,0.7531902439024389,0.8905639024390244,-0.13737365853658545,112.505,110.19963414634145,2.305365853658543,43.01926829268292,46.98426829268293,-3.9650000000000034,26.034634146341464,24.472560975609756,1.5620731707317077,15.679146341463413,16.264999999999997,-0.5858536585365837,-9.430853658536586,1.5235365853658533,-10.95439024390244,-9.430853658536586,1.5235365853658533,-10.95439024390244,0.5,0.7,-0.19999999999999996,1351.1300947383909,1467.182648393908,-116.05255365551716
statline_pregame_svm,2025-26,22500823,2026-02-22,1610612747,1610612738,LAL,BOS,Los Angeles Lakers,Boston Celtics,LAL vs. BOS,BOS @ LAL,0,last_avg_15pct_current_momentum_85pct_plus_elo,0.85,0.15,20,0.5146306097560975,0.45579329268292684,0.05883731707317069,0.36224707317073174,0.3408759756097561,0.02137109756097566,0.7501284146341464,0.7538642682926829,-0.00373585365853657,115.35353658536584,109.49524390243901,5.85829268292683,39.4290243902439,48.27756097560975,-8.84853658536585,27.273170731707317,25.256951219512196,2.0162195121951214,15.609512195121951,12.659878048780488,2.949634146341463,0.2679268292682927,8.591463414634147,-8.323536585365854,0.2679268292682927,8.591463414634147,-8.323536585365854,0.6,0.8,-0.20000000000000007,1572.1690293888742,1634.970285711264,-62.80125632238992
statline_pregame_svm,2025-26,22500824,2026-02-22,1610612750,1610612755,MIN,PHI,Minnesota Timberwolves,Philadelphia 76ers,MIN vs. PHI,PHI @ MIN,0,last_avg_15pct_current_momentum_85pct_plus_elo,0.85,0.15,20,0.49055719512195123,0.45685170731707314,0.03370548780487809,0.3836391463414634,0.3321270731707317,0.0515120731707317,0.7127687804878048,0.8246709756097561,-0.11190219512195132,121.86390243902439,112.23646341463414,9.627439024390242,44.47256097560975,41.24390243902439,3.228658536585364,25.933292682926826,22.942439024390243,2.990853658536583,14.579512195121952,13.093292682926828,1.4862195121951238,6.615,-4.589756097560976,11.204756097560976,6.615,-4.589756097560976,11.204756097560976,0.7,0.5,0.19999999999999996,1580.5951438505683,1463.1286418606717,117.46650198989664
statline_pregame_svm,2025-26,22500825,2026-02-22,1610612741,1610612752,CHI,NYK,Chicago Bulls,New York Knicks,CHI vs. NYK,NYK @ CHI,0,last_avg_15pct_current_momentum_85pct_plus_elo,0.85,0.15,20,0.44016780487804874,0.48168060975609756,-0.041512804878048815,0.3535326829268293,0.3681597560975609,-0.014627073170731586,0.8030089024390245,0.7931389024390243,0.009870000000000156,111.34073170731708,118.2620731707317,-6.92134146341462,42.8330487804878,43.62695121951219,-0.793902439024393,25.779146341463413,28.773170731707317,-2.9940243902439043,17.50060975609756,12.105243902439025,5.395365853658536,-12.049146341463414,8.859634146341463,-20.908780487804876,-12.049146341463414,8.859634146341463,-20.908780487804876,0.1,0.7,-0.6,1419.1577439439668,1586.9302835060782,-167.77253956211143
statline_pregame_svm,2025-26,22500826,2026-02-22,1610612756,1610612757,PHX,POR,Phoenix Suns,Portland Trail Blazers,PHX vs. POR,POR @ PHX,0,last_avg_15pct_current_momentum_85pct_plus_elo,0.85,0.15,20,0.44291609756097566,0.4602824390243903,-0.017366341463414647,0.36478560975609753,0.35944609756097556,0.005339512195121965,0.7344403658536586,0.7362136585365853,-0.001773292682926697,110.45829268292684,117.18853658536585,-6.730243902439014,44.62317073170732,47.77024390243902,-3.1470731707317015,24.90524390243902,26.350731707317074,-1.4454878048780522,13.074146341463415,19.224512195121953,-6.150365853658538,-3.8499999999999996,-6.906341463414634,3.0563414634146344,-3.8499999999999996,-6.906341463414634,3.0563414634146344,0.5,0.4,0.09999999999999998,1546.6603912787891,1502.7975691518138,43.86282212697529
statline_pregame_svm,2025-26,22500827,2026-02-22,1610612746,1610612753,LAC,ORL,Los Angeles Clippers,Orlando Magic,LAC vs. ORL,ORL @ LAC,0,last_avg_15pct_current_momentum_85pct_plus_elo,0.85,0.15,20,0.4946596341463415,0.45974439024390246,0.03491524390243905,0.35545024390243907,0.3640314634146341,-0.008581219512195037,0.7754912195121951,0.841464756097561,-0.06597353658536587,110.09170731707317,114.66902439024389,-4.577317073170718,41.503902439024394,40.021219512195124,1.4826829268292698,24.34560975609756,26.996829268292682,-2.651219512195123,14.89670731707317,12.92609756097561,1.970609756097561,-1.086219512195122,3.5517073170731708,-4.6379268292682925,-1.086219512195122,3.5517073170731708,-4.6379268292682925,0.5,0.6,-0.09999999999999998,1558.899038132439,1494.2301576373698,64.66888049506929
statline_pregame_svm,2025-26,22500828,2026-02-23,1610612765,1610612759,DET,SAS,Detroit Pistons,San Antonio Spurs,DET vs. SAS,SAS @ DET,0,last_avg_15pct_current_momentum_85pct_plus_elo,0.85,0.15,20,0.4847551219512196,0.5075832926829269,-0.022828170731707287,0.3579840243902439,0.34431219512195116,0.013671829268292746,0.7897025609756096,0.7771113414634147,0.012591219512194995,118.56,122.48902439024388,-3.9290243902438817,44.87841463414634,47.520609756097556,-2.642195121951218,27.590365853658536,30.305121951219512,-2.7147560975609757,12.854878048780488,14.15170731707317,-1.2968292682926812,11.250365853658536,11.146585365853657,0.10378048780487958,11.250365853658536,11.146585365853657,0.10378048780487958,0.8,0.9,-0.09999999999999998,1659.234022321361,1628.4395483215912,30.794473999769707
statline_pregame_svm,2025-26,22500829,2026-02-23,1610612763,1610612758,MEM,SAC,Memphis Grizzlies,Sacramento Kings,MEM vs. SAC,SAC @ MEM,0,last_avg_15pct_current_momentum_85pct_plus_elo,0.85,0.15,20,0.4822565853658537,0.4431391463414634,0.0391174390243903,0.36624402439024384,0.30966585365853655,0.05657817073170729,0.7645885365853657,0.8241992682926829,-0.05961073170731712,119.2360975609756,109.24475609756097,9.991341463414628,40.833414634146344,43.60426829268293,-2.7708536585365877,27.807195121951217,24.367682926829268,3.4395121951219494,14.505609756097563,14.492560975609756,0.013048780487807221,-3.776951219512195,-12.338658536585365,8.56170731707317,-3.776951219512195,-12.338658536585365,8.56170731707317,0.3,0.0,0.3,1414.3637282823306,1320.4127978087583,93.95093047357227
statline_pregame_svm,2025-26,22500830,2026-02-23,1610612745,1610612762,HOU,UTA,Houston Rockets,Utah Jazz,HOU vs. UTA,UTA @ HOU,1,last_avg_15pct_current_momentum_85pct_plus_elo,0.85,0.15,20,0.45246829268292676,0.47684695121951215,-0.024378658536585385,0.363555487804878,0.35604353658536586,0.007511951219512147,0.7723475609756097,0.7559901219512195,0.01635743902439024,106.56390243902439,115.29853658536585,-8.734634146341463,46.28451219512195,46.25219512195122,0.03231707317073074,22.96621951219512,28.478658536585364,-5.512439024390243,14.578536585365853,17.202926829268293,-2.6243902439024396,1.2718292682926828,-3.271219512195122,4.543048780487805,1.2718292682926828,-3.271219512195122,4.543048780487805,0.6,0.3,0.3,1583.4253239263257,1342.0694143388791,241.3559095874466
statline_pregame_svm,2025-26,22500831,2026-02-24,1610612754,1610612755,IND,PHI,Indiana Pacers,Philadelphia 76ers,IND vs. PHI,PHI @ IND,0,last_avg_15pct_current_momentum_85pct_plus_elo,0.85,0.15,20,0.48576719512195116,0.4545567073170732,0.03121048780487795,0.3856725609756097,0.35320707317073174,0.03246548780487796,0.7713237804878049,0.807330975609756,-0.03600719512195105,117.30987804878049,114.10646341463415,3.203414634146341,41.379390243902435,42.51890243902439,-1.1395121951219522,29.631585365853656,23.45243902439024,6.179146341463415,15.494268292682927,13.263292682926828,2.230975609756099,-3.7452439024390243,-2.4647560975609757,-1.2804878048780486,-3.7452439024390243,-2.4647560975609757,-1.2804878048780486,0.3,0.5,-0.2,1388.252935991187,1476.3864050498498,-88.13346905866274
statline_pregame_svm,2025-26,22500832,2026-02-24,1610612737,1610612764,ATL,WAS,Atlanta Hawks,Washington Wizards,ATL vs. WAS,WAS @ ATL,1,last_avg_15pct_current_momentum_85pct_plus_elo,0.85,0.15,20,0.4481882926829268,0.46613146341463413,-0.017943170731707314,0.35556414634146344,0.3460013414634146,0.009562804878048836,0.7644525609756098,0.7372952439024391,0.027157317073170706,113.69243902439024,112.75999999999999,0.9324390243902485,44.839999999999996,40.979268292682924,3.860731707317072,27.21780487804878,26.289634146341463,0.9281707317073185,13.123658536585365,15.509146341463413,-2.385487804878048,-4.505121951219512,-11.725853658536584,7.220731707317072,-4.505121951219512,-11.725853658536584,7.220731707317072,0.4,0.4,0.0,1473.4894844998892,1344.3514322807875,129.1380522191016
statline_pregame_svm,2025-26,22500833,2026-02-24,1610612751,1610612742,BKN,DAL,Brooklyn Nets,Dallas Mavericks,BKN vs. DAL,DAL @ BKN,0,last_avg_15pct_current_momentum_85pct_plus_elo,0.85,0.15,20,0.4367579268292683,0.46671256097560976,-0.029954634146341474,0.3219930487804878,0.3278126829268293,-0.0058196341463415124,0.7152387804878048,0.7406381707317072,-0.025399390243902475,103.06146341463415,114.11426829268292,-11.052804878048775,42.15073170731707,43.772317073170726,-1.6215853658536545,25.53378048780488,23.84658536585366,1.6871951219512198,16.89560975609756,12.050487804878047,4.845121951219513,-11.266463414634146,-7.829268292682927,-3.437195121951219,-11.266463414634146,-7.829268292682927,-3.437195121951219,0.3,0.1,0.19999999999999998,1318.994179817816,1404.6581931222252,-85.66401330440908
statline_pregame_svm,2025-26,22500834,2026-02-24,1610612761,1610612760,TOR,OKC,Toronto Raptors,Oklahoma City Thunder,TOR vs. OKC,OKC @ TOR,0,last_avg_15pct_current_momentum_85pct_plus_elo,0.85,0.15,20,0.4627592682926829,0.4686659756097561,-0.005906707317073212,0.3451220731707317,0.3912869512195122,-0.0461648780487805,0.787445975609756,0.8024323170731706,-0.014986341463414599,111.82987804878049,115.485,-3.655121951219513,43.318292682926824,43.69207317073171,-0.37378048780488626,27.825487804878048,26.213048780487807,1.6124390243902411,14.284390243902438,14.167926829268293,0.11646341463414522,1.3110975609756097,7.369878048780488,-6.058780487804878,1.3110975609756097,7.369878048780488,-6.058780487804878,0.6,0.6,0.0,1536.6003614280432,1688.6577838872886,-152.05742245924534
statline_pregame_svm,2025-26,22500835,2026-02-24,1610612739,1610612752,CLE,NYK,Cleveland Cavaliers,New York Knicks,CLE vs. NYK,NYK @ CLE,1,last_avg_15pct_current_momentum_85pct_plus_elo,0.85,0.15,20,0.5078976829268292,0.4788756097560976,0.029022073170731633,0.37899146341463413,0.36263475609756096,0.01635670731707317,0.7705147560975609,0.7769889024390243,-0.0064741463414633715,122.67085365853657,116.39207317073169,6.27878048780488,44.125365853658536,43.4569512195122,0.6684146341463375,29.799634146341464,28.603170731707316,1.1964634146341488,14.134268292682927,12.020243902439026,2.1140243902439018,12.225487804878048,6.819634146341463,5.405853658536585,12.225487804878048,6.819634146341463,5.405853658536585,0.8,0.7,0.10000000000000009,1624.0069201660228,1592.4447467244968,31.562173441526056
statline_pregame_svm,2025-26,22500836,2026-02-24,1610612741,1610612766,CHI,CHA,Chicago Bulls,Charlotte Hornets,CHI vs. CHA,CHA @ CHI,0,last_avg_15pct_current_momentum_85pct_plus_elo,0.85,0.15,20,0.4402528048780488,0.43167268292682925,0.008580121951219544,0.34953768292682924,0.38769109756097564,-0.0381534146341464,0.7933189024390244,0.8773889024390243,-0.08406999999999998,110.15073170731706,111.64463414634146,-1.4939024390243958,42.663048780487806,47.83426829268293,-5.1712195121951225,25.694146341463416,24.642560975609754,1.0515853658536614,17.58560975609756,15.584999999999999,2.000609756097562,-12.304146341463413,1.6935365853658537,-13.997682926829267,-12.304146341463413,1.6935365853658537,-13.997682926829267,0.1,0.7,-0.6,1413.6432807255483,1473.9613108515114,-60.318030125963105
statline_pregame_svm,2025-26,22500837,2026-02-24,1610612749,1610612748,MIL,MIA,Milwaukee Bucks,Miami Heat,MIL vs. MIA,MIA @ MIL,1,last_avg_15pct_current_momentum_85pct_plus_elo,0.85,0.15,20,0.4796764634146341,0.4592667073170731,0.020409756097561016,0.3783620731707317,0.3414062195121951,0.03695585365853665,0.7499410975609756,0.7772589024390244,-0.0273178048780488,111.93182926829267,119.35463414634147,-7.422804878048794,43.98987804878049,50.62353658536585,-6.633658536585358,24.818170731707315,29.207195121951216,-4.3890243902439,14.076707317073168,13.257804878048779,0.8189024390243897,-0.7336585365853658,9.519146341463413,-10.25280487804878,-0.7336585365853658,9.519146341463413,-10.25280487804878,0.6,0.6,0.0,1481.5189644137236,1508.1450186205175,-26.626054206793924
statline_pregame_svm,2025-26,22500838,2026-02-24,1610612740,1610612744,NOP,GSW,New Orleans Pelicans,Golden State Warriors,NOP vs. GSW,GSW @ NOP,1,last_avg_15pct_current_momentum_85pct_plus_elo,0.85,0.15,20,0.4680495121951219,0.45950280487804873,0.008546707317073188,0.3595130487804878,0.35017231707317076,0.00934073170731703,0.7656374390243902,0.7127251219512194,0.05291231707317079,114.13939024390244,111.07890243902438,3.060487804878065,42.58146341463414,41.48670731707317,1.0947560975609747,25.97621951219512,30.374634146341464,-4.398414634146345,12.566951219512195,16.30231707317073,-3.7353658536585357,-2.2640243902439026,-3.669268292682927,1.4052439024390244,-2.2640243902439026,-3.669268292682927,1.4052439024390244,0.4,0.4,0.0,1356.3029135925674,1536.454250988865,-180.15133739629755
statline_pregame_svm,2025-26,22500839,2026-02-24,1610612756,1610612738,PHX,BOS,Phoenix Suns,Boston Celtics,PHX vs. BOS,BOS @ PHX,0,last_avg_15pct_current_momentum_85pct_plus_elo,0.85,0.15,20,0.4341610975609756,0.4599582926829268,-0.025797195121951222,0.3542456097560975,0.3414709756097561,0.01277463414634139,0.7490603658536585,0.7707792682926828,-0.0217189024390243,107.31329268292683,110.26024390243902,-2.9469512195121865,44.113170731707314,49.04256097560976,-4.929390243902446,24.395243902439024,25.681951219512197,-1.2867073170731729,13.584146341463414,12.404878048780487,1.1792682926829272,-6.655,9.781463414634148,-16.436463414634147,-6.655,9.781463414634148,-16.436463414634147,0.4,0.8,-0.4,1535.4045825535823,1643.182152482251,-107.77756992866875
statline_pregame_svm,2025-26,22500840,2026-02-24,1610612747,1610612753,LAL,ORL,Los Angeles Lakers,Orlando Magic,LAL vs. ORL,ORL @ LAL,0,last_avg_15pct_current_momentum_85pct_plus_elo,0.85,0.15,20,0.5069806097560976,0.4582143902439024,0.048766219512195175,0.3638620731707317,0.3578264634146341,0.006035609756097626,0.7501284146341464,0.8395097560975611,-0.0893813414634147,114.50353658536585,112.7990243902439,1.70451219512195,39.684024390243906,40.10621951219512,-0.4221951219512121,27.018170731707315,26.061829268292684,0.9563414634146312,14.92951219512195,13.351097560975608,1.5784146341463412,0.9479268292682927,2.956707317073171,-2.008780487804878,0.9479268292682927,2.956707317073171,-2.008780487804878,0.6,0.6,0.0,1563.9571626178872,1506.0702761831717,57.88688643471551
statline_pregame_svm,2025-26,22500841,2026-02-24,1610612757,1610612750,POR,MIN,Portland Trail Blazers,Minnesota Timberwolves,POR vs. MIN,MIN @ POR,0,last_avg_15pct_current_momentum_85pct_plus_elo,0.85,0.15,20,0.46742243902439023,0.49242719512195127,-0.02500475609756103,0.3511160975609756,0.3793891463414634,-0.02827304878048781,0.7345136585365852,0.7205887804878047,0.013924878048780509,115.57353658536584,121.01390243902439,-5.440365853658548,45.90024390243903,44.21756097560976,1.6826829268292727,26.69073170731707,25.59329268292683,1.0974390243902405,19.30951219512195,15.34451219512195,3.965,-5.291341463414634,3.215,-8.506341463414634,-5.291341463414634,3.215,-8.506341463414634,0.5,0.6,-0.09999999999999998,1514.0533778770207,1567.3373806613902,-53.28400278436948
statline_pregame_svm,2025-26,22500842,2026-02-25,1610612765,1610612760,DET,OKC,Detroit Pistons,Oklahoma City Thunder,DET vs. OKC,OKC @ DET,1,last_avg_15pct_current_momentum_85pct_plus_elo,0.85,0.15,20,0.4806751219512194,0.4684109756097561,0.012264146341463333,0.3568790243902439,0.3951119512195122,-0.03823292682926832,0.7965025609756097,0.7967373170731706,-0.00023475609756096194,119.155,115.91,3.2450000000000045,46.40841463414634,44.79707317073171,1.6113414634146324,27.165365853658535,26.128048780487802,1.0373170731707333,13.449878048780487,14.422926829268292,-0.9730487804878045,11.845365853658535,9.154878048780487,2.690487804878048,11.845365853658535,9.154878048780487,2.690487804878048,0.8,0.7,0.10000000000000009,1648.3499998364164,1694.5407839846043,-46.19078414818796
statline_pregame_svm,2025-26,22500843,2026-02-25,1610612761,1610612759,TOR,SAS,Toronto Raptors,San Antonio Spurs,TOR vs. SAS,SAS @ TOR,0,last_avg_15pct_current_momentum_85pct_plus_elo,0.85,0.15,20,0.46581926829268294,0.4972982926829268,-0.03147902439024386,0.35540707317073167,0.3629271951219512,-0.007520121951219538,0.7814109756097561,0.7706513414634146,0.010759634146341512,112.16987804878049,122.74402439024391,-10.574146341463418,41.873292682926824,47.86060975609756,-5.987317073170736,27.99548780487805,30.645121951219508,-2.6496341463414588,14.709390243902439,14.236707317073172,0.4726829268292665,0.37609756097560976,11.061585365853658,-10.685487804878047,0.37609756097560976,11.061585365853658,-10.685487804878047,0.5,0.9,-0.4,1530.7173613307275,1639.3235708065358,-108.60620947580833
statline_pregame_svm,2025-26,22500844,2026-02-25,1610612763,1610612744,MEM,GSW,Memphis Grizzlies,Golden State Warriors,MEM vs. GSW,GSW @ MEM,0,last_avg_15pct_current_momentum_85pct_plus_elo,0.85,0.15,20,0.4867615853658537,0.46502780487804884,0.021733780487804832,0.3713440243902439,0.3512773170731708,0.020066707317073107,0.7617835365853658,0.7270051219512195,0.034778414634146326,119.9160975609756,113.28890243902438,6.6271951219512175,40.068414634146336,42.67670731707317,-2.6082926829268374,28.402195121951216,30.799634146341464,-2.3974390243902484,14.335609756097561,16.47231707317073,-2.136707317073167,-3.861951219512195,-1.8842682926829268,-1.9776829268292682,-3.861951219512195,-1.8842682926829268,-1.9776829268292682,0.3,0.4,-0.10000000000000003,1401.723641885324,1521.6887030297185,-119.96506114439444
statline_pregame_svm,2025-26,22500845,2026-02-25,1610612745,1610612758,HOU,SAC,Houston Rockets,Sacramento Kings,HOU vs. SAC,SAC @ HOU,1,last_avg_15pct_current_momentum_85pct_plus_elo,0.85,0.15,20,0.4648782926829268,0.4431391463414634,0.0217391463414634,0.36891048780487806,0.30626585365853654,0.06264463414634153,0.7823775609756097,0.8185892682926829,-0.03621170731707313,108.34890243902439,110.26475609756098,-1.9158536585365908,45.77451219512194,43.51926829268292,2.2552439024390196,23.90121951219512,25.13268292682927,-1.231463414634149,15.853536585365854,14.322560975609756,1.5309756097560978,1.441829268292683,-11.403658536585365,12.845487804878047,1.441829268292683,-11.403658536585365,12.845487804878047,0.6,0.1,0.5,1587.4155347255578,1333.052884205765,254.36265051979285
statline_pregame_svm,2025-26,22500846,2026-02-25,1610612749,1610612739,MIL,CLE,Milwaukee Bucks,Cleveland Cavaliers,MIL vs. CLE,CLE @ MIL,1,last_avg_15pct_current_momentum_85pct_plus_elo,0.85,0.15,20,0.4862214634146342,0.4993126829268293,-0.013091219512195107,0.3908570731707317,0.37771646341463416,0.013140609756097543,0.7553810975609755,0.7674547560975609,-0.012073658536585374,114.39682926829268,120.97085365853658,-6.574024390243906,44.244878048780485,44.040365853658535,0.20451219512194996,24.818170731707315,29.034634146341464,-4.216463414634148,14.24670731707317,14.219268292682926,0.027439024390243816,1.051341463414634,10.950487804878048,-9.899146341463414,1.051341463414634,10.950487804878048,-9.899146341463414,0.7,0.8,-0.10000000000000009,1492.2838270799673,1633.1009785128024,-140.8171514328351
statline_pregame_svm,2025-26,22500847,2026-02-25,1610612743,1610612738,DEN,BOS,Denver Nuggets,Boston Celtics,DEN vs. BOS,BOS @ DEN,1,last_avg_15pct_current_momentum_85pct_plus_elo,0.85,0.15,20,0.49837390243902446,0.45383829268292686,0.044535609756097605,0.39487463414634144,0.3424909756097561,0.05238365853658533,0.7866117073170733,0.777239268292683,0.009372439024390333,123.85341463414635,109.49524390243901,14.358170731707332,45.791585365853656,49.892560975609754,-4.100975609756098,29.639999999999997,25.936951219512192,3.703048780487805,14.888414634146342,11.979878048780487,2.908536585365855,5.258536585365853,12.076463414634146,-6.817926829268293,5.258536585365853,12.076463414634146,-6.817926829268293,0.4,0.9,-0.5,1557.1231308784738,1650.175882258533,-93.05275138005914
statline_pregame_svm,2025-26,22500848,2026-02-26,1610612754,1610612766,IND,CHA,Indiana Pacers,Charlotte Hornets,IND vs. CHA,CHA @ IND,0,last_avg_15pct_current_momentum_85pct_plus_elo,0.85,0.15,20,0.4766721951219512,0.4353276829268292,0.041344512195121974,0.37147756097560974,0.38352609756097567,-0.012048536585365921,0.7719187804878049,0.8727139024390245,-0.10079512195121954,116.03487804878048,112.32463414634145,3.710243902439032,40.529390243902434,47.91926829268293,-7.389878048780496,29.461585365853658,24.897560975609757,4.564024390243901,15.069268292682926,16.18,-1.1107317073170737,-5.955243902439024,4.243536585365853,-10.198780487804878,-5.955243902439024,4.243536585365853,-10.198780487804878,0.2,0.7,-0.49999999999999994,1380.736576090937,1482.2424526817747,-101.50587659083772
statline_pregame_svm,2025-26,22500849,2026-02-26,1610612755,1610612748,PHI,MIA,Philadelphia 76ers,Miami Heat,PHI vs. MIA,MIA @ PHI,1,last_avg_15pct_current_momentum_85pct_plus_elo,0.85,0.15,20,0.4628017073170732,0.4570567073170731,0.005745000000000111,0.3365470731707317,0.34140621951219513,-0.0048591463414634495,0.815915975609756,0.7725839024390243,0.04333207317073173,115.04146341463414,119.43963414634146,-4.398170731707324,41.838902439024395,50.79353658536585,-8.954634146341455,23.537439024390245,29.46219512195122,-5.924756097560973,13.518292682926829,13.42780487804878,0.0904878048780482,-1.5297560975609756,8.329146341463414,-9.858902439024389,-1.5297560975609756,8.329146341463414,-9.858902439024389,0.5,0.5,0.0,1483.9027649501,1497.3801559542737,-13.477391004173796
statline_pregame_svm,2025-26,22500850,2026-02-26,1610612737,1610612764,ATL,WAS,Atlanta Hawks,Washington Wizards,ATL vs. WAS,WAS @ ATL,1,last_avg_15pct_current_momentum_85pct_plus_elo,0.85,0.15,20,0.45048329268292686,0.4657914634146342,-0.015308170731707316,0.34978414634146343,0.34515134146341464,0.004632804878048791,0.7668325609756097,0.7478352439024389,0.01899731707317076,116.49743902439025,111.655,4.842439024390245,46.114999999999995,41.149268292682926,4.965731707317069,28.40780487804878,25.864634146341462,2.543170731707317,13.038658536585364,15.594146341463414,-2.55548780487805,-1.1901219512195123,-10.875853658536585,9.685731707317073,-1.1901219512195123,-10.875853658536585,9.685731707317073,0.5,0.4,0.09999999999999998,1479.9348010234537,1337.906115757223,142.0286852662307
statline_pregame_svm,2025-26,22500851,2026-02-26,1610612751,1610612759,BKN,SAS,Brooklyn Nets,San Antonio Spurs,BKN vs. SAS,SAS @ BKN,0,last_avg_15pct_current_momentum_85pct_plus_elo,0.85,0.15,20,0.4399029268292683,0.49644829268292684,-0.05654536585365855,0.3267530487804878,0.3675171951219512,-0.040764146341463414,0.7234837804878048,0.7426013414634146,-0.019117560975609793,103.48646341463414,123.08402439024391,-19.597560975609767,40.53573170731707,48.20060975609756,-7.664878048780494,25.703780487804877,30.81512195121951,-5.111341463414632,16.810609756097563,14.40670731707317,2.4039024390243924,-12.881463414634146,11.741585365853659,-24.623048780487807,-12.881463414634146,11.741585365853659,-24.623048780487807,0.2,1.0,-0.8,1311.411010795675,1646.2956215013046,-334.8846107056295
statline_pregame_svm,2025-26,22500852,2026-02-26,1610612753,1610612745,ORL,HOU,Orlando Magic,Houston Rockets,ORL vs. HOU,HOU @ ORL,0,last_avg_15pct_current_momentum_85pct_plus_elo,0.85,0.15,20,0.45345439024390244,0.47592829268292675,-0.022473902439024307,0.3358114634146342,0.37324548780487804,-0.03743402439024385,0.8265047560975609,0.7961475609756096,0.03035719512195134,111.0990243902439,109.79390243902438,1.305121951219519,41.12621951219512,45.00951219512194,-3.8832926829268217,25.891829268292682,23.561219512195123,2.3306097560975587,13.26609756097561,16.44853658536585,-3.1824390243902414,2.191707317073171,3.736829268292683,-1.545121951219512,2.191707317073171,3.736829268292683,-1.545121951219512,0.6,0.6,0.0,1517.7211471118706,1591.1719616185962,-73.45081450672569
statline_pregame_svm,2025-26,22500853,2026-02-26,1610612741,1610612757,CHI,POR,Chicago Bulls,Portland Trail Blazers,CHI vs. POR,POR @ CHI,0,last_avg_15pct_current_momentum_85pct_plus_elo,0.85,0.15,20,0.4320928048780488,0.47082243902439025,-0.03872963414634145,0.34103768292682923,0.35944609756097556,-0.01840841463414633,0.8056439024390244,0.7370636585365855,0.06858024390243889,107.94073170731707,117.61353658536584,-9.672804878048765,41.813048780487804,46.495243902439015,-4.68219512195121,24.334146341463413,27.030731707317074,-2.696585365853661,17.330609756097562,18.96951219512195,-1.6389024390243883,-15.619146341463416,-2.996341463414634,-12.622804878048782,-15.619146341463416,-2.996341463414634,-12.622804878048782,0.0,0.5,-0.5,1405.362138895285,1505.5751028864204,-100.21296399113544
statline_pregame_svm,2025-26,22500854,2026-02-26,1610612742,1610612758,DAL,SAC,Dallas Mavericks,Sacramento Kings,DAL vs. SAC,SAC @ DAL,0,last_avg_15pct_current_momentum_85pct_plus_elo,0.85,0.15,20,0.47801756097560977,0.4452641463414634,0.03275341463414638,0.34319768292682923,0.2974258536585366,0.04577182926829265,0.7512631707317072,0.8089842682926829,-0.057721097560975654,115.64426829268292,110.60475609756098,5.039512195121944,43.262317073170735,43.17926829268292,0.08304878048781461,24.186585365853656,25.387682926829267,-1.2010975609756116,11.795487804878048,13.982560975609756,-2.1870731707317077,-5.959268292682927,-12.423658536585364,6.464390243902438,-5.959268292682927,-12.423658536585364,6.464390243902438,0.2,0.1,0.1,1412.2413621443661,1329.2964573127265,82.94490483163963
statline_pregame_svm,2025-26,22500855,2026-02-26,1610612756,1610612747,PHX,LAL,Phoenix Suns,Los Angeles Lakers,PHX vs. LAL,LAL @ PHX,1,last_avg_15pct_current_momentum_85pct_plus_elo,0.85,0.15,20,0.42039109756097565,0.4959306097560976,-0.07553951219512195,0.34183560975609756,0.3541720731707317,-0.012336463414634125,0.7596003658536585,0.7470684146341463,0.012531951219512227,103.48829268292683,111.69853658536584,-8.210243902439018,43.34817073170732,39.08902439024391,4.259146341463413,23.290243902439023,25.828170731707317,-2.5379268292682937,12.394146341463415,14.50451219512195,-2.1103658536585357,-9.12,-1.7720731707317072,-7.347926829268292,-9.12,-1.7720731707317072,-7.347926829268292,0.3,0.5,-0.2,1528.4108527773003,1552.3062916891884,-23.89543891188805
statline_pregame_svm,2025-26,22500856,2026-02-26,1610612762,1610612740,UTA,NOP,Utah Jazz,New Orleans Pelicans,UTA vs. NOP,NOP @ UTA,0,last_avg_15pct_current_momentum_85pct_plus_elo,0.85,0.15,20,0.46647695121951216,0.47510451219512195,-0.008627560975609794,0.3379385365853659,0.3595130487804878,-0.02157451219512191,0.7524201219512194,0.7627474390243902,-0.010327317073170805,113.68353658536584,115.66939024390243,-1.985853658536584,46.16719512195122,42.49646341463414,3.670731707317074,27.203658536585365,25.55121951219512,1.6524390243902438,16.607926829268294,13.246951219512194,3.3609756097560997,-3.611219512195122,-1.1590243902439026,-2.4521951219512195,-3.611219512195122,-1.1590243902439026,-2.4521951219512195,0.3,0.5,-0.2,1338.079203539647,1371.0684615517139,-32.989258012066784
statline_pregame_svm,2025-26,22500857,2026-02-26,1610612746,1610612750,LAC,MIN,Los Angeles Clippers,Minnesota Timberwolves,LAC vs. MIN,MIN @ LAC,0,last_avg_15pct_current_momentum_85pct_plus_elo,0.85,0.15,20,0.4961046341463415,0.4948071951219512,0.001297439024390279,0.34414524390243906,0.38091914634146345,-0.0367739024390244,0.7876462195121952,0.7267937804878049,0.060852439024390304,110.09170731707317,121.09890243902439,-11.007195121951213,42.26890243902439,43.79256097560976,-1.5236585365853728,23.410609756097564,25.59329268292683,-2.1826829268292656,14.981707317073171,15.00451219512195,-0.022804878048779287,-0.15121951219512197,2.45,-2.6012195121951223,-0.15121951219512197,2.45,-2.6012195121951223,0.5,0.6,-0.09999999999999998,1547.058919586637,1575.8156556519905,-28.75673606535338
statline_pregame_svm,2025-26,22500858,2026-02-27,1610612765,1610612739,DET,CLE,Detroit Pistons,Cleveland Cavaliers,DET vs. CLE,CLE @ DET,1,last_avg_15pct_current_momentum_85pct_plus_elo,0.85,0.15,20,0.4853501219512194,0.5009276829268292,-0.015577560975609805,0.35245902439024385,0.37661146341463414,-0.024152439024390293,0.7901275609756097,0.7686447560975609,0.021482804878048767,118.56,121.22585365853658,-2.6658536585365766,46.32341463414634,44.125365853658536,2.1980487804878024,26.995365853658537,28.524634146341466,-1.5292682926829286,13.534878048780488,13.284268292682926,0.2506097560975622,11.930365853658536,11.885487804878048,0.044878048780487845,11.930365853658536,11.885487804878048,0.044878048780487845,0.8,0.8,0.0,1659.6716995726622,1619.2561945913844,40.41550498127776
statline_pregame_svm,2025-26,22500859,2026-02-27,1610612738,1610612751,BOS,BKN,Boston Celtics,Brooklyn Nets,BOS vs. BKN,BKN @ BOS,1,last_avg_15pct_current_momentum_85pct_plus_elo,0.85,0.15,20,0.4450832926829268,0.45112292682926836,-0.006039634146341566,0.3343309756097561,0.3400130487804878,-0.005682073170731716,0.7902442682926829,0.7291787804878048,0.06106548780487808,107.11524390243902,106.29146341463414,0.823780487804882,50.23256097560976,41.130731707317075,9.101829268292683,25.341951219512193,26.468780487804878,-1.1268292682926848,12.574878048780487,15.960609756097561,-3.385731707317074,8.846463414634147,-9.736463414634146,18.582926829268295,8.846463414634147,-9.736463414634146,18.582926829268295,0.8,0.2,0.6000000000000001,1637.559862029534,1308.8710159219659,328.6888461075682
statline_pregame_svm,2025-26,22500860,2026-02-27,1610612749,1610612752,MIL,NYK,Milwaukee Bucks,New York Knicks,MIL vs. NYK,NYK @ MIL,0,last_avg_15pct_current_momentum_85pct_plus_elo,0.85,0.15,20,0.5024564634146341,0.4732656097560976,0.02919085365853652,0.4017370731707317,0.34911975609756096,0.052617317073170744,0.7440760975609756,0.7718889024390244,-0.027812804878048825,117.71182926829268,114.86207317073172,2.849756097560956,43.90487804878049,43.2869512195122,0.617926829268292,25.753170731707318,28.008170731707317,-2.254999999999999,14.416707317073172,12.615243902439024,1.8014634146341475,3.6013414634146343,4.524634146341463,-0.9232926829268289,3.6013414634146343,4.524634146341463,-0.9232926829268289,0.8,0.6,0.20000000000000007,1506.1286110013853,1583.3506883777172,-77.22207737633198
statline_pregame_svm,2025-26,22500861,2026-02-27,1610612742,1610612763,DAL,MEM,Dallas Mavericks,Memphis Grizzlies,DAL vs. MEM,MEM @ DAL,0,last_avg_15pct_current_momentum_85pct_plus_elo,0.85,0.15,20,0.4856675609756098,0.4866765853658537,-0.0010090243902438623,0.3518676829268293,0.38366902439024386,-0.03180134146341457,0.7294181707317073,0.7664585365853659,-0.03704036585365855,115.64426829268292,119.74609756097561,-4.10182926829269,42.58231707317073,39.303414634146336,3.2789024390243924,23.931585365853657,28.487195121951217,-4.55560975609756,12.645487804878048,14.420609756097559,-1.7751219512195107,-6.554268292682927,-4.201951219512194,-2.352317073170733,-6.554268292682927,-4.201951219512194,-2.352317073170733,0.2,0.3,-0.09999999999999998,1399.8983601838338,1395.04553575585,4.852824427983705
statline_pregame_svm,2025-26,22500862,2026-02-27,1610612760,1610612743,OKC,DEN,Oklahoma City Thunder,Denver Nuggets,OKC vs. DEN,DEN @ OKC,1,last_avg_15pct_current_momentum_85pct_plus_elo,0.85,0.15,20,0.4628859756097561,0.48740890243902435,-0.024522926829268266,0.3926469512195122,0.37600463414634144,0.016642317073170765,0.8083823170731707,0.7647667073170732,0.04361560975609746,115.485,122.23841463414634,-6.753414634146338,44.62707317073171,46.72658536585365,-2.099512195121939,26.553048780487803,29.47,-2.916951219512196,14.507926829268293,14.548414634146342,-0.04048780487804926,7.624878048780488,5.768536585365853,1.8563414634146351,7.624878048780488,5.768536585365853,1.8563414634146351,0.6,0.4,0.19999999999999996,1683.2190842483585,1569.7391511074727,113.4799331408858
statline_pregame_svm,2025-26,22500863,2026-02-28,1610612766,1610612757,CHA,POR,Charlotte Hornets,Portland Trail Blazers,CHA vs. POR,POR @ CHA,1,last_avg_15pct_current_momentum_85pct_plus_elo,0.85,0.15,20,0.4451026829268292,0.4702274390243903,-0.025124756097561096,0.3926210975609756,0.3508610975609756,0.041759999999999964,0.8625139024390244,0.7473486585365854,0.11516524390243899,114.19463414634146,118.46353658536586,-4.2689024390244015,47.494268292682925,46.32524390243903,1.169024390243898,25.322560975609758,27.285731707317073,-1.963170731707315,16.605,18.03451219512195,-1.4295121951219478,5.8585365853658535,-0.6163414634146341,6.474878048780488,5.8585365853658535,-0.6163414634146341,6.474878048780488,0.7,0.6,0.09999999999999998,1489.4012599760201,1512.7681552711158,-23.366895295095674
statline_pregame_svm,2025-26,22500864,2026-02-28,1610612748,1610612745,MIA,HOU,Miami Heat,Houston Rockets,MIA vs. HOU,HOU @ MIA,1,last_avg_15pct_current_momentum_85pct_plus_elo,0.85,0.15,20,0.4594367073170731,0.48136829268292675,-0.021931585365853656,0.3539862195121951,0.37843048780487804,-0.024444268292682925,0.7748789024390244,0.7929175609756097,-0.018038658536585372,119.35463414634147,109.36890243902438,9.985731707317086,50.62353658536585,43.734512195121944,6.889024390243904,29.377195121951218,23.81621951219512,5.560975609756099,13.00280487804878,16.193536585365855,-3.1907317073170756,8.329146341463414,3.821829268292683,4.50731707317073,8.329146341463414,3.821829268292683,4.50731707317073,0.5,0.6,-0.09999999999999998,1486.9924399108615,1599.088819483257,-112.09637957239556
statline_pregame_svm,2025-26,22500865,2026-02-28,1610612764,1610612761,WAS,TOR,Washington Wizards,Toronto Raptors,WAS vs. TOR,TOR @ WAS,0,last_avg_15pct_current_momentum_85pct_plus_elo,0.85,0.15,20,0.45389146341463416,0.4693892682926829,-0.015497804878048749,0.3327413414634146,0.36212207317073164,-0.02938073170731703,0.765260243902439,0.780560975609756,-0.01530073170731705,109.955,113.44487804878048,-3.489878048780483,41.31926829268293,42.46829268292682,-1.1490243902438948,24.674634146341464,27.74048780487805,-3.065853658536586,15.339146341463415,14.114390243902438,1.2247560975609773,-13.765853658536585,2.4160975609756097,-16.181951219512193,-13.765853658536585,2.4160975609756097,-16.181951219512193,0.3,0.5,-0.2,1331.7805757977312,1523.7453106359587,-191.9647348382275
statline_pregame_svm,2025-26,22500866,2026-02-28,1610612744,1610612747,GSW,LAL,Golden State Warriors,Los Angeles Lakers,GSW vs. LAL,LAL @ GSW,0,last_avg_15pct_current_momentum_85pct_plus_elo,0.85,0.15,20,0.46485780487804873,0.5006056097560975,-0.03574780487804874,0.35017231707317076,0.3620770731707317,-0.01190475609756092,0.7277701219512196,0.7685734146341463,-0.040803292682926706,112.69390243902438,112.54853658536587,0.14536585365851806,43.186707317073164,39.3440243902439,3.842682926829262,30.62963414634146,25.743170731707316,4.886463414634143,16.132317073170732,14.67451219512195,1.4578048780487816,-1.4592682926829268,-1.0070731707317073,-0.45219512195121947,-1.4592682926829268,-1.0070731707317073,-0.45219512195121947,0.4,0.5,-0.09999999999999998,1528.3668091591924,1541.6196080518212,-13.252798892628789
statline_pregame_svm,2025-26,22500867,2026-02-28,1610612762,1610612740,UTA,NOP,Utah Jazz,New Orleans Pelicans,UTA vs. NOP,NOP @ UTA,0,last_avg_15pct_current_momentum_85pct_plus_elo,0.85,0.15,20,0.46647695121951216,0.47799451219512196,-0.011517560975609797,0.3361535365853659,0.3714130487804878,-0.03525951219512191,0.7576051219512195,0.7729474390243902,-0.015342317073170686,115.29853658536585,116.94439024390243,-1.6458536585365806,46.50719512195122,42.32646341463415,4.180731707317072,27.373658536585364,26.656219512195122,0.7174390243902415,17.202926829268293,13.416951219512194,3.7859756097560986,-3.696219512195122,-0.9040243902439025,-2.7921951219512193,-3.696219512195122,-0.9040243902439025,-2.7921951219512193,0.3,0.5,-0.2,1329.0258674929753,1380.1217975983857,-51.09593010541039
statline_pregame_svm,2025-26,22500868,2026-03-01,1610612752,1610612759,NYK,SAS,New York Knicks,San Antonio Spurs,NYK vs. SAS,SAS @ NYK,1,last_avg_15pct_current_momentum_85pct_plus_elo,0.85,0.15,20,0.47335060975609755,0.4959382926829269,-0.022587682926829333,0.3526047560975609,0.3784821951219512,-0.02587743902439027,0.7801339024390244,0.7565413414634147,0.02359256097560969,114.43707317073171,124.27402439024388,-9.836951219512173,42.77695121951219,47.43560975609756,-4.658658536585371,27.923170731707316,31.58012195121951,-3.6569512195121945,12.785243902439024,13.72670731707317,-0.9414634146341463,4.354634146341463,12.336585365853658,-7.981951219512195,4.354634146341463,12.336585365853658,-7.981951219512195,0.6,1.0,-0.4,1591.1639492086488,1648.8356163750138,-57.67166716636507
statline_pregame_svm,2025-26,22500869,2026-03-01,1610612751,1610612739,BKN,CLE,Brooklyn Nets,Cleveland Cavaliers,BKN vs. CLE,CLE @ BKN,0,last_avg_15pct_current_momentum_85pct_plus_elo,0.85,0.15,20,0.4519729268292683,0.49310768292682927,-0.041134756097560954,0.3542930487804878,0.3681114634146342,-0.013818414634146403,0.7330037804878048,0.7689847560975609,-0.035980975609756105,106.46146341463414,120.29085365853658,-13.829390243902438,39.17573170731707,44.29536585365854,-5.119634146341468,26.55378048780488,27.75963414634146,-1.2058536585365829,15.280609756097562,13.624268292682926,1.6563414634146358,-11.521463414634146,10.015487804878047,-21.536951219512193,-11.521463414634146,10.015487804878047,-21.536951219512193,0.2,0.7,-0.49999999999999994,1306.2508776981456,1610.4142277122953,-304.1633500141497
statline_pregame_svm,2025-26,22500870,2026-03-01,1610612741,1610612749,CHI,MIL,Chicago Bulls,Milwaukee Bucks,CHI vs. MIL,MIL @ CHI,1,last_avg_15pct_current_momentum_85pct_plus_elo,0.85,0.15,20,0.4472228048780488,0.49514646341463414,-0.04792365853658537,0.3541276829268293,0.3826970731707317,-0.028569390243902426,0.7983339024390244,0.7605660975609755,0.03776780487804887,109.72573170731707,114.90682926829268,-5.181097560975616,41.3030487804878,42.45987804878049,-1.1568292682926895,25.269146341463415,24.988170731707317,0.2809756097560978,17.58560975609756,14.58670731707317,2.9989024390243912,-12.729146341463414,-0.22365853658536583,-12.505487804878047,-12.729146341463414,-0.22365853658536583,-12.505487804878047,0.0,0.7,-0.7,1398.1690865105895,1498.3153501704537,-100.14626365986419
statline_pregame_svm,2025-26,22500871,2026-03-01,1610612743,1610612750,DEN,MIN,Denver Nuggets,Minnesota Timberwolves,DEN vs. MIN,MIN @ DEN,0,last_avg_15pct_current_momentum_85pct_plus_elo,0.85,0.15,20,0.4808639024390243,0.48681719512195126,-0.005953292682926936,0.36903463414634147,0.3657891463414634,0.0032454878048780444,0.7702917073170732,0.7221187804878049,0.048172926829268325,123.08841463414633,117.95390243902438,5.134512195121957,47.746585365853655,43.45256097560976,4.294024390243898,29.299999999999997,25.16829268292683,4.131707317073168,14.548414634146342,14.83451219512195,-0.2860975609756089,6.108536585365853,1.5150000000000001,4.593536585365852,6.108536585365853,1.5150000000000001,4.593536585365852,0.4,0.6,-0.19999999999999996,1562.8939689894903,1584.9898551455353,-22.095886156045026
statline_pregame_svm,2025-26,22500872,2026-03-01,1610612754,1610612763,IND,MEM,Indiana Pacers,Memphis Grizzlies,IND vs. MEM,MEM @ IND,0,last_avg_15pct_current_momentum_85pct_plus_elo,0.85,0.15,20,0.4747171951219512,0.4871015853658537,-0.012384390243902477,0.35889756097560976,0.3761890243902439,-0.017291463414634112,0.7751487804878048,0.7664585365853658,0.008690243902438999,115.60987804878047,118.6410975609756,-3.031219512195122,40.86939024390244,39.13341463414634,1.735975609756096,29.036585365853657,28.31719512195122,0.7193902439024384,15.239268292682926,14.505609756097563,0.733658536585363,-7.655243902439024,-3.351951219512195,-4.303292682926829,-7.655243902439024,-3.351951219512195,-4.303292682926829,0.2,0.3,-0.09999999999999998,1373.5777687966915,1405.185202188179,-31.607433391487348
statline_pregame_svm,2025-26,22500873,2026-03-01,1610612737,1610612757,ATL,POR,Atlanta Hawks,Portland Trail Blazers,ATL vs. POR,POR @ ATL,1,last_avg_15pct_current_momentum_85pct_plus_elo,0.85,0.15,20,0.44946329268292684,0.46274743902439025,-0.01328414634146341,0.3446841463414634,0.34134109756097564,0.003343048780487745,0.7697225609756098,0.7396986585365852,0.03002390243902453,116.66743902439023,115.74353658536586,0.9239024390243742,47.559999999999995,45.64524390243902,1.914756097560975,28.83280487804878,26.520731707317072,2.3120731707317077,13.378658536585364,18.03451219512195,-4.655853658536584,1.7848780487804876,-1.551341463414634,3.3362195121951217,1.7848780487804876,-1.551341463414634,3.3362195121951217,0.6,0.6,0.0,1486.0603409829455,1502.0966141789136,-16.03627319596808
statline_pregame_svm,2025-26,22500874,2026-03-01,1610612738,1610612755,BOS,PHI,Boston Celtics,Philadelphia 76ers,BOS vs. PHI,PHI @ BOS,1,last_avg_15pct_current_momentum_85pct_plus_elo,0.85,0.15,20,0.4638682926829269,0.4628017073170732,0.0010665853658536895,0.3589809756097561,0.3330620731707317,0.025918902439024394,0.7941542682926829,0.8149809756097559,-0.020826707317073034,110.60024390243902,114.70146341463413,-4.101219512195115,49.127560975609754,42.51890243902439,6.6086585365853665,26.531951219512194,23.112439024390245,3.41951219512195,12.744878048780487,14.19829268292683,-1.453414634146343,9.611463414634146,-2.2097560975609754,11.821219512195121,9.611463414634146,-2.2097560975609754,11.821219512195121,0.8,0.5,0.30000000000000004,1640.1800002533544,1494.2904809935121,145.88951925984225
statline_pregame_svm,2025-26,22500875,2026-03-01,1610612753,1610612765,ORL,DET,Orlando Magic,Detroit Pistons,ORL vs. DET,DET @ ORL,0,last_avg_15pct_current_momentum_85pct_plus_elo,0.85,0.15,20,0.45472939024390235,0.47642512195121944,-0.02169573170731709,0.3419314634146342,0.3394540243902439,0.0024774390243902933,0.8054247560975609,0.7874075609756097,0.018017195121951213,111.5240243902439,117.88,-6.355975609756101,41.63621951219512,47.428414634146336,-5.792195121951217,25.976829268292683,26.400365853658535,-0.42353658536585215,13.01109756097561,14.214878048780488,-1.2037804878048775,2.5317073170731708,7.680365853658536,-5.148658536585366,2.5317073170731708,7.680365853658536,-5.148658536585366,0.6,0.8,-0.20000000000000007,1509.8042892472097,1668.5136664517513,-158.70937720454162
statline_pregame_svm,2025-26,22500876,2026-03-01,1610612742,1610612760,DAL,OKC,Dallas Mavericks,Oklahoma City Thunder,DAL vs. OKC,OKC @ DAL,0,last_avg_15pct_current_momentum_85pct_plus_elo,0.85,0.15,20,0.48345756097560977,0.4585509756097561,0.024906585365853662,0.33877768292682925,0.3926469512195122,-0.05386926829268296,0.7370681707317073,0.8154373170731707,-0.07836914634146341,115.47426829268292,115.4,0.07426829268291613,42.412317073170726,44.96707317073171,-2.5547560975609827,24.356585365853658,26.213048780487807,-1.856463414634149,13.49548780487805,14.592926829268292,-1.0974390243902423,-7.829268292682927,5.074878048780487,-12.904146341463413,-7.829268292682927,5.074878048780487,-12.904146341463413,0.2,0.6,-0.39999999999999997,1389.758693751505,1690.064266366341,-300.3055726148359
statline_pregame_svm,2025-26,22500877,2026-03-01,1610612746,1610612740,LAC,NOP,Los Angeles Clippers,New Orleans Pelicans,LAC vs. NOP,NOP @ LAC,1,last_avg_15pct_current_momentum_85pct_plus_elo,0.85,0.15,20,0.4864996341463415,0.48003451219512194,0.006465121951219566,0.331565243902439,0.3649530487804878,-0.033387804878048766,0.8000562195121951,0.7640224390243903,0.03603378048780481,107.62670731707317,117.02939024390243,-9.402682926829257,40.313902439024396,43.346463414634144,-3.032560975609748,23.07060975609756,27.42121951219512,-4.350609756097558,15.06670731707317,14.181951219512195,0.8847560975609756,-2.701219512195122,0.7959756097560975,-3.4971951219512194,-2.701219512195122,0.7959756097560975,-3.4971951219512194,0.4,0.6,-0.19999999999999996,1537.8847200930923,1388.6616502385175,149.22306985457476
statline_pregame_svm,2025-26,22500878,2026-03-01,1610612747,1610612758,LAL,SAC,Los Angeles Lakers,Sacramento Kings,LAL vs. SAC,SAC @ LAL,1,last_avg_15pct_current_momentum_85pct_plus_elo,0.85,0.15,20,0.4999256097560976,0.4487491463414634,0.05117646341463422,0.3822220731707317,0.29122085365853656,0.09100121951219514,0.7713784146341462,0.8007392682926829,-0.02936085365853669,112.88853658536584,112.13475609756097,0.7537804878048746,39.8540243902439,43.94426829268292,-4.0902439024390205,26.08317073170732,26.067682926829267,0.015487804878052458,14.50451219512195,13.217560975609755,1.2869512195121953,0.012926829268292667,-11.318658536585366,11.331585365853659,0.012926829268292667,-11.318658536585366,11.331585365853659,0.5,0.2,0.3,1551.2383467325378,1341.6394592732588,209.598887459279
statline_pregame_svm,2025-26,22500879,2026-03-02,1610612764,1610612745,WAS,HOU,Washington Wizards,Houston Rockets,WAS vs. HOU,HOU @ WAS,0,last_avg_15pct_current_momentum_85pct_plus_elo,0.85,0.15,20,0.46468646341463415,0.4828132926829268,-0.01812682926829262,0.34260134146341464,0.36848548780487805,-0.02588414634146341,0.772825243902439,0.7955525609756099,-0.022727317073170883,111.995,110.38890243902439,1.6060975609756127,40.72426829268293,44.499512195121945,-3.7752439024390156,25.014634146341464,24.66621951219512,0.3484146341463443,15.424146341463414,16.278536585365853,-0.8543902439024382,-11.895853658536586,4.756829268292683,-16.652682926829268,-11.895853658536586,4.756829268292683,-16.652682926829268,0.3,0.6,-0.3,1326.8046328950918,1585.9699049683393,-259.1652720732475
statline_pregame_svm,2025-26,22500880,2026-03-02,1610612749,1610612738,MIL,BOS,Milwaukee Bucks,Boston Celtics,MIL vs. BOS,BOS @ MIL,0,last_avg_15pct_current_momentum_85pct_plus_elo,0.85,0.15,20,0.4746614634146341,0.45961829268292675,0.015043170731707356,0.3687570731707317,0.3584709756097561,0.010286097560975593,0.7626060975609755,0.815999268292683,-0.05339317073170746,111.16682926829269,110.94024390243902,0.22658536585366562,42.62987804878049,50.14756097560976,-7.517682926829266,24.138170731707316,26.531951219512194,-2.3937804878048787,14.92670731707317,13.169878048780488,1.756829268292682,-2.5186585365853658,10.121463414634148,-12.640121951219513,-2.5186585365853658,10.121463414634148,-12.640121951219513,0.6,0.8,-0.20000000000000007,1485.5101711809132,1646.2115064789125,-160.70133529799932
statline_pregame_svm,2025-26,22500881,2026-03-02,1610612762,1610612743,UTA,DEN,Utah Jazz,Denver Nuggets,UTA vs. DEN,DEN @ UTA,0,last_avg_15pct_current_momentum_85pct_plus_elo,0.85,0.15,20,0.46545695121951225,0.4839239024390244,-0.01846695121951214,0.3409985365853659,0.3639346341463415,-0.022936097560975588,0.7570951219512195,0.7601767073170731,-0.0030815853658535675,115.72353658536585,121.98341463414634,-6.259878048780493,45.14719512195122,47.831585365853655,-2.6843902439024347,27.713658536585367,29.384999999999998,-1.671341463414631,15.75792682926829,14.888414634146342,0.8695121951219491,-3.951219512195122,5.598536585365855,-9.549756097560977,-3.951219512195122,5.598536585365855,-9.549756097560977,0.3,0.4,-0.10000000000000003,1320.4860148528435,1553.5290836872555,-233.043068834412
statline_pregame_svm,2025-26,22500882,2026-03-02,1610612744,1610612746,GSW,LAC,Golden State Warriors,Los Angeles Clippers,GSW vs. LAC,LAC @ GSW,0,last_avg_15pct_current_momentum_85pct_plus_elo,0.85,0.15,20,0.46545280487804885,0.4821646341463415,-0.01671182926829262,0.34396731707317074,0.342275243902439,0.0016920731707317227,0.7307451219512195,0.8194362195121953,-0.0886910975609757,110.7389024390244,109.66670731707316,1.0721951219512391,43.01670731707317,40.48390243902439,2.532804878048779,30.71463414634146,23.495609756097558,7.219024390243902,15.537317073170732,14.641707317073172,0.89560975609756,-3.244268292682927,0.273780487804878,-3.5180487804878053,-3.244268292682927,0.273780487804878,-3.5180487804878053,0.4,0.5,-0.09999999999999998,1518.7480704784757,1543.835698797773,-25.08762831929721
statline_pregame_svm,2025-26,22500883,2026-03-03,1610612766,1610612742,CHA,DAL,Charlotte Hornets,Dallas Mavericks,CHA vs. DAL,DAL @ CHA,1,last_avg_15pct_current_momentum_85pct_plus_elo,0.85,0.15,20,0.4466326829268292,0.4810775609756097,-0.03444487804878049,0.4046060975609756,0.33954268292682926,0.06506341463414633,0.8510389024390245,0.7351131707317072,0.11592573170731724,114.78963414634146,114.36926829268293,0.42036585365852375,47.15426829268293,42.412317073170726,4.741951219512202,26.002560975609757,24.271585365853657,1.7309756097561007,16.52,14.175487804878047,2.3445121951219523,6.623536585365854,-8.084268292682927,14.70780487804878,6.623536585365854,-8.084268292682927,14.70780487804878,0.7,0.2,0.49999999999999994,1500.0728010682224,1386.743609422583,113.32919164563941
statline_pregame_svm,2025-26,22500884,2026-03-03,1610612739,1610612765,CLE,DET,Cleveland Cavaliers,Detroit Pistons,CLE vs. DET,DET @ CLE,1,last_avg_15pct_current_momentum_85pct_plus_elo,0.85,0.15,20,0.49106768292682923,0.47600012195121955,0.015067560975609684,0.3758464634146341,0.3155690243902439,0.0602774390243902,0.7741697560975609,0.7774625609756097,-0.0032928048780488384,118.76085365853658,116.35,2.410853658536581,43.78536585365854,48.53341463414634,-4.7480487804877995,27.33463414634146,26.14536585365854,1.1892682926829217,14.304268292682925,14.639878048780488,-0.33560975609756305,7.550487804878049,8.615365853658536,-1.0648780487804874,7.550487804878049,8.615365853658536,-1.0648780487804874,0.7,0.8,-0.10000000000000009,1613.372889488904,1674.2389222153963,-60.86603272649222
statline_pregame_svm,2025-26,22500885,2026-03-03,1610612753,1610612764,ORL,WAS,Orlando Magic,Washington Wizards,ORL vs. WAS,WAS @ ORL,1,last_avg_15pct_current_momentum_85pct_plus_elo,0.85,0.15,20,0.45430439024390246,0.4600964634146341,-0.00579207317073166,0.33861646341463414,0.3514413414634146,-0.012824878048780464,0.788424756097561,0.792375243902439,-0.003950487804877945,111.5240243902439,111.31500000000001,0.20902439024388286,41.891219512195114,39.704268292682926,2.1869512195121885,25.891829268292682,24.164634146341463,1.727195121951219,13.26609756097561,15.084146341463414,-1.8180487804878052,4.40170731707317,-13.085853658536584,17.487560975609753,4.40170731707317,-13.085853658536584,17.487560975609753,0.6,0.2,0.39999999999999997,1504.0790334835647,1323.1318242463499,180.9472092372148
statline_pregame_svm,2025-26,22500886,2026-03-03,1610612748,1610612751,MIA,BKN,Miami Heat,Brooklyn Nets,MIA vs. BKN,BKN @ MIA,1,last_avg_15pct_current_momentum_85pct_plus_elo,0.85,0.15,20,0.4590117073170731,0.4597929268292683,-0.0007812195121952303,0.3528812195121951,0.3573530487804878,-0.004471829268292704,0.7743689024390243,0.7439687804878049,0.03040012195121944,117.73963414634146,106.80146341463414,10.938170731707316,50.028536585365856,38.83573170731707,11.192804878048783,27.507195121951217,26.978780487804876,0.5284146341463405,13.42780487804878,15.11060975609756,-1.6828048780487794,5.524146341463415,-10.161463414634145,15.68560975609756,5.524146341463415,-10.161463414634145,15.68560975609756,0.5,0.2,0.3,1500.1113544257794,1303.2922159215368,196.81913850424257
statline_pregame_svm,2025-26,22500887,2026-03-03,1610612761,1610612752,TOR,NYK,Toronto Raptors,New York Knicks,TOR vs. NYK,NYK @ TOR,0,last_avg_15pct_current_momentum_85pct_plus_elo,0.85,0.15,20,0.4758492682926828,0.4685056097560976,0.007343658536585196,0.37563707317073164,0.352094756097561,0.023542317073170616,0.7865959756097561,0.7577789024390243,0.02881707317073179,114.63487804878048,112.73707317073172,1.8978048780487597,42.21329268292683,43.5419512195122,-1.3286585365853725,27.57048780487805,27.838170731707315,-0.2676829268292664,13.774390243902438,12.955243902439024,0.8191463414634139,4.03109756097561,5.884634146341463,-1.8535365853658528,4.03109756097561,5.884634146341463,-1.8535365853658528,0.6,0.6,0.0,1528.7212535385981,1602.8087938369356,-74.08754029833744
statline_pregame_svm,2025-26,22500888,2026-03-03,1610612755,1610612759,PHI,SAS,Philadelphia 76ers,San Antonio Spurs,PHI vs. SAS,SAS @ PHI,0,last_avg_15pct_current_momentum_85pct_plus_elo,0.85,0.15,20,0.45821170731707317,0.49338829268292683,-0.03517658536585366,0.3368870731707317,0.37270219512195124,-0.03581512195121955,0.8120059756097562,0.7673363414634147,0.04466963414634151,113.42646341463414,121.9790243902439,-8.552560975609751,40.90390243902439,45.56560975609756,-4.661707317073166,22.942439024390243,31.49512195121951,-8.552682926829267,13.603292682926828,14.40670731707317,-0.8034146341463426,-5.184756097560975,9.361585365853658,-14.546341463414635,-5.184756097560975,9.361585365853658,-14.546341463414635,0.4,0.9,-0.5,1488.258974767954,1637.190771746727,-148.93179697877304
statline_pregame_svm,2025-26,22500889,2026-03-03,1610612741,1610612760,CHI,OKC,Chicago Bulls,Oklahoma City Thunder,CHI vs. OKC,OKC @ CHI,0,last_avg_15pct_current_momentum_85pct_plus_elo,0.85,0.15,20,0.4533428048780488,0.4626309756097561,-0.00928817073170729,0.3536176829268292,0.3757319512195122,-0.02211426829268298,0.7983339024390244,0.7931673170731707,0.005166585365853682,110.15073170731706,114.89,-4.739268292682937,41.898048780487805,44.96707317073171,-3.0690243902439036,25.949146341463415,25.873048780487803,0.0760975609756116,18.265609756097557,14.167926829268293,4.097682926829265,-9.414146341463415,7.029878048780487,-16.444024390243904,-9.414146341463415,7.029878048780487,-16.444024390243904,0.1,0.7,-0.6,1410.97426550013,1693.079350695263,-282.1050851951329
statline_pregame_svm,2025-26,22500890,2026-03-03,1610612750,1610612763,MIN,MEM,Minnesota Timberwolves,Memphis Grizzlies,MIN vs. MEM,MEM @ MIN,1,last_avg_15pct_current_momentum_85pct_plus_elo,0.85,0.15,20,0.4912371951219512,0.4880365853658537,0.0032006097560974833,0.3657041463414634,0.3753390243902439,-0.009634878048780493,0.7055437804878048,0.7877085365853658,-0.08216475609756102,117.01890243902439,118.3010975609756,-1.2821951219512187,43.53756097560976,38.79341463414634,4.74414634146342,25.933292682926826,28.65719512195122,-2.7239024390243927,15.259512195121951,14.505609756097563,0.7539024390243885,3.045,-2.076951219512195,5.121951219512194,3.045,-2.076951219512195,5.121951219512194,0.7,0.3,0.39999999999999997,1594.3547404477702,1414.2779685556761,180.07677189209403
statline_pregame_svm,2025-26,22500891,2026-03-03,1610612747,1610612740,LAL,NOP,Los Angeles Lakers,New Orleans Pelicans,LAL vs. NOP,NOP @ LAL,1,last_avg_15pct_current_momentum_85pct_plus_elo,0.85,0.15,20,0.4950806097560975,0.484794512195122,0.010286097560975538,0.3908920731707317,0.3683530487804878,0.02253902439024391,0.7638984146341463,0.7736274390243904,-0.009729024390244034,113.65353658536586,118.89939024390243,-5.245853658536575,39.4290243902439,43.94146341463414,-4.51243902439024,26.67817073170732,27.33621951219512,-0.6580487804878032,13.484512195121951,14.946951219512195,-1.4624390243902443,1.7129268292682926,-0.3090243902439025,2.021951219512195,1.7129268292682926,-0.3090243902439025,2.021951219512195,0.5,0.6,-0.09999999999999998,1555.844594327008,1382.7106715338368,173.13392279317122
statline_pregame_svm,2025-26,22500892,2026-03-03,1610612758,1610612756,SAC,PHX,Sacramento Kings,Phoenix Suns,SAC vs. PHX,PHX @ SAC,0,last_avg_15pct_current_momentum_85pct_plus_elo,0.85,0.15,20,0.4501941463414633,0.4311860975609756,0.01900804878048773,0.2848458536585366,0.34413060975609755,-0.05928475609756095,0.8071992682926828,0.7697153658536585,0.03748390243902433,110.34975609756098,105.18829268292683,5.161463414634156,44.454268292682926,43.85817073170732,0.5960975609756076,26.15268292682927,23.375243902439024,2.7774390243902474,13.812560975609756,12.989146341463416,0.8234146341463404,-13.018658536585365,-6.825,-6.193658536585365,-13.018658536585365,-6.825,-6.193658536585365,0.2,0.4,-0.2,1337.0332116787886,1539.0975364146675,-202.06432473587893
statline_pregame_svm,2025-26,22500893,2026-03-04,1610612752,1610612760,NYK,OKC,New York Knicks,Oklahoma City Thunder,NYK vs. OKC,OKC @ NYK,0,last_avg_15pct_current_momentum_85pct_plus_elo,0.85,0.15,20,0.4866956097560976,0.46118597560975605,0.025509634146341553,0.360849756097561,0.36289695121951215,-0.002047195121951173,0.7514889024390243,0.8093173170731708,-0.05782841463414645,115.37207317073171,115.74000000000001,-0.3679268292682991,44.22195121951219,45.73207317073171,-1.5101219512195172,28.688170731707316,25.703048780487805,2.9851219512195115,13.210243902439023,13.487926829268293,-0.27768292682926976,10.474634146341463,8.219878048780487,2.2547560975609766,10.474634146341463,8.219878048780487,2.2547560975609766,0.7,0.8,-0.10000000000000009,1610.7081272424773,1696.3726295824695,-85.66450233999217
statline_pregame_svm,2025-26,22500894,2026-03-04,1610612738,1610612766,BOS,CHA,Boston Celtics,Charlotte Hornets,BOS vs. CHA,CHA @ BOS,0,last_avg_15pct_current_momentum_85pct_plus_elo,0.85,0.15,20,0.4595332926829268,0.4519876829268292,0.007545609756097582,0.36076597560975615,0.40435109756097565,-0.043585121951219497,0.8004442682926829,0.8319139024390244,-0.03146963414634152,110.43024390243903,115.46963414634146,-5.039390243902432,49.892560975609754,47.409268292682924,2.4832926829268303,26.956951219512195,26.937560975609756,0.019390243902439153,12.829878048780486,15.924999999999999,-3.0951219512195127,10.631463414634148,8.068536585365852,2.562926829268296,10.631463414634148,8.068536585365852,2.562926829268296,0.8,0.7,0.10000000000000009,1651.8900208880107,1506.9218905854634,144.96813030254725
statline_pregame_svm,2025-26,22500895,2026-03-04,1610612755,1610612762,PHI,UTA,Philadelphia 76ers,Utah Jazz,PHI vs. UTA,UTA @ PHI,1,last_avg_15pct_current_momentum_85pct_plus_elo,0.85,0.15,20,0.4421467073170732,0.46069695121951215,-0.01855024390243898,0.33943707317073174,0.3356435365853659,0.003793536585365853,0.8051209756097559,0.7701851219512195,0.034935853658536464,111.38646341463414,115.21353658536584,-3.8270731707317083,41.92390243902439,44.72219512195122,-2.798292682926835,22.177439024390242,26.523658536585366,-4.346219512195123,13.518292682926829,15.672926829268292,-2.154634146341463,-8.244756097560975,-4.9712195121951215,-3.2735365853658536,-8.244756097560975,-4.9712195121951215,-3.2735365853658536,0.4,0.2,0.2,1482.3009846178657,1316.3407572988917,165.96022731897392
statline_pregame_svm,2025-26,22500896,2026-03-04,1610612763,1610612757,MEM,POR,Memphis Grizzlies,Portland Trail Blazers,MEM vs. POR,POR @ MEM,0,last_avg_15pct_current_momentum_85pct_plus_elo,0.85,0.15,20,0.48625158536585356,0.4506774390243903,0.035574146341463275,0.3778040243902439,0.33675109756097565,0.041052926829268255,0.7903435365853658,0.7175986585365854,0.07274487804878038,117.87609756097561,112.85353658536584,5.022560975609764,38.45341463414634,44.96524390243903,-6.511829268292686,28.57219512195122,25.840731707317072,2.731463414634149,14.59060975609756,17.94951219512195,-3.3589024390243907,-0.9719512195121951,-6.141341463414634,5.1693902439024395,-0.9719512195121951,-6.141341463414634,5.1693902439024395,0.3,0.5,-0.2,1409.04185758174,1491.6353806224697,-82.59352304072968
statline_pregame_svm,2025-26,22500897,2026-03-04,1610612749,1610612737,MIL,ATL,Milwaukee Bucks,Atlanta Hawks,MIL vs. ATL,ATL @ MIL,0,last_avg_15pct_current_momentum_85pct_plus_elo,0.85,0.15,20,0.46633146341463416,0.45532829268292685,0.011003170731707312,0.37377207317073174,0.34085914634146336,0.032912926829268385,0.7685560975609755,0.7840025609756097,-0.015446463414634182,109.12682926829268,117.34743902439024,-8.22060975609756,42.034878048780485,48.154999999999994,-6.1201219512195095,23.45817073170732,29.002804878048778,-5.544634146341458,15.26670731707317,13.888658536585364,1.3780487804878057,-5.323658536585366,3.6548780487804877,-8.978536585365854,-5.323658536585366,3.6548780487804877,-8.978536585365854,0.5,0.6,-0.09999999999999998,1479.831656771815,1496.5215745393893,-16.689917767574343
statline_pregame_svm,2025-26,22500898,2026-03-04,1610612746,1610612754,LAC,IND,Los Angeles Clippers,Indiana Pacers,LAC vs. IND,IND @ LAC,1,last_avg_15pct_current_momentum_85pct_plus_elo,0.85,0.15,20,0.48479963414634153,0.4706371951219512,0.01416243902439035,0.34873524390243904,0.36110756097560975,-0.012372317073170713,0.819096219512195,0.7765937804878048,0.042502439024390215,111.62170731707317,114.24987804878049,-2.628170731707314,41.75890243902439,40.27439024390244,1.484512195121951,23.325609756097563,28.69658536585366,-5.370975609756098,13.79170731707317,15.579268292682926,-1.7875609756097557,4.183780487804878,-8.505243902439025,12.689024390243903,4.183780487804878,-8.505243902439025,12.689024390243903,0.6,0.2,0.39999999999999997,1553.1148711724159,1364.4850024291943,188.62986874322155
statline_pregame_svm,2025-26,22500899,2026-03-05,1610612753,1610612742,ORL,DAL,Orlando Magic,Dallas Mavericks,ORL vs. DAL,DAL @ ORL,1,last_avg_15pct_current_momentum_85pct_plus_elo,0.85,0.15,20,0.4556643902439025,0.47198256097560976,-0.01631817073170727,0.3487314634146341,0.31820768292682927,0.030523780487804852,0.7958197560975611,0.7255931707317074,0.07022658536585369,112.2040243902439,111.56426829268291,0.6397560975609906,41.55121951219512,42.497317073170734,-0.9460975609756161,25.976829268292683,23.931585365853657,2.045243902439026,12.58609756097561,14.685487804878049,-2.0993902439024392,4.1467073170731705,-9.359268292682927,13.505975609756097,4.1467073170731705,-9.359268292682927,13.505975609756097,0.6,0.2,0.39999999999999997,1509.2958001182483,1379.894519905342,129.40128021290639
statline_pregame_svm,2025-26,22500900,2026-03-05,1610612764,1610612762,WAS,UTA,Washington Wizards,Utah Jazz,WAS vs. UTA,UTA @ WAS,0,last_avg_15pct_current_momentum_85pct_plus_elo,0.85,0.15,20,0.4600114634146341,0.45593695121951217,0.004074512195121949,0.3388613414634146,0.3278235365853659,0.01103780487804873,0.7674702439024389,0.7954301219512194,-0.02795987804878053,110.975,113.76853658536585,-2.7935365853658567,40.72426829268293,44.12719512195122,-3.4029268292682886,24.589634146341464,26.778658536585365,-2.189024390243901,14.914146341463415,16.01292682926829,-1.098780487804877,-13.340853658536584,-5.141219512195122,-8.199634146341463,-13.340853658536584,-5.141219512195122,-8.199634146341463,0.2,0.2,0.0,1317.9150576116663,1310.7845293238265,7.130528287839752
statline_pregame_svm,2025-26,22500901,2026-03-05,1610612748,1610612751,MIA,BKN,Miami Heat,Brooklyn Nets,MIA vs. BKN,BKN @ MIA,1,last_avg_15pct_current_momentum_85pct_plus_elo,0.85,0.15,20,0.4638567073170731,0.4457679268292683,0.018088780487804823,0.3623162195121951,0.34426304878048775,0.01805317073170737,0.7735189024390243,0.7550187804878049,0.018500121951219417,118.50463414634147,104.33646341463414,14.168170731707335,49.43353658536585,38.240731707317074,11.192804878048776,27.76219512195122,25.95878048780488,1.803414634146339,13.34280487804878,15.62060975609756,-2.27780487804878,8.754146341463414,-13.561463414634146,22.315609756097558,8.754146341463414,-13.561463414634146,22.315609756097558,0.6,0.1,0.5,1504.9835783596814,1298.4199919876348,206.56358637204653
statline_pregame_svm,2025-26,22500902,2026-03-05,1610612745,1610612744,HOU,GSW,Houston Rockets,Golden State Warriors,HOU vs. GSW,GSW @ HOU,0,last_avg_15pct_current_momentum_85pct_plus_elo,0.85,0.15,20,0.4854482926829268,0.4580578048780487,0.027390487804878072,0.369505487804878,0.3403973170731707,0.029108170731707295,0.8046475609756097,0.7482551219512195,0.056392439024390284,112.42890243902438,111.3339024390244,1.0949999999999847,46.11451219512195,43.61170731707317,2.502804878048778,24.41121951219512,30.62963414634146,-6.218414634146338,16.53353658536585,15.027317073170732,1.5062195121951198,6.031829268292682,-2.734268292682927,8.76609756097561,6.031829268292682,-2.734268292682927,8.76609756097561,0.7,0.4,0.29999999999999993,1589.6427136170812,1509.4688981038328,80.17381551324843
statline_pregame_svm,2025-26,22500903,2026-03-05,1610612750,1610612761,MIN,TOR,Minnesota Timberwolves,Toronto Raptors,MIN vs. TOR,TOR @ MIN,1,last_avg_15pct_current_momentum_85pct_plus_elo,0.85,0.15,20,0.48877219512195114,0.4790792682926828,0.009692926829268311,0.3558441463414634,0.37079207317073165,-0.014947926829268265,0.7254337804878048,0.791865975609756,-0.0664321951219512,116.08390243902438,113.61487804878048,2.469024390243902,44.047560975609755,41.02329268292682,3.024268292682933,25.338292682926827,27.74048780487805,-2.402195121951223,15.939512195121951,13.434390243902438,2.505121951219513,3.47,2.07609756097561,1.3939024390243904,3.47,2.07609756097561,1.3939024390243904,0.7,0.5,0.19999999999999996,1599.5908514217062,1520.8219201330564,78.76893128864981
statline_pregame_svm,2025-26,22500904,2026-03-05,1610612759,1610612765,SAS,DET,San Antonio Spurs,Detroit Pistons,SAS vs. DET,DET @ SAS,1,last_avg_15pct_current_momentum_85pct_plus_elo,0.85,0.15,20,0.4972982926829268,0.4794001219512195,0.017898170731707297,0.3714271951219512,0.3242390243902439,0.047188170731707335,0.7633413414634146,0.7749975609756097,-0.011656219512195087,121.63902439024389,115.67,5.969024390243888,46.07560975609756,48.27841463414634,-2.2028048780487737,31.66512195121951,26.74036585365854,4.924756097560973,14.661707317073171,14.554878048780488,0.10682926829268347,11.741585365853659,9.040365853658537,2.701219512195122,11.741585365853659,9.040365853658537,2.701219512195122,0.9,0.8,0.09999999999999998,1643.1487618968154,1662.504761427005,-19.355999530189592
statline_pregame_svm,2025-26,22500905,2026-03-05,1610612756,1610612741,PHX,CHI,Phoenix Suns,Chicago Bulls,PHX vs. CHI,CHI @ PHX,0,last_avg_15pct_current_momentum_85pct_plus_elo,0.85,0.15,20,0.4262560975609756,0.4518128048780487,-0.025556707317073102,0.33563060975609754,0.3519176829268293,-0.016287073170731747,0.7680153658536586,0.7820989024390245,-0.014083536585365874,103.82829268292683,110.23573170731707,-6.407439024390243,44.53817073170732,43.173048780487804,1.365121951219514,23.800243902439025,25.864146341463414,-2.063902439024389,13.669146341463414,18.43560975609756,-4.766463414634146,-6.315,-8.734146341463415,2.4191463414634145,-6.315,-8.734146341463415,2.4191463414634145,0.4,0.1,0.30000000000000004,1543.859350673395,1407.6809866129236,136.1783640604715
statline_pregame_svm,2025-26,22500906,2026-03-05,1610612743,1610612747,DEN,LAL,Denver Nuggets,Los Angeles Lakers,DEN vs. LAL,LAL @ DEN,1,last_avg_15pct_current_momentum_85pct_plus_elo,0.85,0.15,20,0.49267890243902435,0.49193560975609757,0.0007432926829267772,0.3766846341463414,0.3815420731707317,-0.0048574390243902865,0.7685917073170732,0.7645784146341462,0.004013292682926939,122.06841463414634,114.07853658536584,7.989878048780497,46.72658536585365,40.02402439024391,6.702560975609742,29.044999999999998,26.67817073170732,2.3668292682926797,14.80341463414634,13.39951219512195,1.4039024390243906,6.448536585365854,1.9679268292682925,4.480609756097562,6.448536585365854,1.9679268292682925,4.480609756097562,0.5,0.5,0.0,1557.6743412412072,1561.2366493689228,-3.562308127715596
statline_pregame_svm,2025-26,22500907,2026-03-05,1610612758,1610612740,SAC,NOP,Sacramento Kings,New Orleans Pelicans,SAC vs. NOP,NOP @ SAC,0,last_avg_15pct_current_momentum_85pct_plus_elo,0.85,0.15,20,0.45104414634146345,0.47994951219512194,-0.028905365853658493,0.2839108536585366,0.3474430487804878,-0.06353219512195124,0.7998892682926829,0.7822974390243902,0.017591829268292725,109.66975609756096,115.83939024390244,-6.16963414634148,44.284268292682924,44.19646341463414,0.0878048780487859,26.407682926829267,27.08121951219512,-0.6735365853658521,14.067560975609755,15.881951219512196,-1.8143902439024409,-13.698658536585365,-0.7340243902439024,-12.964634146341462,-13.698658536585365,-0.7340243902439024,-12.964634146341462,0.2,0.6,-0.39999999999999997,1332.271397420061,1377.318616491922,-45.047219071861036
statline_pregame_svm,2025-26,22500908,2026-03-06,1610612738,1610612742,BOS,DAL,Boston Celtics,Dallas Mavericks,BOS vs. DAL,DAL @ BOS,1,last_avg_15pct_current_momentum_85pct_plus_elo,0.85,0.15,20,0.45638829268292685,0.4732575609756098,-0.016869268292682926,0.36076597560975615,0.3210126829268292,0.03975329268292693,0.8146392682926828,0.7286531707317073,0.08598609756097553,109.66524390243902,110.62926829268292,-0.9640243902439067,49.46756097560976,42.75231707317073,6.715243902439028,27.041951219512192,23.336585365853658,3.7053658536585345,12.829878048780486,15.195487804878049,-2.3656097560975624,7.996463414634146,-8.339268292682927,16.335731707317073,7.996463414634146,-8.339268292682927,16.335731707317073,0.7,0.2,0.49999999999999994,1637.9438937331397,1373.4558205835474,264.4880731495923
statline_pregame_svm,2025-26,22500909,2026-03-06,1610612766,1610612748,CHA,MIA,Charlotte Hornets,Miami Heat,CHA vs. MIA,MIA @ CHA,0,last_avg_15pct_current_momentum_85pct_plus_elo,0.85,0.15,20,0.4500326829268292,0.4732067073170732,-0.02317402439024402,0.39806109756097563,0.36299621951219513,0.0350648780487805,0.8157639024390243,0.7865239024390243,0.029240000000000044,114.78963414634146,121.05463414634147,-6.265000000000015,46.89926829268293,49.68853658536585,-2.7892682926829195,26.512560975609755,28.27219512195122,-1.7596341463414653,14.989999999999998,13.51280487804878,1.477195121951219,9.938536585365853,10.284146341463414,-0.34560975609756106,9.938536585365853,10.284146341463414,-0.34560975609756106,0.7,0.7,0.0,1520.8680177403344,1509.6520645015885,11.215953238745897
statline_pregame_svm,2025-26,22500910,2026-03-06,1610612745,1610612757,HOU,POR,Houston Rockets,Portland Trail Blazers,HOU vs. POR,POR @ HOU,1,last_avg_15pct_current_momentum_85pct_plus_elo,0.85,0.15,20,0.48544829268292683,0.45246243902439026,0.03298585365853657,0.374860487804878,0.33139609756097566,0.04346439024390236,0.8032025609756097,0.7148786585365854,0.08832390243902433,112.51390243902439,112.85353658536584,-0.33963414634145295,46.794512195121946,45.390243902439025,1.4042682926829215,24.49621951219512,25.755731707317075,-1.2595121951219568,16.788536585365854,17.94951219512195,-1.1609756097560968,5.351829268292683,-6.0563414634146335,11.408170731707315,5.351829268292683,-6.0563414634146335,11.408170731707315,0.6,0.5,0.09999999999999998,1577.375231081864,1499.301939304079,78.07329177778502
statline_pregame_svm,2025-26,22500911,2026-03-06,1610612743,1610612752,DEN,NYK,Denver Nuggets,New York Knicks,DEN vs. NYK,NYK @ DEN,0,last_avg_15pct_current_momentum_85pct_plus_elo,0.85,0.15,20,0.48791890243902436,0.48142560975609755,0.00649329268292681,0.37387963414634146,0.35115975609756095,0.022719878048780506,0.7886517073170731,0.7531039024390244,0.03554780487804876,120.70841463414634,114.43707317073171,6.271341463414629,46.72658536585365,44.3919512195122,2.3346341463414504,28.194999999999997,28.688170731707316,-0.49317073170731973,15.143414634146342,13.720243902439025,1.4231707317073177,5.683536585365854,8.349634146341463,-2.6660975609756097,5.683536585365854,8.349634146341463,-2.6660975609756097,0.5,0.6,-0.09999999999999998,1567.7768691183096,1603.1249714737428,-35.348102355433184
statline_pregame_svm,2025-26,22500912,2026-03-06,1610612756,1610612740,PHX,NOP,Phoenix Suns,New Orleans Pelicans,PHX vs. NOP,NOP @ PHX,1,last_avg_15pct_current_momentum_85pct_plus_elo,0.85,0.15,20,0.4201360975609756,0.476719512195122,-0.0565834146341464,0.32806560975609755,0.33996304878048783,-0.011897439024390277,0.7539053658536585,0.7851874390243901,-0.03128207317073162,104.33829268292683,117.02939024390243,-12.691097560975592,45.47317073170732,45.30146341463414,0.171707317073178,23.970243902439023,26.91121951219512,-2.940975609756098,13.924146341463414,15.541951219512194,-1.61780487804878,-6.1450000000000005,-0.22402439024390253,-5.920975609756098,-6.1450000000000005,-0.22402439024390253,-5.920975609756098,0.4,0.6,-0.19999999999999996,1530.1289253569403,1386.0292701830024,144.0996551739379
statline_pregame_svm,2025-26,22500913,2026-03-06,1610612759,1610612746,SAS,LAC,San Antonio Spurs,Los Angeles Clippers,SAS vs. LAC,LAC @ SAS,1,last_avg_15pct_current_momentum_85pct_plus_elo,0.85,0.15,20,0.4925382926829268,0.4873496341463415,0.005188658536585289,0.36726219512195124,0.34414524390243906,0.023116951219512183,0.7718413414634147,0.813911219512195,-0.042069878048780374,120.1940243902439,112.98170731707316,7.212317073170738,45.56560975609756,42.353902439024395,3.211707317073163,30.81512195121951,23.83560975609756,6.9795121951219485,13.89670731707317,13.366707317073171,0.5299999999999994,11.911585365853657,5.883780487804877,6.02780487804878,11.911585365853657,5.883780487804877,6.02780487804878,0.9,0.6,0.30000000000000004,1653.70529668949,1558.1629169696284,95.54237971986163
statline_pregame_svm,2025-26,22500914,2026-03-06,1610612747,1610612754,LAL,IND,Los Angeles Lakers,Indiana Pacers,LAL vs. IND,IND @ LAL,1,last_avg_15pct_current_momentum_85pct_plus_elo,0.85,0.15,20,0.4933806097560976,0.46944719512195116,0.023933414634146444,0.3897020731707317,0.36102256097560975,0.028679512195121937,0.7621134146341464,0.7762537804878049,-0.01414036585365852,114.33353658536586,114.9298780487805,-0.5963414634146318,39.599024390243905,40.35939024390244,-0.7603658536585343,27.103170731707316,28.69658536585366,-1.5934146341463453,12.974512195121951,15.919268292682924,-2.9447560975609726,2.1379268292682925,-9.950243902439025,12.088170731707319,2.1379268292682925,-9.950243902439025,12.088170731707319,0.5,0.2,0.3,1551.1341214918205,1359.4369566319817,191.69716485983872
statline_pregame_svm,2025-26,22500915,2026-03-07,1610612750,1610612753,MIN,ORL,Minnesota Timberwolves,Orlando Magic,MIN vs. ORL,ORL @ MIN,0,last_avg_15pct_current_momentum_85pct_plus_elo,0.85,0.15,20,0.49710219512195125,0.4577893902439024,0.039312804878048835,0.3638341463414634,0.35009146341463415,0.01374268292682923,0.7200787804878048,0.8010047560975608,-0.080925975609756,116.08390243902438,111.7790243902439,4.3048780487804805,43.53756097560976,42.31621951219512,1.221341463414639,25.50829268292683,26.401829268292683,-0.8935365853658546,16.194512195121952,12.41609756097561,3.7784146341463423,4.49,3.976707317073171,0.5132926829268292,4.49,3.976707317073171,0.5132926829268292,0.8,0.6,0.20000000000000007,1607.3617606978326,1515.7344994400428,91.62726125778977
statline_pregame_svm,2025-26,22500916,2026-03-07,1610612765,1610612751,DET,BKN,Detroit Pistons,Brooklyn Nets,DET vs. BKN,BKN @ DET,0,last_avg_15pct_current_momentum_85pct_plus_elo,0.85,0.15,20,0.4685201219512195,0.4390529268292682,0.029467195121951284,0.3245790243902439,0.3366130487804878,-0.012034024390243925,0.7693025609756097,0.7541687804878049,0.015133780487804782,114.65,103.23146341463415,11.418536585365857,48.27841463414634,38.41073170731707,9.867682926829268,25.805365853658536,26.128780487804878,-0.3234146341463422,14.299878048780485,15.62060975609756,-1.3207317073170746,4.535365853658536,-15.601463414634146,20.136829268292683,4.535365853658536,-15.601463414634146,20.136829268292683,0.7,0.0,0.7,1651.9482266343302,1293.7515058457277,358.19672078860253
statline_pregame_svm,2025-26,22500917,2026-03-07,1610612737,1610612755,ATL,PHI,Atlanta Hawks,Philadelphia 76ers,ATL vs. PHI,PHI @ ATL,1,last_avg_15pct_current_momentum_85pct_plus_elo,0.85,0.15,20,0.45983329268292694,0.4406167073170732,0.019216585365853744,0.35913414634146346,0.32906707317073175,0.030067073170731706,0.7796675609756097,0.8039309756097561,-0.024263414634146385,118.19743902439023,111.13146341463414,7.065975609756094,47.30499999999999,41.32890243902439,5.976097560975603,28.91780487804878,22.687439024390244,6.230365853658537,13.973658536585365,13.263292682926828,0.7103658536585371,5.014878048780488,-8.414756097560977,13.429634146341463,5.014878048780488,-8.414756097560977,13.429634146341463,0.6,0.4,0.19999999999999996,1506.0415692538572,1487.8572125929309,18.18435666092637
statline_pregame_svm,2025-26,22500918,2026-03-07,1610612763,1610612746,MEM,LAC,Memphis Grizzlies,Los Angeles Clippers,MEM vs. LAC,LAC @ MEM,0,last_avg_15pct_current_momentum_85pct_plus_elo,0.85,0.15,20,0.4818315853658537,0.48522463414634154,-0.0033930487804878506,0.3792490243902439,0.330970243902439,0.04827878048780487,0.7863485365853659,0.8121262195121951,-0.02577768292682925,117.7910975609756,112.72670731707316,5.064390243902437,38.62341463414634,42.69390243902439,-4.070487804878049,29.08219512195122,23.58060975609756,5.501585365853661,14.760609756097562,12.94170731707317,1.8189024390243915,-1.056951219512195,3.928780487804878,-4.985731707317073,-1.056951219512195,3.928780487804878,-4.985731707317073,0.3,0.5,-0.2,1401.3752989001307,1550.8455645153963,-149.4702656152656
statline_pregame_svm,2025-26,22500919,2026-03-07,1610612749,1610612762,MIL,UTA,Milwaukee Bucks,Utah Jazz,MIL vs. UTA,UTA @ MIL,1,last_avg_15pct_current_momentum_85pct_plus_elo,0.85,0.15,20,0.4690514634146342,0.4587419512195121,0.010309512195122106,0.37113707317073175,0.33683353658536586,0.03430353658536589,0.7673660975609755,0.7865901219512195,-0.019224024390243954,110.3168292682927,114.19353658536585,-3.876707317073155,42.374878048780495,43.36219512195122,-0.9873170731707219,24.308170731707317,26.863658536585366,-2.555487804878048,14.841707317073169,14.992926829268292,-0.15121951219512297,-5.2386585365853655,-4.036219512195122,-1.2024390243902436,-5.2386585365853655,-4.036219512195122,-1.2024390243902436,0.5,0.3,0.2,1470.3116620573471,1320.9897336152842,149.32192844206293
statline_pregame_svm,2025-26,22500920,2026-03-07,1610612760,1610612744,OKC,GSW,Oklahoma City Thunder,Golden State Warriors,OKC vs. GSW,GSW @ OKC,1,last_avg_15pct_current_momentum_85pct_plus_elo,0.85,0.15,20,0.4585509756097561,0.4618828048780488,-0.0033318292682926742,0.35924195121951213,0.34073731707317073,0.018504634146341403,0.8191773170731708,0.7468101219512195,0.07236719512195122,114.38,112.5239024390244,1.8560975609755985,45.13707317073171,43.78170731707317,1.3553658536585402,25.533048780487803,31.13963414634146,-5.6065853658536575,13.487926829268293,15.367317073170732,-1.8793902439024386,7.709878048780487,-2.904268292682927,10.614146341463414,7.709878048780487,-2.904268292682927,10.614146341463414,0.8,0.4,0.4,1703.955785351204,1521.73638063905,182.21940471215407
statline_pregame_svm,2025-26,22500921,2026-03-08,1610612739,1610612738,CLE,BOS,Cleveland Cavaliers,Boston Celtics,CLE vs. BOS,BOS @ CLE,0,last_avg_15pct_current_momentum_85pct_plus_elo,0.85,0.15,20,0.4841826829268292,0.4653132926829268,0.018869390243902384,0.38060646341463417,0.3745359756097561,0.006070487804878066,0.762524756097561,0.7920292682926829,-0.029504512195121957,117.14585365853657,112.30024390243902,4.845609756097545,43.78536585365854,50.657560975609755,-6.872195121951215,27.079634146341462,27.636951219512195,-0.5573170731707329,14.134268292682927,12.829878048780486,1.304390243902441,7.380487804878049,11.566463414634146,-4.185975609756097,7.380487804878049,11.566463414634146,-4.185975609756097,0.7,0.8,-0.10000000000000009,1625.1070502772955,1641.5257209959543,-16.41867071865886
statline_pregame_svm,2025-26,22500922,2026-03-08,1610612747,1610612752,LAL,NYK,Los Angeles Lakers,New York Knicks,LAL vs. NYK,NYK @ LAL,1,last_avg_15pct_current_momentum_85pct_plus_elo,0.85,0.15,20,0.4973756097560975,0.4881406097560975,0.009234999999999993,0.3913170731707317,0.365354756097561,0.025962317073170704,0.7759684146341463,0.7548889024390243,0.021079512195122052,116.03353658536585,115.11707317073171,0.916463414634137,40.364024390243905,44.7319512195122,-4.367926829268292,27.273170731707317,29.62317073170732,-2.3500000000000014,12.54951219512195,13.635243902439024,-1.0857317073170734,5.452926829268292,11.919634146341464,-6.466707317073172,5.452926829268292,11.919634146341464,-6.466707317073172,0.6,0.7,-0.09999999999999998,1556.1158240124757,1612.1110672108423,-55.99524319836655
statline_pregame_svm,2025-26,22500923,2026-03-08,1610612748,1610612765,MIA,DET,Miami Heat,Detroit Pistons,MIA vs. DET,DET @ MIA,1,last_avg_15pct_current_momentum_85pct_plus_elo,0.85,0.15,20,0.4726117073170732,0.46452512195121953,0.00808658536585366,0.3652912195121951,0.3403040243902439,0.024987195121951244,0.7808289024390244,0.7625875609756098,0.018241341463414606,120.71463414634147,114.225,6.489634146341473,48.32853658536585,47.93841463414634,0.39012195121951265,28.017195121951218,25.890365853658537,2.1268292682926813,12.66280487804878,14.639878048780488,-1.9770731707317086,8.329146341463414,3.8553658536585362,4.473780487804877,8.329146341463414,3.8553658536585362,4.473780487804877,0.7,0.6,0.09999999999999998,1519.974773491457,1634.2052436538916,-114.23047016243459
statline_pregame_svm,2025-26,22500924,2026-03-08,1610612761,1610612742,TOR,DAL,Toronto Raptors,Dallas Mavericks,TOR vs. DAL,DAL @ TOR,1,last_avg_15pct_current_momentum_85pct_plus_elo,0.85,0.15,20,0.47618926829268293,0.46713756097560977,0.009051707317073165,0.36611707317073167,0.33571768292682924,0.030399390243902424,0.7883809756097561,0.7376631707317073,0.05071780487804878,111.99987804878049,109.69426829268292,2.3056097560975672,40.93829268292683,43.007317073170725,-2.0690243902438965,26.97548780487805,23.761585365853655,3.2139024390243947,13.519390243902437,14.685487804878049,-1.1660975609756115,1.5660975609756096,-9.274268292682926,10.840365853658536,1.5660975609756096,-9.274268292682926,10.840365853658536,0.5,0.2,0.3,1513.0510108569301,1369.8739933207328,143.17701753619735
statline_pregame_svm,2025-26,22500925,2026-03-08,1610612740,1610612764,NOP,WAS,New Orleans Pelicans,Washington Wizards,NOP vs. WAS,WAS @ NOP,1,last_avg_15pct_current_momentum_85pct_plus_elo,0.85,0.15,20,0.46872951219512193,0.46417646341463414,0.0045530487804877895,0.3354580487804878,0.3470213414634146,-0.011563292682926829,0.8055874390243902,0.7674702439024389,0.03811719512195133,116.68939024390244,111.91,4.779390243902441,45.556463414634145,40.80926829268292,4.747195121951222,25.891219512195118,24.504634146341463,1.386585365853655,15.711951219512196,14.914146341463415,0.7978048780487814,-2.6040243902439024,-11.555853658536584,8.951829268292682,-2.6040243902439024,-11.555853658536584,8.951829268292682,0.5,0.2,0.3,1379.9542722901888,1307.7098533202086,72.24441896998019
statline_pregame_svm,2025-26,22500926,2026-03-08,1610612749,1610612753,MIL,ORL,Milwaukee Bucks,Orlando Magic,MIL vs. ORL,ORL @ MIL,0,last_avg_15pct_current_momentum_85pct_plus_elo,0.85,0.15,20,0.46913646341463416,0.4575343902439024,0.011602073170731753,0.3670570731707317,0.34431146341463414,0.022745609756097573,0.7309010975609755,0.796754756097561,-0.06585365853658542,110.06182926829268,111.8640243902439,-1.8021951219512147,42.45987804878049,43.506219512195116,-1.0463414634146275,25.243170731707316,26.486829268292684,-1.243658536585368,14.416707317073172,12.75609756097561,1.6606097560975623,-4.728658536585366,4.65670731707317,-9.385365853658536,-4.728658536585366,4.65670731707317,-9.385365853658536,0.5,0.6,-0.09999999999999998,1476.2602621449885,1528.3122577508695,-52.051995605881075
statline_pregame_svm,2025-26,22500927,2026-03-08,1610612759,1610612745,SAS,HOU,San Antonio Spurs,Houston Rockets,SAS vs. HOU,HOU @ SAS,1,last_avg_15pct_current_momentum_85pct_plus_elo,0.85,0.15,20,0.4856532926829268,0.4925032926829268,-0.006850000000000023,0.3690471951219512,0.35471548780487805,0.014331707317073172,0.7497413414634146,0.7897725609756098,-0.040031219512195126,118.49402439024391,112.85390243902438,5.640121951219527,46.16060975609756,46.794512195121946,-0.6339024390243893,30.390121951219513,24.83621951219512,5.553902439024391,13.89670731707317,17.12853658536585,-3.23182926829268,9.871585365853658,5.351829268292683,4.519756097560975,9.871585365853658,5.351829268292683,4.519756097560975,0.9,0.6,0.30000000000000004,1661.0226491437222,1585.1651760750715,75.85747306865073
statline_pregame_svm,2025-26,22500928,2026-03-08,1610612756,1610612766,PHX,CHA,Phoenix Suns,Charlotte Hornets,PHX vs. CHA,CHA @ PHX,1,last_avg_15pct_current_momentum_85pct_plus_elo,0.85,0.15,20,0.4240460975609756,0.4510526829268292,-0.027006585365853597,0.3370756097560975,0.3947460975609756,-0.0576704878048781,0.7414103658536586,0.8115139024390244,-0.07010353658536583,105.61329268292683,116.14963414634146,-10.53634146341463,45.55817073170732,47.66426829268293,-2.1060975609756056,24.395243902439024,26.682560975609757,-2.2873170731707333,14.009146341463415,14.309999999999999,-0.3008536585365835,-5.465000000000001,9.768536585365853,-15.233536585365854,-5.465000000000001,9.768536585365853,-15.233536585365854,0.5,0.7,-0.19999999999999996,1536.2039232497539,1510.545308750466,25.658614499287978
statline_pregame_svm,2025-26,22500929,2026-03-08,1610612757,1610612754,POR,IND,Portland Trail Blazers,Indiana Pacers,POR vs. IND,IND @ POR,1,last_avg_15pct_current_momentum_85pct_plus_elo,0.85,0.15,20,0.4450674390243903,0.4711471951219512,-0.026079756097560913,0.3229810975609756,0.34954756097560974,-0.026566463414634145,0.6985586585365853,0.7635887804878049,-0.0650301219512196,109.79353658536584,116.03487804878048,-6.241341463414642,44.71024390243903,40.35939024390244,4.350853658536593,24.395731707317072,29.29158536585366,-4.895853658536588,17.779512195121953,14.899268292682926,2.8802439024390267,-8.096341463414634,-9.355243902439025,1.258902439024391,-8.096341463414634,-9.355243902439025,1.258902439024391,0.4,0.2,0.2,1491.5119943108716,1354.4552541113264,137.05674019954517
statline_pregame_svm,2025-26,22500930,2026-03-08,1610612758,1610612741,SAC,CHI,Sacramento Kings,Chicago Bulls,SAC vs. CHI,CHI @ SAC,1,last_avg_15pct_current_momentum_85pct_plus_elo,0.85,0.15,20,0.4505341463414634,0.45444780487804876,-0.003913658536585374,0.2691208536585366,0.33984768292682926,-0.07072682926829266,0.7958092682926828,0.7599989024390243,0.03581036585365849,109.41475609756097,108.96073170731708,0.4540243902438874,44.284268292682924,43.938048780487804,0.3462195121951197,26.32268292682927,25.694146341463416,0.628536585365854,13.387560975609757,18.09560975609756,-4.708048780487802,-14.038658536585366,-7.204146341463414,-6.8345121951219525,-14.038658536585366,-7.204146341463414,-6.8345121951219525,0.2,0.2,0.0,1323.5607437289807,1421.4114119293783,-97.85066820039765
statline_pregame_svm,2025-26,22500931,2026-03-09,1610612739,1610612755,CLE,PHI,Cleveland Cavaliers,Philadelphia 76ers,CLE vs. PHI,PHI @ CLE,1,last_avg_15pct_current_momentum_85pct_plus_elo,0.85,0.15,20,0.4790826829268292,0.4472467073170731,0.031835975609756095,0.37686646341463415,0.3305970731707317,0.04626939024390242,0.7536847560975609,0.787440975609756,-0.033756219512195096,115.36085365853657,110.96146341463414,4.399390243902431,44.040365853658535,41.583902439024385,2.4564634146341504,26.909634146341464,23.027439024390244,3.88219512195122,13.879268292682926,13.858292682926828,0.020975609756098024,6.275487804878049,-7.734756097560975,14.010243902439024,6.275487804878049,-7.734756097560975,14.010243902439024,0.6,0.4,0.19999999999999996,1615.5792661428584,1478.3801230592721,137.19914308358625
statline_pregame_svm,2025-26,22500932,2026-03-09,1610612751,1610612763,BKN,MEM,Brooklyn Nets,Memphis Grizzlies,BKN vs. MEM,MEM @ BKN,1,last_avg_15pct_current_momentum_85pct_plus_elo,0.85,0.15,20,0.4382879268292683,0.47987658536585354,-0.04158865853658522,0.3288780487804878,0.3842640243902439,-0.055385975609756055,0.7707437804878048,0.7898335365853657,-0.019089756097560917,102.97646341463414,118.3860975609756,-15.40963414634146,38.240731707317074,38.36841463414634,-0.12768292682926585,25.703780487804877,29.33719512195122,-3.633414634146341,15.87560975609756,14.505609756097563,1.3699999999999974,-15.006463414634144,-1.226951219512195,-13.77951219512195,-15.006463414634144,-1.226951219512195,-13.77951219512195,0.1,0.3,-0.19999999999999998,1311.4944888261664,1395.430266895308,-83.93577806914163
statline_pregame_svm,2025-26,22500933,2026-03-09,1610612760,1610612743,OKC,DEN,Oklahoma City Thunder,Denver Nuggets,OKC vs. DEN,DEN @ OKC,1,last_avg_15pct_current_momentum_85pct_plus_elo,0.85,0.15,20,0.44486597560975616,0.48783390243902436,-0.0429679268292682,0.3541419512195122,0.36325463414634146,-0.009112682926829263,0.8245323170731708,0.7801517073170732,0.04438060975609759,111.66,119.51841463414634,-7.858414634146342,45.56207317073171,45.45158536585365,0.11048780487805487,25.193048780487803,28.619999999999997,-3.426951219512194,13.997926829268293,15.228414634146342,-1.2304878048780488,6.009878048780488,2.5385365853658532,3.4713414634146345,6.009878048780488,2.5385365853658532,3.4713414634146345,0.8,0.5,0.30000000000000004,1709.1443624148524,1558.79077338121,150.35358903364227
statline_pregame_svm,2025-26,22500934,2026-03-09,1610612762,1610612744,UTA,GSW,Utah Jazz,Golden State Warriors,UTA vs. GSW,GSW @ UTA,1,last_avg_15pct_current_momentum_85pct_plus_elo,0.85,0.15,20,0.4519419512195121,0.46060780487804875,-0.00866585365853667,0.33402853658536585,0.34379731707317074,-0.009768780487804885,0.7858251219512195,0.7446851219512196,0.04113999999999984,112.83353658536585,112.35390243902438,0.4796341463414677,42.93719512195122,44.631707317073165,-1.6945121951219448,26.353658536585364,31.394634146341463,-5.040975609756099,14.992926829268292,15.367317073170732,-0.3743902439024396,-5.566219512195122,-2.9892682926829264,-2.5769512195121957,-5.566219512195122,-2.9892682926829264,-2.5769512195121957,0.2,0.4,-0.2,1315.0411335276428,1516.5478035754015,-201.5066700477587
statline_pregame_svm,2025-26,22500935,2026-03-09,1610612746,1610612752,LAC,NYK,Los Angeles Clippers,New York Knicks,LAC vs. NYK,NYK @ LAC,1,last_avg_15pct_current_momentum_85pct_plus_elo,0.85,0.15,20,0.4929596341463415,0.47964060975609757,0.013319024390243905,0.32825024390243907,0.34665475609756097,-0.018404512195121903,0.8265762195121952,0.7625389024390244,0.06403731707317073,115.10670731707316,111.6320731707317,3.474634146341458,42.60890243902439,44.3919512195122,-1.7830487804878103,22.815609756097558,28.093170731707318,-5.2775609756097595,13.28170731707317,13.975243902439024,-0.6935365853658535,4.7787804878048785,6.649634146341462,-1.8708536585365838,4.7787804878048785,6.649634146341462,-1.8708536585365838,0.6,0.6,0.0,1556.790596520219,1600.51320541957,-43.722608899351144
statline_pregame_svm,2025-26,22500936,2026-03-10,1610612755,1610612763,PHI,MEM,Philadelphia 76ers,Memphis Grizzlies,PHI vs. MEM,MEM @ PHI,1,last_avg_15pct_current_momentum_85pct_plus_elo,0.85,0.15,20,0.4543867073170732,0.4775815853658536,-0.0231948780487804,0.3391820731707317,0.3855390243902439,-0.04635695121951222,0.7752859756097561,0.7923835365853658,-0.01709756097560966,111.98146341463415,118.3010975609756,-6.319634146341457,41.92390243902439,38.96341463414634,2.960487804878049,23.36743902439024,29.08219512195122,-5.714756097560979,13.77329268292683,15.27060975609756,-1.4973170731707306,-4.759756097560976,-1.651951219512195,-3.1078048780487806,-4.759756097560976,-1.651951219512195,-3.1078048780487806,0.4,0.3,0.10000000000000003,1472.13581239993,1383.0603290123722,89.07548338755782
statline_pregame_svm,2025-26,22500937,2026-03-10,1610612751,1610612765,BKN,DET,Brooklyn Nets,Detroit Pistons,BKN vs. DET,DET @ BKN,0,last_avg_15pct_current_momentum_85pct_plus_elo,0.85,0.15,20,0.4559679268292683,0.4630801219512195,-0.007112195121951215,0.3483430487804878,0.3305290243902439,0.017814024390243877,0.7846837804878048,0.7721075609756096,0.01257621951219523,106.54646341463415,113.97,-7.423536585365852,38.83573170731707,47.25841463414634,-8.422682926829268,26.55378048780488,26.060365853658535,0.4934146341463439,16.55560975609756,14.299878048780485,2.255731707317075,-11.691463414634146,1.3903658536585366,-13.081829268292683,-11.691463414634146,1.3903658536585366,-13.081829268292683,0.2,0.5,-0.3,1323.8644267091022,1621.0309868972774,-297.16656018817525
statline_pregame_svm,2025-26,22500938,2026-03-10,1610612748,1610612764,MIA,WAS,Miami Heat,Washington Wizards,MIA vs. WAS,WAS @ MIA,1,last_avg_15pct_current_momentum_85pct_plus_elo,0.85,0.15,20,0.47635170731707316,0.46817146341463417,0.008180243902438988,0.3679262195121951,0.3494863414634146,0.0184398780487805,0.8010589024390244,0.7659402439024389,0.03511865853658558,121.56463414634146,112.335,9.229634146341468,48.83853658536585,40.89426829268292,7.944268292682928,28.612195121951217,24.589634146341464,4.022560975609753,12.49280487804878,15.084146341463414,-2.5913414634146346,9.604146341463414,-11.130853658536585,20.735,9.604146341463414,-11.130853658536585,20.735,0.8,0.2,0.6000000000000001,1533.149030248071,1299.7597554827848,233.38927476528625
statline_pregame_svm,2025-26,22500939,2026-03-10,1610612737,1610612742,ATL,DAL,Atlanta Hawks,Dallas Mavericks,ATL vs. DAL,DAL @ ATL,1,last_avg_15pct_current_momentum_85pct_plus_elo,0.85,0.15,20,0.46535829268292683,0.4589775609756097,0.006380731707317122,0.3523341463414634,0.32704768292682923,0.02528646341463414,0.7726975609756098,0.7453131707317072,0.0273843902439026,118.70743902439023,108.67426829268292,10.033170731707301,48.07,44.622317073170734,3.447682926829266,29.08780487804878,23.761585365853655,5.326219512195124,14.908658536585365,15.025487804878049,-0.11682926829268325,6.374878048780488,-10.124268292682926,16.499146341463415,6.374878048780488,-10.124268292682926,16.499146341463415,0.7,0.2,0.49999999999999994,1515.518658787516,1363.776507463086,151.74215132442987
statline_pregame_svm,2025-26,22500940,2026-03-10,1610612745,1610612761,HOU,TOR,Houston Rockets,Toronto Raptors,HOU vs. TOR,TOR @ HOU,1,last_avg_15pct_current_momentum_85pct_plus_elo,0.85,0.15,20,0.4942032926829268,0.4712592682926829,0.0229440243902439,0.35072048780487797,0.3547270731707317,-0.004006585365853743,0.7980175609756097,0.7782659756097561,0.01975158536585364,114.3839024390244,111.91487804878048,2.4690243902439164,46.11451219512195,41.53329268292683,4.581219512195119,24.83621951219512,27.31548780487805,-2.479268292682928,16.363536585365853,13.17939024390244,3.184146341463414,3.4818292682926826,2.7560975609756095,0.725731707317073,3.4818292682926826,2.7560975609756095,0.725731707317073,0.6,0.5,0.09999999999999998,1577.314484952779,1519.1484967145768,58.16598823820209
statline_pregame_svm,2025-26,22500941,2026-03-10,1610612749,1610612756,MIL,PHX,Milwaukee Bucks,Phoenix Suns,MIL vs. PHX,PHX @ MIL,0,last_avg_15pct_current_momentum_85pct_plus_elo,0.85,0.15,20,0.4662464634146341,0.4220060975609756,0.04424036585365848,0.3577070731707317,0.3430256097560976,0.01468146341463411,0.7094810975609757,0.7599403658536585,-0.05045926829268288,108.44682926829269,104.84829268292683,3.5985365853658635,41.35487804878049,44.79317073170732,-3.4382926829268285,24.988170731707317,23.715243902439024,1.2729268292682931,14.92670731707317,13.499146341463415,1.4275609756097545,-9.488658536585366,-5.21,-4.2786585365853655,-9.488658536585366,-5.21,-4.2786585365853655,0.4,0.5,-0.09999999999999998,1467.7473297101335,1545.466748663696,-77.71941895356258
statline_pregame_svm,2025-26,22500942,2026-03-10,1610612759,1610612738,SAS,BOS,San Antonio Spurs,Boston Celtics,SAS vs. BOS,BOS @ SAS,1,last_avg_15pct_current_momentum_85pct_plus_elo,0.85,0.15,20,0.4928782926829268,0.45885329268292685,0.03402499999999997,0.3919121951219512,0.3741109756097561,0.0178012195121951,0.7461713414634147,0.8170192682926829,-0.07084792682926822,120.10902439024389,111.02524390243902,9.083780487804873,45.14060975609756,50.742560975609756,-5.601951219512195,30.645121951219508,27.296951219512195,3.348170731707313,13.72670731707317,12.659878048780488,1.0668292682926825,10.891585365853658,10.886463414634147,0.0051219512195110894,10.891585365853658,10.886463414634147,0.0051219512195110894,0.9,0.8,0.09999999999999998,1668.8733402660148,1651.0535051303914,17.819835135623407
statline_pregame_svm,2025-26,22500943,2026-03-10,1610612744,1610612741,GSW,CHI,Golden State Warriors,Chicago Bulls,GSW vs. CHI,CHI @ GSW,0,last_avg_15pct_current_momentum_85pct_plus_elo,0.85,0.15,20,0.4524478048780488,0.45249280487804877,-4.499999999996174e-05,0.34167231707317075,0.34834768292682927,-0.006675365853658521,0.7343151219512196,0.7510739024390243,-0.01675878048780466,112.5239024390244,108.53573170731708,3.9881707317073136,45.14170731707317,44.788048780487806,0.35365853658536395,31.56463414634146,26.289146341463415,5.275487804878047,14.262317073170733,17.75560975609756,-3.4932926829268265,-3.3292682926829267,-7.884146341463414,4.554878048780488,-3.3292682926829267,-7.884146341463414,4.554878048780488,0.3,0.2,0.09999999999999998,1501.3212741602892,1408.6672183664627,92.6540557938265
statline_pregame_svm,2025-26,22500944,2026-03-10,1610612757,1610612766,POR,CHA,Portland Trail Blazers,Charlotte Hornets,POR vs. CHA,CHA @ POR,0,last_avg_15pct_current_momentum_85pct_plus_elo,0.85,0.15,20,0.45178243902439025,0.4548776829268292,-0.0030952439024389267,0.3238310975609756,0.39134609756097566,-0.06751500000000005,0.6987286585365853,0.7949389024390244,-0.09621024390243915,111.66353658536585,115.21463414634147,-3.55109756097562,44.96524390243903,46.89926829268293,-1.9340243902439056,24.905731707317074,26.937560975609756,-2.0318292682926824,16.75951219512195,14.055,2.70451219512195,-4.356341463414634,8.493536585365852,-12.849878048780486,-4.356341463414634,8.493536585365852,-12.849878048780486,0.5,0.6,-0.09999999999999998,1497.7598260687657,1501.2824833365237,-3.5226572677579497
statline_pregame_svm,2025-26,22500945,2026-03-10,1610612758,1610612754,SAC,IND,Sacramento Kings,Indiana Pacers,SAC vs. IND,IND @ SAC,1,last_avg_15pct_current_momentum_85pct_plus_elo,0.85,0.15,20,0.45427414634146346,0.46409219512195116,-0.009818048780487698,0.2903708536585366,0.34385256097560973,-0.053481707317073135,0.8167192682926829,0.7545787804878049,0.06214048780487802,112.13475609756097,113.82487804878048,-1.6901219512195098,44.70926829268292,39.93439024390244,4.774878048780479,27.512682926829267,29.036585365853657,-1.5239024390243898,12.282560975609757,14.984268292682927,-2.7017073170731702,-10.468658536585364,-11.310243902439025,0.8415853658536605,-10.468658536585364,-11.310243902439025,0.8415853658536605,0.3,0.1,0.19999999999999998,1336.3049372918963,1348.2074223534323,-11.902485061536026
statline_pregame_svm,2025-26,22500946,2026-03-10,1610612747,1610612750,LAL,MIN,Los Angeles Lakers,Minnesota Timberwolves,LAL vs. MIN,MIN @ LAL,1,last_avg_15pct_current_momentum_85pct_plus_elo,0.85,0.15,20,0.48666560975609763,0.4895371951219512,-0.0028715853658535795,0.39284707317073175,0.3623891463414634,0.030457926829268345,0.7739284146341464,0.7290887804878048,0.04483963414634162,114.84353658536585,115.74390243902438,-0.9003658536585277,40.194024390243904,43.197560975609754,-3.0035365853658504,25.998170731707315,25.50829268292683,0.48987804878048635,12.63451219512195,15.429512195121951,-2.7950000000000017,4.857926829268292,3.81,1.0479268292682922,4.857926829268292,3.81,1.0479268292682922,0.6,0.8,-0.20000000000000007,1567.713685803748,1594.7840023870058,-27.070316583257863
statline_pregame_svm,2025-26,22500947,2026-03-11,1610612753,1610612739,ORL,CLE,Orlando Magic,Cleveland Cavaliers,ORL vs. CLE,CLE @ ORL,1,last_avg_15pct_current_momentum_85pct_plus_elo,0.85,0.15,20,0.4690943902439024,0.47143268292682916,-0.0023382926829267348,0.34414146341463414,0.37202146341463416,-0.027880000000000016,0.787064756097561,0.7583597560975609,0.02870500000000009,113.7340243902439,113.40585365853659,0.32817073170731703,45.12121951219512,43.190365853658534,1.9308536585365843,26.486829268292684,26.739634146341462,-0.25280487804877794,13.26609756097561,12.944268292682926,0.3218292682926833,8.651707317073171,5.340487804878048,3.311219512195123,8.651707317073171,5.340487804878048,3.311219512195123,0.7,0.6,0.09999999999999998,1536.8251901857245,1621.8235768022005,-84.99838661647595
statline_pregame_svm,2025-26,22500948,2026-03-11,1610612740,1610612761,NOP,TOR,New Orleans Pelicans,Toronto Raptors,NOP vs. TOR,TOR @ NOP,1,last_avg_15pct_current_momentum_85pct_plus_elo,0.85,0.15,20,0.474764512195122,0.46802926829268293,0.00673524390243907,0.3311230487804878,0.3447820731707317,-0.013659024390243857,0.8009124390243902,0.7855759756097561,0.015336463414634127,118.98439024390242,109.95987804878048,9.024512195121943,45.38646341463414,39.49329268292683,5.893170731707315,25.72121951219512,26.63548780487805,-0.9142682926829302,15.286951219512195,13.17939024390244,2.107560975609756,0.11597560975609755,0.03609756097560979,0.07987804878048776,0.11597560975609755,0.03609756097560979,0.07987804878048776,0.6,0.4,0.19999999999999996,1387.9043701276125,1510.8071808663833,-122.90281073877077
statline_pregame_svm,2025-26,22500949,2026-03-11,1610612762,1610612752,UTA,NYK,Utah Jazz,New York Knicks,UTA vs. NYK,NYK @ UTA,0,last_avg_15pct_current_momentum_85pct_plus_elo,0.85,0.15,20,0.4464169512195122,0.4830406097560975,-0.036623658536585335,0.3296085365853659,0.356939756097561,-0.027331219512195137,0.7865051219512195,0.7625389024390244,0.02396621951219502,112.66353658536585,112.2270731707317,0.4364634146341473,42.76719512195122,45.4969512195122,-2.72975609756098,25.928658536585363,28.773170731707317,-2.844512195121954,14.907926829268291,14.655243902439024,0.25268292682926763,-7.691219512195122,7.244634146341463,-14.935853658536585,-7.691219512195122,7.244634146341463,-14.935853658536585,0.2,0.6,-0.39999999999999997,1330.2676629427551,1589.2613689119398,-258.9937059691847
statline_pregame_svm,2025-26,22500950,2026-03-11,1610612743,1610612745,DEN,HOU,Denver Nuggets,Houston Rockets,DEN vs. HOU,HOU @ DEN,1,last_avg_15pct_current_momentum_85pct_plus_elo,0.85,0.15,20,0.48171390243902434,0.49471329268292685,-0.012999390243902509,0.35900463414634143,0.36228048780487804,-0.0032758536585366094,0.7725867073170731,0.7856925609756098,-0.01310585365853667,119.85841463414634,115.06390243902439,4.794512195121953,46.301585365853654,47.21951219512194,-0.9179268292682892,28.619999999999997,25.00621951219512,3.6137804878048776,14.633414634146341,16.958536585365852,-2.3251219512195114,1.7735365853658536,4.331829268292683,-2.5582926829268295,1.7735365853658536,4.331829268292683,-2.5582926829268295,0.4,0.6,-0.19999999999999996,1552.866963120274,1585.6558008009724,-32.78883768069841
statline_pregame_svm,2025-26,22500951,2026-03-11,1610612758,1610612766,SAC,CHA,Sacramento Kings,Charlotte Hornets,SAC vs. CHA,CHA @ SAC,0,last_avg_15pct_current_momentum_85pct_plus_elo,0.85,0.15,20,0.4637941463414634,0.4512226829268292,0.012571463414634165,0.3021008536585366,0.3943210975609756,-0.09222024390243899,0.8171442682926828,0.7955339024390244,0.021610365853658386,113.91975609756096,115.38463414634147,-1.4648780487805055,45.55926829268293,47.409268292682924,-1.8499999999999943,27.34268292682927,26.597560975609756,0.7451219512195131,12.112560975609757,14.139999999999999,-2.027439024390242,-7.663658536585365,9.003536585365852,-16.667195121951217,-7.663658536585365,9.003536585365852,-16.667195121951217,0.4,0.7,-0.29999999999999993,1346.6473843934405,1511.1810965842726,-164.53371219083215
statline_pregame_svm,2025-26,22500952,2026-03-11,1610612746,1610612750,LAC,MIN,Los Angeles Clippers,Minnesota Timberwolves,LAC vs. MIN,MIN @ LAC,1,last_avg_15pct_current_momentum_85pct_plus_elo,0.85,0.15,20,0.49244963414634146,0.4780621951219512,0.01438743902439027,0.3341152439024391,0.35125414634146335,-0.017138902439024273,0.8265762195121952,0.7473637804878048,0.07921243902439035,116.89170731707316,113.02390243902438,3.867804878048773,42.94890243902439,43.367560975609756,-0.4186585365853688,23.15560975609756,24.318292682926828,-1.162682926829266,13.026707317073171,15.089512195121952,-2.06280487804878,5.2037804878048775,0.75,4.4537804878048775,5.2037804878048775,0.75,4.4537804878048775,0.6,0.7,-0.09999999999999998,1568.0424330278493,1584.006428877035,-15.963995849185721
statline_pregame_svm,2025-26,22500953,2026-03-12,1610612765,1610612755,DET,PHI,Detroit Pistons,Philadelphia 76ers,DET vs. PHI,PHI @ DET,1,last_avg_15pct_current_momentum_85pct_plus_elo,0.85,0.15,20,0.4672451219512195,0.4662017073170732,0.0010434146341462558,0.3375840243902439,0.3410520731707317,-0.0034680487804878424,0.7648825609756097,0.776560975609756,-0.011678414634146317,114.99000000000001,114.70146341463413,0.28853658536587545,46.91841463414634,41.41390243902439,5.504512195121947,26.570365853658537,24.21743902439024,2.352926829268295,13.789878048780487,13.348292682926829,0.4415853658536584,3.3453658536585364,-3.0597560975609754,6.4051219512195114,3.3453658536585364,-3.0597560975609754,6.4051219512195114,0.5,0.5,0.0,1624.0926318837637,1479.6267486093298,144.46588327443396
statline_pregame_svm,2025-26,22500954,2026-03-12,1610612754,1610612756,IND,PHX,Indiana Pacers,Phoenix Suns,IND vs. PHX,PHX @ IND,0,last_avg_15pct_current_momentum_85pct_plus_elo,0.85,0.15,20,0.4572921951219513,0.42812609756097564,0.029166097560975657,0.33917756097560975,0.3527156097560975,-0.013538048780487755,0.7711537804878049,0.7771953658536584,-0.00604158536585353,113.31487804878049,106.54829268292683,6.766585365853658,40.44439024390244,44.45317073170732,-4.008780487804877,29.036585365853657,24.310243902439023,4.726341463414634,15.239268292682926,13.499146341463415,1.7401219512195105,-12.160243902439024,-1.64,-10.520243902439024,-12.160243902439024,-1.64,-10.520243902439024,0.0,0.6,-0.6,1337.8649752518882,1553.2663836294346,-215.40140837754643
statline_pregame_svm,2025-26,22500955,2026-03-12,1610612753,1610612764,ORL,WAS,Orlando Magic,Washington Wizards,ORL vs. WAS,WAS @ ORL,1,last_avg_15pct_current_momentum_85pct_plus_elo,0.85,0.15,20,0.47062439024390246,0.47480146341463414,-0.004177073170731682,0.32739646341463413,0.3596863414634146,-0.032289878048780474,0.781369756097561,0.766705243902439,0.014664512195121993,113.47902439024391,113.78,-0.30097560975609383,45.20621951219512,39.95926829268292,5.246951219512198,26.57182926829268,24.164634146341463,2.4071951219512187,12.92609756097561,16.274146341463414,-3.3480487804878045,6.01670731707317,-13.510853658536584,19.527560975609752,6.01670731707317,-13.510853658536584,19.527560975609752,0.7,0.1,0.6,1549.2239736018082,1295.621043046792,253.6029305550162
statline_pregame_svm,2025-26,22500956,2026-03-12,1610612737,1610612751,ATL,BKN,Atlanta Hawks,Brooklyn Nets,ATL vs. BKN,BKN @ ATL,1,last_avg_15pct_current_momentum_85pct_plus_elo,0.85,0.15,20,0.4748782926829268,0.4604729268292683,0.01440536585365848,0.3589641463414634,0.36287804878048774,-0.0039139024390243415,0.7625825609756097,0.7885087804878048,-0.025926219512195092,119.38743902439023,107.73646341463414,11.650975609756088,47.9,38.07073170731707,9.829268292682926,29.85280487804878,26.893780487804875,2.959024390243904,14.143658536585365,16.385609756097562,-2.241951219512197,9.264878048780487,-13.306463414634147,22.571341463414633,9.264878048780487,-13.306463414634147,22.571341463414633,0.8,0.2,0.6000000000000001,1521.4091978777692,1320.802781722616,200.60641615515328
statline_pregame_svm,2025-26,22500957,2026-03-12,1610612748,1610612749,MIA,MIL,Miami Heat,Milwaukee Bucks,MIA vs. MIL,MIL @ MIA,1,last_avg_15pct_current_momentum_85pct_plus_elo,0.85,0.15,20,0.48383170731707315,0.4589364634146341,0.024895243902439024,0.3682662195121951,0.3580470731707317,0.010219146341463425,0.8043739024390243,0.7028510975609756,0.10152280487804866,123.85963414634146,106.32182926829269,17.537804878048775,48.15853658536585,41.524878048780494,6.633658536585358,29.12219512195122,24.818170731707315,4.304024390243903,13.257804878048779,15.096707317073172,-1.8389024390243929,10.369146341463415,-12.548658536585366,22.91780487804878,10.369146341463415,-12.548658536585366,22.91780487804878,0.8,0.3,0.5,1537.287742684064,1459.947694744395,77.34004793966892
statline_pregame_svm,2025-26,22500958,2026-03-12,1610612759,1610612743,SAS,DEN,San Antonio Spurs,Denver Nuggets,SAS vs. DEN,DEN @ SAS,0,last_avg_15pct_current_momentum_85pct_plus_elo,0.85,0.15,20,0.4929632926829268,0.4901289024390244,0.0028343902439024182,0.39828719512195115,0.3765146341463415,0.021772560975609645,0.7274713414634146,0.7713117073170732,-0.04384036585365858,120.44902439024389,121.13341463414633,-0.6843902439024419,44.630609756097556,46.04658536585366,-1.415975609756103,30.390121951219513,29.214999999999996,1.1751219512195163,13.72670731707317,14.038414634146342,-0.31170731707317145,9.361585365853658,4.918536585365853,4.443048780487805,9.361585365853658,4.918536585365853,4.443048780487805,0.9,0.5,0.4,1678.360893454559,1563.80790989745,114.55298355710897
statline_pregame_svm,2025-26,22500959,2026-03-12,1610612760,1610612738,OKC,BOS,Oklahoma City Thunder,Boston Celtics,OKC vs. BOS,BOS @ OKC,1,last_avg_15pct_current_momentum_85pct_plus_elo,0.85,0.15,20,0.45608597560975606,0.4551132926829268,0.0009726829268292825,0.3601769512195122,0.3696909756097561,-0.009514024390243903,0.8213023170731706,0.809199268292683,0.012103048780487624,114.72,110.60024390243902,4.11975609756098,44.71207317073171,49.297560975609755,-4.585487804878042,25.618048780487804,26.531951219512194,-0.9139024390243904,12.892926829268292,12.234878048780487,0.658048780487805,7.709878048780487,9.186463414634146,-1.4765853658536585,7.709878048780487,9.186463414634146,-1.4765853658536585,0.9,0.7,0.20000000000000007,1715.0681726757884,1641.5659519418473,73.50222073394116
statline_pregame_svm,2025-26,22500960,2026-03-12,1610612747,1610612741,LAL,CHI,Los Angeles Lakers,Chicago Bulls,LAL vs. CHI,CHI @ LAL,1,last_avg_15pct_current_momentum_85pct_plus_elo,0.85,0.15,20,0.4837756097560976,0.45121780487804874,0.03255780487804888,0.3708320731707317,0.34715768292682925,0.023674390243902443,0.7680634146341463,0.7499689024390244,0.018094512195121926,114.41853658536584,110.66073170731708,3.757804878048759,41.4690243902439,47.3380487804878,-5.869024390243901,25.998170731707315,27.054146341463415,-1.0559756097561,12.20951219512195,17.84060975609756,-5.6310975609756095,5.792926829268292,-5.759146341463414,11.552073170731706,5.792926829268292,-5.759146341463414,11.552073170731706,0.6,0.3,0.3,1578.4912593137187,1421.272545333461,157.2187139802577
statline_pregame_svm,2025-26,22501111,2026-03-12,1610612763,1610612742,MEM,DAL,Memphis Grizzlies,Dallas Mavericks,MEM vs. DAL,DAL @ MEM,0,last_avg_15pct_current_momentum_85pct_plus_elo,0.85,0.15,20,0.4780915853658536,0.4635675609756097,0.014524024390243917,0.3881740243902439,0.33435768292682927,0.05381634146341463,0.8030935365853659,0.7494781707317073,0.05361536585365856,118.8110975609756,108.75926829268292,10.051829268292678,38.87841463414634,44.45231707317073,-5.573902439024394,28.827195121951217,24.356585365853658,4.470609756097559,15.525609756097559,15.195487804878049,0.3301219512195104,-3.2669512195121952,-10.209268292682928,6.942317073170733,-3.2669512195121952,-10.209268292682928,6.942317073170733,0.2,0.2,0.0,1375.5693928029725,1357.8859683728328,17.683424430139667
statline_pregame_svm,2025-26,22500961,2026-03-13,1610612765,1610612763,DET,MEM,Detroit Pistons,Memphis Grizzlies,DET vs. MEM,MEM @ DET,1,last_avg_15pct_current_momentum_85pct_plus_elo,0.85,0.15,20,0.47175012195121946,0.4733315853658536,-0.0015814634146341655,0.33350402439024385,0.38332902439024386,-0.04982500000000001,0.7837525609756097,0.8069185365853657,-0.023165975609755973,115.415,118.1310975609756,-2.716097560975598,46.068414634146336,39.13341463414634,6.934999999999995,26.825365853658536,28.402195121951216,-1.5768292682926806,14.044878048780486,15.27060975609756,-1.225731707317074,3.8553658536585362,-2.586951219512195,6.442317073170731,3.8553658536585362,-2.586951219512195,6.442317073170731,0.5,0.2,0.3,1630.1587164675695,1365.0608619755055,265.097854492064
statline_pregame_svm,2025-26,22500962,2026-03-13,1610612754,1610612752,IND,NYK,Indiana Pacers,New York Knicks,IND vs. NYK,NYK @ IND,0,last_avg_15pct_current_momentum_85pct_plus_elo,0.85,0.15,20,0.4607771951219512,0.4854206097560975,-0.02464341463414632,0.33433256097560976,0.36033975609756097,-0.02600719512195121,0.7766787804878048,0.7693389024390244,0.007339878048780446,113.56987804878048,114.43707317073171,-0.8671951219512266,39.254390243902435,46.8569512195122,-7.602560975609762,29.20658536585366,29.70817073170732,-0.5015853658536606,14.644268292682925,14.655243902439024,-0.010975609756098237,-12.840243902439024,8.519634146341463,-21.359878048780487,-12.840243902439024,8.519634146341463,-21.359878048780487,0.0,0.6,-0.6,1333.376082096525,1592.937139680716,-259.5610575841911
statline_pregame_svm,2025-26,22500963,2026-03-13,1610612761,1610612756,TOR,PHX,Toronto Raptors,Phoenix Suns,TOR vs. PHX,PHX @ TOR,1,last_avg_15pct_current_momentum_85pct_plus_elo,0.85,0.15,20,0.4670092682926829,0.4410460975609756,0.025963170731707286,0.3452070731707317,0.36291560975609755,-0.017708536585365864,0.7725709756097561,0.7900303658536585,-0.017459390243902417,111.31987804878048,109.01329268292683,2.3065853658536497,40.17329268292682,43.94317073170732,-3.769878048780498,26.46548780487805,24.225243902439026,2.240243902439026,12.669390243902438,13.584146341463414,-0.9147560975609768,0.6310975609756097,1.93,-1.2989024390243902,0.6310975609756097,1.93,-1.2989024390243902,0.4,0.7,-0.29999999999999993,1497.4102749016533,1557.7552767847978,-60.345001883144505
statline_pregame_svm,2025-26,22500964,2026-03-13,1610612745,1610612740,HOU,NOP,Houston Rockets,New Orleans Pelicans,HOU vs. NOP,NOP @ HOU,1,last_avg_15pct_current_momentum_85pct_plus_elo,0.85,0.15,20,0.4911432926829268,0.47229951219512195,0.01884378048780483,0.3396704878048781,0.3585780487804878,-0.01890756097560975,0.7494825609756097,0.8039724390243902,-0.05448987804878047,113.95890243902438,119.32439024390243,-5.365487804878043,47.21951219512194,46.40646341463414,0.8130487804878044,25.09121951219512,26.14621951219512,-1.0549999999999997,16.618536585365852,15.456951219512195,1.1615853658536572,1.441829268292683,2.8359756097560975,-1.3941463414634145,1.441829268292683,2.8359756097560975,-1.3941463414634145,0.6,0.7,-0.09999999999999998,1574.7148540237965,1401.3012760923425,173.41357793145403
statline_pregame_svm,2025-26,22500965,2026-03-13,1610612742,1610612739,DAL,CLE,Dallas Mavericks,Cleveland Cavaliers,DAL vs. CLE,CLE @ DAL,0,last_avg_15pct_current_momentum_85pct_plus_elo,0.85,0.15,20,0.4585525609756097,0.46990268292682935,-0.01135012195121965,0.33019268292682924,0.3756764634146341,-0.04548378048780488,0.7610381707317073,0.7629497560975609,-0.001911585365853563,107.56926829268292,114.25585365853658,-6.686585365853659,45.72731707317074,42.000365853658536,3.726951219512202,24.016585365853658,26.484634146341463,-2.4680487804878055,15.96048780487805,12.604268292682926,3.356219512195123,-9.869268292682927,2.4504878048780485,-12.319756097560976,-9.869268292682927,2.4504878048780485,-12.319756097560976,0.2,0.5,-0.3,1368.3944992002998,1609.4247933861168,-241.03029418581696
statline_pregame_svm,2025-26,22500966,2026-03-13,1610612744,1610612750,GSW,MIN,Golden State Warriors,Minnesota Timberwolves,GSW vs. MIN,MIN @ GSW,0,last_avg_15pct_current_momentum_85pct_plus_elo,0.85,0.15,20,0.44879280487804885,0.4848621951219512,-0.03606939024390238,0.34422231707317075,0.3536341463414634,-0.009411829268292649,0.7448551219512196,0.7501687804878049,-0.005313658536585275,113.4589024390244,112.59890243902439,0.8600000000000136,45.90670731707317,42.09256097560976,3.814146341463413,30.969634146341463,24.82829268292683,6.1413414634146335,14.262317073170733,15.599512195121951,-1.3371951219512184,-2.734268292682927,-3.415,0.6807317073170731,-2.734268292682927,-3.415,0.6807317073170731,0.3,0.6,-0.3,1488.715947193291,1573.5472712241706,-84.83132403087961
statline_pregame_svm,2025-26,22500967,2026-03-13,1610612757,1610612762,POR,UTA,Portland Trail Blazers,Utah Jazz,POR vs. UTA,UTA @ POR,1,last_avg_15pct_current_momentum_85pct_plus_elo,0.85,0.15,20,0.44421743902439026,0.4464169512195122,-0.002199512195121933,0.3229810975609756,0.3408285365853659,-0.017847439024390288,0.7051036585365853,0.7920301219512195,-0.08692646341463417,108.77353658536586,112.49353658536585,-3.7199999999999847,44.11524390243902,42.76719512195122,1.348048780487801,24.65073170731707,26.098658536585365,-1.4479268292682939,16.504512195121954,14.567926829268291,1.936585365853663,-5.8863414634146345,-7.776219512195122,1.8898780487804876,-5.8863414634146345,-7.776219512195122,1.8898780487804876,0.4,0.2,0.2,1487.8612128210168,1326.591892173979,161.26932064703783
statline_pregame_svm,2025-26,22500968,2026-03-13,1610612746,1610612741,LAC,CHI,Los Angeles Clippers,Chicago Bulls,LAC vs. CHI,CHI @ LAC,1,last_avg_15pct_current_momentum_85pct_plus_elo,0.85,0.15,20,0.5063046341463415,0.4612478048780488,0.04505682926829274,0.357235243902439,0.3571026829268293,0.00013256097560970792,0.8265762195121952,0.7502239024390244,0.0763523170731708,120.12170731707317,113.12573170731707,6.995975609756101,41.588902439024395,46.913048780487806,-5.324146341463411,23.920609756097562,28.074146341463415,-4.153536585365853,12.686707317073171,17.245609756097558,-4.558902439024386,7.243780487804878,-6.014146341463414,13.257926829268293,7.243780487804878,-6.014146341463414,13.257926829268293,0.6,0.3,0.3,1578.5015906807137,1415.5121607908648,162.9894298898489
statline_pregame_svm,2025-26,22500969,2026-03-14,1610612755,1610612751,PHI,BKN,Philadelphia 76ers,Brooklyn Nets,PHI vs. BKN,BKN @ PHI,1,last_avg_15pct_current_momentum_85pct_plus_elo,0.85,0.15,20,0.4733417073170732,0.46259792682926826,0.010743780487804944,0.3383320731707317,0.36202804878048783,-0.023695975609756115,0.767210975609756,0.7924187804878049,-0.025207804878048856,114.53146341463415,107.14146341463415,7.390000000000001,40.39390243902439,38.49573170731707,1.8981707317073173,24.302439024390242,26.043780487804877,-1.741341463414635,13.77329268292683,16.98060975609756,-3.2073170731707314,-3.6547560975609756,-13.306463414634147,9.651707317073171,-3.6547560975609756,-13.306463414634147,9.651707317073171,0.5,0.2,0.3,1473.560664025524,1316.010452363474,157.55021166204983
statline_pregame_svm,2025-26,22500970,2026-03-14,1610612737,1610612749,ATL,MIL,Atlanta Hawks,Milwaukee Bucks,ATL vs. MIL,MIL @ ATL,1,last_avg_15pct_current_momentum_85pct_plus_elo,0.85,0.15,20,0.47088329268292684,0.46590646341463415,0.004976829268292682,0.3608341463414634,0.3635720731707317,-0.0027379268292683223,0.7605425609756099,0.6984310975609755,0.06211146341463436,119.47243902439024,107.25682926829268,12.215609756097564,48.74999999999999,40.67487804878049,8.0751219512195,29.34280487804878,25.49817073170732,3.8446341463414626,14.058658536585366,14.67170731707317,-0.6130487804878051,10.454878048780488,-10.763658536585366,21.218536585365854,10.454878048780488,-10.763658536585366,21.218536585365854,0.9,0.3,0.6000000000000001,1526.201527236911,1452.1376667737175,74.06386046319358
statline_pregame_svm,2025-26,22500971,2026-03-14,1610612738,1610612764,BOS,WAS,Boston Celtics,Washington Wizards,BOS vs. WAS,WAS @ BOS,1,last_avg_15pct_current_momentum_85pct_plus_elo,0.85,0.15,20,0.4483132926829268,0.4644314634146341,-0.016118170731707293,0.3629759756097561,0.3679313414634146,-0.004955365853658522,0.8210992682926829,0.7740152439024389,0.04708402439024395,109.83524390243902,113.78,-3.944756097560983,48.78756097560975,40.04426829268292,8.743292682926828,25.766951219512194,23.314634146341465,2.452317073170729,12.149878048780486,16.019146341463415,-3.8692682926829285,7.1464634146341455,-15.040853658536584,22.18731707317073,7.1464634146341455,-15.040853658536584,22.18731707317073,0.6,0.0,0.6,1633.6505094171725,1291.8512554792876,341.79925393788494
statline_pregame_svm,2025-26,22500972,2026-03-14,1610612748,1610612753,MIA,ORL,Miami Heat,Orlando Magic,MIA vs. ORL,ORL @ MIA,0,last_avg_15pct_current_momentum_85pct_plus_elo,0.85,0.15,20,0.4747367073170732,0.4741093902439024,0.0006273170731707634,0.3657162195121951,0.3431214634146341,0.022594756097560953,0.8068389024390243,0.7772897560975611,0.029549146341463217,122.49963414634146,115.6890243902439,6.810609756097563,47.733536585365854,45.12121951219512,2.612317073170736,28.697195121951218,27.081829268292683,1.6153658536585347,13.51280487804878,12.671097560975609,0.8417073170731708,8.329146341463414,6.69670731707317,1.6324390243902434,8.329146341463414,6.69670731707317,1.6324390243902434,0.8,0.8,0.0,1545.0977706547415,1552.9937611693126,-7.895990514571167
statline_pregame_svm,2025-26,22500973,2026-03-14,1610612759,1610612766,SAS,CHA,San Antonio Spurs,Charlotte Hornets,SAS vs. CHA,CHA @ SAS,1,last_avg_15pct_current_momentum_85pct_plus_elo,0.85,0.15,20,0.48446329268292676,0.4567476829268293,0.027715609756097437,0.4001571951219512,0.40435109756097565,-0.004193902439024455,0.7297663414634147,0.7943439024390244,-0.06457756097560974,119.76902439024389,115.72463414634146,4.044390243902427,44.715609756097564,47.06926829268293,-2.353658536585364,30.560121951219507,26.852560975609755,3.707560975609752,13.04670731707317,14.309999999999999,-1.2632926829268278,7.491585365853659,10.108536585365853,-2.6169512195121936,7.491585365853659,10.108536585365853,-2.6169512195121936,0.8,0.8,0.0,1665.1782917918106,1516.7703351604384,148.40795663137214
statline_pregame_svm,2025-26,22500974,2026-03-14,1610612747,1610612743,LAL,DEN,Los Angeles Lakers,Denver Nuggets,LAL vs. DEN,DEN @ LAL,1,last_avg_15pct_current_momentum_85pct_plus_elo,0.85,0.15,20,0.4978006097560976,0.4839239024390244,0.01387670731707319,0.3854520731707317,0.3612996341463414,0.024152439024390293,0.7720584146341462,0.782701707317073,-0.010643292682926853,118.92353658536587,119.34841463414634,-0.42487804878047086,41.639024390243904,44.941585365853655,-3.302560975609751,27.103170731707316,28.025,-0.921829268292683,12.37951219512195,13.528414634146342,-1.1489024390243916,8.682926829268293,0.7535365853658537,7.929390243902439,8.682926829268293,0.7535365853658537,7.929390243902439,0.7,0.5,0.19999999999999996,1584.251643856315,1576.9905115601982,7.261132296116784
statline_pregame_svm,2025-26,22500975,2026-03-14,1610612746,1610612758,LAC,SAC,Los Angeles Clippers,Sacramento Kings,LAC vs. SAC,SAC @ LAC,0,last_avg_15pct_current_momentum_85pct_plus_elo,0.85,0.15,20,0.5003546341463415,0.4752691463414634,0.025085487804878126,0.34873524390243904,0.3041408536585366,0.04459439024390244,0.819946219512195,0.815954268292683,0.003991951219512013,119.86670731707315,115.19475609756097,4.671951219512181,41.92890243902439,44.454268292682926,-2.525365853658535,24.175609756097558,27.512682926829267,-3.33707317073171,11.836707317073172,11.687560975609756,0.14914634146341577,8.433780487804878,-5.1986585365853655,13.632439024390244,8.433780487804878,-5.1986585365853655,13.632439024390244,0.7,0.4,0.29999999999999993,1584.1267000826524,1341.0581458172746,243.06855426537777
statline_pregame_svm,2025-26,22500976,2026-03-15,1610612760,1610612750,OKC,MIN,Oklahoma City Thunder,Minnesota Timberwolves,OKC vs. MIN,MIN @ OKC,1,last_avg_15pct_current_momentum_85pct_plus_elo,0.85,0.15,20,0.46067597560975604,0.49217219512195126,-0.03149621951219522,0.3498919512195122,0.35524914634146343,-0.005357195121951208,0.8115273170731707,0.7716737804878049,0.039853536585365834,114.63499999999999,113.02390243902438,1.6110975609756082,44.03207317073171,41.32756097560976,2.70451219512195,25.618048780487804,24.57329268292683,1.044756097560974,12.297926829268292,15.429512195121951,-3.1315853658536597,6.264878048780488,-3.5,9.764878048780488,6.264878048780488,-3.5,9.764878048780488,0.9,0.6,0.30000000000000004,1722.9836152004632,1581.1530200923837,141.83059510807948
statline_pregame_svm,2025-26,22500977,2026-03-15,1610612739,1610612742,CLE,DAL,Cleveland Cavaliers,Dallas Mavericks,CLE vs. DAL,DAL @ CLE,0,last_avg_15pct_current_momentum_85pct_plus_elo,0.85,0.15,20,0.4769576829268293,0.44597256097560967,0.030985121951219607,0.3755064634146342,0.3238176829268293,0.0516887804878049,0.7362597560975609,0.7645231707317073,-0.02826341463414639,115.9558536585366,106.03926829268292,9.916585365853678,42.510365853658534,45.387317073170735,-2.8769512195122005,27.164634146341463,24.101585365853655,3.063048780487808,12.774268292682926,16.21548780487805,-3.4412195121951257,4.830487804878048,-13.439268292682927,18.269756097560975,4.830487804878048,-13.439268292682927,18.269756097560975,0.5,0.1,0.4,1613.4209945966988,1364.3982979897178,249.02269660698107
statline_pregame_svm,2025-26,22500978,2026-03-15,1610612761,1610612765,TOR,DET,Toronto Raptors,Detroit Pistons,TOR vs. DET,DET @ TOR,1,last_avg_15pct_current_momentum_85pct_plus_elo,0.85,0.15,20,0.47661426829268294,0.4858601219512195,-0.009245853658536585,0.36348207317073167,0.3461690243902439,0.017313048780487783,0.7665359756097561,0.7783125609756096,-0.011776585365853576,112.33987804878048,117.37,-5.030121951219527,40.003292682926826,45.81341463414634,-5.810121951219514,26.63548780487805,28.100365853658534,-1.4648780487804842,12.499390243902438,14.299878048780485,-1.8004878048780473,0.4610975609756097,6.150365853658537,-5.689268292682927,0.4610975609756097,6.150365853658537,-5.689268292682927,0.4,0.6,-0.19999999999999996,1509.129886435051,1633.7302341755758,-124.60034774052474
statline_pregame_svm,2025-26,22500979,2026-03-15,1610612749,1610612754,MIL,IND,Milwaukee Bucks,Indiana Pacers,MIL vs. IND,IND @ MIL,1,last_avg_15pct_current_momentum_85pct_plus_elo,0.85,0.15,20,0.46522646341463414,0.4535521951219512,0.011674268292682921,0.3562620731707317,0.3254925609756098,0.030769512195121917,0.6882310975609757,0.7879837804878048,-0.09975268292682915,104.79182926829269,111.35987804878047,-6.568048780487786,39.909878048780485,39.76439024390243,0.14548780487805146,25.413170731707318,28.27158536585366,-2.8584146341463423,15.69170731707317,13.794268292682926,1.8974390243902448,-13.653658536585366,-12.500243902439024,-1.1534146341463423,-13.653658536585366,-12.500243902439024,-1.1534146341463423,0.2,0.0,0.2,1444.2376818743066,1329.7100996991549,114.52758217515179
statline_pregame_svm,2025-26,22500980,2026-03-15,1610612755,1610612757,PHI,POR,Philadelphia 76ers,Portland Trail Blazers,PHI vs. POR,POR @ PHI,1,last_avg_15pct_current_momentum_85pct_plus_elo,0.85,0.15,20,0.4689217073170731,0.45356743902439023,0.015354268292682882,0.3002520731707317,0.32731609756097557,-0.027064024390243857,0.7790259756097562,0.7320486585365853,0.04697731707317088,111.89646341463414,110.55853658536586,1.3379268292682838,41.07390243902439,45.22024390243902,-4.146341463414636,23.537439024390245,25.41573170731707,-1.8782926829268263,14.028292682926828,17.014512195121952,-2.986219512195124,-5.354756097560975,-0.44634146341463415,-4.908414634146341,-5.354756097560975,-0.44634146341463415,-4.908414634146341,0.5,0.5,0.0,1479.313225445077,1493.5264417105968,-14.213216265519804
statline_pregame_svm,2025-26,22500981,2026-03-15,1610612752,1610612744,NYK,GSW,New York Knicks,Golden State Warriors,NYK vs. GSW,GSW @ NYK,1,last_avg_15pct_current_momentum_85pct_plus_elo,0.85,0.15,20,0.4827006097560975,0.44488280487804877,0.037817804878048755,0.35430475609756096,0.3398873170731707,0.014417439024390244,0.7772439024390244,0.7839551219512195,-0.00671121951219511,114.0970731707317,114.0539024390244,0.04317073170730623,47.11195121951219,45.73670731707317,1.3752439024390242,29.113170731707314,30.374634146341464,-1.2614634146341501,14.570243902439024,14.262317073170733,0.3079268292682915,8.774634146341464,-2.649268292682927,11.423902439024392,8.774634146341464,-2.649268292682927,11.423902439024392,0.6,0.3,0.3,1596.603122078086,1481.1101983250778,115.4929237530082
statline_pregame_svm,2025-26,22500982,2026-03-15,1610612758,1610612762,SAC,UTA,Sacramento Kings,Utah Jazz,SAC vs. UTA,UTA @ SAC,1,last_avg_15pct_current_momentum_85pct_plus_elo,0.85,0.15,20,0.4851291463414634,0.4431869512195121,0.0419421951219513,0.3179958536585366,0.34516353658536586,-0.02716768292682925,0.790879268292683,0.8098801219512194,-0.019000853658536432,114.85475609756098,112.49353658536585,2.3612195121951345,45.55926829268293,41.66219512195122,3.8970731707317086,27.172682926829268,26.098658536585365,1.0740243902439026,12.452560975609757,14.057926829268292,-1.605365853658535,-2.988658536585366,-7.861219512195122,4.8725609756097565,-2.988658536585366,-7.861219512195122,4.8725609756097565,0.5,0.2,0.3,1357.0993318797387,1320.926663284399,36.1726685953397
statline_pregame_svm,2025-26,22500983,2026-03-16,1610612737,1610612753,ATL,ORL,Atlanta Hawks,Orlando Magic,ATL vs. ORL,ORL @ ATL,1,last_avg_15pct_current_momentum_85pct_plus_elo,0.85,0.15,20,0.47666329268292684,0.47512939024390244,0.0015339024390244038,0.3655091463414634,0.34014646341463417,0.02536268292682925,0.7607975609756098,0.792419756097561,-0.03162219512195119,119.89743902439025,116.5390243902439,3.3584146341463565,48.41,45.631219512195116,2.7787804878048803,29.76780487804878,27.166829268292684,2.6009756097560945,13.973658536585365,13.351097560975608,0.6225609756097565,11.559878048780488,6.86670731707317,4.693170731707318,11.559878048780488,6.86670731707317,4.693170731707318,0.9,0.8,0.09999999999999998,1534.1015121363218,1562.7665354124886,-28.66502327616672
statline_pregame_svm,2025-26,22500984,2026-03-16,1610612764,1610612744,WAS,GSW,Washington Wizards,Golden State Warriors,WAS vs. GSW,GSW @ WAS,0,last_avg_15pct_current_momentum_85pct_plus_elo,0.85,0.15,20,0.4603514634146341,0.4429278048780487,0.017423658536585396,0.36419134146341464,0.3368273170731707,0.027364024390243935,0.7690002439024389,0.7797051219512197,-0.01070487804878073,112.75999999999999,112.2689024390244,0.49109756097558943,40.12926829268292,44.97170731707317,-4.842439024390245,23.65463414634146,29.09963414634146,-5.445,16.359146341463415,14.262317073170733,2.096829268292682,-14.530853658536584,-3.839268292682927,-10.691585365853657,-14.530853658536584,-3.839268292682927,-10.691585365853657,0.0,0.2,-0.2,1289.3982198341073,1474.3170924141352,-184.91887258002794
statline_pregame_svm,2025-26,22500985,2026-03-16,1610612751,1610612757,BKN,POR,Brooklyn Nets,Portland Trail Blazers,BKN vs. POR,POR @ BKN,0,last_avg_15pct_current_momentum_85pct_plus_elo,0.85,0.15,20,0.44959292682926827,0.4469374390243902,0.002655487804878065,0.3571830487804878,0.33165109756097555,0.02553195121951224,0.8054237804878048,0.7424186585365853,0.06300512195121954,105.69646341463414,111.49353658536586,-5.797073170731721,39.68573170731707,45.390243902439025,-5.704512195121957,25.278780487804877,25.67073170731707,-0.3919512195121939,17.49060975609756,16.84451219512195,0.6460975609756083,-13.136463414634145,-2.2313414634146342,-10.90512195121951,-13.136463414634145,-2.2313414634146342,-10.90512195121951,0.2,0.4,-0.2,1310.257890943921,1483.1175805183193,-172.85968957439832
statline_pregame_svm,2025-26,22500986,2026-03-16,1610612738,1610612756,BOS,PHX,Boston Celtics,Phoenix Suns,BOS vs. PHX,PHX @ BOS,1,last_avg_15pct_current_momentum_85pct_plus_elo,0.85,0.15,20,0.45179829268292676,0.45235109756097563,-0.0005528048780488737,0.3616159756097561,0.3746456097560975,-0.013029634146341396,0.821609268292683,0.7893503658536586,0.032258902439024406,111.02524390243902,109.18329268292683,1.8419512195121825,48.27756097560975,41.30817073170732,6.969390243902431,26.191951219512195,24.225243902439026,1.966707317073169,12.489878048780486,13.839146341463415,-1.349268292682929,6.721463414634146,1.08,5.641463414634146,6.721463414634146,1.08,5.641463414634146,0.6,0.6,0.0,1636.1035450623529,1546.0356652514001,90.06787981095272
statline_pregame_svm,2025-26,22500987,2026-03-16,1610612741,1610612763,CHI,MEM,Chicago Bulls,Memphis Grizzlies,CHI vs. MEM,MEM @ CHI,1,last_avg_15pct_current_momentum_85pct_plus_elo,0.85,0.15,20,0.4603978048780487,0.46857158536585364,-0.008173780487804927,0.3458826829268292,0.38443402439024393,-0.03855134146341471,0.7684989024390243,0.7977385365853659,-0.029239634146341564,112.95573170731707,117.7910975609756,-4.83536585365853,47.2530487804878,38.79341463414634,8.459634146341465,27.564146341463413,27.29719512195122,0.2669512195121939,16.565609756097558,15.18560975609756,1.379999999999999,-5.589146341463414,-3.181951219512195,-2.4071951219512195,-5.589146341463414,-3.181951219512195,-2.4071951219512195,0.3,0.2,0.09999999999999998,1409.887051388926,1361.4893442674993,48.39770712142672
statline_pregame_svm,2025-26,22500988,2026-03-16,1610612740,1610612742,NOP,DAL,New Orleans Pelicans,Dallas Mavericks,NOP vs. DAL,DAL @ NOP,1,last_avg_15pct_current_momentum_85pct_plus_elo,0.85,0.15,20,0.4677095121951219,0.4436775609756096,0.024031951219512293,0.3505880487804878,0.3293426829268293,0.02124536585365855,0.7979374390243903,0.7844131707317074,0.01352426829268294,117.53939024390243,106.80426829268292,10.735121951219512,46.32146341463414,45.557317073170736,0.7641463414634018,25.636219512195122,25.121585365853658,0.5146341463414643,15.286951219512195,15.79048780487805,-0.503536585365854,1.3909756097560972,-11.824268292682927,13.215243902439024,1.3909756097560972,-11.824268292682927,13.215243902439024,0.6,0.2,0.39999999999999997,1395.9155587376536,1380.5471879099227,15.368370827730814
statline_pregame_svm,2025-26,22500989,2026-03-16,1610612745,1610612747,HOU,LAL,Houston Rockets,Los Angeles Lakers,HOU vs. LAL,LAL @ HOU,0,last_avg_15pct_current_momentum_85pct_plus_elo,0.85,0.15,20,0.47890329268292686,0.5006906097560976,-0.02178731707317072,0.330405487804878,0.3874070731707317,-0.0570015853658537,0.7449775609756096,0.7669584146341463,-0.021980853658536637,112.42890243902438,120.45353658536584,-8.024634146341455,47.13451219512194,42.23402439024391,4.900487804878033,24.32621951219512,27.698170731707318,-3.371951219512198,15.343536585365854,12.80451219512195,2.5390243902439043,-0.08817073170731715,8.937926829268294,-9.026097560975611,-0.08817073170731715,8.937926829268294,-9.026097560975611,0.6,0.8,-0.20000000000000007,1580.1005713784855,1594.0426820913929,-13.942110712907379
statline_pregame_svm,2025-26,22500990,2026-03-16,1610612746,1610612759,LAC,SAS,Los Angeles Clippers,San Antonio Spurs,LAC vs. SAS,SAS @ LAC,0,last_avg_15pct_current_momentum_85pct_plus_elo,0.85,0.15,20,0.4988246341463415,0.48879829268292685,0.010026341463414634,0.358595243902439,0.3902121951219512,-0.03161695121951219,0.8116162195121951,0.7488913414634146,0.06272487804878046,119.86670731707315,119.8540243902439,0.012682926829256758,41.24890243902439,45.05560975609755,-3.806707317073162,24.26060975609756,30.305121951219512,-6.044512195121953,12.09170731707317,12.79170731707317,-0.6999999999999993,7.838780487804877,7.661585365853658,0.17719512195121911,7.838780487804877,7.661585365853658,0.17719512195121911,0.7,0.8,-0.10000000000000009,1568.0855140201884,1671.148903649765,-103.0633896295767
statline_pregame_svm,2025-26,22500991,2026-03-17,1610612766,1610612748,CHA,MIA,Charlotte Hornets,Miami Heat,CHA vs. MIA,MIA @ CHA,1,last_avg_15pct_current_momentum_85pct_plus_elo,0.85,0.15,20,0.4467176829268291,0.47048670731707315,-0.02376902439024403,0.3865010975609756,0.3618912195121951,0.02460987804878051,0.8031839024390244,0.8121939024390243,-0.009009999999999962,113.42963414634147,120.88463414634147,-7.454999999999998,45.87926829268293,45.608536585365854,0.27073170731707563,26.087560975609755,27.76219512195122,-1.6746341463414645,14.309999999999999,12.91780487804878,1.392195121951218,7.558536585365853,6.629146341463414,0.9293902439024384,7.558536585365853,6.629146341463414,0.9293902439024384,0.7,0.7,0.0,1510.799723302484,1535.3249964115655,-24.52527310908158
statline_pregame_svm,2025-26,22500992,2026-03-17,1610612753,1610612760,ORL,OKC,Orlando Magic,Oklahoma City Thunder,ORL vs. OKC,OKC @ ORL,0,last_avg_15pct_current_momentum_85pct_plus_elo,0.85,0.15,20,0.4720693902439025,0.45455597560975614,0.01751341463414635,0.3473714634146341,0.3382469512195122,0.009124512195121892,0.7961597560975611,0.8332023170731706,-0.03704256097560954,116.7090243902439,114.21,2.4990243902439033,45.03621951219512,44.03207317073171,1.0041463414634109,26.656829268292682,25.278048780487804,1.3787804878048782,13.351097560975608,11.532926829268293,1.8181707317073155,5.76170731707317,6.689878048780487,-0.9281707317073176,5.76170731707317,6.689878048780487,-0.9281707317073176,0.7,0.9,-0.20000000000000007,1551.943356668005,1729.1140018468932,-177.1706451788882
statline_pregame_svm,2025-26,22500993,2026-03-17,1610612764,1610612765,WAS,DET,Washington Wizards,Detroit Pistons,WAS vs. DET,DET @ WAS,0,last_avg_15pct_current_momentum_85pct_plus_elo,0.85,0.15,20,0.4665564634146341,0.48101512195121954,-0.014458658536585456,0.3692063414634147,0.35058902439024386,0.018617317073170825,0.7693402439024389,0.7728725609756097,-0.00353231707317081,114.375,116.00999999999999,-1.634999999999991,39.704268292682926,44.708414634146344,-5.004146341463418,23.739634146341462,27.590365853658536,-3.850731707317074,16.444146341463416,13.959878048780489,2.484268292682927,-13.425853658536584,4.535365853658536,-17.96121951219512,-13.425853658536584,4.535365853658536,-17.96121951219512,0.0,0.5,-0.5,1284.2691294467593,1620.2901789567081,-336.02104950994885
statline_pregame_svm,2025-26,22500994,2026-03-17,1610612752,1610612754,NYK,IND,New York Knicks,Indiana Pacers,NYK vs. IND,IND @ NYK,1,last_avg_15pct_current_momentum_85pct_plus_elo,0.85,0.15,20,0.4875456097560975,0.4551671951219512,0.03237841463414631,0.357959756097561,0.3275325609756098,0.03042719512195119,0.8018939024390244,0.7865387804878049,0.015355121951219464,115.45707317073172,110.76487804878047,4.692195121951244,47.11195121951219,39.849390243902434,7.262560975609759,29.113170731707314,28.016585365853658,1.096585365853656,14.400243902439025,14.049268292682925,0.35097560975609987,10.304634146341463,-13.095243902439025,23.399878048780486,10.304634146341463,-13.095243902439025,23.399878048780486,0.7,0.0,0.7,1603.3962279890286,1322.8920442899182,280.5041836991104
statline_pregame_svm,2025-26,22500995,2026-03-17,1610612749,1610612739,MIL,CLE,Milwaukee Bucks,Cleveland Cavaliers,MIL vs. CLE,CLE @ MIL,0,last_avg_15pct_current_momentum_85pct_plus_elo,0.85,0.15,20,0.46514146341463414,0.4793376829268292,-0.014196219512195074,0.3648470731707317,0.38035146341463416,-0.015504390243902488,0.6953710975609756,0.730309756097561,-0.0349386585365854,106.15182926829269,116.55085365853657,-10.39902439024388,40.249878048780495,42.000365853658536,-1.7504878048780412,25.668170731707317,27.504634146341463,-1.8364634146341459,15.35170731707317,12.689268292682925,2.6624390243902454,-12.888658536585366,4.6604878048780485,-17.549146341463413,-12.888658536585366,4.6604878048780485,-17.549146341463413,0.2,0.5,-0.3,1451.0557372835433,1597.2721046764939,-146.2163673929506
statline_pregame_svm,2025-26,22500996,2026-03-17,1610612750,1610612756,MIN,PHX,Minnesota Timberwolves,Phoenix Suns,MIN vs. PHX,PHX @ MIN,1,last_avg_15pct_current_momentum_85pct_plus_elo,0.85,0.15,20,0.49123719512195124,0.4592360975609756,0.03200109756097563,0.3681691463414634,0.3804256097560975,-0.0122564634146341,0.7626637804878048,0.7776203658536586,-0.014956585365853758,112.59890243902439,112.15829268292684,0.44060975609754394,41.922560975609755,40.798170731707316,1.1243902439024396,24.233292682926827,25.075243902439023,-0.8419512195121968,15.769512195121951,12.734146341463415,3.0353658536585364,-2.31,1.675,-3.9850000000000003,-2.31,1.675,-3.9850000000000003,0.6,0.6,0.0,1575.0226334459537,1538.5714750814657,36.45115836448804
statline_pregame_svm,2025-26,22500997,2026-03-17,1610612743,1610612755,DEN,PHI,Denver Nuggets,Philadelphia 76ers,DEN vs. PHI,PHI @ DEN,1,last_avg_15pct_current_momentum_85pct_plus_elo,0.85,0.15,20,0.4840089024390243,0.45855170731707323,0.02545719512195105,0.3723496341463415,0.30059207317073167,0.07175756097560981,0.7789617073170731,0.786930975609756,-0.007969268292682852,120.02841463414634,109.68646341463415,10.341951219512197,44.68658536585365,41.668902439024386,3.0176829268292664,28.705,22.517439024390242,6.187560975609756,13.443414634146341,14.113292682926827,-0.6698780487804861,1.5185365853658537,-6.629756097560976,8.14829268292683,1.5185365853658537,-6.629756097560976,8.14829268292683,0.5,0.5,0.0,1567.1994733251204,1489.7220866373546,77.47738668776583
statline_pregame_svm,2025-26,22500998,2026-03-17,1610612758,1610612759,SAC,SAS,Sacramento Kings,San Antonio Spurs,SAC vs. SAS,SAS @ SAC,0,last_avg_15pct_current_momentum_85pct_plus_elo,0.85,0.15,20,0.48359914634146334,0.4885432926829268,-0.004944146341463451,0.3146808536585366,0.3767821951219512,-0.06210134146341462,0.796064268292683,0.7682713414634147,0.02779292682926826,114.25975609756097,120.61902439024391,-6.359268292682941,45.98426829268293,46.07560975609756,-0.09134146341463634,27.00268292682927,30.05012195121951,-3.04743902439024,12.707560975609756,12.961707317073172,-0.2541463414634162,-3.328658536585366,7.746585365853659,-11.075243902439025,-3.328658536585366,7.746585365853659,-11.075243902439025,0.5,0.8,-0.30000000000000004,1366.0619443624312,1678.2665535635742,-312.20460920114306
statline_pregame_svm,2025-26,22500651,2026-03-18,1610612763,1610612743,MEM,DEN,Memphis Grizzlies,Denver Nuggets,MEM vs. DEN,DEN @ MEM,1,last_avg_15pct_current_momentum_85pct_plus_elo,0.85,0.15,20,0.4655965853658536,0.4908939024390244,-0.025297317073170844,0.3796740243902439,0.3839096341463415,-0.0042356097560976025,0.8034335365853659,0.7920517073170732,0.011381829268292676,117.3660975609756,121.81341463414634,-4.447317073170737,39.04841463414634,44.60158536585365,-5.553170731707311,27.29719512195122,29.299999999999997,-2.002804878048778,15.35560975609756,13.868414634146342,1.4871951219512187,-3.521951219512195,2.2835365853658534,-5.805487804878048,-3.521951219512195,2.2835365853658534,-5.805487804878048,0.2,0.5,-0.3,1352.8734015314105,1575.0057382763107,-222.13233674490016
statline_pregame_svm,2025-26,22500999,2026-03-18,1610612738,1610612744,BOS,GSW,Boston Celtics,Golden State Warriors,BOS vs. GSW,GSW @ BOS,1,last_avg_15pct_current_momentum_85pct_plus_elo,0.85,0.15,20,0.46361329268292684,0.4508328048780488,0.01278048780487806,0.3740259756097561,0.3399723170731707,0.034053658536585374,0.8341892682926829,0.7859951219512193,0.04819414634146357,114.08524390243902,113.62890243902439,0.4563414634146312,47.42756097560975,43.44170731707317,3.985853658536584,27.296951219512195,29.60963414634146,-2.3126829268292646,12.489878048780486,13.922317073170731,-1.432439024390245,9.016463414634146,-2.819268292682927,11.835731707317073,9.016463414634146,-2.819268292682927,11.835731707317073,0.7,0.3,0.39999999999999997,1643.5677352322873,1479.4461828014832,164.12155243080406
statline_pregame_svm,2025-26,22501000,2026-03-18,1610612751,1610612760,BKN,OKC,Brooklyn Nets,Oklahoma City Thunder,BKN vs. OKC,OKC @ BKN,0,last_avg_15pct_current_momentum_85pct_plus_elo,0.85,0.15,20,0.4430479268292683,0.4520059756097561,-0.008958048780487782,0.3472380487804878,0.3305969512195122,0.016641097560975593,0.7891037804878048,0.8379623170731707,-0.048858536585365875,104.42146341463415,113.955,-9.533536585365852,39.17573170731707,44.3720731707317,-5.196341463414633,24.683780487804878,24.683048780487805,0.0007317073170725052,17.660609756097564,10.937926829268292,6.722682926829272,-13.391463414634146,6.349878048780488,-19.741341463414635,-13.391463414634146,6.349878048780488,-19.741341463414635,0.2,0.9,-0.7,1304.8596165219246,1734.4150321030181,-429.5554155810935
statline_pregame_svm,2025-26,22501001,2026-03-18,1610612754,1610612757,IND,POR,Indiana Pacers,Portland Trail Blazers,IND vs. POR,POR @ IND,0,last_avg_15pct_current_momentum_85pct_plus_elo,0.85,0.15,20,0.4624771951219512,0.4504224390243902,0.012054756097560959,0.33985756097560976,0.3336060975609756,0.006251463414634173,0.7737887804878049,0.7387636585365853,0.03502512195121954,110.42487804878047,110.89853658536586,-0.4736585365853898,39.42439024390244,45.390243902439025,-5.965853658536588,28.356585365853658,25.925731707317073,2.4308536585365843,14.049268292682925,17.099512195121953,-3.0502439024390284,-13.520243902439026,-0.36134146341463413,-13.158902439024391,-13.520243902439026,-0.36134146341463413,-13.158902439024391,0.0,0.5,-0.5,1319.5733351228291,1488.5158549403156,-168.94251981748653
statline_pregame_svm,2025-26,22501002,2026-03-18,1610612741,1610612761,CHI,TOR,Chicago Bulls,Toronto Raptors,CHI vs. TOR,TOR @ CHI,0,last_avg_15pct_current_momentum_85pct_plus_elo,0.85,0.15,20,0.47068280487804876,0.4779742682926829,-0.007291463414634158,0.3481776829268292,0.35821207317073167,-0.010034390243902458,0.7806539024390244,0.765175975609756,0.015477926829268407,115.76073170731708,112.08487804878048,3.675853658536596,46.99804878048781,40.25829268292682,6.739756097560985,28.074146341463415,25.87048780487805,2.2036585365853654,16.565609756097558,12.924390243902439,3.6412195121951196,-2.9541463414634146,-0.9839024390243902,-1.9702439024390244,-2.9541463414634146,-0.9839024390243902,-1.9702439024390244,0.4,0.4,0.0,1418.5029941250148,1522.5699416539187,-104.06694752890394
statline_pregame_svm,2025-26,22501004,2026-03-18,1610612750,1610612762,MIN,UTA,Minnesota Timberwolves,Utah Jazz,MIN vs. UTA,UTA @ MIN,1,last_avg_15pct_current_momentum_85pct_plus_elo,0.85,0.15,20,0.48936719512195126,0.4525369512195122,0.03683024390243905,0.3541441463414634,0.3579985365853659,-0.0038543902439024946,0.7660637804878049,0.7968751219512196,-0.030811341463414688,111.91890243902438,113.00353658536585,-1.0846341463414717,42.602560975609755,42.00219512195122,0.6003658536585377,24.40329268292683,26.013658536585368,-1.6103658536585392,15.939512195121951,14.312926829268292,1.6265853658536589,-1.545,-6.586219512195122,5.041219512195122,-1.545,-6.586219512195122,5.041219512195122,0.6,0.2,0.39999999999999997,1583.977317271241,1311.9640508017064,272.0132664695345
statline_pregame_svm,2025-26,22501005,2026-03-18,1610612740,1610612746,NOP,LAC,New Orleans Pelicans,Los Angeles Clippers,NOP vs. LAC,LAC @ NOP,1,last_avg_15pct_current_momentum_85pct_plus_elo,0.85,0.15,20,0.4744245121951219,0.5054546341463415,-0.031030121951219625,0.35602804878048777,0.37151524390243906,-0.015487195121951292,0.7901174390243901,0.807961219512195,-0.017843780487804883,118.89939024390243,122.16170731707317,-3.2623170731707347,46.66146341463415,40.99390243902439,5.66756097560976,26.57121951219512,24.600609756097562,1.9706097560975593,15.031951219512194,11.66670731707317,3.3652439024390244,2.5809756097560976,8.008780487804877,-5.4278048780487795,2.5809756097560976,8.008780487804877,-5.4278048780487795,0.6,0.7,-0.09999999999999998,1405.473509738097,1560.9678641063792,-155.4943543682823
statline_pregame_svm,2025-26,22501006,2026-03-18,1610612742,1610612737,DAL,ATL,Dallas Mavericks,Atlanta Hawks,DAL vs. ATL,ATL @ DAL,0,last_avg_15pct_current_momentum_85pct_plus_elo,0.85,0.15,20,0.44393256097560974,0.4837182926829269,-0.03978573170731714,0.33597268292682925,0.3637241463414634,-0.027751463414634137,0.7823731707317073,0.7743125609756099,0.008060609756097459,107.31426829268291,122.19243902439024,-14.878170731707328,45.982317073170734,49.089999999999996,-3.1076829268292627,25.376585365853657,30.36280487804878,-4.986219512195124,15.025487804878049,14.058658536585366,0.9668292682926829,-11.739268292682926,15.21487804878049,-26.954146341463414,-11.739268292682926,15.21487804878049,-26.954146341463414,0.2,1.0,-0.8,1370.9892369094794,1544.9246908808054,-173.93545397132607
statline_pregame_svm,2025-26,22501007,2026-03-18,1610612745,1610612747,HOU,LAL,Houston Rockets,Los Angeles Lakers,HOU vs. LAL,LAL @ HOU,0,last_avg_15pct_current_momentum_85pct_plus_elo,0.85,0.15,20,0.47329329268292686,0.4949956097560976,-0.021702317073170718,0.309665487804878,0.3751670731707317,-0.06550158536585371,0.7312075609756098,0.7612634146341464,-0.03005585365853658,109.36890243902438,119.60353658536584,-10.234634146341463,47.13451219512194,41.639024390243904,5.495487804878039,23.64621951219512,27.443170731707315,-3.796951219512195,16.278536585365853,12.71951219512195,3.559024390243902,-3.403170731707317,9.872926829268293,-13.276097560975611,-3.403170731707317,9.872926829268293,-13.276097560975611,0.5,0.9,-0.4,1570.5016423229094,1603.641611146969,-33.13996882405945
statline_pregame_svm,2025-26,22501008,2026-03-19,1610612766,1610612753,CHA,ORL,Charlotte Hornets,Orlando Magic,CHA vs. ORL,ORL @ CHA,1,last_avg_15pct_current_momentum_85pct_plus_elo,0.85,0.15,20,0.44799268292682926,0.4672243902439024,-0.019231707317073132,0.38361109756097567,0.3418464634146342,0.04176463414634146,0.7964689024390245,0.8157947560975609,-0.01932585365853645,113.85463414634147,116.7090243902439,-2.8543902439024293,46.04926829268293,45.12121951219512,0.9280487804878135,26.172560975609755,26.316829268292683,-0.14426829268292707,14.055,13.351097560975608,0.7039024390243913,7.388536585365855,5.76170731707317,1.6268292682926848,7.388536585365855,5.76170731707317,1.6268292682926848,0.7,0.7,0.0,1521.5044472796378,1546.64232641188,-25.137879132242233
statline_pregame_svm,2025-26,22501009,2026-03-19,1610612764,1610612765,WAS,DET,Washington Wizards,Detroit Pistons,WAS vs. DET,DET @ WAS,0,last_avg_15pct_current_momentum_85pct_plus_elo,0.85,0.15,20,0.47599146341463405,0.4853501219512195,-0.009358658536585462,0.38272134146341463,0.3663140243902439,0.016407317073170724,0.756675243902439,0.7828175609756096,-0.026142317073170607,116.16,116.69000000000001,-0.5300000000000153,38.939268292682925,44.19841463414634,-5.259146341463413,23.994634146341465,28.015365853658537,-4.020731707317072,16.444146341463416,13.704878048780486,2.7392682926829295,-11.980853658536585,5.385365853658536,-17.366219512195123,-11.980853658536585,5.385365853658536,-17.366219512195123,0.0,0.5,-0.5,1281.7436052543596,1622.8157031491078,-341.07209789474814
statline_pregame_svm,2025-26,22501010,2026-03-19,1610612748,1610612747,MIA,LAL,Miami Heat,Los Angeles Lakers,MIA vs. LAL,LAL @ MIA,0,last_avg_15pct_current_momentum_85pct_plus_elo,0.85,0.15,20,0.4686167073170732,0.5011156097560975,-0.03249890243902426,0.3500762195121951,0.37567707317073173,-0.02560085365853665,0.8135539024390244,0.7553134146341464,0.058240487804878005,119.94963414634147,119.17853658536586,0.7710975609756048,44.928536585365855,40.53402439024391,4.394512195121948,27.252195121951218,27.528170731707316,-0.2759756097560988,12.83280487804878,13.05951219512195,-0.2267073170731706,5.014146341463414,8.172926829268294,-3.1587804878048793,5.014146341463414,8.172926829268294,-3.1587804878048793,0.7,0.9,-0.20000000000000007,1524.6202724344116,1612.6906484388026,-88.07037600439094
statline_pregame_svm,2025-26,22501011,2026-03-19,1610612741,1610612739,CHI,CLE,Chicago Bulls,Cleveland Cavaliers,CHI vs. CLE,CLE @ CHI,0,last_avg_15pct_current_momentum_85pct_plus_elo,0.85,0.15,20,0.4744228048780487,0.4846926829268292,-0.01026987804878049,0.33882768292682924,0.37712146341463415,-0.03829378048780491,0.7676489024390243,0.7354947560975609,0.03215414634146341,116.61073170731707,117.7408536585366,-1.1301219512195217,47.2530487804878,42.08536585365854,5.167682926829265,28.584146341463413,27.844634146341463,0.7395121951219501,16.39560975609756,12.349268292682925,4.046341463414635,-2.7841463414634147,3.9804878048780488,-6.764634146341463,-2.7841463414634147,3.9804878048780488,-6.764634146341463,0.4,0.5,-0.09999999999999998,1411.4118070982963,1603.2956879900062,-191.88388089170985
statline_pregame_svm,2025-26,22501012,2026-03-19,1610612740,1610612746,NOP,LAC,New Orleans Pelicans,Los Angeles Clippers,NOP vs. LAC,LAC @ NOP,1,last_avg_15pct_current_momentum_85pct_plus_elo,0.85,0.15,20,0.4750195121951219,0.5030746341463415,-0.028055121951219564,0.3602780487804878,0.35604524390243897,0.004232804878048835,0.7954724390243902,0.8029462195121951,-0.007473780487804893,118.47439024390243,119.78170731707317,-1.3073170731707364,46.66146341463415,40.82390243902439,5.837560975609762,26.14621951219512,24.175609756097558,1.9706097560975628,15.116951219512195,12.261707317073173,2.855243902439023,2.9209756097560975,5.0337804878048775,-2.11280487804878,2.9209756097560975,5.0337804878048775,-2.11280487804878,0.6,0.6,0.0,1419.672329485244,1546.769044359232,-127.09671487398805
statline_pregame_svm,2025-26,22501013,2026-03-19,1610612759,1610612756,SAS,PHX,San Antonio Spurs,Phoenix Suns,SAS vs. PHX,PHX @ SAS,1,last_avg_15pct_current_momentum_85pct_plus_elo,0.85,0.15,20,0.4904132926829268,0.4604260975609756,0.02998719512195125,0.3857071951219512,0.3819556097560975,0.0037515853658536824,0.7677613414634146,0.7685253658536585,-0.0007640243902439225,121.1290243902439,114.11329268292683,7.015731707317073,47.010609756097566,41.30817073170732,5.7024390243902445,30.475121951219514,25.670243902439022,4.804878048780491,12.706707317073171,13.244146341463415,-0.5374390243902436,8.766585365853658,2.0149999999999997,6.751585365853658,8.766585365853658,2.0149999999999997,6.751585365853658,0.8,0.6,0.20000000000000007,1681.1104126974788,1529.6167912561784,151.49362144130032
statline_pregame_svm,2025-26,22501014,2026-03-19,1610612762,1610612749,UTA,MIL,Utah Jazz,Milwaukee Bucks,UTA vs. MIL,MIL @ UTA,1,last_avg_15pct_current_momentum_85pct_plus_elo,0.85,0.15,20,0.4465869512195122,0.46922146341463417,-0.02263451219512197,0.35876353658536586,0.3702020731707317,-0.011438536585365866,0.8012951219512195,0.6935860975609757,0.10770902439024388,112.40853658536585,107.68182926829267,4.726707317073178,42.76719512195122,40.67487804878049,2.092317073170726,25.843658536585362,25.668170731707317,0.1754878048780455,14.822926829268292,14.67170731707317,0.1512195121951212,-8.711219512195122,-11.018658536585367,2.307439024390245,-8.711219512195122,-11.018658536585367,2.307439024390245,0.2,0.2,0.0,1308.507829478389,1445.032153970031,-136.5243244916419
statline_pregame_svm,2025-26,22501015,2026-03-19,1610612758,1610612755,SAC,PHI,Sacramento Kings,Philadelphia 76ers,SAC vs. PHI,PHI @ SAC,0,last_avg_15pct_current_momentum_85pct_plus_elo,0.85,0.15,20,0.48725414634146336,0.4513267073170732,0.03592743902439016,0.32913085365853656,0.2857170731707317,0.043413780487804865,0.7803392682926829,0.7803859756097562,-4.6707317073346744e-05,114.85475609756098,107.30646341463415,7.548292682926828,45.814268292682925,41.07390243902439,4.740365853658538,27.85268292682927,22.857439024390242,4.995243902439029,12.367560975609756,14.028292682926828,-1.6607317073170726,-3.073658536585366,-9.604756097560976,6.53109756097561,-3.073658536585366,-9.604756097560976,6.53109756097561,0.5,0.4,0.09999999999999998,1363.2180852285267,1481.9158216861642,-118.69773645763757
statline_pregame_svm,2025-26,22501016,2026-03-20,1610612751,1610612752,BKN,NYK,Brooklyn Nets,New York Knicks,BKN vs. NYK,NYK @ BKN,0,last_avg_15pct_current_momentum_85pct_plus_elo,0.85,0.15,20,0.4326779268292683,0.48899060975609754,-0.05631268292682923,0.3389080487804878,0.352774756097561,-0.01386670731707318,0.7936937804878048,0.7928839024390244,0.0008098780487804103,102.80646341463415,116.2220731707317,-13.415609756097552,40.53573170731707,47.5369512195122,-7.001219512195128,23.663780487804875,29.538170731707318,-5.874390243902443,18.59560975609756,14.230243902439025,4.365365853658535,-12.711463414634146,10.049634146341463,-22.761097560975607,-12.711463414634146,10.049634146341463,-22.761097560975607,0.2,0.7,-0.49999999999999994,1303.3037586510384,1606.7149371561177,-303.4111785050793
statline_pregame_svm,2025-26,22501017,2026-03-20,1610612765,1610612744,DET,GSW,Detroit Pistons,Golden State Warriors,DET vs. GSW,GSW @ DET,1,last_avg_15pct_current_momentum_85pct_plus_elo,0.85,0.15,20,0.4855201219512195,0.43952780487804877,0.04599231707317075,0.38050902439024387,0.32467231707317074,0.05583670731707313,0.7844325609756096,0.7746051219512196,0.009827439024390094,117.625,110.7389024390244,6.8860975609756,44.19841463414634,42.67670731707317,1.5217073170731652,28.695365853658537,28.674634146341464,0.02073170731707208,13.364878048780486,13.752317073170731,-0.387439024390245,6.065365853658536,-6.389268292682926,12.454634146341462,6.065365853658536,-6.389268292682926,12.454634146341462,0.5,0.2,0.3,1625.277761671704,1473.8473842237324,151.43037744797152
statline_pregame_svm,2025-26,22501018,2026-03-20,1610612745,1610612737,HOU,ATL,Houston Rockets,Atlanta Hawks,HOU vs. ATL,ATL @ HOU,1,last_avg_15pct_current_momentum_85pct_plus_elo,0.85,0.15,20,0.4708282926829268,0.48847829268292686,-0.017650000000000055,0.306690487804878,0.36423414634146345,-0.05754365853658544,0.7381775609756097,0.7682775609756097,-0.030100000000000016,109.62390243902438,123.89243902439026,-14.26853658536588,46.87951219512195,48.239999999999995,-1.3604878048780478,23.81621951219512,31.04280487804878,-7.226585365853662,16.193536585365855,13.548658536585364,2.644878048780491,-4.508170731707317,15.554878048780488,-20.063048780487804,-4.508170731707317,15.554878048780488,-20.063048780487804,0.4,1.0,-0.6,1561.4526050310758,1550.2985938023926,11.154011228683203
statline_pregame_svm,2025-26,22501019,2026-03-20,1610612763,1610612738,MEM,BOS,Memphis Grizzlies,Boston Celtics,MEM vs. BOS,BOS @ MEM,0,last_avg_15pct_current_momentum_85pct_plus_elo,0.85,0.15,20,0.45913658536585356,0.44754829268292684,0.011588292682926715,0.3755940243902439,0.34954597560975614,0.026048048780487776,0.7969735365853658,0.8454092682926829,-0.048435731707317076,117.4510975609756,111.70524390243902,5.745853658536575,39.47341463414634,48.27756097560975,-8.804146341463415,26.702195121951217,25.936951219512192,0.7652439024390247,15.27060975609756,12.829878048780486,2.440731707317074,-4.541951219512194,7.656463414634146,-12.19841463414634,-4.541951219512194,7.656463414634146,-12.19841463414634,0.2,0.7,-0.49999999999999994,1368.5179577971358,1649.1665338100381,-280.64857601290237
statline_pregame_svm,2025-26,22501020,2026-03-20,1610612750,1610612757,MIN,POR,Minnesota Timberwolves,Portland Trail Blazers,MIN vs. POR,POR @ MIN,0,last_avg_15pct_current_momentum_85pct_plus_elo,0.85,0.15,20,0.49854719512195117,0.4507624390243903,0.04778475609756089,0.36723414634146345,0.3447410975609756,0.022493048780487856,0.7742237804878048,0.7334086585365853,0.0408151219512195,116.42390243902439,111.40853658536585,5.015365853658537,43.02756097560975,45.985243902439024,-2.9576829268292713,25.763292682926828,26.350731707317074,-0.5874390243902461,16.279512195121953,17.18451219512195,-0.9049999999999976,1.005,-0.44634146341463415,1.451341463414634,1.005,-0.44634146341463415,1.451341463414634,0.6,0.5,0.09999999999999998,1587.4335385945583,1494.0034594624049,93.43007913215342
statline_pregame_svm,2025-26,22501021,2026-03-20,1610612743,1610612761,DEN,TOR,Denver Nuggets,Toronto Raptors,DEN vs. TOR,TOR @ DEN,1,last_avg_15pct_current_momentum_85pct_plus_elo,0.85,0.15,20,0.4970139024390243,0.4868992682926829,0.01011463414634145,0.38271963414634147,0.35396207317073164,0.02875756097560983,0.7920517073170732,0.7903359756097561,0.001715731707317092,121.55841463414633,114.80487804878048,6.75353658536585,44.176585365853654,41.02329268292682,3.153292682926832,29.894999999999996,26.12548780487805,3.7695121951219477,13.953414634146341,13.094390243902438,0.8590243902439028,2.1985365853658534,2.3310975609756097,-0.13256097560975633,2.1985365853658534,2.3310975609756097,-0.13256097560975633,0.5,0.5,0.0,1559.3611820105855,1529.6611286806371,29.700053329948332
statline_pregame_svm,2025-26,22501022,2026-03-21,1610612764,1610612760,WAS,OKC,Washington Wizards,Oklahoma City Thunder,WAS vs. OKC,OKC @ WAS,0,last_avg_15pct_current_momentum_85pct_plus_elo,0.85,0.15,20,0.4679164634146341,0.4624609756097561,0.005455487804878034,0.37626134146341467,0.33340195121951216,0.042859390243902507,0.752680243902439,0.8227473170731707,-0.07006707317073169,113.61,114.38,-0.769999999999996,38.939268292682925,45.05207317073171,-6.1128048780487845,23.739634146341462,24.513048780487804,-0.7734146341463415,16.869146341463413,11.362926829268293,5.50621951219512,-13.085853658536584,9.494878048780489,-22.58073170731707,-13.085853658536584,9.494878048780489,-22.58073170731707,0.0,1.0,-1.0,1279.2815467317637,1735.9708899739044,-456.6893432421407
statline_pregame_svm,2025-26,22501023,2026-03-21,1610612766,1610612763,CHA,MEM,Charlotte Hornets,Memphis Grizzlies,CHA vs. MEM,MEM @ CHA,1,last_avg_15pct_current_momentum_85pct_plus_elo,0.85,0.15,20,0.4451876829268292,0.4553965853658536,-0.010208902439024392,0.38361109756097567,0.3668390243902439,0.01677207317073176,0.8049689024390245,0.7820135365853658,0.02295536585365876,113.59963414634146,116.34609756097561,-2.7464634146341496,45.62426829268293,39.04841463414634,6.575853658536587,25.577560975609757,25.85219512195122,-0.2746341463414623,14.48,14.93060975609756,-0.4506097560975597,6.963536585365854,-6.581951219512195,13.54548780487805,6.963536585365854,-6.581951219512195,13.54548780487805,0.7,0.1,0.6,1532.2267137095987,1365.2015487369822,167.0251649726165
statline_pregame_svm,2025-26,22501024,2026-03-21,1610612753,1610612747,ORL,LAL,Orlando Magic,Los Angeles Lakers,ORL vs. LAL,LAL @ ORL,0,last_avg_15pct_current_momentum_85pct_plus_elo,0.85,0.15,20,0.47079439024390235,0.5037506097560975,-0.032956219512195184,0.3465214634146342,0.3736370731707317,-0.027115609756097503,0.824719756097561,0.7577784146341463,0.06694134146341468,118.32402439024389,119.68853658536585,-1.3645121951219608,44.271219512195124,41.38402439024391,2.8871951219512155,26.656829268292682,26.593170731707318,0.0636585365853648,12.92609756097561,13.31451219512195,-0.3884146341463399,5.33670731707317,6.812926829268292,-1.4762195121951223,5.33670731707317,6.812926829268292,-1.4762195121951223,0.7,0.9,-0.20000000000000007,1535.9200599819192,1620.2087123628012,-84.28865238088201
statline_pregame_svm,2025-26,22501025,2026-03-21,1610612740,1610612739,NOP,CLE,New Orleans Pelicans,Cleveland Cavaliers,NOP vs. CLE,CLE @ NOP,0,last_avg_15pct_current_momentum_85pct_plus_elo,0.85,0.15,20,0.476294512195122,0.48103768292682925,-0.004743170731707269,0.36376304878048776,0.38060646341463417,-0.016843414634146403,0.8004874390243901,0.730054756097561,0.07043268292682914,117.62439024390243,117.65585365853659,-0.03146341463416036,45.13146341463414,42.93536585365854,2.196097560975602,25.21121951219512,27.674634146341464,-2.4634146341463428,14.861951219512195,12.774268292682926,2.0876829268292685,2.5809756097560976,4.5754878048780485,-1.9945121951219509,2.5809756097560976,4.5754878048780485,-1.9945121951219509,0.6,0.6,0.0,1433.1755757886,1608.273370856836,-175.09779506823588
statline_pregame_svm,2025-26,22501026,2026-03-21,1610612737,1610612744,ATL,GSW,Atlanta Hawks,Golden State Warriors,ATL vs. GSW,GSW @ ATL,1,last_avg_15pct_current_momentum_85pct_plus_elo,0.85,0.15,20,0.4911132926829268,0.4403778048780488,0.05073548780487802,0.3656791463414634,0.3324073170731708,0.03327182926829264,0.7630925609756097,0.7706101219512194,-0.007517560975609627,121.85243902439024,110.7389024390244,11.113536585365836,46.199999999999996,42.506707317073165,3.693292682926831,30.10780487804878,27.90963414634146,2.198170731707318,14.143658536585365,15.027317073170732,-0.8836585365853669,11.899878048780486,-5.199268292682927,17.099146341463413,11.899878048780486,-5.199268292682927,17.099146341463413,0.9,0.2,0.7,1540.619521804334,1467.949384238045,72.67013756628899
statline_pregame_svm,2025-26,22501027,2026-03-21,1610612745,1610612748,HOU,MIA,Houston Rockets,Miami Heat,HOU vs. MIA,MIA @ HOU,1,last_avg_15pct_current_momentum_85pct_plus_elo,0.85,0.15,20,0.4771182926829269,0.47295170731707314,0.004166585365853737,0.325135487804878,0.3408112195121951,-0.01567573170731712,0.7391975609756098,0.8177189024390243,-0.0785213414634145,110.64390243902439,120.71463414634147,-10.07073170731708,47.21951219512194,44.58853658536585,2.630975609756092,24.41121951219512,27.76219512195122,-3.350975609756098,16.958536585365852,12.577804878048779,4.380731707317073,-1.788170731707317,4.929146341463414,-6.717317073170731,-1.788170731707317,4.929146341463414,-6.717317073170731,0.5,0.7,-0.19999999999999996,1571.1316770291344,1517.102208510413,54.02946851872139
statline_pregame_svm,2025-26,22501028,2026-03-21,1610612759,1610612754,SAS,IND,San Antonio Spurs,Indiana Pacers,SAS vs. IND,IND @ SAS,1,last_avg_15pct_current_momentum_85pct_plus_elo,0.85,0.15,20,0.4909232926829268,0.46536719512195124,0.025556097560975544,0.3881721951219512,0.3509075609756097,0.03726463414634151,0.7835713414634146,0.7807587804878049,0.002812560975609668,122.14902439024388,111.2748780487805,10.874146341463387,47.09560975609756,39.59439024390244,7.501219512195121,30.305121951219512,28.69658536585366,1.6085365853658509,12.02670731707317,14.049268292682925,-2.022560975609755,10.976585365853659,-12.160243902439024,23.136829268292683,10.976585365853659,-12.160243902439024,23.136829268292683,0.9,0.0,0.9,1687.0068987802279,1314.08573060074,372.92116817948795
statline_pregame_svm,2025-26,22501029,2026-03-21,1610612742,1610612746,DAL,LAC,Dallas Mavericks,Los Angeles Clippers,DAL vs. LAC,LAC @ DAL,0,last_avg_15pct_current_momentum_85pct_plus_elo,0.85,0.15,20,0.4524325609756097,0.5002696341463415,-0.047837073170731825,0.34472768292682926,0.358000243902439,-0.013272560975609748,0.7918931707317073,0.7758312195121951,0.01606195121951215,110.11926829268293,118.50670731707316,-8.387439024390233,45.47231707317073,39.71890243902439,5.753414634146338,25.886585365853655,24.34560975609756,1.5409756097560958,15.195487804878049,12.43170731707317,2.763780487804878,-11.909268292682928,3.418780487804878,-15.328048780487805,-11.909268292682928,3.418780487804878,-15.328048780487805,0.2,0.5,-0.3,1365.6153339878922,1533.265798055876,-167.65046406798388
statline_pregame_svm,2025-26,22501030,2026-03-21,1610612762,1610612755,UTA,PHI,Utah Jazz,Philadelphia 76ers,UTA vs. PHI,PHI @ UTA,0,last_avg_15pct_current_momentum_85pct_plus_elo,0.85,0.15,20,0.4631619512195122,0.45999670731707326,0.003165243902438941,0.36692353658536586,0.29294207317073173,0.07398146341463413,0.7912651219512195,0.7893959756097562,0.0018691463414632903,114.36353658536585,110.79146341463414,3.572073170731713,43.36219512195122,42.09390243902439,1.2682926829268268,26.693658536585364,23.79243902439024,2.901219512195123,15.672926829268292,14.28329268292683,1.3896341463414625,-5.141219512195122,-6.459756097560975,1.3185365853658526,-5.141219512195122,-6.459756097560975,1.3185365853658526,0.3,0.5,-0.2,1322.2468234519863,1488.626418399292,-166.3795949473058
statline_pregame_svm,2025-26,22501031,2026-03-21,1610612756,1610612749,PHX,MIL,Phoenix Suns,Milwaukee Bucks,PHX vs. MIL,MIL @ PHX,0,last_avg_15pct_current_momentum_85pct_plus_elo,0.85,0.15,20,0.4568560975609756,0.4727914634146342,-0.015935365853658567,0.37056560975609754,0.37513207317073166,-0.004566463414634125,0.7667403658536586,0.6863610975609756,0.08037926829268294,113.00829268292684,107.59682926829268,5.411463414634156,41.81817073170732,39.82487804878049,1.9932926829268283,26.095243902439023,25.15817073170732,0.9370731707317042,13.159146341463414,14.756707317073172,-1.597560975609758,1.675,-11.783658536585367,13.458658536585368,1.675,-11.783658536585367,13.458658536585368,0.5,0.2,0.3,1523.7203051734293,1431.2931599964338,92.42714517699551
